doc_id,pdf_page,page_index,page_role,candidate_table_numbers,matched_table_numbers,visible_titles,warnings,image_path,review_decision,review_notes
1911_census_volume_ii_part_i_ages,1,0,non_table,2 | 1 | 3,,,,output/diagnostics/flagged_pages/1911_census_volume_ii_part_i_ages/p0001_role_non_table_cand_2_1_3_match_unknown.png,,
1911_census_volume_ii_part_i_ages,2,1,non_table,2 | 1 | 3,,,,output/diagnostics/flagged_pages/1911_census_volume_ii_part_i_ages/p0002_role_non_table_cand_2_1_3_match_unknown.png,,
1911_census_volume_ii_part_i_ages,3,2,contents_or_index,2 | 1 | 3,,,,output/diagnostics/flagged_pages/1911_census_volume_ii_part_i_ages/p0003_role_contents_or_index_cand_2_1_3_match_unknown.png,,
1911_census_volume_ii_part_i_ages,4,3,contents_or_index,2 | 1 | 3,,,,output/diagnostics/flagged_pages/1911_census_volume_ii_part_i_ages/p0004_role_contents_or_index_cand_2_1_3_match_unknown.png,,
1911_census_volume_ii_part_i_ages,6,5,boundary_multiple_tables,1 | 2,1 | 2,"1.—NUMBER OF MALES RECORDED AT EACH AGE—continued. | 2.—NUMBER OF FEMALES RECORDED AT EACH AGE IN EACH STATE AND TERRITORY at the Census of 3rd April, 1911 (Exclusive of Full-blooded Aboriginals).",,output/diagnostics/flagged_pages/1911_census_volume_ii_part_i_ages/p0006_role_boundary_multiple_tables_cand_1_2_match_1_2.png,,
1911_census_volume_ii_part_i_ages,8,7,boundary_multiple_tables,3 | 2 | 4,2 | 3,"2.—NUMBER OF FEMALES RECORDED AT EACH AGE—continued. | 3.—NUMBER OF PERSONS RECORDED AT EACH AGE IN EACH STATE AND TERRITORY at the Census of 3rd April, 1911",,output/diagnostics/flagged_pages/1911_census_volume_ii_part_i_ages/p0008_role_boundary_multiple_tables_cand_3_2_4_match_2_3.png,,
1911_census_volume_ii_part_i_ages,10,9,boundary_multiple_tables,4 | 3 | 5,3 | 4,"3.—NUMBER OF PERSONS RECORDED AT EACH AGE—continued. | 4.—COMPARATIVE STATEMENT OF THE MALE POPULATION OF THE STATES OF THE COMMONWEALTH AS RECORDED at the Censuses of 1901 and 1911, Classified in Quinquennial Age Groups",,output/diagnostics/flagged_pages/1911_census_volume_ii_part_i_ages/p0010_role_boundary_multiple_tables_cand_4_3_5_match_3_4.png,,
1911_census_volume_ii_part_i_ages,13,12,boundary_multiple_tables,6 | 5 | 7,5 | 6,"5. COMPARATIVE STATEMENT OF FEMALE POPULATION—continued. | 6.—COMPARATIVE STATEMENT OF THE TOTAL POPULATION OF THE STATES OF THE COMMONWEALTH AS RECORDED at the Censuses of 1901 and 1911, Classified in Quinquennial Age Groups",,output/diagnostics/flagged_pages/1911_census_volume_ii_part_i_ages/p0013_role_boundary_multiple_tables_cand_6_5_7_match_5_6.png,,
1911_census_volume_ii_part_i_ages,17,16,boundary_multiple_tables,8 | 7 | 9 | 10,8 | 9,"Comparative Statement, shewing the Unadjusted Numbers in the Commonwealth in Quinquennial Age Groups, at the Censuses of 1881, 1891, 1901, and 1911 | Adjusted Number of Males at each Age in each State and Territory, at the Census of 3rd April, 1911",,output/diagnostics/flagged_pages/1911_census_volume_ii_part_i_ages/p0017_role_boundary_multiple_tables_cand_8_7_9_10_match_8_9.png,,
1911_census_volume_ii_part_i_ages,20,19,boundary_multiple_tables,11 | 10 | 12,10 | 11,"10.—ADJUSTED NUMBER OF FEMALES AT EACH AGE—continued. | 11.—ADJUSTED NUMBER OF PERSONS AT EACH AGE IN EACH STATE AND TERRITORY at the Census of 3rd April, 1911",,output/diagnostics/flagged_pages/1911_census_volume_ii_part_i_ages/p0020_role_boundary_multiple_tables_cand_11_10_12_match_10_11.png,,
1911_census_volume_ii_part_i_ages,22,21,boundary_multiple_tables,12 | 11 | 13,11 | 12,"Adjusted Number of Persons at each Age in each State and Territory, at the Census of 3rd April, 1911 | Adjusted Number of Males at and above each Age in each State and Territory, at the Census of 3rd April, 1911",,output/diagnostics/flagged_pages/1911_census_volume_ii_part_i_ages/p0022_role_boundary_multiple_tables_cand_12_11_13_match_11_12.png,,
1911_census_volume_ii_part_i_ages,25,24,boundary_multiple_tables,14 | 13 | 15,13 | 14,"Adjusted Number of Females at and above each Age in each State and Territory, at the Census of 3rd April, 1911 | Adjusted Number of Persons at and above each Age in each State and Territory, at the Census of 3rd April, 1911",,output/diagnostics/flagged_pages/1911_census_volume_ii_part_i_ages/p0025_role_boundary_multiple_tables_cand_14_13_15_match_13_14.png,,
1911_census_volume_ii_part_i_ages,27,26,boundary_multiple_tables,15 | 14 | 16,14 | 15,"Adjusted Number of Persons at and above each Age in each State and Territory, at the Census of 3rd April, 1911 | Adjusted Number of Males below each Age in each State and Territory, at the Census of 3rd April, 1911",,output/diagnostics/flagged_pages/1911_census_volume_ii_part_i_ages/p0027_role_boundary_multiple_tables_cand_15_14_16_match_14_15.png,,
1911_census_volume_ii_part_i_ages,30,29,boundary_multiple_tables,17 | 16 | 18,16 | 17,"16.—ADJUSTED NUMBER OF FEMALES BELOW EACH AGE—continued. | 17.—ADJUSTED NUMBER OF PERSONS BELOW EACH AGE IN EACH STATE AND TERRITORY at the Census of 3rd April, 1911",,output/diagnostics/flagged_pages/1911_census_volume_ii_part_i_ages/p0030_role_boundary_multiple_tables_cand_17_16_18_match_16_17.png,,
1911_census_volume_ii_part_i_ages,32,31,boundary_multiple_tables,18 | 17 | 19,17 | 18,"Adjusted Number of Persons below each Age in each State and Territory, at the Census of 3rd April, 1911 | Adjusted Numbers in the Commonwealth at each Age, at the Censuses of 1881, 1891, 1901, and 1911",,output/diagnostics/flagged_pages/1911_census_volume_ii_part_i_ages/p0032_role_boundary_multiple_tables_cand_18_17_19_match_17_18.png,,
1911_census_volume_ii_part_i_ages,35,34,boundary_multiple_tables,20 | 19 | 21,19 | 20,"Adjusted Population in Quinquennial Age Groups, in each State and Territory, at the Census of 3rd April, 1911 | Adjusted Numbers of Males, Females, and Persons in each Quinquennial Age Group per 100,000 of Male, Female, and Total Population respectively, of each State and Territory of the Commonwealth, at the Census of 3rd April, 1911",,output/diagnostics/flagged_pages/1911_census_volume_ii_part_i_ages/p0035_role_boundary_multiple_tables_cand_20_19_21_match_19_20.png,,
1911_census_volume_ii_part_i_ages,37,36,boundary_multiple_tables,21 | 20 | 22 | 23,21 | 22,"21.—ADJUSTED NUMBERS IN THE COMMONWEALTH IN QUINQUENNIAL AGE GROUPS at the CENSUSES of 1881, 1891, 1901, and 1911 | 22.—ADJUSTED NUMBERS OF MALES, FEMALES, AND PERSONS IN EACH QUINQUENNIAL AGE GROUP per 100,000 of Male, Female, and Total Population, respectively, of the Commonwealth at the Censuses of 1881, 1891, 1901, and 1911",,output/diagnostics/flagged_pages/1911_census_volume_ii_part_i_ages/p0037_role_boundary_multiple_tables_cand_21_20_22_23_match_21_22.png,,
1911_census_volume_ii_part_i_ages,38,37,boundary_multiple_tables,23 | 22 | 24 | 25,23 | 24,"Increases in the Commonwealth in each Quinquennial Age Group, as shewn by the Adjusted Numbers for the Censuses of 1881, 1891, 1901, and 1911 | Number of Males recorded at each Age in the Metropolis of each State, at the Census of 3rd April, 1911",,output/diagnostics/flagged_pages/1911_census_volume_ii_part_i_ages/p0038_role_boundary_multiple_tables_cand_23_22_24_25_match_23_24.png,,
1911_census_volume_ii_part_i_ages,41,40,boundary_multiple_tables,26 | 25 | 27,25 | 26,25.—NUMBER OF FEMALES RECORDED AT EACH AGE IN THE METROPOLIS OF EACH STATE-cont. | 26.—NUMBER OF PERSONS RECORDED AT EACH AGE IN THE METROPOLIS OF EACH STATE,,output/diagnostics/flagged_pages/1911_census_volume_ii_part_i_ages/p0041_role_boundary_multiple_tables_cand_26_25_27_match_25_26.png,,
1911_census_volume_ii_part_i_ages,58,57,boundary_multiple_tables,31 | 30 | 32 | 33,31 | 32,"New South Wales.—Population of Commonwealth Electoral Divisions, as recorded at the Census of 3rd April, 1911 | New South Wales.—Population of State Electoral Districts, as recorded at the Census of 3rd April, 1911",,output/diagnostics/flagged_pages/1911_census_volume_ii_part_i_ages/p0058_role_boundary_multiple_tables_cand_31_30_32_33_match_31_32.png,,
1911_census_volume_ii_part_i_ages,60,59,boundary_multiple_tables,33 | 32 | 34 | 35,33 | 34,"Victoria.—Number of Males in Quinquennial Age Groups, as recorded in each County, at the Census of 3rd April, 1911 | Victoria.—Number of Females in Quinquennial Age Groups, as recorded in each County, at the Census of 3rd April, 1911",,output/diagnostics/flagged_pages/1911_census_volume_ii_part_i_ages/p0060_role_boundary_multiple_tables_cand_33_32_34_35_match_33_34.png,,
1911_census_volume_ii_part_i_ages,62,61,boundary_multiple_tables,35 | 34 | 36,34 | 35,"Victoria.—Number of Females in Quinquennial Age Groups, as recorded in each County, at the Census of 3rd April, 1911 | Victoria.—Number of Persons in Quinquennial Age Groups, as recorded in each County, at the Census of 3rd April, 1911",,output/diagnostics/flagged_pages/1911_census_volume_ii_part_i_ages/p0062_role_boundary_multiple_tables_cand_35_34_36_match_34_35.png,,
1911_census_volume_ii_part_i_ages,65,64,boundary_multiple_tables,37 | 36 | 38 | 39,37 | 38,37.—VICTORIA.—POPULATION OF COMMONWEALTH ELECTORAL DIVISIONS | 38.—VICTORIA.—POPULATION OF STATE ELECTORAL PROVINCES,,output/diagnostics/flagged_pages/1911_census_volume_ii_part_i_ages/p0065_role_boundary_multiple_tables_cand_37_36_38_39_match_37_38.png,,
1911_census_volume_ii_part_i_ages,74,73,boundary_multiple_tables,44 | 43 | 45 | 46,44 | 45,"Queensland.—Population of Commonwealth Electoral Divisions, as recorded at the Census of 3rd April, 1911 | Queensland.—Population of State Electoral Districts, as recorded at the Census of 3rd April, 1911",,output/diagnostics/flagged_pages/1911_census_volume_ii_part_i_ages/p0074_role_boundary_multiple_tables_cand_44_43_45_46_match_44_45.png,,
1911_census_volume_ii_part_i_ages,83,82,boundary_multiple_tables,50 | 49 | 51 | 52 | 53,50 | 51 | 52,"South Australia.—Population of Commonwealth Electoral Divisions, as recorded at the Census of 3rd April, 1911 | South Australia.—Population of Council Electoral Districts, as recorded at the Census of 3rd April, 1911 | South Australia.—Population of Assembly Electoral Districts, as recorded at the Census of 3rd April, 1911",,output/diagnostics/flagged_pages/1911_census_volume_ii_part_i_ages/p0083_role_boundary_multiple_tables_cand_50_49_51_52_53_match_50_51_52.png,,
1911_census_volume_ii_part_i_ages,84,83,boundary_multiple_tables,53 | 52 | 54 | 55,53 | 54,"53.—Western Australia.—Number of Males in Quinquennial Age Groups, as recorded in each Statistical District, at the Census of 3rd April, 1911 | 54.—Western Australia.—Number of Females in Quinquennial Age Groups, as recorded in each Statistical District, at the Census of 3rd April, 1911",,output/diagnostics/flagged_pages/1911_census_volume_ii_part_i_ages/p0084_role_boundary_multiple_tables_cand_53_52_54_55_match_53_54.png,,
1911_census_volume_ii_part_i_ages,85,84,boundary_multiple_tables,53 | 52 | 54 | 55,53 | 54,"Western Australia.—Number of Males in Quinquennial Age Groups, as recorded in each Statistical District, at the Census of 3rd April, 1911 | Western Australia.—Number of Females in Quinquennial Age Groups, as recorded in each Statistical District, at the Census of 3rd April, 1911",,output/diagnostics/flagged_pages/1911_census_volume_ii_part_i_ages/p0085_role_boundary_multiple_tables_cand_53_52_54_55_match_53_54.png,,
1911_census_volume_ii_part_i_ages,86,85,boundary_multiple_tables,55 | 54 | 56,54 | 55,"Western Australia.—Number of Females in Quinquennial Age Groups, as recorded in each Statistical District, at the Census of 3rd April, 1911 | Western Australia.—Number of Persons in Quinquennial Age Groups, as recorded in each Statistical District, at the Census of 3rd April, 1911",,output/diagnostics/flagged_pages/1911_census_volume_ii_part_i_ages/p0086_role_boundary_multiple_tables_cand_55_54_56_match_54_55.png,,
1911_census_volume_ii_part_i_ages,88,87,boundary_multiple_tables,56 | 55 | 57 | 58 | 59,56 | 57 | 58,"Western Australia.—Number of Children in Single Ages under 5 years last birthday, recorded in each Statistical District, at the Census of 3rd April, 1911 | Western Australia.—Population of Commonwealth Electoral Divisions, as recorded at the Census of 3rd April, 1911 | Western Australia.—Population of State Electoral Provinces, as recorded at the Census of 3rd April, 1911",,output/diagnostics/flagged_pages/1911_census_volume_ii_part_i_ages/p0088_role_boundary_multiple_tables_cand_56_55_57_58_59_match_56_57_58.png,,
1911_census_volume_ii_part_i_ages,96,95,boundary_multiple_tables,63 | 62 | 64 | 65,63 | 64,63.—TASMANIA.—NUMBER OF CHILDREN IN SINGLE AGES UNDER 5 YEARS LAST BIRTHDAY | 64.—TASMANIA.—POPULATION OF COMMONWEALTH ELECTORAL DIVISIONS,,output/diagnostics/flagged_pages/1911_census_volume_ii_part_i_ages/p0096_role_boundary_multiple_tables_cand_63_62_64_65_match_63_64.png,,
1911_census_volume_ii_part_i_ages,97,96,boundary_multiple_tables,65 | 64 | 66 | 67,65 | 66,"65.—TASMANIA.—POPULATION OF STATE ELECTORAL PROVINCES as Recorded at the Census of 3rd April, 1911 | 66.—NORTHERN TERRITORY.—POPULATION IN QUINQUENNIAL AGE GROUPS as Recorded in each County, at the Census of 3rd April, 1911",,output/diagnostics/flagged_pages/1911_census_volume_ii_part_i_ages/p0097_role_boundary_multiple_tables_cand_65_64_66_67_match_65_66.png,,
1911_census_volume_ii_part_i_ages,98,97,boundary_multiple_tables,67 | 66 | 68 | 69 | 70,67 | 68 | 69,"Northern Territory.—Number of Children in Single Ages under 5 years last birthday, recorded in each County, at the Census of 3rd April, 1911 | Federal Capital Territory.—Population in Quinquennial Age Groups, as recorded in each County, at the Census of 3rd April, 1911 | Federal Capital Territory.—Number of Children in Single Ages under 5 years last birthday, recorded in each County, at the Census of 3rd April, 1911",,output/diagnostics/flagged_pages/1911_census_volume_ii_part_i_ages/p0098_role_boundary_multiple_tables_cand_67_66_68_69_70_match_67_68_69.png,,
1911_census_volume_ii_part_i_ages,100,99,boundary_multiple_tables,71 | 70 | 72,70 | 71,"70.—NUMBER OF FULL-BLOODED ABORIGINAL MALES—continued. | 71.—NUMBER OF FULL-BLOODED ABORIGINAL FEMALES Recorded at each age in each State and Territory of the Commonwealth at the Census of 3rd April, 1911.",,output/diagnostics/flagged_pages/1911_census_volume_ii_part_i_ages/p0100_role_boundary_multiple_tables_cand_71_70_72_match_70_71.png,,
1911_census_volume_ii_part_i_ages,104,103,non_table,72 | 71,,,The provided page is blank.,output/diagnostics/flagged_pages/1911_census_volume_ii_part_i_ages/p0104_role_non_table_cand_72_71_match_unknown.png,,
1911_census_volume_ii_part_ii_birthplaces,8,7,boundary_multiple_tables,2 | 1 | 3,1 | 2,"1.—MALE POPULATION OF STATES AND TERRITORIES OF COMMONWEALTH, 1911—continued. | 2.—FEMALE POPULATION OF THE STATES AND TERRITORIES OF THE COMMONWEALTH at the Census of 3rd April, 1911, classified according to Birthplace",,output/diagnostics/flagged_pages/1911_census_volume_ii_part_ii_birthplaces/p0008_role_boundary_multiple_tables_cand_2_1_3_match_1_2.png,,
1911_census_volume_ii_part_ii_birthplaces,11,10,boundary_multiple_tables,3 | 2 | 4,2 | 3,"2.—FEMALE POPULATION OF STATES AND TERRITORIES OF THE COMMONWEALTH, 1911—cont. | 3.—TOTAL POPULATION OF THE STATES AND TERRITORIES OF THE COMMONWEALTH at the Census of 3rd April, 1911, classified according to Birthplace",,output/diagnostics/flagged_pages/1911_census_volume_ii_part_ii_birthplaces/p0011_role_boundary_multiple_tables_cand_3_2_4_match_2_3.png,,
1911_census_volume_ii_part_ii_birthplaces,15,14,boundary_multiple_tables,4 | 3 | 5,3 | 4,"3.—TOTAL POPULATION OF STATES AND TERRITORIES OF THE COMMONWEALTH, 1911—cont. | 4.—MALE POPULATION OF THE STATES AND NORTHERN TERRITORY OF THE COMMONWEALTH at the Census of 31st March, 1901, classified according to Birthplace",,output/diagnostics/flagged_pages/1911_census_volume_ii_part_ii_birthplaces/p0015_role_boundary_multiple_tables_cand_4_3_5_match_3_4.png,,
1911_census_volume_ii_part_ii_birthplaces,18,17,boundary_multiple_tables,6 | 5 | 7,5 | 6,"Female Population of the States and Northern Territory of the Commonwealth, at the Census of 31st March, 1901, classified according to Birthplace | Total Population of the States and Northern Territory of the Commonwealth, at the Census of 31st March, 1901, classified according to Birthplace",,output/diagnostics/flagged_pages/1911_census_volume_ii_part_ii_birthplaces/p0018_role_boundary_multiple_tables_cand_6_5_7_match_5_6.png,,
1911_census_volume_ii_part_ii_birthplaces,21,20,boundary_multiple_tables,8 | 7 | 9,7 | 8,"7.—MALE POPULATION OF THE STATES AND NORTHERN TERRITORY, 1891—continued. | 8.—FEMALE POPULATION OF THE STATES AND NORTHERN TERRITORY OF THE COMMONWEALTH at the Census of 5th April, 1891, classified according to Birthplace",,output/diagnostics/flagged_pages/1911_census_volume_ii_part_ii_birthplaces/p0021_role_boundary_multiple_tables_cand_8_7_9_match_7_8.png,,
1911_census_volume_ii_part_ii_birthplaces,24,23,boundary_multiple_tables,10 | 9 | 11,9 | 10,"9.—TOTAL POPULATION OF THE STATES AND NORTHERN TERRITORY, 1891—continued. | 10.— COMPARATIVE STATEMENT OF THE POPULATION OF THE COMMONWEALTH at the Censuses of 1891, 1901, and 1911, classified according to Birthplace",,output/diagnostics/flagged_pages/1911_census_volume_ii_part_ii_birthplaces/p0024_role_boundary_multiple_tables_cand_10_9_11_match_9_10.png,,
1911_census_volume_ii_part_ii_birthplaces,31,30,non_table,13 | 12 | 14,,COMMONWEALTH OF AUSTRALIA classified according to Birthplace and Age Abodiginal Aborigines,"The page contains a table, but it is not one of the candidate tables provided in the prompt (Table 13, 12, or 14).",output/diagnostics/flagged_pages/1911_census_volume_ii_part_ii_birthplaces/p0031_role_non_table_cand_13_12_14_match_unknown.png,,
1911_census_volume_ii_part_ii_birthplaces,49,48,non_table,22 | 21 | 23,,,"The page contains a table, but it does not match any of the provided candidate table numbers (21, 22, 23). The table on this page appears to be a continuation of a table for Queensland, but it is not one of the candidates provided.",output/diagnostics/flagged_pages/1911_census_volume_ii_part_ii_birthplaces/p0049_role_non_table_cand_22_21_23_match_unknown.png,,
1911_census_volume_ii_part_ii_birthplaces,61,60,non_table,28 | 27 | 29,,,"The page contains a table of Western Australia population by birthplace and age, but it is not one of the candidate tables provided (27, 28, 29).",output/diagnostics/flagged_pages/1911_census_volume_ii_part_ii_birthplaces/p0061_role_non_table_cand_28_27_29_match_unknown.png,,
1911_census_volume_ii_part_ii_birthplaces,73,72,non_table,34 | 33 | 35,,,"The page contains a table for the Northern Territory, but it is not one of the candidate tables provided (33, 34, or 35). The table on this page appears to be a continuation or a specific subset (excluding full-blooded Aboriginals) not explicitly listed in the candidates.",output/diagnostics/flagged_pages/1911_census_volume_ii_part_ii_birthplaces/p0073_role_non_table_cand_34_33_35_match_unknown.png,,
1911_census_volume_ii_part_ii_birthplaces,97,96,non_table,46 | 45 | 47,,,"The page contains a table for the State of Victoria, but it does not match the candidate table numbers provided (45, 46, 47) which are for different page spans.",output/diagnostics/flagged_pages/1911_census_volume_ii_part_ii_birthplaces/p0097_role_non_table_cand_46_45_47_match_unknown.png,,
1911_census_volume_ii_part_ii_birthplaces,103,102,non_table,49 | 48 | 50,,"THE STATE OF QUEENSLAND | Nationality, Length of Residence, Education, and Conjugal Condition","The page contains a table for Queensland, but it is not one of the candidate table numbers provided (48, 49, 50).",output/diagnostics/flagged_pages/1911_census_volume_ii_part_ii_birthplaces/p0103_role_non_table_cand_49_48_50_match_unknown.png,,
1911_census_volume_ii_part_ii_birthplaces,109,108,non_table,52 | 51 | 53,,,"The page contains a table for South Australia, but it is not one of the provided candidate table numbers (51, 52, 53). The content appears to be a continuation of a table not listed in the candidates.",output/diagnostics/flagged_pages/1911_census_volume_ii_part_ii_birthplaces/p0109_role_non_table_cand_52_51_53_match_unknown.png,,
1911_census_volume_ii_part_ii_birthplaces,115,114,non_table,55 | 54 | 56,,,"The page contains a table for Western Australia, but it does not match the candidate table numbers provided for this document index (54, 55, 56).",output/diagnostics/flagged_pages/1911_census_volume_ii_part_ii_birthplaces/p0115_role_non_table_cand_55_54_56_match_unknown.png,,
1911_census_volume_ii_part_ii_birthplaces,121,120,non_table,58 | 57 | 59,,,"The page contains a table for Tasmania, but the candidate list provided only includes tables 57, 58, and 59. Table 58 is listed as spanning 119-120, but this page is 121. The content appears to be a continuation of the Tasmania tables, but does not match the provided candidate IDs.",output/diagnostics/flagged_pages/1911_census_volume_ii_part_ii_birthplaces/p0121_role_non_table_cand_58_57_59_match_unknown.png,,
1911_census_volume_ii_part_ii_birthplaces,127,126,non_table,61 | 60 | 62,,"THE NORTHERN TERRITORY Nationality, Length of Residence, Education, and Conjugal Condition","The page contains a table for the Northern Territory, but it does not match the provided candidate table numbers (60, 61, 62) which are for different pages or specific subsets.",output/diagnostics/flagged_pages/1911_census_volume_ii_part_ii_birthplaces/p0127_role_non_table_cand_61_60_62_match_unknown.png,,
1911_census_volume_ii_part_ii_birthplaces,145,144,non_table,70 | 69 | 71,,,"The page contains a table for New South Wales, but it is not one of the candidate tables provided (70, 69, 71). The candidate tables provided are for different page ranges or states.",output/diagnostics/flagged_pages/1911_census_volume_ii_part_ii_birthplaces/p0145_role_non_table_cand_70_69_71_match_unknown.png,,
1911_census_volume_ii_part_ii_birthplaces,151,150,non_table,73 | 72 | 74,,,"The page contains a table body for the State of Victoria, but the provided candidate table numbers (72, 73, 74) do not match this specific table content (which appears to be a continuation of a table for Victoria, likely Table 73, but the page header does not explicitly state the table number).",output/diagnostics/flagged_pages/1911_census_volume_ii_part_ii_birthplaces/p0151_role_non_table_cand_73_72_74_match_unknown.png,,
1911_census_volume_ii_part_ii_birthplaces,157,156,non_table,76 | 75 | 77,,,"The page contains a table for Queensland, but the candidate list provided only includes Queensland tables 75 and 76 which span pages 153-156. This page is numbered 261 and appears to be a continuation of the Queensland data not covered by the provided candidate list.",output/diagnostics/flagged_pages/1911_census_volume_ii_part_ii_birthplaces/p0157_role_non_table_cand_76_75_77_match_unknown.png,,
1911_census_volume_ii_part_ii_birthplaces,163,162,non_table,79 | 78 | 80,,,"The page contains a table for South Australia, but the candidate list provided only includes tables 78, 79, and 80 which are associated with different page spans or geographies than what is depicted on this specific page (which is page 267 of the document, not 163).",output/diagnostics/flagged_pages/1911_census_volume_ii_part_ii_birthplaces/p0163_role_non_table_cand_79_78_80_match_unknown.png,,
1911_census_volume_ii_part_ii_birthplaces,169,168,non_table,82 | 81 | 83,,,"The page contains a table for Western Australia, but the provided candidate list only includes Table 82 for Western Australia (which spans 167-168) and Table 83 for Tasmania. The page content does not match the provided candidate table numbers.",output/diagnostics/flagged_pages/1911_census_volume_ii_part_ii_birthplaces/p0169_role_non_table_cand_82_81_83_match_unknown.png,,
1911_census_volume_ii_part_ii_birthplaces,181,180,non_table,88 | 87 | 89,,,"The page contains a table for Northern Territory, but it is not one of the candidate tables provided (87, 88, 89).",output/diagnostics/flagged_pages/1911_census_volume_ii_part_ii_birthplaces/p0181_role_non_table_cand_88_87_89_match_unknown.png,,
1911_census_volume_ii_part_ii_birthplaces,187,186,non_table,91 | 90 | 92,,,"The page contains a table for the Federal Capital Territory, but the provided candidate list only includes table 91 for the FCT which spans pages 185-186. This page is numbered 291 and appears to be a continuation or a different table not in the provided candidate list.",output/diagnostics/flagged_pages/1911_census_volume_ii_part_ii_birthplaces/p0187_role_non_table_cand_91_90_92_match_unknown.png,,
1911_census_volume_ii_part_ii_birthplaces,265,264,non_table,99 | 98 | 100,,,"The page contains a continuation of a table, but the table number (99) is outside the provided candidate range for this page index.",output/diagnostics/flagged_pages/1911_census_volume_ii_part_ii_birthplaces/p0265_role_non_table_cand_99_98_100_match_unknown.png,,
1911_census_volume_ii_part_ii_birthplaces,282,281,non_table,103 | 102,,,The provided page image is blank.,output/diagnostics/flagged_pages/1911_census_volume_ii_part_ii_birthplaces/p0282_role_non_table_cand_103_102_match_unknown.png,,
1911_census_volume_ii_part_iii_length_of_residence,8,7,boundary_multiple_tables,3 | 2 | 4,2 | 3,"Population of the Commonwealth of Australia at the Census of 3rd April, 1911, Classified according to Age and Length of Residence in Australia | Population of the State of New South Wales at the Census of 3rd April, 1911, Classified according to Age and Length of Residence in Australia",,output/diagnostics/flagged_pages/1911_census_volume_ii_part_iii_length_of_residence/p0008_role_boundary_multiple_tables_cand_3_2_4_match_2_3.png,,
1911_census_volume_ii_part_iii_length_of_residence,14,13,boundary_multiple_tables,5 | 4 | 6,4 | 5,"4.-POPULATION OF THE | 5.-POPULATION OF THE At the Census of 3rd April, 1911, Classified (Exclusive of Full-",,output/diagnostics/flagged_pages/1911_census_volume_ii_part_iii_length_of_residence/p0014_role_boundary_multiple_tables_cand_5_4_6_match_4_5.png,,
1911_census_volume_ii_part_iii_length_of_residence,15,14,boundary_multiple_tables,5 | 4 | 6,4 | 5,"Population of the State of Victoria at the Census of 3rd April, 1911, Classified according to Age and Length of Residence in Australia | Population of the State of Queensland at the Census of 3rd April, 1911, Classified according to Age and Length of Residence in Australia",,output/diagnostics/flagged_pages/1911_census_volume_ii_part_iii_length_of_residence/p0015_role_boundary_multiple_tables_cand_5_4_6_match_4_5.png,,
1911_census_volume_ii_part_iii_length_of_residence,21,20,boundary_multiple_tables,7 | 6 | 8,6 | 7,"Population of the State of South Australia at the Census of 3rd April, 1911, Classified according to Age and Length of Residence in Australia | Population of the State of Western Australia at the Census of 3rd April, 1911, Classified according to Age and Length of Residence in Australia",,output/diagnostics/flagged_pages/1911_census_volume_ii_part_iii_length_of_residence/p0021_role_boundary_multiple_tables_cand_7_6_8_match_6_7.png,,
1911_census_volume_ii_part_iii_length_of_residence,27,26,boundary_multiple_tables,9 | 8 | 10,8 | 9,"Population of the State of Tasmania at the Census of 3rd April, 1911, Classified according to Age and Length of Residence in Australia | Population of the Northern Territory at the Census of 3rd April, 1911, Classified according to Age and Length of Residence in Australia",,output/diagnostics/flagged_pages/1911_census_volume_ii_part_iii_length_of_residence/p0027_role_boundary_multiple_tables_cand_9_8_10_match_8_9.png,,
1911_census_volume_ii_part_iii_length_of_residence,32,31,boundary_multiple_tables,11 | 10 | 12,10 | 11,"Population of the Federal Capital Territory at the Census of 3rd April, 1911, Classified according to Age and Length of Residence in Australia | Metropolitan and Extra-Metropolitan Population of New South Wales at the Census of 3rd April, 1911, Classified according to Length of Residence in Australia",,output/diagnostics/flagged_pages/1911_census_volume_ii_part_iii_length_of_residence/p0032_role_boundary_multiple_tables_cand_11_10_12_match_10_11.png,,
1911_census_volume_ii_part_iii_length_of_residence,34,33,boundary_multiple_tables,13 | 12 | 14 | 15,13 | 14,"Metropolitan and Extra-Metropolitan Population of Queensland at the Census of 3rd April, 1911, Classified according to Length of Residence in Australia | Metropolitan and Extra-Metropolitan Population of South Australia at the Census of 3rd April, 1911, Classified according to Length of Residence in Australia",,output/diagnostics/flagged_pages/1911_census_volume_ii_part_iii_length_of_residence/p0034_role_boundary_multiple_tables_cand_13_12_14_15_match_13_14.png,,
1911_census_volume_ii_part_iii_length_of_residence,35,34,boundary_multiple_tables,15 | 14 | 16 | 17,15 | 16,"Metropolitan and Extra-Metropolitan Population of Western Australia at the Census of 3rd April, 1911, Classified according to Length of Residence in Australia | Metropolitan and Extra-Metropolitan Population of Tasmania at the Census of 3rd April, 1911, Classified according to Length of Residence in Australia",,output/diagnostics/flagged_pages/1911_census_volume_ii_part_iii_length_of_residence/p0035_role_boundary_multiple_tables_cand_15_14_16_17_match_15_16.png,,
1911_census_volume_ii_part_iii_length_of_residence,54,53,non_table,25 | 24,,,The provided page is blank.,output/diagnostics/flagged_pages/1911_census_volume_ii_part_iii_length_of_residence/p0054_role_non_table_cand_25_24_match_unknown.png,,
1911_census_volume_ii_part_iv_education,3,2,boundary_multiple_tables,1 | 2 | 3,1 | 2,"Number of Persons Recorded in each State and Territory of the Commonwealth, at the Census of 3rd April, 1911, Classified according to Education and Sex | Number of Persons Recorded in the Commonwealth, at the Censuses of 1891, 1901, and 1911, Classified according to Education and Sex",,output/diagnostics/flagged_pages/1911_census_volume_ii_part_iv_education/p0003_role_boundary_multiple_tables_cand_1_2_3_match_1_2.png,,
1911_census_volume_ii_part_iv_education,5,4,boundary_multiple_tables,4 | 3 | 5,3 | 4,"3.—NUMBER OF MALES RECORDED IN EACH STATE AND TERRITORY OF THE COMMONWEALTH, 1911—continued. | 4.—NUMBER OF FEMALES RECORDED IN EACH STATE AND TERRITORY OF THE COMMONWEALTH at the Census of 3rd April, 1911, Classified according to Education and Age",,output/diagnostics/flagged_pages/1911_census_volume_ii_part_iv_education/p0005_role_boundary_multiple_tables_cand_4_3_5_match_3_4.png,,
1911_census_volume_ii_part_iv_education,8,7,boundary_multiple_tables,6 | 5 | 7,5 | 6,5.--NUMBER OF PERSONS RECORDED IN EACH STATE AND TERRITORY OF COMMONWEALTH--cont. | 6.--NUMBER OF MALES RECORDED IN EACH METROPOLITAN AREA OF THE COMMONWEALTH,,output/diagnostics/flagged_pages/1911_census_volume_ii_part_iv_education/p0008_role_boundary_multiple_tables_cand_6_5_7_match_5_6.png,,
1911_census_volume_ii_part_iv_education,9,8,boundary_multiple_tables,7 | 6 | 8,6 | 7,"6.—NUMBER OF MALES RECORDED IN EACH METROPOLITAN AREA—continued. | 7 —NUMBER OF FEMALES RECORDED IN EACH METROPOLITAN AREA OF THE COMMONWEALTH at the Census of 3rd April, 1911, Classified according to Education and Age (Exclusive of Full-blooded Aboriginals).",,output/diagnostics/flagged_pages/1911_census_volume_ii_part_iv_education/p0009_role_boundary_multiple_tables_cand_7_6_8_match_6_7.png,,
1911_census_volume_ii_part_iv_education,10,9,boundary_multiple_tables,8 | 7 | 9,7 | 8,"7.-NUMBER OF FEMALES RECORDED IN EACH METROPOLITAN AREA.-continued. | 8.-NUMBER OF PERSONS RECORDED IN EACH METROPOLITAN AREA OF THE COMMONWEALTH at the Census of 3rd April, 1911, Classified according to Education and Age (Exclusive of Full-blooded Aboriginals).",,output/diagnostics/flagged_pages/1911_census_volume_ii_part_iv_education/p0010_role_boundary_multiple_tables_cand_8_7_9_match_7_8.png,,
1911_census_volume_ii_part_iv_education,84,83,boundary_multiple_tables,14 | 13 | 15,13 | 14,"13.--VICTORIA.--NUMBER OF FEMALES RECORDED IN EACH COUNTY--continued. | 14.--VICTORIA.--NUMBER OF PERSONS RECORDED IN EACH COUNTY at the Census of 3rd April, 1911, Classified according to Education and Age (Exclusive of Full-blooded Aboriginals).",,output/diagnostics/flagged_pages/1911_census_volume_ii_part_iv_education/p0084_role_boundary_multiple_tables_cand_14_13_15_match_13_14.png,,
1911_census_volume_ii_part_iv_education,111,110,boundary_multiple_tables,17 | 16 | 18,16 | 17,"Queensland-Number of Females Recorded in each Census District, at the Census of 3rd April, 1911, Classified according to Education and Age | Queensland-Number of Persons Recorded in each Census District, at the Census of 3rd April, 1911, Classified according to Education and Age",,output/diagnostics/flagged_pages/1911_census_volume_ii_part_iv_education/p0111_role_boundary_multiple_tables_cand_17_16_18_match_16_17.png,,
1911_census_volume_ii_part_iv_education,135,134,boundary_multiple_tables,20 | 19 | 21,19 | 20,"South Australia-Number of Females Recorded in each County or Division, at the Census of 3rd April, 1911, Classified according to Education and Age | South Australia-Number of Persons Recorded in each County or Division, at the Census of 3rd April, 1911, Classified according to Education and Age",,output/diagnostics/flagged_pages/1911_census_volume_ii_part_iv_education/p0135_role_boundary_multiple_tables_cand_20_19_21_match_19_20.png,,
1911_census_volume_ii_part_iv_education,161,160,boundary_multiple_tables,25 | 24 | 26,24 | 25,"24.—TASMANIA.—NUMBER OF MALES RECORDED IN EACH MUNICIPALITY —continued. | 25.—TASMANIA.—NUMBER OF FEMALES RECORDED IN EACH MUNICIPALITY at the Census of 3rd April, 1911, Classified according to Education and Age",,output/diagnostics/flagged_pages/1911_census_volume_ii_part_iv_education/p0161_role_boundary_multiple_tables_cand_25_24_26_match_24_25.png,,
1911_census_volume_ii_part_iv_education,168,167,boundary_multiple_tables,26 | 25 | 27,25 | 26,"25. TASMANIA. NUMBER OF FEMALES RECORDED IN EACH MUNICIPALITY—continued. | 26. TASMANIA. NUMBER OF PERSONS RECORDED IN EACH MUNICIPALITY at the Census of 3rd April, 1911, Classified according to Education and Age",,output/diagnostics/flagged_pages/1911_census_volume_ii_part_iv_education/p0168_role_boundary_multiple_tables_cand_26_25_27_match_25_26.png,,
1911_census_volume_ii_part_iv_education,175,174,boundary_multiple_tables,27 | 26 | 28,26 | 27,"26.-TASMANIA.-NUMBER OF PERSONS RECORDED IN EACH MUNICIPALITY-continued. | 27.-NORTHERN TERRITORY.-NUMBER OF MALES RECORDED IN EACH COUNTY at the Census of 3rd April, 1911, Classified according to Education and Age",,output/diagnostics/flagged_pages/1911_census_volume_ii_part_iv_education/p0175_role_boundary_multiple_tables_cand_27_26_28_match_26_27.png,,
1911_census_volume_ii_part_iv_education,176,175,boundary_multiple_tables,28 | 27 | 29,27 | 28,"27.—NORTHERN TERRITORY.—NUMBER OF MALES RECORDED IN EACH COUNTY—continued. | 28.—NORTHERN TERRITORY.—NUMBER OF FEMALES RECORDED IN EACH COUNTY at the Census of 3rd April, 1911, Classified according to Education and Age (Exclusive of Full-blooded Aboriginals).",,output/diagnostics/flagged_pages/1911_census_volume_ii_part_iv_education/p0176_role_boundary_multiple_tables_cand_28_27_29_match_27_28.png,,
1911_census_volume_ii_part_iv_education,177,176,boundary_multiple_tables,29 | 28 | 30,28 | 29,"28.—NORTHERN TERRITORY.—NUMBER OF FEMALES RECORDED IN EACH COUNTY—continued. | 29.—NORTHERN TERRITORY.—NUMBER OF PERSONS RECORDED IN EACH COUNTY at the Census of 3rd April, 1911, Classified according to Education and Age",,output/diagnostics/flagged_pages/1911_census_volume_ii_part_iv_education/p0177_role_boundary_multiple_tables_cand_29_28_30_match_28_29.png,,
1911_census_volume_ii_part_iv_education,178,177,boundary_multiple_tables,30 | 29 | 31,29 | 30,29.-NORTHERN TERRITORY.-NUMBER OF PERSONS RECORDED IN EACH COUNTY-continued. | 30.-FEDERAL CAPITAL TERRITORY.-NUMBER OF PERSONS RECORDED IN EACH DIVISION,,output/diagnostics/flagged_pages/1911_census_volume_ii_part_iv_education/p0178_role_boundary_multiple_tables_cand_30_29_31_match_29_30.png,,
1911_census_volume_ii_part_iv_education,182,181,non_table,33 | 32,,,The provided page image is blank.,output/diagnostics/flagged_pages/1911_census_volume_ii_part_iv_education/p0182_role_non_table_cand_33_32_match_unknown.png,,
1911_census_volume_ii_part_v_schooling,24,23,boundary_multiple_tables,10 | 9 | 11,9 | 10,9.-NEW SOUTH WALES.-NUMBER OF MALES RECORDED IN EACH COUNTY-continued. | 10.-NEW SOUTH WALES.-NUMBER OF FEMALES RECORDED IN EACH COUNTY,,output/diagnostics/flagged_pages/1911_census_volume_ii_part_v_schooling/p0024_role_boundary_multiple_tables_cand_10_9_11_match_9_10.png,,
1911_census_volume_ii_part_v_schooling,37,36,boundary_multiple_tables,11 | 10 | 12,10 | 11,10.-NEW SOUTH WALES.-NUMBER OF FEMALES RECORDED IN EACH COUNTY-continued. | 11.-NEW SOUTH WALES.-NUMBER OF PERSONS RECORDED IN EACH COUNTY,,output/diagnostics/flagged_pages/1911_census_volume_ii_part_v_schooling/p0037_role_boundary_multiple_tables_cand_11_10_12_match_10_11.png,,
1911_census_volume_ii_part_v_schooling,54,53,boundary_multiple_tables,13 | 12 | 14,12 | 13,"12.-VICTORIA.-NUMBER OF MALES RECORDED IN EACH COUNTY-continued. | 13.-VICTORIA-NUMBER OF FEMALES RECORDED IN EACH COUNTY At the Census of 3rd April, 1911, Classified according to Schooling and Age",,output/diagnostics/flagged_pages/1911_census_volume_ii_part_v_schooling/p0054_role_boundary_multiple_tables_cand_13_12_14_match_12_13.png,,
1911_census_volume_ii_part_v_schooling,58,57,boundary_multiple_tables,14 | 13 | 15,13 | 14,13.-VICTORIA.-NUMBER OF FEMALES RECORDED IN EACH COUNTY-continued. | 14.-VICTORIA.-NUMBER OF PERSONS RECORDED IN EACH COUNTY,,output/diagnostics/flagged_pages/1911_census_volume_ii_part_v_schooling/p0058_role_boundary_multiple_tables_cand_14_13_15_match_13_14.png,,
1911_census_volume_ii_part_v_schooling,62,61,boundary_multiple_tables,15 | 14 | 16,14 | 15,"14. VICTORIA.—NUMBER OF PERSONS RECORDED IN EACH COUNTY—continued. | 15.—QUEENSLAND—NUMBER OF MALES RECORDED IN EACH CENSUS DISTRICT At the Census of 3rd April, 1911, Classified according to Schooling and Age",,output/diagnostics/flagged_pages/1911_census_volume_ii_part_v_schooling/p0062_role_boundary_multiple_tables_cand_15_14_16_match_14_15.png,,
1911_census_volume_ii_part_v_schooling,75,74,boundary_multiple_tables,17 | 16 | 18,16 | 17,"Queensland-Number of Females Recorded in each Census District, at the Census of 3rd April, 1911, Classified according to Schooling and Age | Queensland-Number of Persons Recorded in each Census District, at the Census of 3rd April, 1911, Classified according to Schooling and Age",,output/diagnostics/flagged_pages/1911_census_volume_ii_part_v_schooling/p0075_role_boundary_multiple_tables_cand_17_16_18_match_16_17.png,,
1911_census_volume_ii_part_v_schooling,86,85,boundary_multiple_tables,19 | 18 | 20,18 | 19,"South Australia-Number of Males Recorded in each County or Division, at the Census of 3rd April, 1911, Classified according to Schooling and Age | South Australia-Number of Females Recorded in each County or Division, at the Census of 3rd April, 1911, Classified according to Schooling and Age",,output/diagnostics/flagged_pages/1911_census_volume_ii_part_v_schooling/p0086_role_boundary_multiple_tables_cand_19_18_20_match_18_19.png,,
1911_census_volume_ii_part_v_schooling,91,90,boundary_multiple_tables,20 | 19 | 21,19 | 20,"South Australia-Number of Females Recorded in each County or Division, at the Census of 3rd April, 1911, Classified according to Schooling and Age | South Australia-Number of Persons Recorded in each County or Division, at the Census of 3rd April, 1911, Classified according to Schooling and Age",,output/diagnostics/flagged_pages/1911_census_volume_ii_part_v_schooling/p0091_role_boundary_multiple_tables_cand_20_19_21_match_19_20.png,,
1911_census_volume_ii_part_v_schooling,98,97,boundary_multiple_tables,22 | 21 | 23,21 | 22,"21.—WESTERN AUSTRALIA.—NUMBER OF MALES RECORDED IN EACH STATISTICAL DISTRICT.—cont. | 22.—WESTERN AUSTRALIA.—NUMBER OF FEMALES RECORDED IN EACH STATISTICAL DISTRICT At the Census of 3rd April, 1911, Classified according to Schooling and Age",,output/diagnostics/flagged_pages/1911_census_volume_ii_part_v_schooling/p0098_role_boundary_multiple_tables_cand_22_21_23_match_21_22.png,,
1911_census_volume_ii_part_v_schooling,101,100,boundary_multiple_tables,23 | 22 | 24,22 | 23,"Western Australia-Number of Females Recorded in each Statistical District, at the Census of 3rd April, 1911, Classified according to Schooling and Age | Western Australia- Number of Persons Recorded in each Statistical District, at the Census of 3rd April, 1911, Classified according to Schooling and Age",,output/diagnostics/flagged_pages/1911_census_volume_ii_part_v_schooling/p0101_role_boundary_multiple_tables_cand_23_22_24_match_22_23.png,,
1911_census_volume_ii_part_v_schooling,104,103,boundary_multiple_tables,24 | 23 | 25,23 | 24,"Western Australia- Number of Persons Recorded in each Statistical District, at the Census of 3rd April, 1911, Classified according to Schooling and Age | Tasmania-Number of Males Recorded in each Municipality, at the Census of 3rd April, 1911, Classified according to Schooling and Age",,output/diagnostics/flagged_pages/1911_census_volume_ii_part_v_schooling/p0104_role_boundary_multiple_tables_cand_24_23_25_match_23_24.png,,
1911_census_volume_ii_part_v_schooling,109,108,boundary_multiple_tables,25 | 24 | 26,24 | 25,"24.-TASMANIA.-NUMBER OF MALES RECORDED IN EACH MUNICIPALITY-continued. | 25.-TASMANIA.-NUMBER OF FEMALES RECORDED IN EACH MUNICIPALITY At the Census of 3rd April, 1911, Classified according to Schooling and Age (Exclusive of Full-blooded Aboriginals).",,output/diagnostics/flagged_pages/1911_census_volume_ii_part_v_schooling/p0109_role_boundary_multiple_tables_cand_25_24_26_match_24_25.png,,
1911_census_volume_ii_part_v_schooling,114,113,boundary_multiple_tables,26 | 25 | 27,25 | 26,25.-TASMANIA.-NUMBER OF FEMALES RECORDED IN EACH MUNICIPALITY-continued. | 26.-TASMANIA.-NUMBER OF PERSONS RECORDED IN EACH MUNICIPALITY,,output/diagnostics/flagged_pages/1911_census_volume_ii_part_v_schooling/p0114_role_boundary_multiple_tables_cand_26_25_27_match_25_26.png,,
1911_census_volume_ii_part_v_schooling,119,118,boundary_multiple_tables,27 | 26 | 28,26 | 27,"26. - TASMANIA. - NUMBER OF PERSONS RECORDED IN EACH MUNICIPALITY -- continued. | 27. - NORTHERN TERRITORY. - NUMBER OF MALES RECORDED IN EACH COUNTY At the Census of 3rd April, 1911, Classified according to Schooling and Age",,output/diagnostics/flagged_pages/1911_census_volume_ii_part_v_schooling/p0119_role_boundary_multiple_tables_cand_27_26_28_match_26_27.png,,
1911_census_volume_ii_part_v_schooling,120,119,boundary_multiple_tables,28 | 27 | 29 | 30,28 | 29,"Northern Territory-Number of Females Recorded in each County, at the Census of 3rd April, 1911, Classified according to Schooling and Age | Northern Territory-Number of Persons Recorded in each County, at the Census of 3rd April, 1911, Classified according to Schooling and Age",,output/diagnostics/flagged_pages/1911_census_volume_ii_part_v_schooling/p0120_role_boundary_multiple_tables_cand_28_27_29_30_match_28_29.png,,
1911_census_volume_ii_part_vi_religions,18,17,boundary_multiple_tables,3 | 2 | 4,2 | 3,"2.—FEMALE POPULATION OF THE STATES AND TERRITORIES OF THE COMMONWEALTH—continued | 3.—TOTAL POPULATION OF THE STATES AND TERRITORIES OF THE COMMONWEALTH At the Census of 3rd April, 1911, Classified according to Religion",,output/diagnostics/flagged_pages/1911_census_volume_ii_part_vi_religions/p0018_role_boundary_multiple_tables_cand_3_2_4_match_2_3.png,,
1911_census_volume_ii_part_vi_religions,80,79,boundary_multiple_tables,32 | 31 | 33 | 34,32 | 33,"Male Population of the Metropolis of each State of the Commonwealth, at the Census of 3rd April, 1911, Classified according to Religion | Female Population of the Metropolis of each State of the Commonwealth, at the Census of 3rd April, 1911, Classified according to Religion",,output/diagnostics/flagged_pages/1911_census_volume_ii_part_vi_religions/p0080_role_boundary_multiple_tables_cand_32_31_33_34_match_32_33.png,,
1911_census_volume_ii_part_vi_religions,81,80,boundary_multiple_tables,34 | 33 | 35,33 | 34,"33.—FEMALE POPULATION OF THE METROPOLIS OF EACH STATE—continued. | 34.—TOTAL POPULATION OF THE METROPOLIS OF EACH STATE OF THE COMMONWEALTH At the Census of 3rd April, 1911, Classified according to Religion",,output/diagnostics/flagged_pages/1911_census_volume_ii_part_vi_religions/p0081_role_boundary_multiple_tables_cand_34_33_35_match_33_34.png,,
1911_census_volume_ii_part_vi_religions,94,93,boundary_multiple_tables,38 | 37 | 39 | 40,38 | 39,"38.—MALE POPULATION OF THE COUNTIES OF VICTORIA, AT THE CENSUS OF 3RD APRIL, 1911, (EXCLUSIVE OF FULL-BLOOD ABORIGINALS) | 39.—FEMALE POPULATION OF THE COUNTIES OF VICTORIA, AT THE CENSUS OF 3RD APRIL, 1911, (EXCLUSIVE OF FULL-BLOOD ABORIGINALS)",,output/diagnostics/flagged_pages/1911_census_volume_ii_part_vi_religions/p0094_role_boundary_multiple_tables_cand_38_37_39_40_match_38_39.png,,
1911_census_volume_ii_part_vi_religions,96,95,boundary_multiple_tables,40 | 39 | 41,39 | 40,"Female Population of the Counties of Victoria, at the Census of 3rd April, 1911, Classified according to Religion | Total Population of the Counties of Victoria, at the Census of 3rd April, 1911, Classified according to Religion",,output/diagnostics/flagged_pages/1911_census_volume_ii_part_vi_religions/p0096_role_boundary_multiple_tables_cand_40_39_41_match_39_40.png,,
1911_census_volume_ii_part_vi_religions,104,103,boundary_multiple_tables,44 | 43 | 45 | 46,44 | 45,"44. MALE POPULATION OF THE COUNTIES At the Census of 3rd April, 1911, (Exclusive of Full- | 45. FEMALE POPULATION OF THE COUNTIES At the Census of 3rd April, 1911, (Exclusive of Full-",,output/diagnostics/flagged_pages/1911_census_volume_ii_part_vi_religions/p0104_role_boundary_multiple_tables_cand_44_43_45_46_match_44_45.png,,
1911_census_volume_ii_part_vi_religions,106,105,boundary_multiple_tables,46 | 45 | 47,45 | 46,"Female Population of the Counties and Division of South Australia, at the Census of 3rd April, 1911, Classified according to Religion | Total Population of the Counties and Divisions of South Australia, at the Census of 3rd April, 1911, Classified according to Religion",,output/diagnostics/flagged_pages/1911_census_volume_ii_part_vi_religions/p0106_role_boundary_multiple_tables_cand_46_45_47_match_45_46.png,,
1911_census_volume_ii_part_vi_religions,108,107,boundary_multiple_tables,47 | 46 | 48 | 49,47 | 48,"Male Population of the Statistical Districts of Western Australia, at the Census of 3rd April, 1911, Classified according to Religion | Female Population of the Statistical Districts of Western Australia, at the Census of 3rd April, 1911, Classified according to Religion",,output/diagnostics/flagged_pages/1911_census_volume_ii_part_vi_religions/p0108_role_boundary_multiple_tables_cand_47_46_48_49_match_47_48.png,,
1911_census_volume_ii_part_vi_religions,110,109,boundary_multiple_tables,49 | 48 | 50 | 51,49 | 50,"Total Population of the Statistical Districts of Western Australia, at the Census of 3rd April, 1911, Classified according to Religion | Male Population of the Municipalities of Tasmania, at the Census of 3rd April, 1911, Classified according to Religion",,output/diagnostics/flagged_pages/1911_census_volume_ii_part_vi_religions/p0110_role_boundary_multiple_tables_cand_49_48_50_51_match_49_50.png,,
1911_census_volume_ii_part_vi_religions,111,110,boundary_multiple_tables,49 | 48 | 50 | 51,50 | 51,"Male Population of the Municipalities of Tasmania, at the Census of 3rd April, 1911, Classified according to Religion | Female Population of the Municipalities of Tasmania, at the Census of 3rd April, 1911, Classified according to Religion",,output/diagnostics/flagged_pages/1911_census_volume_ii_part_vi_religions/p0111_role_boundary_multiple_tables_cand_49_48_50_51_match_50_51.png,,
1911_census_volume_ii_part_vi_religions,112,111,boundary_multiple_tables,51 | 50 | 52 | 53,51 | 52,"51.—FEMALE POPULATION OF THE At the Census of 3rd April, 1911, (Exclusive of Full- | 52.—TOTAL POPULATION OF THE At the Census of 3rd April, 1911, (Exclusive of Full-",,output/diagnostics/flagged_pages/1911_census_volume_ii_part_vi_religions/p0112_role_boundary_multiple_tables_cand_51_50_52_53_match_51_52.png,,
1911_census_volume_ii_part_vi_religions,113,112,boundary_multiple_tables,51 | 50 | 52 | 53,51 | 52,"Female Population of the Municipalities of Tasmania, at the Census of 3rd April, 1911, Classified according to Religion | Total Population of the Municipalities of Tasmania, at the Census of 3rd April, 1911, Classified according to Religion",,output/diagnostics/flagged_pages/1911_census_volume_ii_part_vi_religions/p0113_role_boundary_multiple_tables_cand_51_50_52_53_match_51_52.png,,
1911_census_volume_ii_part_vi_religions,114,113,boundary_multiple_tables,53 | 52 | 54,52 | 53,"52.—TOTAL POPULATION OF THE | 53.—POPULATION OF THE COUNTIES At the Census of 3rd April, 1911, (Exclusive of Full-",,output/diagnostics/flagged_pages/1911_census_volume_ii_part_vi_religions/p0114_role_boundary_multiple_tables_cand_53_52_54_match_52_53.png,,
1911_census_volume_ii_part_vi_religions,115,114,boundary_multiple_tables,53 | 52 | 54,52 | 53,"Total Population of the Municipalities of Tasmania, at the Census of 3rd April, 1911, Classified according to Religion | Population of the Counties of the Northern Territory, at the Census of 3rd April, 1911, Classified according to Religion and Sex",,output/diagnostics/flagged_pages/1911_census_volume_ii_part_vi_religions/p0115_role_boundary_multiple_tables_cand_53_52_54_match_52_53.png,,
1911_census_volume_ii_part_vi_religions,116,115,boundary_multiple_tables,54 | 53 | 55 | 56,54 | 55,"54. POPULATION OF THE DIVISIONS OF THE FEDERAL CAPITAL TERRITORY At the Census of 3rd April, 1911, Classified according to Religion and Sex | 55. NUMBER OF ABORIGINAL MALES RECORDED IN EACH STATE AND TERRITORY OF THE COMMONWEALTH At the Census of 3rd April, 1911, Classified according to Religion.",,output/diagnostics/flagged_pages/1911_census_volume_ii_part_vi_religions/p0116_role_boundary_multiple_tables_cand_54_53_55_56_match_54_55.png,,
1911_census_volume_ii_part_vi_religions,119,118,non_table,57 | 56,,,,output/diagnostics/flagged_pages/1911_census_volume_ii_part_vi_religions/p0119_role_non_table_cand_57_56_match_unknown.png,,
1911_census_volume_ii_part_vii_blindness_and_deaf_mutism,32,31,non_table,27 | 26,,,The provided page is blank.,output/diagnostics/flagged_pages/1911_census_volume_ii_part_vii_blindness_and_deaf_mutism/p0032_role_non_table_cand_27_26_match_unknown.png,,
1911_census_volume_ii_part_viii_non_european_races,7,6,boundary_multiple_tables,1 | 2 | 3,1 | 2,"Persons of Non-European Race enumerated in the Commonwealth of Australia, at the Census of 3rd April 1911. Summary by States | Persons of Non-European Race enumerated in the Commonwealth of Australia, at the Census of 3rd April, 1911. Summary by Races",,output/diagnostics/flagged_pages/1911_census_volume_ii_part_viii_non_european_races/p0007_role_boundary_multiple_tables_cand_1_2_3_match_1_2.png,,
1911_census_volume_ii_part_viii_non_european_races,8,7,boundary_multiple_tables,3 | 2 | 4 | 5,3 | 4,"Males of each Non-European Race enumerated in the several States and Territories of the Commonwealth of Australia, at the Census of 3rd April, 1911 | Females of each Non-European Race enumerated in the several States and Territories of the Commonwealth of Australia, at the Census of 3rd April, 1911",,output/diagnostics/flagged_pages/1911_census_volume_ii_part_viii_non_european_races/p0008_role_boundary_multiple_tables_cand_3_2_4_5_match_3_4.png,,
1911_census_volume_ii_part_viii_non_european_races,9,8,boundary_multiple_tables,5 | 4 | 6,4 | 5,4.—FEMALES OF EACH NON-EUROPEAN RACE ENUMERATED IN THE STATES—continued. | 5.—PERSONS OF EACH NON-EUROPEAN RACE ENUMERATED IN THE SEVERAL STATES AND TERRITORIES OF THE COMMONWEALTH OF AUSTRALIA,,output/diagnostics/flagged_pages/1911_census_volume_ii_part_viii_non_european_races/p0009_role_boundary_multiple_tables_cand_5_4_6_match_4_5.png,,
1911_census_volume_ii_part_viii_non_european_races,10,9,boundary_multiple_tables,6 | 5 | 7 | 8,6 | 7,"Commonwealth of Australia.—Males of Non-European Race enumerated at the Census of 3rd April, 1911, Classified according to Race and Age | Commonwealth of Australia.—Females of Non-European Race enumerated at the Census of 3rd April, 1911, Classified according to Race and Age",,output/diagnostics/flagged_pages/1911_census_volume_ii_part_viii_non_european_races/p0010_role_boundary_multiple_tables_cand_6_5_7_8_match_6_7.png,,
1911_census_volume_ii_part_viii_non_european_races,11,10,boundary_multiple_tables,6 | 5 | 7 | 8,6 | 7,"Commonwealth of Australia.—Males of Non-European Race enumerated at the Census of 3rd April, 1911, Classified according to Race and Age | Commonwealth of Australia.—Females of Non-European Race enumerated at the Census of 3rd April, 1911, Classified according to Race and Age",,output/diagnostics/flagged_pages/1911_census_volume_ii_part_viii_non_european_races/p0011_role_boundary_multiple_tables_cand_6_5_7_8_match_6_7.png,,
1911_census_volume_ii_part_viii_non_european_races,12,11,boundary_multiple_tables,8 | 7 | 9 | 10,8 | 9,"Commonwealth of Australia.—Persons of Non-European Race enumerated at the Census of 3rd April, 1911, Classified according to Race and Age | Commonwealth of Australia.—Males of Non-European Race enumerated in the several States and Territories, at the Census of 3rd April, 1911, Classified according to Age",,output/diagnostics/flagged_pages/1911_census_volume_ii_part_viii_non_european_races/p0012_role_boundary_multiple_tables_cand_8_7_9_10_match_8_9.png,,
1911_census_volume_ii_part_viii_non_european_races,13,12,boundary_multiple_tables,8 | 7 | 9 | 10,8 | 9,"Commonwealth of Australia.—Persons of Non-European Race enumerated at the Census of 3rd April, 1911, Classified according to Race and Age | Commonwealth of Australia.—Males of Non-European Race enumerated in the several States and Territories, at the Census of 3rd April, 1911, Classified according to Age",,output/diagnostics/flagged_pages/1911_census_volume_ii_part_viii_non_european_races/p0013_role_boundary_multiple_tables_cand_8_7_9_10_match_8_9.png,,
1911_census_volume_ii_part_viii_non_european_races,14,13,boundary_multiple_tables,10 | 9 | 11 | 12,10 | 11,"Commonwealth of Australia.—Females of Non-European Race enumerated in the several States and Territories, at the Census of 3rd April, 1911, Classified according to Age | Commonwealth of Australia.—Persons of Non-European Race enumerated in the several States and Territories, at the Census of 3rd April, 1911, Classified according to Age",,output/diagnostics/flagged_pages/1911_census_volume_ii_part_viii_non_european_races/p0014_role_boundary_multiple_tables_cand_10_9_11_12_match_10_11.png,,
1911_census_volume_ii_part_viii_non_european_races,15,14,boundary_multiple_tables,10 | 9 | 11 | 12,10 | 11,"Commonwealth of Australia.—Females of Non-European Race enumerated in the several States and Territories, at the Census of 3rd April, 1911, Classified according to Age | Commonwealth of Australia.—Persons of Non-European Race enumerated in the several States and Territories, at the Census of 3rd April, 1911, Classified according to Age",,output/diagnostics/flagged_pages/1911_census_volume_ii_part_viii_non_european_races/p0015_role_boundary_multiple_tables_cand_10_9_11_12_match_10_11.png,,
1911_census_volume_ii_part_viii_non_european_races,16,15,boundary_multiple_tables,12 | 11 | 13 | 14,12 | 13,"12.—NEW SOUTH WALES.—MALES OF Non-European Race enumerated at the Census of 3rd April, 1911, Classified according to Race and Age | 13.—NEW SOUTH WALES.—FEMALES OF Non-European Race enumerated at the Census of 3rd April, 1911, Classified according to Race and Age",,output/diagnostics/flagged_pages/1911_census_volume_ii_part_viii_non_european_races/p0016_role_boundary_multiple_tables_cand_12_11_13_14_match_12_13.png,,
1911_census_volume_ii_part_viii_non_european_races,18,17,boundary_multiple_tables,14 | 13 | 15 | 16,14 | 15,"14.—New South Wales.—Persons of Non-European Race enumerated at the Census of 3rd April, 1911, Classified according to Race and Age | 15.—Victoria.—Males of Non-European Race enumerated, at the Census of 3rd April, 1911. Classified according to Race and Age",,output/diagnostics/flagged_pages/1911_census_volume_ii_part_viii_non_european_races/p0018_role_boundary_multiple_tables_cand_14_13_15_16_match_14_15.png,,
1911_census_volume_ii_part_viii_non_european_races,19,18,boundary_multiple_tables,14 | 13 | 15 | 16,14 | 15,"New South Wales.—Persons of Non-European Race enumerated at the Census of 3rd April, 1911, Classified according to Race and Age | Victoria.—Males of Non-European Race enumerated, at the Census of 3rd April, 1911. Classified according to Race and Age","The page contains two distinct tables, one for New South Wales and one for Victoria, which correspond to the candidate tables 14 and 15 respectively.",output/diagnostics/flagged_pages/1911_census_volume_ii_part_viii_non_european_races/p0019_role_boundary_multiple_tables_cand_14_13_15_16_match_14_15.png,,
1911_census_volume_ii_part_viii_non_european_races,20,19,boundary_multiple_tables,16 | 15 | 17 | 18,16 | 17,"Victoria.—Females of Non-European Race enumerated at the Census of 3rd April, 1911, Classified according to Race and Age | Victoria.—Persons of Non-European Race enumerated at the Census of 3rd April, 1911, Classified according to Race and Age",,output/diagnostics/flagged_pages/1911_census_volume_ii_part_viii_non_european_races/p0020_role_boundary_multiple_tables_cand_16_15_17_18_match_16_17.png,,
1911_census_volume_ii_part_viii_non_european_races,22,21,boundary_multiple_tables,18 | 17 | 19 | 20,18 | 19,"Queensland.—Males of Non-European Race enumerated at the Census of 3rd April, 1911, Classified according to Race and Age | Queensland.—Females of Non-European Race enumerated at the Census of 3rd April, 1911, Classified according to Race and Age",,output/diagnostics/flagged_pages/1911_census_volume_ii_part_viii_non_european_races/p0022_role_boundary_multiple_tables_cand_18_17_19_20_match_18_19.png,,
1911_census_volume_ii_part_viii_non_european_races,23,22,boundary_multiple_tables,18 | 17 | 19 | 20,18 | 19 | 20,"Queensland.—Males of Non-European Race enumerated at the Census of 3rd April, 1911, Classified according to Race and Age | Queensland.—Females of Non-European Race enumerated at the Census of 3rd April, 1911, Classified according to Race and Age | Queensland.—Persons of Non-European Race enumerated at the Census of 3rd April, 1911, Classified according to Race and Age","The page contains multiple tables (Queensland Males, Females, and Persons) which are presented as a continuous sequence of data blocks on this page.",output/diagnostics/flagged_pages/1911_census_volume_ii_part_viii_non_european_races/p0023_role_boundary_multiple_tables_cand_18_17_19_20_match_18_19_20.png,,
1911_census_volume_ii_part_viii_non_european_races,24,23,boundary_multiple_tables,20 | 19 | 21 | 22,20 | 21,"Queensland.—Persons of Non-European Race enumerated at the Census of 3rd April, 1911, Classified according to Race and Age | South Australia.—Males of Non-European Race enumerated at the Census of 3rd April, 1911, Classified according to Race and Age",,output/diagnostics/flagged_pages/1911_census_volume_ii_part_viii_non_european_races/p0024_role_boundary_multiple_tables_cand_20_19_21_22_match_20_21.png,,
1911_census_volume_ii_part_viii_non_european_races,25,24,non_table,20 | 19 | 21 | 22,,,"The page contains tables, but they do not match the provided candidate table numbers for Queensland or South Australia. The tables on this page appear to be for other states or a summary.",output/diagnostics/flagged_pages/1911_census_volume_ii_part_viii_non_european_races/p0025_role_non_table_cand_20_19_21_22_match_unknown.png,,
1911_census_volume_ii_part_viii_non_european_races,26,25,boundary_multiple_tables,22 | 21 | 23 | 24,22 | 23,"South Australia.—Females of Non-European Race enumerated at the Census of 3rd April, 1911, Classified according to Race and Age | South Australia.—Persons of Non-European Race enumerated at the Census of 3rd April, 1911, Classified according to Race and Age",,output/diagnostics/flagged_pages/1911_census_volume_ii_part_viii_non_european_races/p0026_role_boundary_multiple_tables_cand_22_21_23_24_match_22_23.png,,
1911_census_volume_ii_part_viii_non_european_races,28,27,boundary_multiple_tables,24 | 23 | 25 | 26,24 | 25,"Western Australia.—Males of Non-European Race enumerated at the Census of 3rd April, 1911, Classified according to Race and Age | Western Australia.—Females of Non-European Race enumerated at the Census of 3rd April, 1911, Classified according to Race and Age",,output/diagnostics/flagged_pages/1911_census_volume_ii_part_viii_non_european_races/p0028_role_boundary_multiple_tables_cand_24_23_25_26_match_24_25.png,,
1911_census_volume_ii_part_viii_non_european_races,30,29,boundary_multiple_tables,26 | 25 | 27 | 28,26 | 27,26.—WESTERN AUSTRALIA.—PERSONS | 27.—TASMANIA.—MALES OF NON-,,output/diagnostics/flagged_pages/1911_census_volume_ii_part_viii_non_european_races/p0030_role_boundary_multiple_tables_cand_26_25_27_28_match_26_27.png,,
1911_census_volume_ii_part_viii_non_european_races,31,30,boundary_multiple_tables,26 | 25 | 27 | 28,26 | 27,"Western Australia.—Persons of Non-European Race enumerated at the Census of 3rd April, 1911, Classified according to Race and Age | Tasmania.—Males of Non-European Race enumerated at the Census of 3rd April, 1911, Classified according to Race and Age",,output/diagnostics/flagged_pages/1911_census_volume_ii_part_viii_non_european_races/p0031_role_boundary_multiple_tables_cand_26_25_27_28_match_26_27.png,,
1911_census_volume_ii_part_viii_non_european_races,32,31,boundary_multiple_tables,28 | 27 | 29 | 30,28 | 29,"28.—TASMANIA.—FEMALES OF NON-EUROPEAN RACE enumerated at the Census of 3rd April, 1911, Classified according to Race and Age | 29.—TASMANIA.—PERSONS OF NON-EUROPEAN RACE enumerated at the Census of 3rd April, 1911, Classified according to Race and Age",,output/diagnostics/flagged_pages/1911_census_volume_ii_part_viii_non_european_races/p0032_role_boundary_multiple_tables_cand_28_27_29_30_match_28_29.png,,
1911_census_volume_ii_part_viii_non_european_races,34,33,boundary_multiple_tables,30 | 29 | 31 | 32,30 | 31,"30.—NORTHERN TERRITORY.—MALES OF Non-European Race enumerated at the Census of 3rd April, 1911, Classified according to Race and Age | 31.—NORTHERN TERRITORY.—FEMALES OF Non-European Race enumerated at the Census of 3rd April, 1911, Classified according to Race and Age",,output/diagnostics/flagged_pages/1911_census_volume_ii_part_viii_non_european_races/p0034_role_boundary_multiple_tables_cand_30_29_31_32_match_30_31.png,,
1911_census_volume_ii_part_viii_non_european_races,36,35,boundary_multiple_tables,32 | 31 | 33 | 34,32 | 33,"Northern Territory.—Persons of Non-European Race enumerated at the Census of 3rd April, 1911, Classified according to Race and Age | Federal Capital Territory.—Persons of Non-European Race enumerated at the Census of 3rd April, 1911, Classified according to Race, Age and Sex",,output/diagnostics/flagged_pages/1911_census_volume_ii_part_viii_non_european_races/p0036_role_boundary_multiple_tables_cand_32_31_33_34_match_32_33.png,,
1911_census_volume_ii_part_viii_non_european_races,37,36,boundary_multiple_tables,32 | 31 | 33 | 34,32 | 33,"Northern Territory.—Persons of Non-European Race enumerated at the Census of 3rd April, 1911, Classified according to Race and Age | Federal Capital Territory.—Persons of Non-European Race enumerated at the Census of 3rd April, 1911, Classified according to Race, Age and Sex",,output/diagnostics/flagged_pages/1911_census_volume_ii_part_viii_non_european_races/p0037_role_boundary_multiple_tables_cand_32_31_33_34_match_32_33.png,,
1911_census_volume_ii_part_viii_non_european_races,50,49,boundary_multiple_tables,40 | 39 | 41 | 42,40 | 41,"40.—NEW SOUTH WALES.—MALES OF At the Census of 3rd April, 1911, Classified according to Race, Nationality, (Exclusive of Full- | 41.—NEW SOUTH WALES.—FEMALES OF At the Census of 3rd April, 1911, Classified according to Race, (Exclusive of Full-",,output/diagnostics/flagged_pages/1911_census_volume_ii_part_viii_non_european_races/p0050_role_boundary_multiple_tables_cand_40_39_41_42_match_40_41.png,,
1911_census_volume_ii_part_viii_non_european_races,52,51,boundary_multiple_tables,42 | 41 | 43,41 | 42,41.—NEW SOUTH WALES.—FEMALES OF | 42.—NEW SOUTH WALES.—PERSONS OF,,output/diagnostics/flagged_pages/1911_census_volume_ii_part_viii_non_european_races/p0052_role_boundary_multiple_tables_cand_42_41_43_match_41_42.png,,
1911_census_volume_ii_part_viii_non_european_races,54,53,boundary_multiple_tables,43 | 42 | 44 | 45,43 | 44,"43.—VICTORIA.—MALES OF NON-EUROPEAN RACE enumerated at the Census of 3rd April, 1911, Classified according to Race, Nationality, Length of Residence, Education and Conjugal Condition | 44.—VICTORIA.—FEMALES OF NON-EUROPEAN RACE enumerated at the Census of 3rd April, 1911, Classified according to Race, Nationality, Length of Residence, Education and Conjugal Condition",,output/diagnostics/flagged_pages/1911_census_volume_ii_part_viii_non_european_races/p0054_role_boundary_multiple_tables_cand_43_42_44_45_match_43_44.png,,
1911_census_volume_ii_part_viii_non_european_races,56,55,boundary_multiple_tables,45 | 44 | 46,44 | 45,44.—VICTORIA.—FEMALES OF NON- | 45.—VICTORIA.—PERSONS OF NON-,,output/diagnostics/flagged_pages/1911_census_volume_ii_part_viii_non_european_races/p0056_role_boundary_multiple_tables_cand_45_44_46_match_44_45.png,,
1911_census_volume_ii_part_viii_non_european_races,57,56,non_table,45 | 44 | 46,,,"The page contains tables related to European race, which are not among the candidate tables provided for Non-European races.",output/diagnostics/flagged_pages/1911_census_volume_ii_part_viii_non_european_races/p0057_role_non_table_cand_45_44_46_match_unknown.png,,
1911_census_volume_ii_part_viii_non_european_races,58,57,boundary_multiple_tables,46 | 45 | 47 | 48,46 | 47,"46.—QUEENSLAND.—MALES OF NON-EUROPEAN RACE enumerated at the Census of 3rd April, 1911, Classified according to Race, Nationality, Length of Residence, Education and Conjugal Condition | 47.—QUEENSLAND.—FEMALES OF NON-EUROPEAN RACE enumerated at the Census of 3rd April, 1911, Classified according to Race, Nationality, Length of Residence, Education and Conjugal Condition",,output/diagnostics/flagged_pages/1911_census_volume_ii_part_viii_non_european_races/p0058_role_boundary_multiple_tables_cand_46_45_47_48_match_46_47.png,,
1911_census_volume_ii_part_viii_non_european_races,60,59,boundary_multiple_tables,48 | 47 | 49,47 | 48,"Queensland.—Females of Non-European Race enumerated at the Census of 3rd April, 1911, Classified according to Race, Nationality, Length of Residence, Education and Conjugal Condition | Queensland.—Persons of Non-European Race enumerated at the Census of 3rd April, 1911, Classified according to Race, Nationality, Length of Residence, Education and Conjugal Condition",,output/diagnostics/flagged_pages/1911_census_volume_ii_part_viii_non_european_races/p0060_role_boundary_multiple_tables_cand_48_47_49_match_47_48.png,,
1911_census_volume_ii_part_viii_non_european_races,62,61,boundary_multiple_tables,49 | 48 | 50 | 51,49 | 50,"49.—SOUTH AUSTRALIA.—MALES OF At the Census of 3rd April, 1911, Classified according to Race, (Exclusive of Full- | 50.—SOUTH AUSTRALIA.—FEMALES OF At the Census of 3rd April, 1911, Classified according to Race, (Exclusive of Full-",,output/diagnostics/flagged_pages/1911_census_volume_ii_part_viii_non_european_races/p0062_role_boundary_multiple_tables_cand_49_48_50_51_match_49_50.png,,
1911_census_volume_ii_part_viii_non_european_races,64,63,boundary_multiple_tables,51 | 50 | 52,50 | 51,50.—SOUTH AUSTRALIA.—FEMALES OF | 51.—SOUTH AUSTRALIA.—PERSONS OF,,output/diagnostics/flagged_pages/1911_census_volume_ii_part_viii_non_european_races/p0064_role_boundary_multiple_tables_cand_51_50_52_match_50_51.png,,
1911_census_volume_ii_part_viii_non_european_races,65,64,boundary_multiple_tables,51 | 50 | 52,51 | 52,"South Australia.—Persons of Non-European Race enumerated at the Census of 3rd April, 1911, Classified according to Race, Nationality, Length of Residence, Education and Conjugal Condition | Western Australia.—Males of Non-European Race enumerated at the Census of 3rd April, 1911, Classified according to Race, Nationality, Length of Residence, Education and Conjugal Condition",,output/diagnostics/flagged_pages/1911_census_volume_ii_part_viii_non_european_races/p0065_role_boundary_multiple_tables_cand_51_50_52_match_51_52.png,,
1911_census_volume_ii_part_viii_non_european_races,66,65,boundary_multiple_tables,52 | 51 | 53 | 54,52 | 53,"52.—Western Australia.—Males of Non-European Race enumerated at the Census of 3rd April, 1911, Classified according to Race, Nationality, Length of Residence, Education and Conjugal Condition | 53.—Western Australia.—Females of Non-European Race enumerated at the Census of 3rd April, 1911, Classified according to Race, Nationality, Length of Residence, Education and Conjugal Condition",,output/diagnostics/flagged_pages/1911_census_volume_ii_part_viii_non_european_races/p0066_role_boundary_multiple_tables_cand_52_51_53_54_match_52_53.png,,
1911_census_volume_ii_part_viii_non_european_races,68,67,boundary_multiple_tables,54 | 53 | 55,53 | 54,53.—WESTERN AUSTRALIA.—FEMALES OF | 54.—WESTERN AUSTRALIA.—PERSONS OF,,output/diagnostics/flagged_pages/1911_census_volume_ii_part_viii_non_european_races/p0068_role_boundary_multiple_tables_cand_54_53_55_match_53_54.png,,
1911_census_volume_ii_part_viii_non_european_races,70,69,boundary_multiple_tables,55 | 54 | 56 | 57,55 | 56,"55.—TASMANIA.—MALES OF NON-EUROPEAN RACE enumerated at the Census of 3rd April, 1911, Classified according to Race, Nationality, Length of Residence, Education and Conjugal Condition | 56.—TASMANIA.—FEMALES OF NON-EUROPEAN RACE enumerated at the Census of 3rd April, 1911, Classified according to Race, Nationality, Length of Residence, Education and Conjugal Condition",,output/diagnostics/flagged_pages/1911_census_volume_ii_part_viii_non_european_races/p0070_role_boundary_multiple_tables_cand_55_54_56_57_match_55_56.png,,
1911_census_volume_ii_part_viii_non_european_races,72,71,boundary_multiple_tables,57 | 56 | 58 | 59,57 | 58,"57.—TASMANIA.—PERSONS OF NON-EUROPEAN RACE enumerated at the Census of 3rd April, 1911, Classified according to Race, Nationality, Length of Residence, Education and Conjugal Condition | 58.—NORTHERN TERRITORY.—MALES OF NON-EUROPEAN RACE enumerated at the Census of 3rd April, 1911, Classified according to Race, Nationality, Length of Residence, Education and Conjugal Condition",,output/diagnostics/flagged_pages/1911_census_volume_ii_part_viii_non_european_races/p0072_role_boundary_multiple_tables_cand_57_56_58_59_match_57_58.png,,
1911_census_volume_ii_part_viii_non_european_races,73,72,boundary_multiple_tables,57 | 56 | 58 | 59,58 | 59,"Northern Territory.—Males of Non-European Race enumerated at the Census of 3rd April, 1911, Classified according to Race, Nationality, Length of Residence, Education and Conjugal Condition | Northern Territory.—Females of Non-European Race enumerated at the Census of 3rd April, 1911, Classified according to Race, Nationality, Length of Residence, Education and Conjugal Condition",,output/diagnostics/flagged_pages/1911_census_volume_ii_part_viii_non_european_races/p0073_role_boundary_multiple_tables_cand_57_56_58_59_match_58_59.png,,
1911_census_volume_ii_part_viii_non_european_races,74,73,boundary_multiple_tables,59 | 58 | 60 | 61,59 | 60,"59.—NORTHERN TERRITORY.—FEMALES OF Non-European Race enumerated at the Census of 3rd April, 1911, Classified according to Race, Nationality, Length of Residence, Education and Conjugal Condition | 60.—NORTHERN TERRITORY.—PERSONS OF Non-European Race enumerated at the Census of 3rd April, 1911, Classified according to Race, Nationality, Length of Residence, Education and Conjugal Condition",,output/diagnostics/flagged_pages/1911_census_volume_ii_part_viii_non_european_races/p0074_role_boundary_multiple_tables_cand_59_58_60_61_match_59_60.png,,
1911_census_volume_ii_part_viii_non_european_races,75,74,boundary_multiple_tables,59 | 58 | 60 | 61,59 | 60,"Northern Territory.—Females of Non-European Race enumerated at the Census of 3rd April, 1911, Classified according to Race, Nationality, Length of Residence, Education and Conjugal Condition | Northern Territory.—Persons of Non-European Race enumerated at the Census of 3rd April, 1911, Classified according to Race, Nationality, Length of Residence, Education and Conjugal Condition",,output/diagnostics/flagged_pages/1911_census_volume_ii_part_viii_non_european_races/p0075_role_boundary_multiple_tables_cand_59_58_60_61_match_59_60.png,,
1911_census_volume_ii_part_viii_non_european_races,85,84,boundary_multiple_tables,66 | 65 | 67,65 | 66,"Commonwealth of Australia.—Full-blood Males of Non-European Race enumerated in the several States and Territories at the Census of 3rd April, 1911, Classified according to Birthplace | Commonwealth of Australia.—Half-caste Males of Non-European Race enumerated in the several States and Territories at the Census of 3rd April, 1911, Classified according to Birthplace",,output/diagnostics/flagged_pages/1911_census_volume_ii_part_viii_non_european_races/p0085_role_boundary_multiple_tables_cand_66_65_67_match_65_66.png,,
1911_census_volume_ii_part_viii_non_european_races,86,85,boundary_multiple_tables,67 | 66 | 68,66 | 67,"Commonwealth of Australia.—Half-caste Males of Non-European Race—continued. | Commonwealth of Australia.—Full-blood and Half-caste Males of Non-European Race enumerated in the several States and Territories at the Census of 3rd April, 1911, Classified according to Birthplace",,output/diagnostics/flagged_pages/1911_census_volume_ii_part_viii_non_european_races/p0086_role_boundary_multiple_tables_cand_67_66_68_match_66_67.png,,
1911_census_volume_ii_part_viii_non_european_races,95,94,non_table,74 | 73 | 75,,,"The table on this page appears to be a continuation of a table not listed in the candidate list (likely Table 72 or similar, as it shows Half-caste data for the Commonwealth).",output/diagnostics/flagged_pages/1911_census_volume_ii_part_viii_non_european_races/p0095_role_non_table_cand_74_73_75_match_unknown.png,,
1911_census_volume_ii_part_viii_non_european_races,101,100,non_table,77 | 76 | 78,,,"The page content does not match the provided candidate table titles or numbers. The page appears to be a continuation of a table regarding 'Half-caste' populations, which is not listed in the candidates.",output/diagnostics/flagged_pages/1911_census_volume_ii_part_viii_non_european_races/p0101_role_non_table_cand_77_76_78_match_unknown.png,,
1911_census_volume_ii_part_viii_non_european_races,103,102,non_table,78 | 77 | 79,,,"The page content does not match any of the provided candidate tables (77, 78, 79). It appears to be a table related to 'Half-Caste' populations, which is not in the candidate list.",output/diagnostics/flagged_pages/1911_census_volume_ii_part_viii_non_european_races/p0103_role_non_table_cand_78_77_79_match_unknown.png,,
1911_census_volume_ii_part_viii_non_european_races,105,104,non_table,79 | 78 | 80,,,"The page content does not match any of the provided candidate tables (78, 79, 80). The page appears to be a continuation of a table regarding European/Aboriginal race classification, not the Non-European race tables listed.",output/diagnostics/flagged_pages/1911_census_volume_ii_part_viii_non_european_races/p0105_role_non_table_cand_79_78_80_match_unknown.png,,
1911_census_volume_ii_part_viii_non_european_races,112,111,boundary_multiple_tables,83 | 82 | 84,83 | 84,"83.—Western Australia.—Females of Non-European Race enumerated at the Census of 3rd April, 1911, Classified according to Birthplace and Race | 84.—Tasmania.—Males of Non-European Race enumerated at the Census of 3rd April, 1911, Classified according to Birthplace and Race",,output/diagnostics/flagged_pages/1911_census_volume_ii_part_viii_non_european_races/p0112_role_boundary_multiple_tables_cand_83_82_84_match_83_84.png,,
1911_census_volume_ii_part_viii_non_european_races,113,112,non_table,83 | 82 | 84,,,"The page contains tables related to Aboriginal and half-caste populations, but these do not match the provided candidate table numbers (82, 83, 84) which are specific to Western Australia and Tasmania.",output/diagnostics/flagged_pages/1911_census_volume_ii_part_viii_non_european_races/p0113_role_non_table_cand_83_82_84_match_unknown.png,,
1911_census_volume_ii_part_viii_non_european_races,114,113,boundary_multiple_tables,85 | 84 | 86 | 87,85 | 86,"85.—TASMANIA.—FEMALES OF NON-EUROPEAN RACE enumerated at the Census of 3rd April, 1911, Classified according to Birthplace and Race | 86.—NORTHERN TERRITORY.—MALES OF NON-EUROPEAN RACE enumerated at the Census of 3rd April, 1911, Classified according to Birthplace and Race",,output/diagnostics/flagged_pages/1911_census_volume_ii_part_viii_non_european_races/p0114_role_boundary_multiple_tables_cand_85_84_86_87_match_85_86.png,,
1911_census_volume_ii_part_viii_non_european_races,116,115,boundary_multiple_tables,87 | 86 | 88 | 89,87 | 88,"87.—NORTHERN TERRITORY.—FEMALES OF Non-European Race enumerated at the Census of 3rd April, 1911, Classified according to Birthplace and Race | 88.—FEDERAL CAPITAL TERRITORY.—MALES AND FEMALES of Non-European Race enumerated at the Census of 3rd April, 1911, Classified according to Birthplace and Race",,output/diagnostics/flagged_pages/1911_census_volume_ii_part_viii_non_european_races/p0116_role_boundary_multiple_tables_cand_87_86_88_89_match_87_88.png,,
1911_census_volume_ii_part_viii_non_european_races,117,116,non_table,87 | 86 | 88 | 89,,,"The page contains tables, but they appear to be continuations of tables from previous pages (likely 87 or 88) that are not listed in the candidate list for this specific page index, or they are fragments not matching the provided candidate table numbers.",output/diagnostics/flagged_pages/1911_census_volume_ii_part_viii_non_european_races/p0117_role_non_table_cand_87_86_88_89_match_unknown.png,,
1911_census_volume_ii_part_viii_non_european_races,132,131,boundary_multiple_tables,90 | 89 | 91,89 | 90,"Commonwealth of Australia.—Males of Non-European Race enumerated at the Census of 3rd April, 1911, Classified according to Occupation and Race | Commonwealth of Australia.—Females of Non-European Race enumerated at the Census of 3rd April, 1911, Classified according to Occupation and Race",,output/diagnostics/flagged_pages/1911_census_volume_ii_part_viii_non_european_races/p0132_role_boundary_multiple_tables_cand_90_89_91_match_89_90.png,,
1911_census_volume_ii_part_viii_non_european_races,157,156,non_table,102 | 101 | 103,,,"The page contains a table, but it does not match any of the provided candidate table numbers (101, 102, 103). The table appears to be a continuation of a table for 'Half-caste' individuals, likely related to a previous state or territory.",output/diagnostics/flagged_pages/1911_census_volume_ii_part_viii_non_european_races/p0157_role_non_table_cand_102_101_103_match_unknown.png,,
1911_census_volume_ii_part_viii_non_european_races,176,175,boundary_multiple_tables,112 | 111 | 113 | 114,112 | 113,"Males of Non-European Race enumerated in the Metropolitan Areas of the several States of the Commonwealth at the Census of 3rd April, 1911 | Females of Non-European Race enumerated in the Metropolitan Areas of the several States of the Commonwealth at the Census of 3rd April, 1911",,output/diagnostics/flagged_pages/1911_census_volume_ii_part_viii_non_european_races/p0176_role_boundary_multiple_tables_cand_112_111_113_114_match_112_113.png,,
1911_census_volume_ii_part_viii_non_european_races,177,176,boundary_multiple_tables,114 | 113,113 | 114,"Females of Non-European Race enumerated in the Metropolitan Areas of the several States of the Commonwealth at the Census of 3rd April, 1911 | Persons of Non-European Race enumerated in the Metropolitan Areas of the several States of the Commonwealth at the Census of 3rd April, 1911",,output/diagnostics/flagged_pages/1911_census_volume_ii_part_viii_non_european_races/p0177_role_boundary_multiple_tables_cand_114_113_match_113_114.png,,
1911_census_volume_iii_part_ix_conjugal_condition,3,2,boundary_multiple_tables,1 | 2 | 3,1 | 2,"Persons enumerated in each State and Territory of the Commonwealth of Australia, at the Census of 3rd April, 1911, classified according to Conjugal Condition and Sex | Persons enumerated in the Commonwealth of Australia, at the Censuses of 1881, 1891, 1901, and 1911, classified according to Conjugal Condition and Sex",,output/diagnostics/flagged_pages/1911_census_volume_iii_part_ix_conjugal_condition/p0003_role_boundary_multiple_tables_cand_1_2_3_match_1_2.png,,
1911_census_volume_iii_part_ix_conjugal_condition,17,16,boundary_multiple_tables,10 | 9 | 11,9 | 10,9.—NEW SOUTH WALES.—PERSONS ENUMERATED IN EACH COUNTY—continued. | 10.—VICTORIA.—PERSONS ENUMERATED IN EACH COUNTY,,output/diagnostics/flagged_pages/1911_census_volume_iii_part_ix_conjugal_condition/p0017_role_boundary_multiple_tables_cand_10_9_11_match_9_10.png,,
1911_census_volume_iii_part_ix_conjugal_condition,18,17,boundary_multiple_tables,11 | 10 | 12,10 | 11,10.—VICTORIA.—PERSONS ENUMERATED IN EACH COUNTY—continued. | 11.—QUEENSLAND.—PERSONS ENUMERATED IN EACH CENSUS DISTRICT,,output/diagnostics/flagged_pages/1911_census_volume_iii_part_ix_conjugal_condition/p0018_role_boundary_multiple_tables_cand_11_10_12_match_10_11.png,,
1911_census_volume_iii_part_ix_conjugal_condition,20,19,boundary_multiple_tables,13 | 12 | 14 | 15,13 | 14,"Western Australia.—Persons enumerated in each Statistical District, at the Census of 3rd April, 1911, classified according to Conjugal Condition and Sex | Tasmania.—Persons enumerated in each Municipality at the Census of 3rd April, 1911, classified according to Conjugal Condition and Sex",,output/diagnostics/flagged_pages/1911_census_volume_iii_part_ix_conjugal_condition/p0020_role_boundary_multiple_tables_cand_13_12_14_15_match_13_14.png,,
1911_census_volume_iii_part_ix_conjugal_condition,21,20,boundary_multiple_tables,15 | 14 | 16 | 17,14 | 15 | 16,14.—TASMANIA.—PERSONS ENUMERATED IN EACH MUNICIPALITY--continued. | 15.—NORTHERN TERRITORY.—PERSONS ENUMERATED IN EACH COUNTY | 16.—FEDERAL CAPITAL TERRITORY.—PERSONS ENUMERATED IN EACH DIVISION,,output/diagnostics/flagged_pages/1911_census_volume_iii_part_ix_conjugal_condition/p0021_role_boundary_multiple_tables_cand_15_14_16_17_match_14_15_16.png,,
1911_census_volume_iii_part_ix_conjugal_condition,28,27,non_table,19 | 18,,,The provided page is blank.,output/diagnostics/flagged_pages/1911_census_volume_iii_part_ix_conjugal_condition/p0028_role_non_table_cand_19_18_match_unknown.png,,
1911_census_volume_iii_part_x_families,4,3,boundary_multiple_tables,1 | 2 | 3,1 | 2,"Relative Ages of Husbands and Wives in the Commonwealth of Australia, at the Census of 3rd April, 1911 | Relative Religions of Husbands and Wives in the Commonwealth of Australia, at the Census of 3rd April, 1911",,output/diagnostics/flagged_pages/1911_census_volume_iii_part_x_families/p0004_role_boundary_multiple_tables_cand_1_2_3_match_1_2.png,,
1911_census_volume_iii_part_x_families,5,4,boundary_multiple_tables,1 | 2 | 3,1 | 2,"Relative Ages of Husbands and Wives in the Commonwealth of Australia, at the Census of 3rd April, 1911 | Relative Religions of Husbands and Wives in the Commonwealth of Australia, at the Census of 3rd April, 1911",,output/diagnostics/flagged_pages/1911_census_volume_iii_part_x_families/p0005_role_boundary_multiple_tables_cand_1_2_3_match_1_2.png,,
1911_census_volume_iii_part_x_families,34,33,boundary_multiple_tables,7 | 6 | 8 | 9,7 | 8,"Ages and Issue of Husbands in the Commonwealth of Australia, at the Census of 3rd April, 1911 | Ages and Issue of Wives in the Commonwealth of Australia, at the Census of 3rd April, 1911",,output/diagnostics/flagged_pages/1911_census_volume_iii_part_x_families/p0034_role_boundary_multiple_tables_cand_7_6_8_9_match_7_8.png,,
1911_census_volume_iii_part_x_families,35,34,boundary_multiple_tables,7 | 6 | 8 | 9,7 | 8,"Ages and Issue of Husbands in the Commonwealth of Australia, at the Census of 3rd April, 1911 | Ages and Issue of Wives in the Commonwealth of Australia, at the Census of 3rd April, 1911",,output/diagnostics/flagged_pages/1911_census_volume_iii_part_x_families/p0035_role_boundary_multiple_tables_cand_7_6_8_9_match_7_8.png,,
1911_census_volume_iii_part_x_families,36,35,boundary_multiple_tables,9 | 8 | 10 | 11,9 | 10,"Religions and Issue of Wives in the Commonwealth of Australia, at the Census of 3rd April, 1911 | Birthplaces and Issue of Wives in the Commonwealth of Australia, at the Census of 3rd April, 1911",,output/diagnostics/flagged_pages/1911_census_volume_iii_part_x_families/p0036_role_boundary_multiple_tables_cand_9_8_10_11_match_9_10.png,,
1911_census_volume_iii_part_x_families,37,36,boundary_multiple_tables,9 | 8 | 10 | 11,9 | 10,"Religions and Issue of Wives in the Commonwealth of Australia, at the Census of 3rd April, 1911 | Birthplaces and Issue of Wives in the Commonwealth of Australia, at the Census of 3rd April, 1911",,output/diagnostics/flagged_pages/1911_census_volume_iii_part_x_families/p0037_role_boundary_multiple_tables_cand_9_8_10_11_match_9_10.png,,
1911_census_volume_iii_part_x_families,38,37,boundary_multiple_tables,11 | 10 | 12,10 | 11,10.—BIRTHPLACES AND ISSUE OF WIVES IN | 11.—DURATION OF EXISTING MARRIAGE AND ISSUE,,output/diagnostics/flagged_pages/1911_census_volume_iii_part_x_families/p0038_role_boundary_multiple_tables_cand_11_10_12_match_10_11.png,,
1911_census_volume_iii_part_x_families,60,59,boundary_multiple_tables,17 | 16 | 18,16 | 17,"16.—AVERAGE ISSUE OF WIVES IN THE | 17.—AVERAGE ISSUE OF WIVES IN THE STATES AND At the Census of 3rd April, 1911, Classified",,output/diagnostics/flagged_pages/1911_census_volume_iii_part_x_families/p0060_role_boundary_multiple_tables_cand_17_16_18_match_16_17.png,,
1911_census_volume_iii_part_x_families,82,81,boundary_multiple_tables,18 | 17 | 19 | 20,18 | 19,"18.—AVERAGE ISSUE OF WIVES IN At the Census of 3rd April, 1911, Classified (Exclusive of Full- | 19.—AVERAGE ISSUE OF WIVES IN THE STATES AND At the Census of 3rd April, 1911, Classified (Exclusive of Full-",,output/diagnostics/flagged_pages/1911_census_volume_iii_part_x_families/p0082_role_boundary_multiple_tables_cand_18_17_19_20_match_18_19.png,,
1911_census_volume_iii_part_x_families,83,82,boundary_multiple_tables,18 | 17 | 19 | 20,18 | 19,"Average Issue of Wives in the Commonwealth of Australia, at the Census of 3rd April, 1911, classified according to Duration of Marriage and Age | Average Issue of Wives in the States and Territories of the Commonwealth of Australia, at the Census of 3rd April, 1911, classified according to Duration of Marriage and Age",,output/diagnostics/flagged_pages/1911_census_volume_iii_part_x_families/p0083_role_boundary_multiple_tables_cand_18_17_19_20_match_18_19.png,,
1911_census_volume_iii_part_x_families,104,103,non_table,23 | 22,,,The provided page image is blank.,output/diagnostics/flagged_pages/1911_census_volume_iii_part_x_families/p0104_role_non_table_cand_23_22_match_unknown.png,,
1911_census_volume_iii_part_xi_life_tables,4,3,boundary_multiple_tables,2 | 1 | 3,1 | 2,"1.—COMMONWEALTH.—MALE LIFE TABLE, 1881-90—continued. | 2.—COMMONWEALTH.—FEMALE LIFE TABLE, 1881-90.",,output/diagnostics/flagged_pages/1911_census_volume_iii_part_xi_life_tables/p0004_role_boundary_multiple_tables_cand_2_1_3_match_1_2.png,,
1911_census_volume_iii_part_xi_life_tables,6,5,boundary_multiple_tables,3 | 2 | 4,2 | 3,"2.—COMMONWEALTH.—FEMALE LIFE TABLE, 1881-90.—continued. | 3.—COMMONWEALTH.—MALE LIFE TABLE, 1891-1900.",,output/diagnostics/flagged_pages/1911_census_volume_iii_part_xi_life_tables/p0006_role_boundary_multiple_tables_cand_3_2_4_match_2_3.png,,
1911_census_volume_iii_part_xi_life_tables,9,8,boundary_multiple_tables,5 | 4 | 6,4 | 5,"Commonwealth.—Female Life Table, 1891–1900—continued. | Commonwealth.—Male Life Table, 1901–1910",,output/diagnostics/flagged_pages/1911_census_volume_iii_part_xi_life_tables/p0009_role_boundary_multiple_tables_cand_5_4_6_match_4_5.png,,
1911_census_volume_iii_part_xi_life_tables,11,10,boundary_multiple_tables,6 | 5 | 7,5 | 6,"Commonwealth.—Male Life Table, 1901–1910 | Commonwealth.—Female Life Table, 1901–1910",,output/diagnostics/flagged_pages/1911_census_volume_iii_part_xi_life_tables/p0011_role_boundary_multiple_tables_cand_6_5_7_match_5_6.png,,
1911_census_volume_iii_part_xi_life_tables,14,13,boundary_multiple_tables,8 | 7 | 9,7 | 8,"New South Wales.—Male Life Table, 1881–90—continued. | New South Wales.—Female Life Table, 1881–90.",,output/diagnostics/flagged_pages/1911_census_volume_iii_part_xi_life_tables/p0014_role_boundary_multiple_tables_cand_8_7_9_match_7_8.png,,
1911_census_volume_iii_part_xi_life_tables,16,15,boundary_multiple_tables,9 | 8 | 10,8 | 9,"New South Wales.—Female Life Table, 1881–1890 | New South Wales.—Male Life Table, 1891–1900",,output/diagnostics/flagged_pages/1911_census_volume_iii_part_xi_life_tables/p0016_role_boundary_multiple_tables_cand_9_8_10_match_8_9.png,,
1911_census_volume_iii_part_xi_life_tables,19,18,boundary_multiple_tables,11 | 10 | 12,10 | 11,"New South Wales.—Female Life Table, 1891–1900 | New South Wales.—Male Life Table, 1901–1910",,output/diagnostics/flagged_pages/1911_census_volume_iii_part_xi_life_tables/p0019_role_boundary_multiple_tables_cand_11_10_12_match_10_11.png,,
1911_census_volume_iii_part_xi_life_tables,21,20,boundary_multiple_tables,12 | 11 | 13,11 | 12,"11.—NEW SOUTH WALES.—MALE LIFE TABLE, 1901-10—continued. | 12.—NEW SOUTH WALES.—FEMALE LIFE TABLE, 1901-10.",,output/diagnostics/flagged_pages/1911_census_volume_iii_part_xi_life_tables/p0021_role_boundary_multiple_tables_cand_12_11_13_match_11_12.png,,
1911_census_volume_iii_part_xi_life_tables,24,23,boundary_multiple_tables,14 | 13 | 15,13 | 14,"Victoria.—Male Life Table, 1881–1890 | Victoria.—Female Life Table, 1881–1890",,output/diagnostics/flagged_pages/1911_census_volume_iii_part_xi_life_tables/p0024_role_boundary_multiple_tables_cand_14_13_15_match_13_14.png,,
1911_census_volume_iii_part_xi_life_tables,26,25,boundary_multiple_tables,15 | 14 | 16,14 | 15,"14.—VICTORIA.—FEMALE LIFE TABLE, 1881-90—continued. | 15.—VICTORIA.—MALE LIFE TABLE, 1891-1900.",,output/diagnostics/flagged_pages/1911_census_volume_iii_part_xi_life_tables/p0026_role_boundary_multiple_tables_cand_15_14_16_match_14_15.png,,
1911_census_volume_iii_part_xi_life_tables,29,28,boundary_multiple_tables,17 | 16 | 18,16 | 17,"16.—VICTORIA.—FEMALE LIFE TABLE, 1891–1900—continued. | 17.—VICTORIA.—MALE LIFE TABLE, 1900–10.",,output/diagnostics/flagged_pages/1911_census_volume_iii_part_xi_life_tables/p0029_role_boundary_multiple_tables_cand_17_16_18_match_16_17.png,,
1911_census_volume_iii_part_xi_life_tables,34,33,boundary_multiple_tables,20 | 19 | 21,19 | 20,"19.—QUEENSLAND.—MALE LIFE TABLE, 1881-90—continued. | 20.—QUEENSLAND.—FEMALE LIFE TABLE, 1881-90.",,output/diagnostics/flagged_pages/1911_census_volume_iii_part_xi_life_tables/p0034_role_boundary_multiple_tables_cand_20_19_21_match_19_20.png,,
1911_census_volume_iii_part_xi_life_tables,36,35,boundary_multiple_tables,21 | 20 | 22,20 | 21,"20.—QUEENSLAND.—FEMALE LIFE TABLE, 1881-90—continued. | 21.—QUEENSLAND.—MALE LIFE TABLE, 1891-1900.",,output/diagnostics/flagged_pages/1911_census_volume_iii_part_xi_life_tables/p0036_role_boundary_multiple_tables_cand_21_20_22_match_20_21.png,,
1911_census_volume_iii_part_xi_life_tables,39,38,boundary_multiple_tables,23 | 22 | 24,22 | 23,"22.—QUEENSLAND.—FEMALE LIFE TABLE, 1891-1900—continued. | 23.—QUEENSLAND.—MALE LIFE TABLE, 1901-10.",,output/diagnostics/flagged_pages/1911_census_volume_iii_part_xi_life_tables/p0039_role_boundary_multiple_tables_cand_23_22_24_match_22_23.png,,
1911_census_volume_iii_part_xi_life_tables,41,40,boundary_multiple_tables,24 | 23 | 25,23 | 24,"Queensland.—Male Life Table, 1901–10—continued. | Queensland.—Female Life Table, 1901–1910.",,output/diagnostics/flagged_pages/1911_census_volume_iii_part_xi_life_tables/p0041_role_boundary_multiple_tables_cand_24_23_25_match_23_24.png,,
1911_census_volume_iii_part_xi_life_tables,44,43,boundary_multiple_tables,26 | 25 | 27,25 | 26,"South Australia.—Male Life Table, 1881–1890—continued. | South Australia.—Female Life Table, 1881–90.",,output/diagnostics/flagged_pages/1911_census_volume_iii_part_xi_life_tables/p0044_role_boundary_multiple_tables_cand_26_25_27_match_25_26.png,,
1911_census_volume_iii_part_xi_life_tables,46,45,boundary_multiple_tables,27 | 26 | 28,27,"South Australia.—Male Life Table, 1891–1900",,output/diagnostics/flagged_pages/1911_census_volume_iii_part_xi_life_tables/p0046_role_boundary_multiple_tables_cand_27_26_28_match_27.png,,
1911_census_volume_iii_part_xi_life_tables,49,48,boundary_multiple_tables,29 | 28 | 30,28 | 29,"South Australia.—Female Life Table, 1891–1900 | South Australia.—Male Life Table, 1901–1910",,output/diagnostics/flagged_pages/1911_census_volume_iii_part_xi_life_tables/p0049_role_boundary_multiple_tables_cand_29_28_30_match_28_29.png,,
1911_census_volume_iii_part_xi_life_tables,51,50,boundary_multiple_tables,30 | 29 | 31,29 | 30,"29.—SOUTH AUSTRALIA.—MALE LIFE TABLE, 1901–10—continued. | 30.—SOUTH AUSTRALIA.—FEMALE LIFE TABLE, 1901–10.",,output/diagnostics/flagged_pages/1911_census_volume_iii_part_xi_life_tables/p0051_role_boundary_multiple_tables_cand_30_29_31_match_29_30.png,,
1911_census_volume_iii_part_xi_life_tables,54,53,boundary_multiple_tables,32 | 31 | 33,31 | 32,"Western Australia.—Male Life Table, 1881–90—continued. | Western Australia.—Female Life Table, 1881–90,",,output/diagnostics/flagged_pages/1911_census_volume_iii_part_xi_life_tables/p0054_role_boundary_multiple_tables_cand_32_31_33_match_31_32.png,,
1911_census_volume_iii_part_xi_life_tables,59,58,boundary_multiple_tables,35 | 34 | 36,34 | 35,"34.—WESTERN AUSTRALIA.—FEMALE LIFE TABLE, 1891-1900—continued. | 35.—WESTERN AUSTRALIA.—MALE LIFE TABLE, 1901-10.",,output/diagnostics/flagged_pages/1911_census_volume_iii_part_xi_life_tables/p0059_role_boundary_multiple_tables_cand_35_34_36_match_34_35.png,,
1911_census_volume_iii_part_xi_life_tables,61,60,boundary_multiple_tables,36 | 35 | 37,35 | 36,"35.—WESTERN AUSTRALIA.—MALE LIFE TABLE, 1901-10—continued. | 36.—WESTERN AUSTRALIA.—FEMALE LIFE TABLE, 1901-10.",,output/diagnostics/flagged_pages/1911_census_volume_iii_part_xi_life_tables/p0061_role_boundary_multiple_tables_cand_36_35_37_match_35_36.png,,
1911_census_volume_iii_part_xi_life_tables,64,63,boundary_multiple_tables,38 | 37 | 39,37 | 38,"37.—TASMANIA.—MALE LIFE TABLE, 1881-90—continued. | 38.—TASMANIA.—FEMALE LIFE TABLE, 1881-90.",,output/diagnostics/flagged_pages/1911_census_volume_iii_part_xi_life_tables/p0064_role_boundary_multiple_tables_cand_38_37_39_match_37_38.png,,
1911_census_volume_iii_part_xi_life_tables,66,65,boundary_multiple_tables,39 | 38 | 40,38 | 39,"38.—TASMANIA.—FEMALE LIFE TABLE, 1881-90—continued. | 39.—TASMANIA.—MALE LIFE TABLE, 1891-1900.",,output/diagnostics/flagged_pages/1911_census_volume_iii_part_xi_life_tables/p0066_role_boundary_multiple_tables_cand_39_38_40_match_38_39.png,,
1911_census_volume_iii_part_xi_life_tables,69,68,boundary_multiple_tables,41 | 40 | 42,40 | 41,"Tasmania.—Female Life Table, 1891–1900 | Tasmania.—Male Life Table, 1901–1910",,output/diagnostics/flagged_pages/1911_census_volume_iii_part_xi_life_tables/p0069_role_boundary_multiple_tables_cand_41_40_42_match_40_41.png,,
1911_census_volume_iii_part_xi_life_tables,71,70,boundary_multiple_tables,42 | 41,41 | 42,"41.—TASMANIA.—MALE LIFE TABLE, 1901-10—continued. | 42.—TASMANIA.—FEMALE LIFE TABLE, 1901-10.",,output/diagnostics/flagged_pages/1911_census_volume_iii_part_xi_life_tables/p0071_role_boundary_multiple_tables_cand_42_41_match_41_42.png,,
1911_census_volume_iii_part_xii_occupations,312,311,boundary_multiple_tables,28 | 27 | 29,27 | 28,27.—FEMALE POPULATION OF THE | 28.—MALE POPULATION OF THE,,output/diagnostics/flagged_pages/1911_census_volume_iii_part_xii_occupations/p0312_role_boundary_multiple_tables_cand_28_27_29_match_27_28.png,,
1911_census_volume_iii_part_xii_occupations,363,362,non_table,35 | 34 | 36,,,"The page contains a table body, but it appears to be a continuation of a table not listed in the provided candidate list (likely a sub-table for Northern Territory Aboriginals not explicitly indexed as 34 or 35).",output/diagnostics/flagged_pages/1911_census_volume_iii_part_xii_occupations/p0363_role_non_table_cand_35_34_36_match_unknown.png,,
1911_census_volume_iii_part_xii_occupations,369,368,non_table,37 | 36 | 38,,,"The page content appears to be a continuation of Table 37, but the provided candidate list indicates Table 37 ends on page 368 (PDF page 369). The visual content matches the structure of Table 37, but it is not explicitly listed as a candidate for this page.",output/diagnostics/flagged_pages/1911_census_volume_iii_part_xii_occupations/p0369_role_non_table_cand_37_36_38_match_unknown.png,,
1911_census_volume_iii_part_xii_occupations,411,410,non_table,51 | 50 | 52,,,"The page contains a table, but it does not match the provided candidate table numbers (50, 51, 52). The table on this page appears to be a continuation of a table for Melbourne and Suburbs excluding full-blooded Aboriginals, which is not listed in the candidates.",output/diagnostics/flagged_pages/1911_census_volume_iii_part_xii_occupations/p0411_role_non_table_cand_51_50_52_match_unknown.png,,
1911_census_volume_iii_part_xii_occupations,423,422,non_table,57 | 56 | 58,,,"The page contains a table, but it appears to be a continuation of a table not listed in the candidate list (likely related to the previous page's content, possibly Table 57 or a similar demographic breakdown for Adelaide). The provided candidate tables do not match the content shown.",output/diagnostics/flagged_pages/1911_census_volume_iii_part_xii_occupations/p0423_role_non_table_cand_57_56_58_match_unknown.png,,
1911_census_volume_iii_part_xii_occupations,429,428,non_table,60 | 59 | 61,,"PERTH AND SUBURBS, according to Occupation and Age blooded Aboriginals","The page contains a table for 'blooded Aboriginals' in Perth and Suburbs, which does not match any of the provided candidate table numbers (59, 60, 61).",output/diagnostics/flagged_pages/1911_census_volume_iii_part_xii_occupations/p0429_role_non_table_cand_60_59_61_match_unknown.png,,
1911_census_volume_iii_part_xii_occupations,431,430,non_table,61 | 60 | 62,,,"The page contains a table for Perth and Suburbs, but it does not match the provided candidate table numbers (60, 61, 62) which are for different specific classifications or geographies.",output/diagnostics/flagged_pages/1911_census_volume_iii_part_xii_occupations/p0431_role_non_table_cand_61_60_62_match_unknown.png,,
1911_census_volume_iii_part_xii_occupations,435,434,non_table,63 | 62 | 64,,,"The page contains a table, but it is not one of the candidate tables provided (62, 63, 64). The table on this page appears to be a continuation of a table for Hobart and Suburbs excluding full-blooded Aboriginals, which does not match the provided candidate list.",output/diagnostics/flagged_pages/1911_census_volume_iii_part_xii_occupations/p0435_role_non_table_cand_63_62_64_match_unknown.png,,
1911_census_volume_iii_part_xii_occupations,437,436,non_table,64 | 63 | 65,,,"The page contains a table body, but it appears to be a continuation of Table 64 (Hobart and Suburbs) which was listed as ending on page 436. The content on this page is for Hobart and Suburbs, Females, classified by Occupation and Grade, which is not explicitly listed as a candidate table for this page.",output/diagnostics/flagged_pages/1911_census_volume_iii_part_xii_occupations/p0437_role_non_table_cand_64_63_65_match_unknown.png,,
1911_census_volume_iii_part_xii_occupations,541,540,boundary_multiple_tables,74 | 73 | 75 | 76,74 | 75,74. GRADES OF OCCUPATION IN COUNTIES WITHIN THE STATE OF VICTORIA | 75. GRADES OF OCCUPATION IN CENSUS DISTRICTS WITHIN THE STATE OF QUEENSLAND,,output/diagnostics/flagged_pages/1911_census_volume_iii_part_xii_occupations/p0541_role_boundary_multiple_tables_cand_74_73_75_76_match_74_75.png,,
1911_census_volume_iii_part_xii_occupations,542,541,boundary_multiple_tables,76 | 75 | 77,75 | 76,75.—GRADES OF OCCUPATION IN CENSUS DISTRICTS WITHIN THE STATE OF QUEENSLAND—continued. | 76.—GRADES OF OCCUPATION IN COUNTIES WITHIN THE STATE OF SOUTH AUSTRALIA,,output/diagnostics/flagged_pages/1911_census_volume_iii_part_xii_occupations/p0542_role_boundary_multiple_tables_cand_76_75_77_match_75_76.png,,
1911_census_volume_iii_part_xii_occupations,543,542,boundary_multiple_tables,77 | 76 | 78,76 | 77,76.—GRADES OF OCCUPATION IN COUNTIES WITHIN THE STATE OF SOUTH AUSTRALIA—cont. | 77.—GRADES OF OCCUPATION IN STATISTICAL DISTRICTS WITHIN THE STATE OF WESTERN AUSTRALIA,,output/diagnostics/flagged_pages/1911_census_volume_iii_part_xii_occupations/p0543_role_boundary_multiple_tables_cand_77_76_78_match_76_77.png,,
1911_census_volume_iii_part_xii_occupations,544,543,boundary_multiple_tables,78 | 77 | 79,77 | 78,77.—GRADES OF OCCUPATION IN STATISTICAL DISTRICTS WITHIN THE STATE OF WESTERN AUSTRALIA—continued. | 78.—GRADES OF OCCUPATION IN LOCAL GOVERNMENT AREAS (MUNICIPALITIES) WITHIN THE STATE OF TASMANIA,,output/diagnostics/flagged_pages/1911_census_volume_iii_part_xii_occupations/p0544_role_boundary_multiple_tables_cand_78_77_79_match_77_78.png,,
1911_census_volume_iii_part_xii_occupations,545,544,boundary_multiple_tables,79 | 78 | 80 | 81,79 | 80,79. GRADES OF OCCUPATION IN COUNTIES WITHIN THE NORTHERN TERRITORY | 80. GRADES OF OCCUPATION WITHIN THE FEDERAL CAPITAL TERRITORY,,output/diagnostics/flagged_pages/1911_census_volume_iii_part_xii_occupations/p0545_role_boundary_multiple_tables_cand_79_78_80_81_match_79_80.png,,
1911_census_volume_iii_part_xii_occupations,554,553,boundary_multiple_tables,84 | 83 | 85,84,"Unemployed Persons in the State of Queensland, at the Census of 3rd April, 1911, classified according to Occupation and Period of Unemployment","The page contains the end of table 83 and the start of table 84. Table 83 is not a candidate table for this page index, but it is present.",output/diagnostics/flagged_pages/1911_census_volume_iii_part_xii_occupations/p0554_role_boundary_multiple_tables_cand_84_83_85_match_84.png,,
1911_census_volume_iii_part_xii_occupations,566,565,boundary_multiple_tables,89 | 88 | 90 | 91,89 | 90,89.—UNEMPLOYED MALES IN THE COMMONWEALTH OF AUSTRALIA | 90.—UNEMPLOYED MALES IN THE STATES AND TERRITORIES OF THE COMMONWEALTH OF AUSTRALIA,,output/diagnostics/flagged_pages/1911_census_volume_iii_part_xii_occupations/p0566_role_boundary_multiple_tables_cand_89_88_90_91_match_89_90.png,,
1911_census_volume_iii_part_xii_occupations,568,567,boundary_multiple_tables,91 | 90 | 92,90 | 91,90.—UNEMPLOYED MALES IN THE STATES AND TERRITORIES—continued. | 91.—UNEMPLOYED FEMALES IN THE COMMONWEALTH OF AUSTRALIA,,output/diagnostics/flagged_pages/1911_census_volume_iii_part_xii_occupations/p0568_role_boundary_multiple_tables_cand_91_90_92_match_90_91.png,,
1911_census_volume_iii_part_xiii_dwellings,5,4,boundary_multiple_tables,1 | 2 | 3,1 | 2,"Dwellings Occupied, Unoccupied and Being Built in the several States and Territories of the Commonwealth of Australia, at the Census of 3rd April, 1911 | Metropolitan and Extra-Metropolitan Area, Population, Density, etc., in the several States and Territories of the Commonwealth of Australia, at the Census of 3rd April, 1911",,output/diagnostics/flagged_pages/1911_census_volume_iii_part_xiii_dwellings/p0005_role_boundary_multiple_tables_cand_1_2_3_match_1_2.png,,
1911_census_volume_iii_part_xiii_dwellings,6,5,boundary_multiple_tables,3 | 2 | 4 | 5,3 | 4,"Occupied Dwellings in the several States and Territories of the Commonwealth of Australia, at the Census of 3rd April, 1911, classified according to Nature of Dwelling | Occupied Dwellings in the several States and Territories of the Commonwealth of Australia, at the Census of 3rd April, 1911, classified according to Number of Rooms",,output/diagnostics/flagged_pages/1911_census_volume_iii_part_xiii_dwellings/p0006_role_boundary_multiple_tables_cand_3_2_4_5_match_3_4.png,,
1911_census_volume_iii_part_xiii_dwellings,14,13,boundary_multiple_tables,9 | 8 | 10,8 | 9,"Inmates of Dwellings (classified according to Number of Rooms) in the several States and Territories of the Commonwealth of Australia, at the Census of 3rd April, 1911 | Inmates of Dwellings (classified according to Materials of which outer walls were built) in the several States and Territories of the Commonwealth of Australia, at the Census of 3rd April, 1911",,output/diagnostics/flagged_pages/1911_census_volume_iii_part_xiii_dwellings/p0014_role_boundary_multiple_tables_cand_9_8_10_match_8_9.png,,
1911_census_volume_iii_part_xiii_dwellings,16,15,boundary_multiple_tables,10 | 9 | 11 | 12,10 | 11,"10.—OCCUPIED DWELLINGS IN THE Commonwealth of Australia, at the Census of 3rd April, 1911, classified according to Nature of Dwelling and Number of Rooms | 11.—OCCUPIED DWELLINGS IN THE several States and Territories of the Commonwealth of Australia, at the Census of 3rd April, 1911, classified according to Nature of Dwelling and Number of Rooms",,output/diagnostics/flagged_pages/1911_census_volume_iii_part_xiii_dwellings/p0016_role_boundary_multiple_tables_cand_10_9_11_12_match_10_11.png,,
1911_census_volume_iii_part_xiii_dwellings,17,16,boundary_multiple_tables,10 | 9 | 11 | 12,10 | 11,"Occupied Dwellings in the Commonwealth of Australia, at the Census of 3rd April, 1911, classified according to Nature of Dwelling and Number of Rooms | Occupied Dwellings in the several States and Territories of the Commonwealth of Australia, at the Census of 3rd April, 1911, classified according to Nature of Dwelling and Number of Rooms",,output/diagnostics/flagged_pages/1911_census_volume_iii_part_xiii_dwellings/p0017_role_boundary_multiple_tables_cand_10_9_11_12_match_10_11.png,,
1911_census_volume_iii_part_xiii_dwellings,34,33,boundary_multiple_tables,18 | 17 | 19 | 20,18 | 19,"Occupied Dwellings in the State of Tasmania, at the Census of 3rd April, 1911, classified according to Materials of which outer walls were built and Number of Rooms | Occupied Dwellings in the Northern Territory, at the Census of 3rd April, 1911, classified according to Materials of which outer walls were built and Number of Rooms",,output/diagnostics/flagged_pages/1911_census_volume_iii_part_xiii_dwellings/p0034_role_boundary_multiple_tables_cand_18_17_19_20_match_18_19.png,,
1911_census_volume_iii_part_xiii_dwellings,35,34,boundary_multiple_tables,18 | 17 | 19 | 20,18 | 19,"Occupied Dwellings in the State of Tasmania, at the Census of 3rd April, 1911, classified according to Materials of which outer walls were built and Number of Rooms | Occupied Dwellings in the Northern Territory, at the Census of 3rd April, 1911, classified according to Materials of which outer walls were built and Number of Rooms",,output/diagnostics/flagged_pages/1911_census_volume_iii_part_xiii_dwellings/p0035_role_boundary_multiple_tables_cand_18_17_19_20_match_18_19.png,,
1911_census_volume_iii_part_xiii_dwellings,36,35,boundary_multiple_tables,20 | 19 | 21,19 | 20,"19.—OCCUPIED DWELLINGS IN THE | 20.—OCCUPIED DWELLINGS IN At the Census of 3rd April, 1911, classified according to Materials (Exclusive of Dwellings occupied solely",,output/diagnostics/flagged_pages/1911_census_volume_iii_part_xiii_dwellings/p0036_role_boundary_multiple_tables_cand_20_19_21_match_19_20.png,,
1911_census_volume_iii_part_xiii_dwellings,50,49,boundary_multiple_tables,27 | 26 | 28 | 29,27 | 28,27.—OCCUPIED DWELLINGS IN | 28.—OCCUPIED DWELLINGS IN,,output/diagnostics/flagged_pages/1911_census_volume_iii_part_xiii_dwellings/p0050_role_boundary_multiple_tables_cand_27_26_28_29_match_27_28.png,,
1911_census_volume_iii_part_xiii_dwellings,51,50,boundary_multiple_tables,27 | 26 | 28 | 29,27 | 28,"Occupied Dwellings in the State of Tasmania, at the Census of 3rd April, 1911, classified according to Materials of which outer walls were built and Number of Inmates | Occupied Dwellings in the Northern Territory, at the Census of 3rd April, 1911, classified according to Materials of which outer walls were built and Number of Inmates",,output/diagnostics/flagged_pages/1911_census_volume_iii_part_xiii_dwellings/p0051_role_boundary_multiple_tables_cand_27_26_28_29_match_27_28.png,,
1911_census_volume_iii_part_xiii_dwellings,52,51,boundary_multiple_tables,29 | 28 | 30,28 | 29,"28.—OCCUPIED DWELLINGS IN THE | 29.—OCCUPIED DWELLINGS IN At the Census of 3rd April, 1911, Classified according to Materials (Exclusive of Dwellings occupied",,output/diagnostics/flagged_pages/1911_census_volume_iii_part_xiii_dwellings/p0052_role_boundary_multiple_tables_cand_29_28_30_match_28_29.png,,
1911_census_volume_iii_part_xiii_dwellings,57,56,non_table,31 | 30 | 32,,,"The page contains a table regarding Aboriginals in New South Wales, which is not listed in the provided candidate table numbers.",output/diagnostics/flagged_pages/1911_census_volume_iii_part_xiii_dwellings/p0057_role_non_table_cand_31_30_32_match_unknown.png,,
1911_census_volume_iii_part_xiii_dwellings,100,99,boundary_multiple_tables,46 | 45 | 47 | 48,46 | 47,"46.—OCCUPIED DWELLINGS IN THE NORTHERN TERRITORY, AT THE CENSUS OF 3RD APRIL, 1911, CLASSIFIED ACCORDING TO WEEKLY RENTAL VALUE AND NUMBER OF ROOMS | 47.—OCCUPIED DWELLINGS IN THE FEDERAL TERRITORY, AT THE CENSUS OF 3RD APRIL, 1911, CLASSIFIED ACCORDING TO WEEKLY RENTAL VALUE AND NUMBER OF ROOMS",,output/diagnostics/flagged_pages/1911_census_volume_iii_part_xiii_dwellings/p0100_role_boundary_multiple_tables_cand_46_45_47_48_match_46_47.png,,
1911_census_volume_iii_part_xiii_dwellings,101,100,boundary_multiple_tables,46 | 45 | 47 | 48,46 | 47,"Occupied Dwellings in the Northern Territory, at the Census of 3rd April, 1911, classified according to Weekly Rental Value and Number of Rooms | Occupied Dwellings in the Federal Territory, at the Census of 3rd April, 1911, classified according to Weekly Rental Value and Number of Rooms",,output/diagnostics/flagged_pages/1911_census_volume_iii_part_xiii_dwellings/p0101_role_boundary_multiple_tables_cand_46_45_47_48_match_46_47.png,,
1911_census_volume_iii_part_xiii_dwellings,114,113,boundary_multiple_tables,50 | 49 | 51 | 52,50 | 51,"Dwellings, Occupied, Unoccupied and Being Built in the Metropolitan Areas of the several States of the Commonwealth of Australia, at the Census of 3rd April, 1911 | Occupied Dwellings in the Metropolitan Areas of the several States of the Commonwealth of Australia, at the Census of 3rd April, 1911, classified according to Nature of Dwelling",,output/diagnostics/flagged_pages/1911_census_volume_iii_part_xiii_dwellings/p0114_role_boundary_multiple_tables_cand_50_49_51_52_match_50_51.png,,
1911_census_volume_iii_part_xiii_dwellings,124,123,boundary_multiple_tables,57 | 56 | 58,56 | 57,"Occupied Private Dwellings in the Metropolitan Areas of the several States of the Commonwealth of Australia, at the Census of 3rd April, 1911, classified according to Weekly Rental Value and Method of Occupancy | Inmates of Dwellings (classified according to Number of Rooms) in the Metropolitan Areas of the several States of the Commonwealth of Australia, at the Census of 3rd April, 1911",,output/diagnostics/flagged_pages/1911_census_volume_iii_part_xiii_dwellings/p0124_role_boundary_multiple_tables_cand_57_56_58_match_56_57.png,,
1911_census_volume_iii_part_xiii_dwellings,125,124,boundary_multiple_tables,58 | 57 | 59,57 | 58,"Inmates of Dwellings (classified according to Number of Rooms) in the Metropolitan Areas of the several States of the Commonwealth of Australia, at the Census of 3rd April, 1911 | Inmates of Dwellings (classified according to Materials of which outer walls were built) in the Metropolitan Areas of the several States of the Commonwealth of Australia, at the Census of 3rd April, 1911",,output/diagnostics/flagged_pages/1911_census_volume_iii_part_xiii_dwellings/p0125_role_boundary_multiple_tables_cand_58_57_59_match_57_58.png,,
1911_census_volume_iii_part_xiii_dwellings,126,125,boundary_multiple_tables,59 | 58 | 60 | 61 | 62,59 | 60 | 61,"Average Number of Inmates per Occupied Private Dwelling (classified according to Number of Rooms) in the several States and Territories of the Commonwealth of Australia, at the Census of 3rd April, 1911 | Average Number of Inmates per Room in Occupied Private Dwellings (classified according to Number of Rooms) in the several States and Territories of the Commonwealth of Australia, at the Census of 3rd April, 1911 | Average Weekly Rental Value of Occupied Private Dwellings (classified according to Number of Rooms) in the several States and Territories of the Commonwealth of Australia, at the Census of 3rd April, 1911",,output/diagnostics/flagged_pages/1911_census_volume_iii_part_xiii_dwellings/p0126_role_boundary_multiple_tables_cand_59_58_60_61_62_match_59_60_61.png,,
1911_census_volume_iii_part_xiii_dwellings,127,126,boundary_multiple_tables,59 | 58 | 60 | 61 | 62,60 | 61 | 62,"Average Number of Inmates per Room in Occupied Private Dwellings (classified according to Number of Rooms) in the several States and Territories of the Commonwealth of Australia, at the Census of 3rd April, 1911 | Average Weekly Rental Value of Occupied Private Dwellings (classified according to Number of Rooms) in the several States and Territories of the Commonwealth of Australia, at the Census of 3rd April, 1911 | Average Weekly Rental Value per Room in Occupied Private Dwellings (classified according to Number of Rooms) in the several States and Territories of the Commonwealth of Australia, at the Census of 3rd April, 1911",,output/diagnostics/flagged_pages/1911_census_volume_iii_part_xiii_dwellings/p0127_role_boundary_multiple_tables_cand_59_58_60_61_62_match_60_61_62.png,,
1911_census_volume_iii_part_xiii_dwellings,128,127,boundary_multiple_tables,62 | 61 | 63 | 64,62 | 63,62—AVERAGE WEEKLY RENTAL VALUE PER ROOM IN OCCUPIED PRIVATE DWELLINGS | 63.—AVERAGE WEEKLY RENTAL VALUE PER INMATE IN OCCUPIED PRIVATE,,output/diagnostics/flagged_pages/1911_census_volume_iii_part_xiii_dwellings/p0128_role_boundary_multiple_tables_cand_62_61_63_64_match_62_63.png,,
1911_census_volume_iii_part_xiii_dwellings,129,128,boundary_multiple_tables,62 | 61 | 63 | 64,62 | 63,"Average Weekly Rental Value per Room in Occupied Private Dwellings (classified according to Number of Rooms) in the several States and Territories of the Commonwealth of Australia, at the Census of 3rd April, 1911 | Average Weekly Rental Value per Inmate in Occupied Private Dwellings (classified according to Number of Rooms) in the several States and Territories of the Commonwealth of Australia, at the Census of 3rd April, 1911",,output/diagnostics/flagged_pages/1911_census_volume_iii_part_xiii_dwellings/p0129_role_boundary_multiple_tables_cand_62_61_63_64_match_62_63.png,,
1911_census_volume_iii_part_xiii_dwellings,178,177,boundary_multiple_tables,67 | 66 | 68,66 | 67,"Average Weekly Rental Value of Private Dwellings in each County, etc., of the several States and Territories of the Commonwealth of Australia, at the Census of 3rd April, 1911, classified according to Number of Rooms | Area, Population, Density, Occupied Dwellings and Rental Values in each County, etc., of the several States and Territories of the Commonwealth of Australia, at the Census of 3rd April, 1911",,output/diagnostics/flagged_pages/1911_census_volume_iii_part_xiii_dwellings/p0178_role_boundary_multiple_tables_cand_67_66_68_match_66_67.png,,
1911_census_volume_iii_part_xiii_dwellings,186,185,continues,68 | 67,,"Area, Population, Density, Occupied Dwellings, etc., in each Local Government Area of the several States of the Commonwealth of Australia, at the Census of 3rd April, 1911","The page header indicates Table 69, but the candidate list provided only includes Table 68 as the final table. The content matches the topic of Table 68.",output/diagnostics/flagged_pages/1911_census_volume_iii_part_xiii_dwellings/p0186_role_continues_cand_68_67_match_unknown.png,,
1911_census_volume_iii_part_xiii_dwellings,200,199,non_table,68 | 67,,,The provided page is blank.,output/diagnostics/flagged_pages/1911_census_volume_iii_part_xiii_dwellings/p0200_role_non_table_cand_68_67_match_unknown.png,,
1911_census_volume_iii_part_xiv_summary,6,5,boundary_multiple_tables,1 | 2 | 3 | 4,1 | 2 | 3,"Population of States and Territories | Full-blooded Aboriginals enumerated in States and Territories | Comparison of Population, 1881, 1891, 1901 and 1911",,output/diagnostics/flagged_pages/1911_census_volume_iii_part_xiv_summary/p0006_role_boundary_multiple_tables_cand_1_2_3_4_match_1_2_3.png,,
1911_census_volume_iii_part_xiv_summary,7,6,boundary_multiple_tables,4 | 3 | 5,3 | 4,"Comparison of Population, 1881, 1891, 1901 and 1911 | Increase of Population, 1881-1891, 1891-1901, and 1901-1911",,output/diagnostics/flagged_pages/1911_census_volume_iii_part_xiv_summary/p0007_role_boundary_multiple_tables_cand_4_3_5_match_3_4.png,,
1911_census_volume_iii_part_xiv_summary,8,7,boundary_multiple_tables,5 | 4 | 6,4 | 5,"4.—INCREASE OF POPULATION IN THE SEVERAL STATES AND TERRITORIES—continued. | 5.—ADJUSTED POPULATION OF THE SEVERAL STATES AND THE NORTHERN TERRITORY,",,output/diagnostics/flagged_pages/1911_census_volume_iii_part_xiv_summary/p0008_role_boundary_multiple_tables_cand_5_4_6_match_4_5.png,,
1911_census_volume_iii_part_xiv_summary,40,39,boundary_multiple_tables,32 | 31 | 33,31 | 32,Population of the Commonwealth in Age Groups | Metropolitan and Extra-Metropolitan Population of New South Wales,,output/diagnostics/flagged_pages/1911_census_volume_iii_part_xiv_summary/p0040_role_boundary_multiple_tables_cand_32_31_33_match_31_32.png,,
1911_census_volume_iii_part_xiv_summary,42,41,boundary_multiple_tables,34 | 33 | 35 | 36,34 | 35,Metropolitan and Extra-Metropolitan Population of Queensland | Metropolitan and Extra-Metropolitan Population of South Australia,,output/diagnostics/flagged_pages/1911_census_volume_iii_part_xiv_summary/p0042_role_boundary_multiple_tables_cand_34_33_35_36_match_34_35.png,,
1911_census_volume_iii_part_xiv_summary,43,42,boundary_multiple_tables,36 | 35 | 37 | 38,36 | 37,Metropolitan and Extra-Metropolitan Population of Western Australia | Metropolitan and Extra-Metropolitan Population of Tasmania,,output/diagnostics/flagged_pages/1911_census_volume_iii_part_xiv_summary/p0043_role_boundary_multiple_tables_cand_36_35_37_38_match_36_37.png,,
1911_census_volume_iii_part_xiv_summary,45,44,boundary_multiple_tables,39 | 38 | 40 | 41,39 | 40,"Population of the Commonwealth, in Age Groups | Population of the State of New South Wales, in Age Groups",,output/diagnostics/flagged_pages/1911_census_volume_iii_part_xiv_summary/p0045_role_boundary_multiple_tables_cand_39_38_40_41_match_39_40.png,,
1911_census_volume_iii_part_xiv_summary,46,45,boundary_multiple_tables,41 | 40 | 42 | 43,41 | 42,41.—POPULATION OF THE STATE OF VICTORIA | 42.—POPULATION OF THE STATE OF QUEENSLAND,,output/diagnostics/flagged_pages/1911_census_volume_iii_part_xiv_summary/p0046_role_boundary_multiple_tables_cand_41_40_42_43_match_41_42.png,,
1911_census_volume_iii_part_xiv_summary,47,46,boundary_multiple_tables,43 | 42 | 44 | 45,43 | 44,43.—POPULATION OF THE STATE OF SOUTH AUSTRALIA | 44.—POPULATION OF THE STATE OF WESTERN AUSTRALIA,,output/diagnostics/flagged_pages/1911_census_volume_iii_part_xiv_summary/p0047_role_boundary_multiple_tables_cand_43_42_44_45_match_43_44.png,,
1911_census_volume_iii_part_xiv_summary,48,47,boundary_multiple_tables,45 | 44 | 46 | 47,45 | 46,45.—POPULATION OF THE STATE OF TASMANIA | 46.—POPULATION OF THE NORTHERN TERRITORY,,output/diagnostics/flagged_pages/1911_census_volume_iii_part_xiv_summary/p0048_role_boundary_multiple_tables_cand_45_44_46_47_match_45_46.png,,
1911_census_volume_iii_part_xiv_summary,65,64,boundary_multiple_tables,62 | 61 | 63 | 64,62 | 63,Comparative Statement of Population at the Censuses of 1901 and 1911 | Metropolitan and Extra-Metropolitan Population in States of-,,output/diagnostics/flagged_pages/1911_census_volume_iii_part_xiv_summary/p0065_role_boundary_multiple_tables_cand_62_61_63_64_match_62_63.png,,
1911_census_volume_iii_part_xiv_summary,76,75,boundary_multiple_tables,69 | 68 | 70,68 | 69,68.—BIRTHPLACES OF DEAF MUTES RECORDED IN THE SEVERAL STATES—continued. | 69.—CONJUGAL CONDITION OF BLIND PERSONS IN THE SEVERAL STATES OF THE COMMONWEALTH OF AUSTRALIA,,output/diagnostics/flagged_pages/1911_census_volume_iii_part_xiv_summary/p0076_role_boundary_multiple_tables_cand_69_68_70_match_68_69.png,,
1911_census_volume_iii_part_xiv_summary,77,76,boundary_multiple_tables,70 | 69 | 71,69 | 70,69.—CONJUGAL CONDITION OF BLIND PERSONS IN THE SEVERAL STATES—continued. | 70.—CONJUGAL CONDITION OF DEAF MUTE PERSONS IN THE SEVERAL STATES OF THE COMMONWEALTH OF AUSTRALIA,,output/diagnostics/flagged_pages/1911_census_volume_iii_part_xiv_summary/p0077_role_boundary_multiple_tables_cand_70_69_71_match_69_70.png,,
1911_census_volume_iii_part_xiv_summary,78,77,boundary_multiple_tables,71 | 70 | 72 | 73,71 | 72,71.—NUMBER OF PERSONS OF NON-EUROPEAN RACE IN THE COMMONWEALTH OF AUSTRALIA | 72.—NUMBER OF PERSONS OF NON-EUROPEAN RACE IN THE COMMONWEALTH OF AUSTRALIA,,output/diagnostics/flagged_pages/1911_census_volume_iii_part_xiv_summary/p0078_role_boundary_multiple_tables_cand_71_70_72_73_match_71_72.png,,
1911_census_volume_iii_part_xiv_summary,80,79,boundary_multiple_tables,74 | 73 | 75 | 76,74 | 75,"Chinese in Australia, Censuses 1891, 1901 and 1911 | Japanese, Hindus and Cingalese, and Polynesians in Australia, Censuses 1901 and 1911",,output/diagnostics/flagged_pages/1911_census_volume_iii_part_xiv_summary/p0080_role_boundary_multiple_tables_cand_74_73_75_76_match_74_75.png,,
1911_census_volume_iii_part_xiv_summary,81,80,boundary_multiple_tables,76 | 75 | 77 | 78,76 | 77,Population of the Several States and Territories of the Commonwealth of Australia | Comparative Statement of the Population of the Commonwealth of Australia,,output/diagnostics/flagged_pages/1911_census_volume_iii_part_xiv_summary/p0081_role_boundary_multiple_tables_cand_76_75_77_78_match_76_77.png,,
1911_census_volume_iii_part_xiv_summary,82,81,boundary_multiple_tables,78 | 77 | 79 | 80,78 | 79,"Population of the Commonwealth, in Age Groups | Population of States and Territories, in Age Groups-",,output/diagnostics/flagged_pages/1911_census_volume_iii_part_xiv_summary/p0082_role_boundary_multiple_tables_cand_78_77_79_80_match_78_79.png,,
1911_census_volume_iii_part_xiv_summary,86,85,boundary_multiple_tables,80 | 79 | 81,79 | 80,"79.—POPULATION OF THE SEVERAL STATES AND TERRITORIES OF THE COMMONWEALTH OF AUSTRALIA, CLASSIFIED ACCORDING TO CONJUGAL CONDITION, SEX AND AGE—continued. | 80.—POPULATION OF METROPOLITAN AREAS IN THE SEVERAL STATES OF THE COMMONWEALTH OF AUSTRALIA",,output/diagnostics/flagged_pages/1911_census_volume_iii_part_xiv_summary/p0086_role_boundary_multiple_tables_cand_80_79_81_match_79_80.png,,
1911_census_volume_iii_part_xiv_summary,90,89,boundary_multiple_tables,81 | 80 | 82 | 83,81 | 82,Relative Ages of Husbands and Wives | Relative Religions of Husbands and Wives,,output/diagnostics/flagged_pages/1911_census_volume_iii_part_xiv_summary/p0090_role_boundary_multiple_tables_cand_81_80_82_83_match_81_82.png,,
1911_census_volume_iii_part_xiv_summary,91,90,boundary_multiple_tables,81 | 80 | 82 | 83,81 | 82,Relative Ages of Husbands and Wives | Relative Religions of Husbands and Wives,,output/diagnostics/flagged_pages/1911_census_volume_iii_part_xiv_summary/p0091_role_boundary_multiple_tables_cand_81_80_82_83_match_81_82.png,,
1911_census_volume_iii_part_xiv_summary,96,95,boundary_multiple_tables,84 | 83 | 85 | 86,84 | 85,Ages and Issue of Husbands | Ages and Issue of Wives,,output/diagnostics/flagged_pages/1911_census_volume_iii_part_xiv_summary/p0096_role_boundary_multiple_tables_cand_84_83_85_86_match_84_85.png,,
1911_census_volume_iii_part_xiv_summary,97,96,boundary_multiple_tables,84 | 83 | 85 | 86,84 | 85,Ages and Issue of Husbands | Ages and Issue of Wives,,output/diagnostics/flagged_pages/1911_census_volume_iii_part_xiv_summary/p0097_role_boundary_multiple_tables_cand_84_83_85_86_match_84_85.png,,
1911_census_volume_iii_part_xiv_summary,102,101,boundary_multiple_tables,89 | 88 | 90,88 | 89,"88. COMMONWEALTH ANNUAL RATES OF MORTALITY FOR EACH AGE AND SEX—continued. | 89. NUMBERS WHO SURVIVE EACH AGE OUT OF 100,000 OF EACH SEX AT BIRTH, ACCORDING TO THE COMMONWEALTH MORTALITY EXPERIENCE FOR EACH OF THE DECENNIA 1881-90, 1891-1900 AND 1901-10.",,output/diagnostics/flagged_pages/1911_census_volume_iii_part_xiv_summary/p0102_role_boundary_multiple_tables_cand_89_88_90_match_88_89.png,,
1911_census_volume_iii_part_xiv_summary,104,103,boundary_multiple_tables,90 | 89 | 91,89 | 90,"89.—NUMBERS WHO SURVIVE EACH AGE OUT OF 100,000 OF EACH SEX AT BIRTH—continued. | 90.—COMMONWEALTH EXPECTATION OF LIFE AT EACH AGE IN EACH SEX ACCORDING TO THE COMMONWEALTH MORTALITY EXPERIENCE FOR EACH OF THE DECENNIA 1881-90, 1891-1900, AND 1901-10.",,output/diagnostics/flagged_pages/1911_census_volume_iii_part_xiv_summary/p0104_role_boundary_multiple_tables_cand_90_89_91_match_89_90.png,,
1911_census_volume_iii_part_xiv_summary,107,106,boundary_multiple_tables,92 | 91 | 93,91 | 92,91. MALE RATES OF MORTALITY IN THE COMMONWEALTH AND STATES—continued. | 92. FEMALE RATES OF MORTALITY IN THE COMMONWEALTH AND ITS COMPONENT STATES AT EACH AGE FOR THE DECENNIUM 1881-90.,,output/diagnostics/flagged_pages/1911_census_volume_iii_part_xiv_summary/p0107_role_boundary_multiple_tables_cand_92_91_93_match_91_92.png,,
1911_census_volume_iii_part_xiv_summary,109,108,boundary_multiple_tables,93 | 92 | 94,92 | 93,Female Rates of Mortality in the Commonwealth and States | Male Rates of Mortality in the Commonwealth and its Component States at each Age for the Decennium 1891-1900,,output/diagnostics/flagged_pages/1911_census_volume_iii_part_xiv_summary/p0109_role_boundary_multiple_tables_cand_93_92_94_match_92_93.png,,
1911_census_volume_iii_part_xiv_summary,112,111,boundary_multiple_tables,95 | 94 | 96,94 | 95,94.—FEMALE RATES OF MORTALITY IN THE COMMONWEALTH AND STATES—continued. | 95—MALE RATES OF MORTALITY IN THE COMMONWEALTH AND ITS COMPONENT STATES AT EACH AGE FOR THE DECENNIUM 1901-10.,,output/diagnostics/flagged_pages/1911_census_volume_iii_part_xiv_summary/p0112_role_boundary_multiple_tables_cand_95_94_96_match_94_95.png,,
1911_census_volume_iii_part_xiv_summary,114,113,boundary_multiple_tables,96 | 95 | 97,95 | 96,95.-MALE RATES OF MORTALITY IN THE COMMONWEALTH AND STATES.-continued. | 96.-FEMALE RATES OF MORTALITY IN THE COMMONWEALTH AND ITS COMPONENT STATES AT EACH AGE FOR THE DECENNIUM 1901-10.,,output/diagnostics/flagged_pages/1911_census_volume_iii_part_xiv_summary/p0114_role_boundary_multiple_tables_cand_96_95_97_match_95_96.png,,
1911_census_volume_iii_part_xiv_summary,117,116,boundary_multiple_tables,98 | 97 | 99,98,"97.- NUMBER OF MALES WHO SURVIVE EACH AGE OUT OF 100,000 AT BIRTH-continued. | 98.- NUMBER OF FEMALES WHO SURVIVE EACH AGE OUT OF 100,000 AT BIRTH, ACCORDING TO THE MORTALITY EXPERIENCE OF THE COMMONWEALTH AND ITS COMPONENT STATES FOR THE DECENNIUM 1881-90.","Table 97 is present as a continuation from the previous page, but only Table 98 was requested as a candidate for this page range. I have included 98 as the primary match.",output/diagnostics/flagged_pages/1911_census_volume_iii_part_xiv_summary/p0117_role_boundary_multiple_tables_cand_98_97_99_match_98.png,,
1911_census_volume_iii_part_xiv_summary,119,118,boundary_multiple_tables,99 | 98 | 100,98 | 99,"98.—NUMBER OF FEMALES WHO SURVIVE EACH AGE OUT OF 100,000 AT BIRTH—continued. | 99.—NUMBER OF MALES WHO SURVIVE EACH AGE OUT OF 100,000 AT BIRTH, ACCORDING TO THE MORTALITY EXPERIENCE OF THE COMMONWEALTH AND ITS COMPONENT STATES FOR THE DECENNIUM 1891-1900.",,output/diagnostics/flagged_pages/1911_census_volume_iii_part_xiv_summary/p0119_role_boundary_multiple_tables_cand_99_98_100_match_98_99.png,,
1911_census_volume_iii_part_xiv_summary,122,121,boundary_multiple_tables,101 | 100 | 102,100 | 101,"100.--NUMBER OF FEMALES WHO SURVIVE EACH AGE OUT OF 100,000 AT BIRTH--continued. | 101.--NUMBER OF MALES WHO SURVIVE EACH AGE OUT OF 100,000 AT BIRTH, ACCORDING TO THE MORTALITY EXPERIENCE OF THE COMMONWEALTH AND ITS COMPONENT STATES FOR THE DECENNIUM 1901-1910.",,output/diagnostics/flagged_pages/1911_census_volume_iii_part_xiv_summary/p0122_role_boundary_multiple_tables_cand_101_100_102_match_100_101.png,,
1911_census_volume_iii_part_xiv_summary,124,123,boundary_multiple_tables,102 | 101 | 103,101 | 102,"Number of Males who Survive each Age out of 100,000 at Birth | Females who Survive each Age out of 100,000 at Birth, 1901-1910",,output/diagnostics/flagged_pages/1911_census_volume_iii_part_xiv_summary/p0124_role_boundary_multiple_tables_cand_102_101_103_match_101_102.png,,
1911_census_volume_iii_part_xiv_summary,127,126,boundary_multiple_tables,104 | 103 | 105,103 | 104,103.-MALE EXPECTATION OF LIFE AT EACH AGE-continued. | 104.-FEMALE EXPECTATION OF LIFE AT EACH AGE ACCORDING TO THE MORTALITY EXPERIENCE OF THE COMMONWEALTH AND ITS COMPONENT STATES FOR THE DECENNIUM 1881-90.,,output/diagnostics/flagged_pages/1911_census_volume_iii_part_xiv_summary/p0127_role_boundary_multiple_tables_cand_104_103_105_match_103_104.png,,
1911_census_volume_iii_part_xiv_summary,129,128,boundary_multiple_tables,105 | 104 | 106,104 | 105,"Female Expectation of Life at each Age, 1881-1890 | Male Expectation of Life at each Age, 1891-1900",,output/diagnostics/flagged_pages/1911_census_volume_iii_part_xiv_summary/p0129_role_boundary_multiple_tables_cand_105_104_106_match_104_105.png,,
1911_census_volume_iii_part_xiv_summary,132,131,boundary_multiple_tables,107 | 106 | 108,107,106.-FEMALE EXPECTATION OF LIFE AT EACH AGE-continued. | 107.-MALE EXPECTATION OF LIFE AT EACH AGE ACCORDING TO THE MORTALITY EXPERIENCE OF THE COMMONWEALTH AND ITS COMPONENT STATES FOR THE DECENNIUM 1901-10.,"Table 106 is present but not in the candidate list for this page, so only 107 is matched.",output/diagnostics/flagged_pages/1911_census_volume_iii_part_xiv_summary/p0132_role_boundary_multiple_tables_cand_107_106_108_match_107.png,,
1911_census_volume_iii_part_xiv_summary,134,133,boundary_multiple_tables,108 | 107 | 109,107 | 108,107.—MALE EXPECTATION OF LIFE AT EACH AGE—continued. | 108.—FEMALE EXPECTATION OF LIFE AT EACH AGE ACCORDING TO THE MORTALITY EXPERIENCE OF THE COMMONWEALTH AND ITS COMPONENT STATES FOR THE DECENNIUM 1901–10.,,output/diagnostics/flagged_pages/1911_census_volume_iii_part_xiv_summary/p0134_role_boundary_multiple_tables_cand_108_107_109_match_107_108.png,,
1911_census_volume_iii_part_xiv_summary,141,140,non_table,111 | 110 | 112,,,"The page contains a table, but it does not match the provided candidate table numbers (110, 111, 112). The table appears to be a continuation of a table regarding Age and Occupation, not the tables listed in the candidates.",output/diagnostics/flagged_pages/1911_census_volume_iii_part_xiv_summary/p0141_role_non_table_cand_111_110_112_match_unknown.png,,
1911_census_volume_iii_part_xiv_summary,172,171,boundary_multiple_tables,142 | 141 | 143 | 144,142 | 143,Nature of Dwellings and Number of Rooms | Materials and Number of Rooms-Private Dwellings,,output/diagnostics/flagged_pages/1911_census_volume_iii_part_xiv_summary/p0172_role_boundary_multiple_tables_cand_142_141_143_144_match_142_143.png,,
1911_census_volume_iii_part_xiv_summary,174,173,boundary_multiple_tables,144 | 143 | 145 | 146,144 | 145,Materials and Number of Rooms-Dwellings other than Private | Materials and Number of Rooms-All Dwellings,,output/diagnostics/flagged_pages/1911_census_volume_iii_part_xiv_summary/p0174_role_boundary_multiple_tables_cand_144_143_145_146_match_144_145.png,,
1911_census_volume_iii_part_xiv_summary,175,174,boundary_multiple_tables,144 | 143 | 145 | 146,144 | 145,Materials and Number of Rooms-Dwellings other than Private | Materials and Number of Rooms-All Dwellings,,output/diagnostics/flagged_pages/1911_census_volume_iii_part_xiv_summary/p0175_role_boundary_multiple_tables_cand_144_143_145_146_match_144_145.png,,
1911_census_volume_iii_part_xiv_summary,176,175,boundary_multiple_tables,146 | 145 | 147 | 148,146 | 147,146.—OCCUPIED DWELLINGS IN THE SEVERAL STATES AND TERRITORIES OF THE COMMONWEALTH OF AUSTRALIA | 147.—OCCUPIED PRIVATE DWELLINGS IN THE SEVERAL STATES AND TERRITORIES OF THE COMMONWEALTH OF AUSTRALIA,,output/diagnostics/flagged_pages/1911_census_volume_iii_part_xiv_summary/p0176_role_boundary_multiple_tables_cand_146_145_147_148_match_146_147.png,,
1911_census_volume_iii_part_xiv_summary,177,176,boundary_multiple_tables,148 | 147 | 149 | 150,148 | 149,148.-OCCUPIED DWELLINGS OTHER THAN PRIVATE DWELLINGS IN THE SEVERAL STATES AND TERRITORIES OF THE COMMONWEALTH OF AUSTRALIA | 149.-ALL OCCUPIED DWELLINGS IN THE SEVERAL STATES AND TERRITORIES OF THE COMMONWEALTH OF AUSTRALIA,,output/diagnostics/flagged_pages/1911_census_volume_iii_part_xiv_summary/p0177_role_boundary_multiple_tables_cand_148_147_149_150_match_148_149.png,,
1911_census_volume_iii_part_xiv_summary,180,179,boundary_multiple_tables,151 | 150 | 152 | 153 | 154,151 | 152 | 153,"151. OCCUPIED PRIVATE DWELLINGS IN THE At the Census of 3rd April, 1911, Classified according to Materials | 152. OCCUPIED DWELLINGS (OTHER THAN PRIVATE DWELLINGS) At the Census of 3rd April, 1911, Classified according to Materials | 153. ALL OCCUPIED DWELLINGS WITHIN THE At the Census of 3rd April, 1911, Classified according to Materials",,output/diagnostics/flagged_pages/1911_census_volume_iii_part_xiv_summary/p0180_role_boundary_multiple_tables_cand_151_150_152_153_154_match_151_152_153.png,,
1911_census_volume_iii_part_xiv_summary,181,180,boundary_multiple_tables,151 | 150 | 152 | 153 | 154,151 | 152 | 153,"Materials, and Number of Inmates-Private Dwellings | Materials, and Number of Inmates-Dwellings other than Private | Materials, and Number of Inmates-All Dwellings",,output/diagnostics/flagged_pages/1911_census_volume_iii_part_xiv_summary/p0181_role_boundary_multiple_tables_cand_151_150_152_153_154_match_151_152_153.png,,
1911_census_volume_iii_part_xiv_summary,183,182,boundary_multiple_tables,155 | 154 | 156 | 157 | 158,155 | 156 | 157,155. INMATES OF PRIVATE DWELLINGS (CLASSIFIED ACCORDING TO MATERIALS OF WHICH OUTER WALLS WERE BUILT) IN THE SEVERAL STATES AND TERRITORIES OF THE COMMONWEALTH OF AUSTRALIA | 156. INMATES OF DWELLINGS (OTHER THAN PRIVATE DWELLINGS AND CLASSIFIED ACCORDING TO MATERIALS OF WHICH OUTER WALLS WERE BUILT) IN THE SEVERAL STATES AND TERRITORIES OF THE COMMONWEALTH OF AUSTRALIA | 157. INMATES OF ALL DWELLINGS (CLASSIFIED ACCORDING TO MATERIALS OF WHICH OUTER WALLS WERE BUILT) IN THE SEVERAL STATES AND TERRITORIES OF THE COMMONWEALTH OF AUSTRALIA,,output/diagnostics/flagged_pages/1911_census_volume_iii_part_xiv_summary/p0183_role_boundary_multiple_tables_cand_155_154_156_157_158_match_155_156_157.png,,
1911_census_volume_iii_part_xiv_summary,184,183,boundary_multiple_tables,158 | 157 | 159 | 160,158 | 159,Number of Rooms and Number of Inmates-Private Dwellings | Number of Rooms and Number of Inmates-Dwellings other than Private,,output/diagnostics/flagged_pages/1911_census_volume_iii_part_xiv_summary/p0184_role_boundary_multiple_tables_cand_158_157_159_160_match_158_159.png,,
1911_census_volume_iii_part_xiv_summary,186,185,boundary_multiple_tables,160 | 159 | 161 | 162,160 | 161,160. ALL OCCUPIED DWELLINGS IN | 161. INMATES OF PRIVATE DWELLINGS (CLASSIFIED ACCORDING TO NUMBER OF ROOMS) IN THE SEVERAL STATES AND TERRITORIES OF THE COMMONWEALTH OF AUSTRALIA,,output/diagnostics/flagged_pages/1911_census_volume_iii_part_xiv_summary/p0186_role_boundary_multiple_tables_cand_160_159_161_162_match_160_161.png,,
1911_census_volume_iii_part_xiv_summary,201,200,boundary_multiple_tables,166 | 165 | 167 | 168,165 | 166 | 167,165.—POPULATION OF LOCAL GOVERNMENT AREAS IN THE SEVERAL STATES—continued. VII.—NORTHERN TERRITORY (DISTRICT COUNCIL). | 166.—POPULATION OF CENSUS DISTRICTS IN QUEENSLAND | 167.—POPULATION OF STATISTICAL DISTRICTS IN WESTERN AUSTRALIA,,output/diagnostics/flagged_pages/1911_census_volume_iii_part_xiv_summary/p0201_role_boundary_multiple_tables_cand_166_165_167_168_match_165_166_167.png,,
