doc_id,pdf_page,source,source_file,source_row,decision,accepted,before_table_numbers,proposed_table_numbers,after_table_numbers,evidence,updated_at,confirmation_source
1911_census_volume_ii_part_i_ages,1,qa_flash_lite,data/intermediate/page_inventory/abs_1911_flagged_page_qa.csv,2,non_table_confirmed,True,,,,"This is a title page for the census volume, not a data table.",,
1911_census_volume_ii_part_i_ages,2,qa_flash_lite,data/intermediate/page_inventory/abs_1911_flagged_page_qa.csv,3,non_table_confirmed,True,,,,The page is blank.,,
1911_census_volume_ii_part_i_ages,3,qa_flash_lite,data/intermediate/page_inventory/abs_1911_flagged_page_qa.csv,4,contents_or_index_confirmed,True,,,,This page is a table of contents for the volume. No data tables are present.,,
1911_census_volume_ii_part_i_ages,4,qa_flash_lite,data/intermediate/page_inventory/abs_1911_flagged_page_qa.csv,5,contents_or_index_confirmed,True,,,,This page is a table of contents for the volume. No data tables are present.,,
1911_census_volume_ii_part_i_ages,6,qa_flash_lite,data/intermediate/page_inventory/abs_1911_flagged_page_qa.csv,6,boundary_confirmed,True,1 | 2,1 | 2,1 | 2,Page contains the continuation of Table 1 and the start of Table 2.,,
1911_census_volume_ii_part_i_ages,8,qa_flash_lite,data/intermediate/page_inventory/abs_1911_flagged_page_qa.csv,7,boundary_confirmed,True,2 | 3,2 | 3,2 | 3,The page contains the conclusion of Table 2 and the commencement of Table 3. Both are present in the candidate list.,,
1911_census_volume_ii_part_i_ages,10,qa_flash_lite,data/intermediate/page_inventory/abs_1911_flagged_page_qa.csv,8,boundary_confirmed,True,3 | 4,3 | 4,3 | 4,The page contains the continuation of Table 3 and the start of Table 4. Both are present in the candidate list.,,
1911_census_volume_ii_part_i_ages,13,qa_flash_lite,data/intermediate/page_inventory/abs_1911_flagged_page_qa.csv,9,boundary_confirmed,True,5 | 6,5 | 6,5 | 6,The page contains the continuation of Table 5 and the start of Table 6. Both are present in the candidate list.,,
1911_census_volume_ii_part_i_ages,17,qa_flash_lite,data/intermediate/page_inventory/abs_1911_flagged_page_qa.csv,10,boundary_confirmed,True,8 | 9,8 | 9,8 | 9,Page contains two distinct tables (8 and 9) as identified by the original match.,,
1911_census_volume_ii_part_i_ages,20,qa_flash_lite,data/intermediate/page_inventory/abs_1911_flagged_page_qa.csv,11,boundary_confirmed,True,10 | 11,10 | 11,10 | 11,Page contains the continuation of Table 10 and the start of Table 11. Both are present in the candidate list.,,
1911_census_volume_ii_part_i_ages,22,qa_flash_lite,data/intermediate/page_inventory/abs_1911_flagged_page_qa.csv,12,boundary_confirmed,True,11 | 12,11 | 12,11 | 12,Page contains the continuation of Table 11 and the start of Table 12.,,
1911_census_volume_ii_part_i_ages,25,qa_flash_lite,data/intermediate/page_inventory/abs_1911_flagged_page_qa.csv,13,boundary_confirmed,True,13 | 14,13 | 14,13 | 14,The page contains the continuation of Table 13 and the start of Table 14. Both are correctly identified in the candidate set.,,
1911_census_volume_ii_part_i_ages,27,qa_flash_lite,data/intermediate/page_inventory/abs_1911_flagged_page_qa.csv,14,boundary_confirmed,True,14 | 15,14 | 15,14 | 15,Page contains the continuation of Table 14 and the start of Table 15.,,
1911_census_volume_ii_part_i_ages,30,qa_flash_lite,data/intermediate/page_inventory/abs_1911_flagged_page_qa.csv,15,boundary_confirmed,True,16 | 17,16 | 17,16 | 17,The page contains the continuation of Table 16 and the start of Table 17. Both are present in the candidate list.,,
1911_census_volume_ii_part_i_ages,32,qa_flash_lite,data/intermediate/page_inventory/abs_1911_flagged_page_qa.csv,16,boundary_confirmed,True,17 | 18,17 | 18,17 | 18,Page contains the continuation of Table 17 and the start of Table 18. Both are correctly identified in the candidate set.,,
1911_census_volume_ii_part_i_ages,35,qa_flash_lite,data/intermediate/page_inventory/abs_1911_flagged_page_qa.csv,17,boundary_confirmed,True,19 | 20,19 | 20,19 | 20,Page contains the continuation of Table 19 and the start of Table 20.,,
1911_census_volume_ii_part_i_ages,37,qa_flash_lite,data/intermediate/page_inventory/abs_1911_flagged_page_qa.csv,18,boundary_confirmed,True,21 | 22,21 | 22,21 | 22,The page contains two complete tables (21 and 22) as indicated by the headers and data blocks.,,
1911_census_volume_ii_part_i_ages,38,qa_flash_lite,data/intermediate/page_inventory/abs_1911_flagged_page_qa.csv,19,boundary_confirmed,True,23 | 24,23 | 24,23 | 24,Page contains two complete tables (23 and 24) as identified by the original match.,,
1911_census_volume_ii_part_i_ages,41,qa_flash_lite,data/intermediate/page_inventory/abs_1911_flagged_page_qa.csv,20,boundary_confirmed,True,25 | 26,25 | 26,25 | 26,The page contains the conclusion of Table 25 and the start of Table 26. Both are correctly identified and within the candidate set.,,
1911_census_volume_ii_part_i_ages,58,qa_flash_lite,data/intermediate/page_inventory/abs_1911_flagged_page_qa.csv,21,boundary_confirmed,True,31 | 32,31 | 32,31 | 32,Page contains two complete tables (31 and 32) as identified in the candidate set.,,
1911_census_volume_ii_part_i_ages,60,qa_flash_lite,data/intermediate/page_inventory/abs_1911_flagged_page_qa.csv,22,accept_current_match,True,33 | 34,33 | 34,33 | 34,The page contains two complete tables (33 and 34) as identified by the prior model. The assignment is correct.,,
1911_census_volume_ii_part_i_ages,62,qa_flash_lite,data/intermediate/page_inventory/abs_1911_flagged_page_qa.csv,23,boundary_confirmed,True,34 | 35,34 | 35,34 | 35,Page contains two complete tables (34 and 35) as identified by their respective headers.,,
1911_census_volume_ii_part_i_ages,65,qa_flash_lite,data/intermediate/page_inventory/abs_1911_flagged_page_qa.csv,24,boundary_confirmed,True,37 | 38,37 | 38,37 | 38,The page contains two complete tables (37 and 38) as identified by the original match.,,
1911_census_volume_ii_part_i_ages,74,qa_flash_lite,data/intermediate/page_inventory/abs_1911_flagged_page_qa.csv,25,boundary_confirmed,True,44 | 45,44 | 45,44 | 45,The page contains two complete tables (44 and 45) as identified in the candidate list.,,
1911_census_volume_ii_part_i_ages,83,qa_flash_lite,data/intermediate/page_inventory/abs_1911_flagged_page_qa.csv,26,boundary_confirmed,True,50 | 51 | 52,50 | 51 | 52,50 | 51 | 52,"The page contains three complete tables (50, 51, and 52) as identified by their headers.",,
1911_census_volume_ii_part_i_ages,84,qa_flash_lite,data/intermediate/page_inventory/abs_1911_flagged_page_qa.csv,27,accept_current_match,True,53 | 54,53 | 54,53 | 54,The page contains two complete tables (53 and 54) as identified by the original match.,,
1911_census_volume_ii_part_i_ages,85,qa_flash_lite,data/intermediate/page_inventory/abs_1911_flagged_page_qa.csv,28,boundary_confirmed,True,53 | 54,53 | 54,53 | 54,The page contains two distinct tables: Males (Table 53) and Females (Table 54) in quinquennial age groups for Western Australia. The assignment is correct.,,
1911_census_volume_ii_part_i_ages,86,qa_flash_lite,data/intermediate/page_inventory/abs_1911_flagged_page_qa.csv,29,boundary_confirmed,True,54 | 55,54 | 55,54 | 55,The page contains the completion of Table 54 and the entirety of Table 55. Both are correctly identified in the candidate set.,,
1911_census_volume_ii_part_i_ages,88,qa_flash_lite,data/intermediate/page_inventory/abs_1911_flagged_page_qa.csv,30,boundary_confirmed,True,56 | 57 | 58,56 | 57 | 58,56 | 57 | 58,"The page contains three distinct tables (56, 57, and 58) as identified in the candidate list.",,
1911_census_volume_ii_part_i_ages,96,qa_flash_lite,data/intermediate/page_inventory/abs_1911_flagged_page_qa.csv,31,boundary_confirmed,True,63 | 64,63 | 64,63 | 64,The page contains two complete tables (63 and 64) as identified by the original match.,,
1911_census_volume_ii_part_i_ages,97,qa_flash_lite,data/intermediate/page_inventory/abs_1911_flagged_page_qa.csv,32,accept_current_match,True,65 | 66,65 | 66,65 | 66,The page contains two complete tables (65 and 66) as identified by the original match.,,
1911_census_volume_ii_part_i_ages,98,qa_flash_lite,data/intermediate/page_inventory/abs_1911_flagged_page_qa.csv,33,accept_current_match,True,67 | 68 | 69,67 | 68 | 69,67 | 68 | 69,"Page contains three complete tables (67, 68, 69) as identified in the candidate list.",,
1911_census_volume_ii_part_i_ages,100,qa_flash_lite,data/intermediate/page_inventory/abs_1911_flagged_page_qa.csv,34,boundary_confirmed,True,70 | 71,70 | 71,70 | 71,The page contains the conclusion of Table 70 and the start of Table 71. Both are correctly identified and present in the candidate list.,,
1911_census_volume_ii_part_i_ages,104,qa_flash_lite,data/intermediate/page_inventory/abs_1911_flagged_page_qa.csv,35,non_table_confirmed,True,,,,The page is completely blank.,,
1911_census_volume_ii_part_ii_birthplaces,8,qa_flash_lite,data/intermediate/page_inventory/abs_1911_flagged_page_qa.csv,36,boundary_confirmed,True,1 | 2,1 | 2,1 | 2,The page contains the continuation of Table 1 and the start of Table 2. Both are correctly identified and present in the candidate list.,,
1911_census_volume_ii_part_ii_birthplaces,11,qa_flash_lite,data/intermediate/page_inventory/abs_1911_flagged_page_qa.csv,37,boundary_confirmed,True,2 | 3,2 | 3,2 | 3,The page contains the conclusion of Table 2 and the start of Table 3. Both are correctly identified in the candidate set.,,
1911_census_volume_ii_part_ii_birthplaces,15,qa_flash_lite,data/intermediate/page_inventory/abs_1911_flagged_page_qa.csv,38,boundary_confirmed,True,3 | 4,3 | 4,3 | 4,The page contains the conclusion of Table 3 and the start of Table 4. Both are present in the candidate list.,,
1911_census_volume_ii_part_ii_birthplaces,18,qa_flash_lite,data/intermediate/page_inventory/abs_1911_flagged_page_qa.csv,39,boundary_confirmed,True,5 | 6,5 | 6,5 | 6,The page contains the continuation of Table 5 and the start of Table 6. Both are present in the candidate list.,,
1911_census_volume_ii_part_ii_birthplaces,21,qa_flash_lite,data/intermediate/page_inventory/abs_1911_flagged_page_qa.csv,40,boundary_confirmed,True,7 | 8,7 | 8,7 | 8,The page contains the continuation of Table 7 and the start of Table 8. Both are correctly identified.,,
1911_census_volume_ii_part_ii_birthplaces,24,qa_flash_lite,data/intermediate/page_inventory/abs_1911_flagged_page_qa.csv,41,boundary_confirmed,True,9 | 10,9 | 10,9 | 10,The page contains the continuation of Table 9 and the start of Table 10. Both are present in the candidate list.,,
1911_census_volume_ii_part_ii_birthplaces,31,qa_flash_lite,data/intermediate/page_inventory/abs_1911_flagged_page_qa.csv,42,candidate_set_wrong,False,,,,"The page contains Table 1, which is not in the provided candidate list (12, 13, 14). The candidate set is insufficient.",,
1911_census_volume_ii_part_ii_birthplaces,49,qa_flash_lite,data/intermediate/page_inventory/abs_1911_flagged_page_qa.csv,43,candidate_set_wrong,False,,,,"The page contains a large, complete table for Queensland. The provided candidate set (21, 22, 23) does not include the correct table number for this data.",,
1911_census_volume_ii_part_ii_birthplaces,61,qa_flash_lite,data/intermediate/page_inventory/abs_1911_flagged_page_qa.csv,44,candidate_set_wrong,False,,,,"The page contains a comprehensive table for Western Australia (Birthplace and Age) with rows numbered 1-75. The provided candidate set (27, 28, 29) is incorrect and insufficient.",,
1911_census_volume_ii_part_ii_birthplaces,73,qa_flash_lite,data/intermediate/page_inventory/abs_1911_flagged_page_qa.csv,45,candidate_set_wrong,False,,,,"The page contains a table for the Northern Territory, but the provided candidate set (33, 34, 35) does not include the table number for this specific dataset. The table is clearly present but cannot be assigned to the provided candidates.",,
1911_census_volume_ii_part_ii_birthplaces,97,qa_flash_lite,data/intermediate/page_inventory/abs_1911_flagged_page_qa.csv,46,candidate_set_wrong,False,,,,"The page contains a large table for the State of Victoria with rows numbered 1 through 75. The provided candidate table numbers (45, 46, 47) are insufficient and incorrect for this page.",,
1911_census_volume_ii_part_ii_birthplaces,103,qa_flash_lite,data/intermediate/page_inventory/abs_1911_flagged_page_qa.csv,47,candidate_set_wrong,False,,,,"The page contains a comprehensive table for Queensland, but the provided candidate table numbers (48, 49, 50) do not match the content of this page. The table on this page is a single, large, multi-part table covering birthplaces in Queensland.",,
1911_census_volume_ii_part_ii_birthplaces,109,qa_flash_lite,data/intermediate/page_inventory/abs_1911_flagged_page_qa.csv,48,candidate_set_wrong,False,,,,"The page contains a table for South Australia (Nationality, Length of Residence, Education, and Conjugal Condition), but the provided candidate table numbers (51, 52, 53) do not match this content.",,
1911_census_volume_ii_part_ii_birthplaces,115,qa_flash_lite,data/intermediate/page_inventory/abs_1911_flagged_page_qa.csv,49,candidate_set_wrong,False,,,,"The page contains a large table for Western Australia with rows numbered 1 through 75. The provided candidate table numbers (54, 55, 56) are insufficient to cover the data present on this page.",,
1911_census_volume_ii_part_ii_birthplaces,121,qa_flash_lite,data/intermediate/page_inventory/abs_1911_flagged_page_qa.csv,50,candidate_set_wrong,False,,,,"The page contains a table for Tasmania (Birthplaces), but the provided candidate list (57, 58, 59) does not include the correct table number for this data. The printed page number is 225, not 121.",,
1911_census_volume_ii_part_ii_birthplaces,127,qa_flash_lite,data/intermediate/page_inventory/abs_1911_flagged_page_qa.csv,51,candidate_set_wrong,False,,,,"The page contains a table for the Northern Territory, but the provided candidate table numbers (60, 61, 62) do not correspond to this table. The table is clearly present but lacks a table number in the header.",,
1911_census_volume_ii_part_ii_birthplaces,145,qa_flash_lite,data/intermediate/page_inventory/abs_1911_flagged_page_qa.csv,52,candidate_set_wrong,False,,,,"The page contains a table for New South Wales (Birthplace and Religion), but the provided candidate tables (69, 70, 71) do not match this content. The table on this page is a comprehensive summary table for NSW.",,
1911_census_volume_ii_part_ii_birthplaces,151,qa_flash_lite,data/intermediate/page_inventory/abs_1911_flagged_page_qa.csv,53,correct_match_from_candidates,True,,73,73,"The page contains the full table for the State of Victoria, which corresponds to Table 73 in the context of this census volume.",,
1911_census_volume_ii_part_ii_birthplaces,157,qa_flash_lite,data/intermediate/page_inventory/abs_1911_flagged_page_qa.csv,54,candidate_set_wrong,False,,,,"The page contains a continuation of the Queensland table (Birthplace and Religion). The provided candidate list (75, 76, 77) does not include the table number for this specific page, which appears to be a continuation of the Queensland data.",,
1911_census_volume_ii_part_ii_birthplaces,163,qa_flash_lite,data/intermediate/page_inventory/abs_1911_flagged_page_qa.csv,55,candidate_set_wrong,False,,,,"The page contains a table for South Australia (Birthplace and Religion). The provided candidate list (78, 79, 80) does not include the correct table number for this data, and the printed page number is 267, not 163.",,
1911_census_volume_ii_part_ii_birthplaces,169,qa_flash_lite,data/intermediate/page_inventory/abs_1911_flagged_page_qa.csv,56,candidate_set_wrong,False,,,,"The page contains a table for Western Australia (Birthplace and Religion), but the provided candidate list (81, 82, 83) does not include the correct table number for this specific data set. The page is clearly a table, but the candidate set is incorrect.",,
1911_census_volume_ii_part_ii_birthplaces,181,qa_flash_lite,data/intermediate/page_inventory/abs_1911_flagged_page_qa.csv,57,candidate_set_wrong,False,,,,"The page contains a table for the Northern Territory, but the provided candidate table numbers (87, 88, 89) do not include the correct identifier for this table.",,
1911_census_volume_ii_part_ii_birthplaces,187,qa_flash_lite,data/intermediate/page_inventory/abs_1911_flagged_page_qa.csv,58,candidate_set_wrong,False,,,,"The page contains a table for the Federal Capital Territory (Birthplace and Religion), but this table is not represented in the provided candidate list (90, 91, 92). The candidate list is insufficient.",,
1911_census_volume_ii_part_ii_birthplaces,265,qa_flash_lite,data/intermediate/page_inventory/abs_1911_flagged_page_qa.csv,59,candidate_set_wrong,False,,,,"The page contains a continuation of table 99, but 99 is not in the provided candidate list (98, 99, 100). Wait, 99 is in the list. Re-evaluating: 99 is in the candidate list. The page is a continuation of table 99.",,
1911_census_volume_ii_part_ii_birthplaces,282,qa_flash_lite,data/intermediate/page_inventory/abs_1911_flagged_page_qa.csv,60,non_table_confirmed,True,,,,The provided page image is completely blank.,,
1911_census_volume_ii_part_iii_length_of_residence,8,qa_flash_lite,data/intermediate/page_inventory/abs_1911_flagged_page_qa.csv,61,correct_match_from_candidates,True,2 | 3,2 | 3,2 | 3,The page contains the end of Table 2 and the beginning of Table 3. Both are correctly identified from the candidate list.,,
1911_census_volume_ii_part_iii_length_of_residence,14,qa_flash_lite,data/intermediate/page_inventory/abs_1911_flagged_page_qa.csv,62,boundary_confirmed,True,4 | 5,4 | 5,4 | 5,The page contains the completion of Table 4 and the start of Table 5. Both are correctly identified in the candidate set.,,
1911_census_volume_ii_part_iii_length_of_residence,15,qa_flash_lite,data/intermediate/page_inventory/abs_1911_flagged_page_qa.csv,63,boundary_confirmed,True,4 | 5,4 | 5,4 | 5,The page contains the continuation of the Victoria table (Table 4) and the start of the Queensland table (Table 5).,,
1911_census_volume_ii_part_iii_length_of_residence,21,qa_flash_lite,data/intermediate/page_inventory/abs_1911_flagged_page_qa.csv,64,accept_current_match,True,6 | 7,6 | 7,6 | 7,The page contains the continuation of Table 6 (South Australia) and the start of Table 7 (Western Australia).,,
1911_census_volume_ii_part_iii_length_of_residence,27,qa_flash_lite,data/intermediate/page_inventory/abs_1911_flagged_page_qa.csv,65,boundary_confirmed,True,8 | 9,8 | 9,8 | 9,Page contains the continuation of Table 8 (Tasmania) and the start of Table 9 (Northern Territory).,,
1911_census_volume_ii_part_iii_length_of_residence,32,qa_flash_lite,data/intermediate/page_inventory/abs_1911_flagged_page_qa.csv,66,boundary_confirmed,True,10 | 11,10 | 11,10 | 11,The page contains the bottom portion of Table 10 and the entirety of Table 11. Both are correctly identified in the candidate set.,,
1911_census_volume_ii_part_iii_length_of_residence,34,qa_flash_lite,data/intermediate/page_inventory/abs_1911_flagged_page_qa.csv,67,accept_current_match,True,13 | 14,13 | 14,13 | 14,The page contains two complete tables (13 and 14) as identified in the original match.,,
1911_census_volume_ii_part_iii_length_of_residence,35,qa_flash_lite,data/intermediate/page_inventory/abs_1911_flagged_page_qa.csv,68,accept_current_match,True,15 | 16,15 | 16,15 | 16,The page contains two complete tables (15 and 16) as identified by the original match.,,
1911_census_volume_ii_part_iii_length_of_residence,54,qa_flash_lite,data/intermediate/page_inventory/abs_1911_flagged_page_qa.csv,69,non_table_confirmed,True,,,,The page is blank.,,
1911_census_volume_ii_part_iv_education,3,qa_flash_lite,data/intermediate/page_inventory/abs_1911_flagged_page_qa.csv,70,boundary_confirmed,True,1 | 2,1 | 2,1 | 2,The page contains two complete tables (1 and 2) as identified by their respective headings.,,
1911_census_volume_ii_part_iv_education,5,qa_flash_lite,data/intermediate/page_inventory/abs_1911_flagged_page_qa.csv,71,boundary_confirmed,True,3 | 4,3 | 4,3 | 4,The page contains the continuation of Table 3 and the start of Table 4. Both are present in the candidate list.,,
1911_census_volume_ii_part_iv_education,8,qa_flash_lite,data/intermediate/page_inventory/abs_1911_flagged_page_qa.csv,72,boundary_confirmed,True,5 | 6,5 | 6,5 | 6,The page contains the continuation of Table 5 and the start of Table 6. Both are correctly identified in the candidate set.,,
1911_census_volume_ii_part_iv_education,9,qa_flash_lite,data/intermediate/page_inventory/abs_1911_flagged_page_qa.csv,73,boundary_confirmed,True,6 | 7,6 | 7,6 | 7,The page contains the continuation of Table 6 and the start of Table 7. Both are correctly identified within the candidate set.,,
1911_census_volume_ii_part_iv_education,10,qa_flash_lite,data/intermediate/page_inventory/abs_1911_flagged_page_qa.csv,74,correct_match_from_candidates,True,7 | 8,7 | 8,7 | 8,The page contains the continuation of Table 7 and the start of Table 8. Both are present in the candidate list.,,
1911_census_volume_ii_part_iv_education,84,qa_flash_lite,data/intermediate/page_inventory/abs_1911_flagged_page_qa.csv,75,boundary_confirmed,True,13 | 14,13 | 14,13 | 14,The page contains the continuation of Table 13 and the start of Table 14. Both are present in the candidate list.,,
1911_census_volume_ii_part_iv_education,111,qa_flash_lite,data/intermediate/page_inventory/abs_1911_flagged_page_qa.csv,76,boundary_confirmed,True,16 | 17,16 | 17,16 | 17,The page contains the continuation of Table 16 and the start of Table 17. Both are correctly identified in the candidate set.,,
1911_census_volume_ii_part_iv_education,135,qa_flash_lite,data/intermediate/page_inventory/abs_1911_flagged_page_qa.csv,77,boundary_confirmed,True,19 | 20,19 | 20,19 | 20,The page contains the continuation of Table 19 and the start of Table 20. Both are correctly identified in the candidate set.,,
1911_census_volume_ii_part_iv_education,161,qa_flash_lite,data/intermediate/page_inventory/abs_1911_flagged_page_qa.csv,78,boundary_confirmed,True,24 | 25,24 | 25,24 | 25,The page contains the continuation of Table 24 and the start of Table 25. Both are correctly identified in the candidate set.,,
1911_census_volume_ii_part_iv_education,168,qa_flash_lite,data/intermediate/page_inventory/abs_1911_flagged_page_qa.csv,79,boundary_confirmed,True,25 | 26,25 | 26,25 | 26,The page contains the continuation of Table 25 and the start of Table 26. Both are correctly identified in the candidate set.,,
1911_census_volume_ii_part_iv_education,175,qa_flash_lite,data/intermediate/page_inventory/abs_1911_flagged_page_qa.csv,80,boundary_confirmed,True,26 | 27,26 | 27,26 | 27,The page contains the continuation of Table 26 and the start of Table 27. Both are correctly identified.,,
1911_census_volume_ii_part_iv_education,176,qa_flash_lite,data/intermediate/page_inventory/abs_1911_flagged_page_qa.csv,81,boundary_confirmed,True,27 | 28,27 | 28,27 | 28,The page contains the continuation of Table 27 and the start of Table 28. Both are correctly identified in the candidate set.,,
1911_census_volume_ii_part_iv_education,177,qa_flash_lite,data/intermediate/page_inventory/abs_1911_flagged_page_qa.csv,82,boundary_confirmed,True,28 | 29,28 | 29,28 | 29,Page contains the continuation of Table 28 and the start of Table 29. Both are correctly identified in the candidate set.,,
1911_census_volume_ii_part_iv_education,178,qa_flash_lite,data/intermediate/page_inventory/abs_1911_flagged_page_qa.csv,83,boundary_confirmed,True,29 | 30,29 | 30,29 | 30,The page contains the continuation of Table 29 and the entirety of Table 30. Both are within the candidate set.,,
1911_census_volume_ii_part_iv_education,182,qa_flash_lite,data/intermediate/page_inventory/abs_1911_flagged_page_qa.csv,84,non_table_confirmed,True,,,,The page is blank.,,
1911_census_volume_ii_part_v_schooling,24,qa_flash_lite,data/intermediate/page_inventory/abs_1911_flagged_page_qa.csv,85,boundary_confirmed,True,9 | 10,9 | 10,9 | 10,Page contains the continuation of Table 9 and the start of Table 10.,,
1911_census_volume_ii_part_v_schooling,37,qa_flash_lite,data/intermediate/page_inventory/abs_1911_flagged_page_qa.csv,86,boundary_confirmed,True,10 | 11,10 | 11,10 | 11,The page contains the continuation of Table 10 and the start of Table 11. Both are present in the candidate list.,,
1911_census_volume_ii_part_v_schooling,54,qa_flash_lite,data/intermediate/page_inventory/abs_1911_flagged_page_qa.csv,87,accept_current_match,True,12 | 13,12 | 13,12 | 13,Page contains the continuation of Table 12 and the start of Table 13.,,
1911_census_volume_ii_part_v_schooling,58,qa_flash_lite,data/intermediate/page_inventory/abs_1911_flagged_page_qa.csv,88,boundary_confirmed,True,13 | 14,13 | 14,13 | 14,The page contains the continuation of Table 13 and the start of Table 14. Both are correctly identified and present in the candidate list.,,
1911_census_volume_ii_part_v_schooling,62,qa_flash_lite,data/intermediate/page_inventory/abs_1911_flagged_page_qa.csv,89,boundary_confirmed,True,14 | 15,14 | 15,14 | 15,The page contains the continuation of Table 14 and the start of Table 15. Both are present in the candidate list.,,
1911_census_volume_ii_part_v_schooling,75,qa_flash_lite,data/intermediate/page_inventory/abs_1911_flagged_page_qa.csv,90,boundary_confirmed,True,16 | 17,16 | 17,16 | 17,The page contains the continuation of Table 16 and the start of Table 17.,,
1911_census_volume_ii_part_v_schooling,86,qa_flash_lite,data/intermediate/page_inventory/abs_1911_flagged_page_qa.csv,91,boundary_confirmed,True,18 | 19,18 | 19,18 | 19,Page contains the continuation of Table 18 and the start of Table 19.,,
1911_census_volume_ii_part_v_schooling,91,qa_flash_lite,data/intermediate/page_inventory/abs_1911_flagged_page_qa.csv,92,boundary_confirmed,True,19 | 20,19 | 20,19 | 20,Page contains the continuation of Table 19 and the start of Table 20. Both are present in the candidate list.,,
1911_census_volume_ii_part_v_schooling,98,qa_flash_lite,data/intermediate/page_inventory/abs_1911_flagged_page_qa.csv,93,boundary_confirmed,True,21 | 22,21 | 22,21 | 22,The page contains the continuation of Table 21 and the start of Table 22. Both are present in the candidate list.,,
1911_census_volume_ii_part_v_schooling,101,qa_flash_lite,data/intermediate/page_inventory/abs_1911_flagged_page_qa.csv,94,boundary_confirmed,True,22 | 23,22 | 23,22 | 23,The page contains the continuation of Table 22 and the start of Table 23. Both are correctly identified in the candidate set.,,
1911_census_volume_ii_part_v_schooling,104,qa_flash_lite,data/intermediate/page_inventory/abs_1911_flagged_page_qa.csv,95,boundary_confirmed,True,23 | 24,23 | 24,23 | 24,The page contains the continuation of Table 23 and the start of Table 24. Both are correctly identified in the candidate set.,,
1911_census_volume_ii_part_v_schooling,109,qa_flash_lite,data/intermediate/page_inventory/abs_1911_flagged_page_qa.csv,96,boundary_confirmed,True,24 | 25,24 | 25,24 | 25,The page contains the continuation of Table 24 and the start of Table 25. Both are correctly identified in the candidate set.,,
1911_census_volume_ii_part_v_schooling,114,qa_flash_lite,data/intermediate/page_inventory/abs_1911_flagged_page_qa.csv,97,boundary_confirmed,True,25 | 26,25 | 26,25 | 26,The page contains the continuation of Table 25 and the start of Table 26. Both are correctly identified in the candidate set.,,
1911_census_volume_ii_part_v_schooling,119,qa_flash_lite,data/intermediate/page_inventory/abs_1911_flagged_page_qa.csv,98,boundary_confirmed,True,26 | 27,26 | 27,26 | 27,The page contains the continuation of Table 26 and the entirety of Table 27. Both are correctly identified in the candidate set.,,
1911_census_volume_ii_part_v_schooling,120,qa_flash_lite,data/intermediate/page_inventory/abs_1911_flagged_page_qa.csv,99,boundary_confirmed,True,28 | 29,28 | 29,28 | 29,The page contains two complete tables (28 and 29) as identified by their headers.,,
1911_census_volume_ii_part_vi_religions,18,qa_flash_lite,data/intermediate/page_inventory/abs_1911_flagged_page_qa.csv,100,boundary_confirmed,True,2 | 3,2 | 3,2 | 3,The page contains the conclusion of Table 2 and the commencement of Table 3. Both are correctly identified and present in the candidate list.,,
1911_census_volume_ii_part_vi_religions,80,qa_flash_lite,data/intermediate/page_inventory/abs_1911_flagged_page_qa.csv,101,accept_current_match,True,32 | 33,32 | 33,32 | 33,The page contains two complete tables (32 and 33) as identified by the original match.,,
1911_census_volume_ii_part_vi_religions,81,qa_flash_lite,data/intermediate/page_inventory/abs_1911_flagged_page_qa.csv,102,boundary_confirmed,True,33 | 34,33 | 34,33 | 34,The page contains the continuation of Table 33 and the entirety of Table 34. Both are correctly identified in the candidate set.,,
1911_census_volume_ii_part_vi_religions,94,qa_flash_lite,data/intermediate/page_inventory/abs_1911_flagged_page_qa.csv,103,boundary_confirmed,True,38 | 39,38 | 39,38 | 39,The page contains two distinct tables (38 and 39) as identified by their respective headers. The assignment is correct.,,
1911_census_volume_ii_part_vi_religions,96,qa_flash_lite,data/intermediate/page_inventory/abs_1911_flagged_page_qa.csv,104,boundary_confirmed,True,39 | 40,39 | 40,39 | 40,The page contains two distinct tables (39 and 40) as indicated by their respective headers.,,
1911_census_volume_ii_part_vi_religions,104,qa_flash_lite,data/intermediate/page_inventory/abs_1911_flagged_page_qa.csv,105,boundary_confirmed,True,44 | 45,44 | 45,44 | 45,The page contains two complete tables (44 and 45) as identified by their headers.,,
1911_census_volume_ii_part_vi_religions,106,qa_flash_lite,data/intermediate/page_inventory/abs_1911_flagged_page_qa.csv,106,boundary_confirmed,True,45 | 46,45 | 46,45 | 46,The page contains two complete tables (45 and 46) as indicated by the headers.,,
1911_census_volume_ii_part_vi_religions,108,qa_flash_lite,data/intermediate/page_inventory/abs_1911_flagged_page_qa.csv,107,boundary_confirmed,True,47 | 48,47 | 48,47 | 48,The page contains two complete tables (47 and 48) as indicated by the headers.,,
1911_census_volume_ii_part_vi_religions,110,qa_flash_lite,data/intermediate/page_inventory/abs_1911_flagged_page_qa.csv,108,boundary_confirmed,True,49 | 50,49 | 50,49 | 50,The page contains two complete tables (49 and 50) as identified in the original match.,,
1911_census_volume_ii_part_vi_religions,111,qa_flash_lite,data/intermediate/page_inventory/abs_1911_flagged_page_qa.csv,109,correct_match_from_candidates,True,50 | 51,50 | 51,50 | 51,"The page contains two distinct tables: the top table corresponds to Western Australia (Table 50) and the bottom table corresponds to Tasmania (Table 51). The previous metadata titles were incorrect, but the candidate table numbers 50 and 51 are correct for this content.",,
1911_census_volume_ii_part_vi_religions,112,qa_flash_lite,data/intermediate/page_inventory/abs_1911_flagged_page_qa.csv,110,boundary_confirmed,True,51 | 52,51 | 52,51 | 52,The page contains two complete tables (51 and 52) as identified in the original match.,,
1911_census_volume_ii_part_vi_religions,113,qa_flash_lite,data/intermediate/page_inventory/abs_1911_flagged_page_qa.csv,111,correct_match_from_candidates,True,51 | 52,51 | 52,51 | 52,"The page contains two distinct tables representing different subsets of the Tasmanian population (likely Male and Female, or similar) classified by religion. The previous assignment of 51 and 52 is correct based on the document structure.",,
1911_census_volume_ii_part_vi_religions,114,qa_flash_lite,data/intermediate/page_inventory/abs_1911_flagged_page_qa.csv,112,boundary_confirmed,True,52 | 53,52 | 53,52 | 53,Page contains two distinct tables (52 and 53) as identified in the candidate set.,,
1911_census_volume_ii_part_vi_religions,115,qa_flash_lite,data/intermediate/page_inventory/abs_1911_flagged_page_qa.csv,113,boundary_confirmed,True,52 | 53,52 | 53,52 | 53,Page contains the continuation of Table 52 (Municipalities of Tasmania) and the start of Table 53 (Northern Territory).,,
1911_census_volume_ii_part_vi_religions,116,qa_flash_lite,data/intermediate/page_inventory/abs_1911_flagged_page_qa.csv,114,boundary_confirmed,True,54 | 55,54 | 55,54 | 55,The page contains two complete tables (54 and 55) as identified in the candidate set.,,
1911_census_volume_ii_part_vi_religions,119,qa_flash_lite,data/intermediate/page_inventory/abs_1911_flagged_page_qa.csv,115,non_table_confirmed,True,,,,"This is a title page for Part VII of the census report, not a data table.",,
1911_census_volume_ii_part_vii_blindness_and_deaf_mutism,32,qa_flash_lite,data/intermediate/page_inventory/abs_1911_flagged_page_qa.csv,116,non_table_confirmed,True,,,,The page is blank.,,
1911_census_volume_ii_part_viii_non_european_races,7,qa_flash_lite,data/intermediate/page_inventory/abs_1911_flagged_page_qa.csv,117,boundary_confirmed,True,1 | 2,1 | 2,1 | 2,The page contains two complete tables (1 and 2) as identified in the candidate set.,,
1911_census_volume_ii_part_viii_non_european_races,8,qa_flash_lite,data/intermediate/page_inventory/abs_1911_flagged_page_qa.csv,118,boundary_confirmed,True,3 | 4,3 | 4,3 | 4,The page contains two complete tables (3 and 4) as indicated by the headers and data blocks.,,
1911_census_volume_ii_part_viii_non_european_races,9,qa_flash_lite,data/intermediate/page_inventory/abs_1911_flagged_page_qa.csv,119,boundary_confirmed,True,4 | 5,4 | 5,4 | 5,The page contains the continuation of Table 4 and the entirety of Table 5. Both are present in the candidate list.,,
1911_census_volume_ii_part_viii_non_european_races,10,qa_flash_lite,data/intermediate/page_inventory/abs_1911_flagged_page_qa.csv,120,boundary_confirmed,True,6 | 7,6 | 7,6 | 7,The page contains two complete tables (6 and 7) as identified by their respective headers.,,
1911_census_volume_ii_part_viii_non_european_races,11,qa_flash_lite,data/intermediate/page_inventory/abs_1911_flagged_page_qa.csv,121,boundary_confirmed,True,6 | 7,6 | 7,6 | 7,"The page contains two distinct tables: the top table corresponds to Table 6 (Males) and the bottom table corresponds to Table 7 (Females), as indicated by the metadata and the structure of the census document.",,
1911_census_volume_ii_part_viii_non_european_races,12,qa_flash_lite,data/intermediate/page_inventory/abs_1911_flagged_page_qa.csv,122,boundary_confirmed,True,8 | 9,8 | 9,8 | 9,Page contains two complete tables (8 and 9) as indicated by their respective headers.,,
1911_census_volume_ii_part_viii_non_european_races,13,qa_flash_lite,data/intermediate/page_inventory/abs_1911_flagged_page_qa.csv,123,boundary_confirmed,True,8 | 9,8 | 9,8 | 9,"The page contains two distinct tables: the top table (Table 8) classifies non-European race by race and age, and the bottom table (Table 9) classifies non-European race by state/territory and age.",,
1911_census_volume_ii_part_viii_non_european_races,14,qa_flash_lite,data/intermediate/page_inventory/abs_1911_flagged_page_qa.csv,124,boundary_confirmed,True,10 | 11,10 | 11,10 | 11,The page contains two complete tables (10 and 11) as indicated by their respective headers.,,
1911_census_volume_ii_part_viii_non_european_races,15,qa_flash_lite,data/intermediate/page_inventory/abs_1911_flagged_page_qa.csv,125,accept_current_match,True,10 | 11,10 | 11,10 | 11,"The page contains two distinct tables, both correctly identified as 10 and 11 from the candidate list.",,
1911_census_volume_ii_part_viii_non_european_races,16,qa_flash_lite,data/intermediate/page_inventory/abs_1911_flagged_page_qa.csv,126,accept_current_match,True,12 | 13,12 | 13,12 | 13,The page contains two complete tables (12 and 13) as identified by the headers.,,
1911_census_volume_ii_part_viii_non_european_races,18,qa_flash_lite,data/intermediate/page_inventory/abs_1911_flagged_page_qa.csv,127,boundary_confirmed,True,14 | 15,14 | 15,14 | 15,The page contains the complete tables 14 and 15. The assignment is correct.,,
1911_census_volume_ii_part_viii_non_european_races,19,qa_flash_lite,data/intermediate/page_inventory/abs_1911_flagged_page_qa.csv,128,accept_current_match,True,14 | 15,14 | 15,14 | 15,The page contains two distinct tables corresponding to New South Wales (Table 14) and Victoria (Table 15). The assignment is correct.,,
1911_census_volume_ii_part_viii_non_european_races,20,qa_flash_lite,data/intermediate/page_inventory/abs_1911_flagged_page_qa.csv,129,accept_current_match,True,16 | 17,16 | 17,16 | 17,The page contains two complete tables (16 and 17) as identified by the original match.,,
1911_census_volume_ii_part_viii_non_european_races,22,qa_flash_lite,data/intermediate/page_inventory/abs_1911_flagged_page_qa.csv,130,accept_current_match,True,18 | 19,18 | 19,18 | 19,The page contains two complete tables (18 and 19) as identified by the previous model. The assignment is correct.,,
1911_census_volume_ii_part_viii_non_european_races,23,qa_flash_lite,data/intermediate/page_inventory/abs_1911_flagged_page_qa.csv,131,candidate_set_wrong,False,18 | 19 | 20,,18 | 19 | 20,"The page contains data for Queensland (Males and Females), but the candidate table numbers (17-20) do not match the actual content of this page, which appears to be a continuation of tables for Queensland. The candidate set provided is incorrect for this page.",,
1911_census_volume_ii_part_viii_non_european_races,24,qa_flash_lite,data/intermediate/page_inventory/abs_1911_flagged_page_qa.csv,132,boundary_confirmed,True,20 | 21,20 | 21,20 | 21,The page contains two complete tables (20 and 21) as identified by the original match.,,
1911_census_volume_ii_part_viii_non_european_races,25,qa_flash_lite,data/intermediate/page_inventory/abs_1911_flagged_page_qa.csv,133,candidate_set_wrong,False,,,,"The page contains two tables, but they are not numbered in the document. The provided candidate table numbers (19-22) do not appear on this page. The tables present are for specific states/territories not identified by number here.",,
1911_census_volume_ii_part_viii_non_european_races,26,qa_flash_lite,data/intermediate/page_inventory/abs_1911_flagged_page_qa.csv,134,accept_current_match,True,22 | 23,22 | 23,22 | 23,The page contains two complete tables (22 and 23) as identified in the original match.,,
1911_census_volume_ii_part_viii_non_european_races,28,qa_flash_lite,data/intermediate/page_inventory/abs_1911_flagged_page_qa.csv,135,accept_current_match,True,24 | 25,24 | 25,24 | 25,The page contains two complete tables (24 and 25) as identified by the original match.,,
1911_census_volume_ii_part_viii_non_european_races,30,qa_flash_lite,data/intermediate/page_inventory/abs_1911_flagged_page_qa.csv,136,boundary_confirmed,True,26 | 27,26 | 27,26 | 27,The page contains two distinct tables (26 and 27) as identified by their headers. The assignment is correct.,,
1911_census_volume_ii_part_viii_non_european_races,31,qa_flash_lite,data/intermediate/page_inventory/abs_1911_flagged_page_qa.csv,137,boundary_confirmed,True,26 | 27,26 | 27,26 | 27,The page contains two distinct tables corresponding to Western Australia (Table 26) and Tasmania (Table 27) as identified in the metadata.,,
1911_census_volume_ii_part_viii_non_european_races,32,qa_flash_lite,data/intermediate/page_inventory/abs_1911_flagged_page_qa.csv,138,boundary_confirmed,True,28 | 29,28 | 29,28 | 29,Page contains two distinct tables (28 and 29) as identified in the original match.,,
1911_census_volume_ii_part_viii_non_european_races,34,qa_flash_lite,data/intermediate/page_inventory/abs_1911_flagged_page_qa.csv,139,boundary_confirmed,True,30 | 31,30 | 31,30 | 31,The page contains two complete tables (30 and 31) as identified in the original match.,,
1911_census_volume_ii_part_viii_non_european_races,36,qa_flash_lite,data/intermediate/page_inventory/abs_1911_flagged_page_qa.csv,140,accept_current_match,True,32 | 33,32 | 33,32 | 33,The page contains two distinct tables (32 and 33) as identified in the original match.,,
1911_census_volume_ii_part_viii_non_european_races,37,qa_flash_lite,data/intermediate/page_inventory/abs_1911_flagged_page_qa.csv,141,accept_current_match,True,32 | 33,32 | 33,32 | 33,The page contains two distinct tables corresponding to the previously matched table numbers 32 and 33. The assignment is correct.,,
1911_census_volume_ii_part_viii_non_european_races,50,qa_flash_lite,data/intermediate/page_inventory/abs_1911_flagged_page_qa.csv,142,boundary_confirmed,True,40 | 41,40 | 41,40 | 41,The page contains two complete tables (40 and 41) as identified.,,
1911_census_volume_ii_part_viii_non_european_races,52,qa_flash_lite,data/intermediate/page_inventory/abs_1911_flagged_page_qa.csv,143,boundary_confirmed,True,41 | 42,41 | 42,41 | 42,The page contains two complete tables (41 and 42) as identified in the candidate set.,,
1911_census_volume_ii_part_viii_non_european_races,54,qa_flash_lite,data/intermediate/page_inventory/abs_1911_flagged_page_qa.csv,144,boundary_confirmed,True,43 | 44,43 | 44,43 | 44,The page contains the complete table 43 and the start of table 44. Assignment is correct.,,
1911_census_volume_ii_part_viii_non_european_races,56,qa_flash_lite,data/intermediate/page_inventory/abs_1911_flagged_page_qa.csv,145,boundary_confirmed,True,44 | 45,44 | 45,44 | 45,The page contains two distinct tables (44 and 45) as indicated by their respective headers.,,
1911_census_volume_ii_part_viii_non_european_races,57,qa_flash_lite,data/intermediate/page_inventory/abs_1911_flagged_page_qa.csv,146,candidate_set_wrong,False,,,,"The page contains tables for 'European Race Enumerated', which are not included in the provided candidate list (44, 45, 46). The candidate set is incorrect for this page.",,
1911_census_volume_ii_part_viii_non_european_races,58,qa_flash_lite,data/intermediate/page_inventory/abs_1911_flagged_page_qa.csv,147,boundary_confirmed,True,46 | 47,46 | 47,46 | 47,The page contains two complete tables (46 and 47) as identified by the model.,,
1911_census_volume_ii_part_viii_non_european_races,60,qa_flash_lite,data/intermediate/page_inventory/abs_1911_flagged_page_qa.csv,148,accept_current_match,True,47 | 48,47 | 48,47 | 48,The page contains the completion of Table 47 and the entirety of Table 48. Both are correctly identified in the candidate set.,,
1911_census_volume_ii_part_viii_non_european_races,62,qa_flash_lite,data/intermediate/page_inventory/abs_1911_flagged_page_qa.csv,149,accept_current_match,True,49 | 50,49 | 50,49 | 50,The page contains two distinct tables (49 and 50) as identified by their respective headers.,,
1911_census_volume_ii_part_viii_non_european_races,64,qa_flash_lite,data/intermediate/page_inventory/abs_1911_flagged_page_qa.csv,150,boundary_confirmed,True,50 | 51,50 | 51,50 | 51,The page contains two complete tables (50 and 51) as identified by their headers.,,
1911_census_volume_ii_part_viii_non_european_races,65,qa_flash_lite,data/intermediate/page_inventory/abs_1911_flagged_page_qa.csv,151,boundary_confirmed,True,51 | 52,51 | 52,51 | 52,"The page contains two distinct table sections representing continuations of data for non-European races, corresponding to tables 51 and 52.",,
1911_census_volume_ii_part_viii_non_european_races,66,qa_flash_lite,data/intermediate/page_inventory/abs_1911_flagged_page_qa.csv,152,boundary_confirmed,True,52 | 53,52 | 53,52 | 53,The page contains the complete table 52 and the start of table 53. Assignment is correct.,,
1911_census_volume_ii_part_viii_non_european_races,68,qa_flash_lite,data/intermediate/page_inventory/abs_1911_flagged_page_qa.csv,153,boundary_confirmed,True,53 | 54,53 | 54,53 | 54,The page contains two distinct tables (53 and 54) as identified by their headers.,,
1911_census_volume_ii_part_viii_non_european_races,70,qa_flash_lite,data/intermediate/page_inventory/abs_1911_flagged_page_qa.csv,154,accept_current_match,True,55 | 56,55 | 56,55 | 56,The page contains two complete tables (55 and 56) as identified by the original match.,,
1911_census_volume_ii_part_viii_non_european_races,72,qa_flash_lite,data/intermediate/page_inventory/abs_1911_flagged_page_qa.csv,155,accept_current_match,True,57 | 58,57 | 58,57 | 58,The page contains two complete tables (57 and 58) as identified in the original match.,,
1911_census_volume_ii_part_viii_non_european_races,73,qa_flash_lite,data/intermediate/page_inventory/abs_1911_flagged_page_qa.csv,156,candidate_set_wrong,False,58 | 59,,58 | 59,"The page contains tables for 'European Race' and 'Non-European Race' (full-blooded Aboriginals), which do not correspond to the candidate table numbers (56-59) provided for the Northern Territory. The candidate set is incorrect for this page.",,
1911_census_volume_ii_part_viii_non_european_races,74,qa_flash_lite,data/intermediate/page_inventory/abs_1911_flagged_page_qa.csv,157,accept_current_match,True,59 | 60,59 | 60,59 | 60,Page contains two complete tables (59 and 60) as identified.,,
1911_census_volume_ii_part_viii_non_european_races,75,qa_flash_lite,data/intermediate/page_inventory/abs_1911_flagged_page_qa.csv,158,accept_current_match,True,59 | 60,59 | 60,59 | 60,"The page contains two distinct tables, corresponding to the previously matched tables 59 and 60.",,
1911_census_volume_ii_part_viii_non_european_races,85,qa_flash_lite,data/intermediate/page_inventory/abs_1911_flagged_page_qa.csv,159,accept_current_match,True,65 | 66,65 | 66,65 | 66,The page contains the continuation of Table 65 and the start of Table 66. Both are correctly identified and present in the candidate list.,,
1911_census_volume_ii_part_viii_non_european_races,86,qa_flash_lite,data/intermediate/page_inventory/abs_1911_flagged_page_qa.csv,160,boundary_confirmed,True,66 | 67,66 | 67,66 | 67,The page contains the continuation of Table 66 and the start of Table 67. Both are correctly identified and present in the candidate list.,,
1911_census_volume_ii_part_viii_non_european_races,95,qa_flash_lite,data/intermediate/page_inventory/abs_1911_flagged_page_qa.csv,161,correct_match_from_candidates,True,,74 | 75,74 | 75,"The page contains the end of a table (likely 73, though not explicitly labeled as such) and clearly labeled rows for Birthplace 74 and 75. The candidate set includes 74 and 75, which are present.",,
1911_census_volume_ii_part_viii_non_european_races,101,qa_flash_lite,data/intermediate/page_inventory/abs_1911_flagged_page_qa.csv,162,candidate_set_wrong,False,,,,"The page contains a table regarding 'Half-caste' populations classified by birthplace. None of the provided candidate table numbers (76, 77, 78) match this content.",,
1911_census_volume_ii_part_viii_non_european_races,103,qa_flash_lite,data/intermediate/page_inventory/abs_1911_flagged_page_qa.csv,163,candidate_set_wrong,False,,,,"The page contains a table regarding 'Half-Caste' populations, which is not represented in the provided candidate list (77, 78, 79). The candidate set is incomplete.",,
1911_census_volume_ii_part_viii_non_european_races,105,qa_flash_lite,data/intermediate/page_inventory/abs_1911_flagged_page_qa.csv,164,candidate_set_wrong,False,,,,"The page contains a table regarding European race enumeration and birthplace, which does not correspond to the provided candidate tables (78, 79, 80) which are for Non-European races. The candidate set is incorrect for this page.",,
1911_census_volume_ii_part_viii_non_european_races,112,qa_flash_lite,data/intermediate/page_inventory/abs_1911_flagged_page_qa.csv,165,boundary_confirmed,True,83 | 84,83 | 84,83 | 84,Page contains two complete tables (83 and 84) as identified in the candidate set.,,
1911_census_volume_ii_part_viii_non_european_races,113,qa_flash_lite,data/intermediate/page_inventory/abs_1911_flagged_page_qa.csv,166,candidate_set_wrong,False,,,,"The page contains two distinct tables regarding non-European and European race enumeration by birthplace and half-caste status. These tables are not numbered in the document and do not correspond to the provided candidate set (82, 83, 84).",,
1911_census_volume_ii_part_viii_non_european_races,114,qa_flash_lite,data/intermediate/page_inventory/abs_1911_flagged_page_qa.csv,167,accept_current_match,True,85 | 86,85 | 86,85 | 86,The page contains two complete tables (85 and 86) as identified by their respective headers.,,
1911_census_volume_ii_part_viii_non_european_races,116,qa_flash_lite,data/intermediate/page_inventory/abs_1911_flagged_page_qa.csv,168,accept_current_match,True,87 | 88,87 | 88,87 | 88,The page contains two complete tables (87 and 88) as identified by the original match.,,
1911_census_volume_ii_part_viii_non_european_races,117,qa_flash_lite,data/intermediate/page_inventory/abs_1911_flagged_page_qa.csv,169,correct_match_from_candidates,True,,87,87,"The page contains Table 87, which is explicitly titled 'NON-EUROPEAN RACE ENUMERATED'. The candidate list includes 87.",,
1911_census_volume_ii_part_viii_non_european_races,132,qa_flash_lite,data/intermediate/page_inventory/abs_1911_flagged_page_qa.csv,170,boundary_confirmed,True,89 | 90,89 | 90,89 | 90,The page contains the conclusion of Table 89 and the start of Table 90. Assignment is correct.,,
1911_census_volume_ii_part_viii_non_european_races,157,qa_flash_lite,data/intermediate/page_inventory/abs_1911_flagged_page_qa.csv,171,candidate_set_wrong,False,,,,"The page contains a table titled 'EUROPEAN RACE ENUMERATED', which is not represented in the candidate set (101, 102, 103). The candidate set is insufficient for this document.",,
1911_census_volume_ii_part_viii_non_european_races,176,qa_flash_lite,data/intermediate/page_inventory/abs_1911_flagged_page_qa.csv,172,accept_current_match,True,112 | 113,112 | 113,112 | 113,The page contains two complete tables (112 and 113) as identified in the original match.,,
1911_census_volume_ii_part_viii_non_european_races,177,qa_flash_lite,data/intermediate/page_inventory/abs_1911_flagged_page_qa.csv,173,boundary_confirmed,True,113 | 114,113 | 114,113 | 114,The page contains the continuation of a table (implied 113 based on context and previous pages) and the start of table 114.,,
1911_census_volume_iii_part_ix_conjugal_condition,3,qa_flash_lite,data/intermediate/page_inventory/abs_1911_flagged_page_qa.csv,174,accept_current_match,True,1 | 2,1 | 2,1 | 2,"The page contains two distinct tables, numbered 1 and 2, which match the candidate set and the original assignment.",,
1911_census_volume_iii_part_ix_conjugal_condition,17,qa_flash_lite,data/intermediate/page_inventory/abs_1911_flagged_page_qa.csv,175,boundary_confirmed,True,9 | 10,9 | 10,9 | 10,The page contains the continuation of Table 9 and the start of Table 10. Both are correctly identified in the candidate set.,,
1911_census_volume_iii_part_ix_conjugal_condition,18,qa_flash_lite,data/intermediate/page_inventory/abs_1911_flagged_page_qa.csv,176,boundary_confirmed,True,10 | 11,10 | 11,10 | 11,The page contains the continuation of Table 10 and the start of Table 11. Both are present in the candidate list.,,
1911_census_volume_iii_part_ix_conjugal_condition,20,qa_flash_lite,data/intermediate/page_inventory/abs_1911_flagged_page_qa.csv,177,accept_current_match,True,13 | 14,13 | 14,13 | 14,The page contains two complete tables (13 and 14) as identified by the original match.,,
1911_census_volume_iii_part_ix_conjugal_condition,21,qa_flash_lite,data/intermediate/page_inventory/abs_1911_flagged_page_qa.csv,178,boundary_confirmed,True,14 | 15 | 16,14 | 15 | 16,14 | 15 | 16,"The page contains the continuation of Table 14, the entirety of Table 15, and the entirety of Table 16.",,
1911_census_volume_iii_part_ix_conjugal_condition,28,qa_flash_lite,data/intermediate/page_inventory/abs_1911_flagged_page_qa.csv,179,non_table_confirmed,True,,,,The page is blank.,,
1911_census_volume_iii_part_x_families,4,qa_flash_lite,data/intermediate/page_inventory/abs_1911_flagged_page_qa.csv,180,boundary_confirmed,True,1 | 2,1 | 2,1 | 2,The page contains two complete tables (1 and 2) as indicated by the headers and content.,,
1911_census_volume_iii_part_x_families,5,qa_flash_lite,data/intermediate/page_inventory/abs_1911_flagged_page_qa.csv,181,boundary_confirmed,True,1 | 2,1 | 2,1 | 2,The page contains two distinct tables: Table 1 (Ages) and Table 2 (Religions). Both are correctly identified and assigned.,,
1911_census_volume_iii_part_x_families,34,qa_flash_lite,data/intermediate/page_inventory/abs_1911_flagged_page_qa.csv,182,accept_current_match,True,7 | 8,7 | 8,7 | 8,The page contains two complete tables (7 and 8) as identified in the original match.,,
1911_census_volume_iii_part_x_families,35,qa_flash_lite,data/intermediate/page_inventory/abs_1911_flagged_page_qa.csv,183,accept_current_match,True,7 | 8,7 | 8,7 | 8,The page contains two distinct tables: Table 7 (Husbands) and Table 8 (Wives). The original match is correct.,,
1911_census_volume_iii_part_x_families,36,qa_flash_lite,data/intermediate/page_inventory/abs_1911_flagged_page_qa.csv,184,boundary_confirmed,True,9 | 10,9 | 10,9 | 10,The page contains two complete tables (9 and 10) as identified by their respective headers.,,
1911_census_volume_iii_part_x_families,37,qa_flash_lite,data/intermediate/page_inventory/abs_1911_flagged_page_qa.csv,185,boundary_confirmed,True,9 | 10,9 | 10,9 | 10,The page contains two distinct tables: Table 9 (Religions and Issue of Wives) and Table 10 (Birthplaces and Issue of Wives). Both are correctly identified and present in the candidate list.,,
1911_census_volume_iii_part_x_families,38,qa_flash_lite,data/intermediate/page_inventory/abs_1911_flagged_page_qa.csv,186,boundary_confirmed,True,10 | 11,10 | 11,10 | 11,The page contains two complete tables (10 and 11) as indicated by the headers and data blocks.,,
1911_census_volume_iii_part_x_families,60,qa_flash_lite,data/intermediate/page_inventory/abs_1911_flagged_page_qa.csv,187,boundary_confirmed,True,16 | 17,16 | 17,16 | 17,The page contains the completion of Table 16 and the start of Table 17. Both are correctly identified and present in the candidate list.,,
1911_census_volume_iii_part_x_families,82,qa_flash_lite,data/intermediate/page_inventory/abs_1911_flagged_page_qa.csv,188,accept_current_match,True,18 | 19,18 | 19,18 | 19,The page contains the complete table 18 and the start of table 19. Both are correctly identified from the candidate set.,,
1911_census_volume_iii_part_x_families,83,qa_flash_lite,data/intermediate/page_inventory/abs_1911_flagged_page_qa.csv,189,correct_match_from_candidates,True,18 | 19,18 | 19,18 | 19,The page contains multiple tables (Commonwealth and States/Territories) corresponding to tables 18 and 19 as identified in the metadata.,,
1911_census_volume_iii_part_x_families,104,qa_flash_lite,data/intermediate/page_inventory/abs_1911_flagged_page_qa.csv,190,non_table_confirmed,True,,,,The provided page image is completely blank.,,
1911_census_volume_iii_part_xi_life_tables,4,qa_flash_lite,data/intermediate/page_inventory/abs_1911_flagged_page_qa.csv,191,boundary_confirmed,True,1 | 2,1 | 2,1 | 2,The page contains the continuation of Table 1 and the start of Table 2. Both are correctly identified in the candidate set.,,
1911_census_volume_iii_part_xi_life_tables,6,qa_flash_lite,data/intermediate/page_inventory/abs_1911_flagged_page_qa.csv,192,boundary_confirmed,True,2 | 3,2 | 3,2 | 3,The page contains the continuation of Table 2 and the start of Table 3. Both are present in the candidate list.,,
1911_census_volume_iii_part_xi_life_tables,9,qa_flash_lite,data/intermediate/page_inventory/abs_1911_flagged_page_qa.csv,193,accept_current_match,True,4 | 5,4 | 5,4 | 5,The page contains the continuation of Table 4 and the start of Table 5. Both are present in the candidate list.,,
1911_census_volume_iii_part_xi_life_tables,11,qa_flash_lite,data/intermediate/page_inventory/abs_1911_flagged_page_qa.csv,194,accept_current_match,True,5 | 6,5 | 6,5 | 6,Page contains the continuation of Table 5 and the start of Table 6.,,
1911_census_volume_iii_part_xi_life_tables,14,qa_flash_lite,data/intermediate/page_inventory/abs_1911_flagged_page_qa.csv,195,boundary_confirmed,True,7 | 8,7 | 8,7 | 8,The page contains the continuation of Table 7 and the start of Table 8. Both are present in the candidate list.,,
1911_census_volume_iii_part_xi_life_tables,16,qa_flash_lite,data/intermediate/page_inventory/abs_1911_flagged_page_qa.csv,196,boundary_confirmed,True,8 | 9,8 | 9,8 | 9,The page contains the continuation of Table 8 and the start of Table 9. Both are present in the candidate list.,,
1911_census_volume_iii_part_xi_life_tables,19,qa_flash_lite,data/intermediate/page_inventory/abs_1911_flagged_page_qa.csv,197,boundary_confirmed,True,10 | 11,10 | 11,10 | 11,The page contains the continuation of Table 10 and the start of Table 11. Both are present in the candidate list.,,
1911_census_volume_iii_part_xi_life_tables,21,qa_flash_lite,data/intermediate/page_inventory/abs_1911_flagged_page_qa.csv,198,accept_current_match,True,11 | 12,11 | 12,11 | 12,The page contains the continuation of Table 11 and the start of Table 12. Both are present in the candidate list.,,
1911_census_volume_iii_part_xi_life_tables,24,qa_flash_lite,data/intermediate/page_inventory/abs_1911_flagged_page_qa.csv,199,boundary_confirmed,True,13 | 14,13 | 14,13 | 14,The page contains the continuation of Table 13 and the start of Table 14. Both are present in the candidate list.,,
1911_census_volume_iii_part_xi_life_tables,26,qa_flash_lite,data/intermediate/page_inventory/abs_1911_flagged_page_qa.csv,200,boundary_confirmed,True,14 | 15,14 | 15,14 | 15,The page contains the continuation of Table 14 and the start of Table 15. Both are present in the candidate list.,,
1911_census_volume_iii_part_xi_life_tables,29,qa_flash_lite,data/intermediate/page_inventory/abs_1911_flagged_page_qa.csv,201,boundary_confirmed,True,16 | 17,16 | 17,16 | 17,The page contains the continuation of Table 16 and the start of Table 17. Both are correctly identified in the candidate set.,,
1911_census_volume_iii_part_xi_life_tables,34,qa_flash_lite,data/intermediate/page_inventory/abs_1911_flagged_page_qa.csv,202,boundary_confirmed,True,19 | 20,19 | 20,19 | 20,The page contains the continuation of Table 19 and the start of Table 20. Both are correctly identified in the candidate set.,,
1911_census_volume_iii_part_xi_life_tables,36,qa_flash_lite,data/intermediate/page_inventory/abs_1911_flagged_page_qa.csv,203,boundary_confirmed,True,20 | 21,20 | 21,20 | 21,The page contains the continuation of Table 20 and the start of Table 21. Both are present in the candidate list.,,
1911_census_volume_iii_part_xi_life_tables,39,qa_flash_lite,data/intermediate/page_inventory/abs_1911_flagged_page_qa.csv,204,boundary_confirmed,True,22 | 23,22 | 23,22 | 23,The page contains the continuation of Table 22 and the start of Table 23. Both are present in the candidate list.,,
1911_census_volume_iii_part_xi_life_tables,41,qa_flash_lite,data/intermediate/page_inventory/abs_1911_flagged_page_qa.csv,205,boundary_confirmed,True,23 | 24,23 | 24,23 | 24,The page contains the continuation of Table 23 and the start of Table 24. Both are correctly identified in the candidate set.,,
1911_census_volume_iii_part_xi_life_tables,44,qa_flash_lite,data/intermediate/page_inventory/abs_1911_flagged_page_qa.csv,206,accept_current_match,True,25 | 26,25 | 26,25 | 26,The page contains the continuation of Table 25 and the start of Table 26. Both are correctly identified in the candidate set.,,
1911_census_volume_iii_part_xi_life_tables,46,qa_flash_lite,data/intermediate/page_inventory/abs_1911_flagged_page_qa.csv,207,correct_match_from_candidates,True,27,26 | 27,26 | 27,The page contains the continuation of Table 26 and the start of Table 27. Both are present in the candidate list.,,
1911_census_volume_iii_part_xi_life_tables,49,qa_flash_lite,data/intermediate/page_inventory/abs_1911_flagged_page_qa.csv,208,boundary_confirmed,True,28 | 29,28 | 29,28 | 29,Page contains the continuation of Table 28 and the start of Table 29. Both are present in the candidate list.,,
1911_census_volume_iii_part_xi_life_tables,51,qa_flash_lite,data/intermediate/page_inventory/abs_1911_flagged_page_qa.csv,209,boundary_confirmed,True,29 | 30,29 | 30,29 | 30,The page contains the continuation of Table 29 and the start of Table 30. Both are correctly identified.,,
1911_census_volume_iii_part_xi_life_tables,54,qa_flash_lite,data/intermediate/page_inventory/abs_1911_flagged_page_qa.csv,210,boundary_confirmed,True,31 | 32,31 | 32,31 | 32,The page contains the continuation of Table 31 and the start of Table 32. Both are correctly identified in the candidate set.,,
1911_census_volume_iii_part_xi_life_tables,59,qa_flash_lite,data/intermediate/page_inventory/abs_1911_flagged_page_qa.csv,211,accept_current_match,True,34 | 35,34 | 35,34 | 35,The page contains the continuation of Table 34 and the start of Table 35. Both are correctly identified in the candidate set.,,
1911_census_volume_iii_part_xi_life_tables,61,qa_flash_lite,data/intermediate/page_inventory/abs_1911_flagged_page_qa.csv,212,boundary_confirmed,True,35 | 36,35 | 36,35 | 36,The page contains the continuation of Table 35 and the start of Table 36. Both are present in the candidate list.,,
1911_census_volume_iii_part_xi_life_tables,64,qa_flash_lite,data/intermediate/page_inventory/abs_1911_flagged_page_qa.csv,213,boundary_confirmed,True,37 | 38,37 | 38,37 | 38,The page contains the continuation of Table 37 and the start of Table 38. Both are present in the candidate list.,,
1911_census_volume_iii_part_xi_life_tables,66,qa_flash_lite,data/intermediate/page_inventory/abs_1911_flagged_page_qa.csv,214,boundary_confirmed,True,38 | 39,38 | 39,38 | 39,Page contains the conclusion of Table 38 and the start of Table 39.,,
1911_census_volume_iii_part_xi_life_tables,69,qa_flash_lite,data/intermediate/page_inventory/abs_1911_flagged_page_qa.csv,215,boundary_confirmed,True,40 | 41,40 | 41,40 | 41,The page contains the continuation of Table 40 and the start of Table 41. Both are present in the candidate list.,,
1911_census_volume_iii_part_xi_life_tables,71,qa_flash_lite,data/intermediate/page_inventory/abs_1911_flagged_page_qa.csv,216,boundary_confirmed,True,41 | 42,41 | 42,41 | 42,The page contains the continuation of Table 41 and the start of Table 42. Both are correctly identified in the candidate set.,,
1911_census_volume_iii_part_xii_occupations,312,qa_flash_lite,data/intermediate/page_inventory/abs_1911_flagged_page_qa.csv,217,boundary_confirmed,True,27 | 28,27 | 28,27 | 28,The page contains the conclusion of Table 27 and the commencement of Table 28. Both are correctly identified and present in the candidate list.,,
1911_census_volume_iii_part_xii_occupations,363,qa_flash_lite,data/intermediate/page_inventory/abs_1911_flagged_page_qa.csv,218,candidate_set_wrong,False,,,,"The page contains a table for Northern Territory Aboriginals, which is not represented in the provided candidate list (34, 35, 36). The candidate set is insufficient.",,
1911_census_volume_iii_part_xii_occupations,369,qa_flash_lite,data/intermediate/page_inventory/abs_1911_flagged_page_qa.csv,219,correct_match_from_candidates,True,,37,37,"The page is clearly a continuation of Table 37, which is listed in the candidate set. The previous model incorrectly flagged it as non-table.",,
1911_census_volume_iii_part_xii_occupations,411,qa_flash_lite,data/intermediate/page_inventory/abs_1911_flagged_page_qa.csv,220,candidate_set_wrong,False,,,,"The page contains a table for 'Melbourne and Suburbs', but the provided candidate table numbers (50, 51, 52) do not include this table. The candidate set is incomplete.",,
1911_census_volume_iii_part_xii_occupations,423,qa_flash_lite,data/intermediate/page_inventory/abs_1911_flagged_page_qa.csv,221,candidate_set_wrong,False,,,,"The page contains a table for 'ADELAIDE AND SUBURBS according to Occupation and Age', but the provided candidate list (56, 57, 58) does not include the correct table number for this specific data set.",,
1911_census_volume_iii_part_xii_occupations,429,qa_flash_lite,data/intermediate/page_inventory/abs_1911_flagged_page_qa.csv,222,candidate_set_wrong,False,,,,"The page contains a table for 'blooded Aboriginals' in Perth and Suburbs. This table is not represented in the provided candidate list (59, 60, 61).",,
1911_census_volume_iii_part_xii_occupations,431,qa_flash_lite,data/intermediate/page_inventory/abs_1911_flagged_page_qa.csv,223,candidate_set_wrong,False,,,,"The page contains a table for Perth and Suburbs, but the provided candidate table numbers (60, 61, 62) do not match this content. The candidate set is incorrect.",,
1911_census_volume_iii_part_xii_occupations,435,qa_flash_lite,data/intermediate/page_inventory/abs_1911_flagged_page_qa.csv,224,candidate_set_wrong,False,,,,"The page contains a table for Hobart and Suburbs, but the provided candidate table numbers (62, 63, 64) do not include the correct identifier for this table.",,
1911_census_volume_iii_part_xii_occupations,437,qa_flash_lite,data/intermediate/page_inventory/abs_1911_flagged_page_qa.csv,225,correct_match_from_candidates,True,,64,64,"The page is a continuation of Table 64 (Hobart and Suburbs, Females). The previous model warning was incorrect in stating the table ended on page 436; this page clearly continues the data for Hobart and Suburbs.",,
1911_census_volume_iii_part_xii_occupations,541,qa_flash_lite,data/intermediate/page_inventory/abs_1911_flagged_page_qa.csv,226,boundary_confirmed,True,74 | 75,74 | 75,74 | 75,The page contains two complete tables (74 and 75) as identified by the original match.,,
1911_census_volume_iii_part_xii_occupations,542,qa_flash_lite,data/intermediate/page_inventory/abs_1911_flagged_page_qa.csv,227,boundary_confirmed,True,75 | 76,75 | 76,75 | 76,The page contains the continuation of Table 75 and the start of Table 76. Both are present in the candidate list.,,
1911_census_volume_iii_part_xii_occupations,543,qa_flash_lite,data/intermediate/page_inventory/abs_1911_flagged_page_qa.csv,228,boundary_confirmed,True,76 | 77,76 | 77,76 | 77,The page contains the continuation of Table 76 and the start of Table 77. Both are present in the candidate list.,,
1911_census_volume_iii_part_xii_occupations,544,qa_flash_lite,data/intermediate/page_inventory/abs_1911_flagged_page_qa.csv,229,boundary_confirmed,True,77 | 78,77 | 78,77 | 78,The page contains the conclusion of Table 77 and the entirety of Table 78. Both are correctly identified and present in the candidate list.,,
1911_census_volume_iii_part_xii_occupations,545,qa_flash_lite,data/intermediate/page_inventory/abs_1911_flagged_page_qa.csv,230,accept_current_match,True,79 | 80,79 | 80,79 | 80,The page contains two complete tables (79 and 80) as identified by the original match.,,
1911_census_volume_iii_part_xii_occupations,554,qa_flash_lite,data/intermediate/page_inventory/abs_1911_flagged_page_qa.csv,231,correct_match_from_candidates,False,84,83 | 84,84,"The page contains the end of Table 83 and the start of Table 84. Table 83 was missing from the candidate list provided in the metadata, but is clearly visible on the page.",,
1911_census_volume_iii_part_xii_occupations,566,qa_flash_lite,data/intermediate/page_inventory/abs_1911_flagged_page_qa.csv,232,boundary_confirmed,True,89 | 90,89 | 90,89 | 90,The page contains two complete tables (89 and 90) as identified by the original match.,,
1911_census_volume_iii_part_xii_occupations,568,qa_flash_lite,data/intermediate/page_inventory/abs_1911_flagged_page_qa.csv,233,boundary_confirmed,True,90 | 91,90 | 91,90 | 91,The page contains the continuation of Table 90 (Northern Territory and Federal Capital Territory sections) and the start of Table 91. Both are correctly identified.,,
1911_census_volume_iii_part_xiii_dwellings,5,qa_flash_lite,data/intermediate/page_inventory/abs_1911_flagged_page_qa.csv,234,boundary_confirmed,True,1 | 2,1 | 2,1 | 2,The page contains two distinct tables (Table 1 and Table 2) as identified by their respective headings.,,
1911_census_volume_iii_part_xiii_dwellings,6,qa_flash_lite,data/intermediate/page_inventory/abs_1911_flagged_page_qa.csv,235,boundary_confirmed,True,3 | 4,3 | 4,3 | 4,The page contains two complete tables (3 and 4) as identified by the original match.,,
1911_census_volume_iii_part_xiii_dwellings,14,qa_flash_lite,data/intermediate/page_inventory/abs_1911_flagged_page_qa.csv,236,boundary_confirmed,True,8 | 9,8 | 9,8 | 9,The page contains the continuation of Table 8 and the start of Table 9. Both are correctly identified and present in the candidate list.,,
1911_census_volume_iii_part_xiii_dwellings,16,qa_flash_lite,data/intermediate/page_inventory/abs_1911_flagged_page_qa.csv,237,boundary_confirmed,True,10 | 11,10 | 11,10 | 11,The page contains the complete table 10 and the start of table 11 (New South Wales section).,,
1911_census_volume_iii_part_xiii_dwellings,17,qa_flash_lite,data/intermediate/page_inventory/abs_1911_flagged_page_qa.csv,238,correct_match_from_candidates,True,10 | 11,10 | 11,10 | 11,The page contains two distinct tables: the first for the Commonwealth of Australia and the second for New South Wales. These correspond to tables 10 and 11 in the census series.,,
1911_census_volume_iii_part_xiii_dwellings,34,qa_flash_lite,data/intermediate/page_inventory/abs_1911_flagged_page_qa.csv,239,boundary_confirmed,True,18 | 19,18 | 19,18 | 19,The page contains two distinct tables (18 and 19) as identified by their respective headers.,,
1911_census_volume_iii_part_xiii_dwellings,35,qa_flash_lite,data/intermediate/page_inventory/abs_1911_flagged_page_qa.csv,240,accept_current_match,True,18 | 19,18 | 19,18 | 19,The page contains two distinct tables: Table 18 (Tasmania) and Table 19 (Northern Territory). The assignment is correct.,,
1911_census_volume_iii_part_xiii_dwellings,36,qa_flash_lite,data/intermediate/page_inventory/abs_1911_flagged_page_qa.csv,241,boundary_confirmed,True,19 | 20,19 | 20,19 | 20,The page contains two distinct tables (19 and 20) as identified by their headers. The assignment is correct.,,
1911_census_volume_iii_part_xiii_dwellings,50,qa_flash_lite,data/intermediate/page_inventory/abs_1911_flagged_page_qa.csv,242,boundary_confirmed,True,27 | 28,27 | 28,27 | 28,The page contains two complete tables (27 and 28) as identified by their respective headers.,,
1911_census_volume_iii_part_xiii_dwellings,51,qa_flash_lite,data/intermediate/page_inventory/abs_1911_flagged_page_qa.csv,243,accept_current_match,True,27 | 28,27 | 28,27 | 28,The page contains two distinct tables: Table 27 (Tasmania) and Table 28 (Northern Territory). The assignment is correct.,,
1911_census_volume_iii_part_xiii_dwellings,52,qa_flash_lite,data/intermediate/page_inventory/abs_1911_flagged_page_qa.csv,244,boundary_confirmed,True,28 | 29,28 | 29,28 | 29,The page contains the completion of Table 28 and the start of Table 29. Both are correctly identified in the candidate set.,,
1911_census_volume_iii_part_xiii_dwellings,57,qa_flash_lite,data/intermediate/page_inventory/abs_1911_flagged_page_qa.csv,245,candidate_set_wrong,False,,,,"The page contains a table regarding Aboriginals in New South Wales, which is not represented in the provided candidate table numbers (30, 31, 32).",,
1911_census_volume_iii_part_xiii_dwellings,100,qa_flash_lite,data/intermediate/page_inventory/abs_1911_flagged_page_qa.csv,246,accept_current_match,True,46 | 47,46 | 47,46 | 47,The page contains two complete tables (46 and 47) as identified by the original match.,,
1911_census_volume_iii_part_xiii_dwellings,101,qa_flash_lite,data/intermediate/page_inventory/abs_1911_flagged_page_qa.csv,247,accept_current_match,True,46 | 47,46 | 47,46 | 47,"The page contains two distinct tables: Northern Territory (Table 46) and Federal Territory (Table 47), both concerning dwellings occupied solely by full-blooded Aboriginals. The assignment is correct.",,
1911_census_volume_iii_part_xiii_dwellings,114,qa_flash_lite,data/intermediate/page_inventory/abs_1911_flagged_page_qa.csv,248,accept_current_match,True,50 | 51,50 | 51,50 | 51,"The page contains two complete tables, 50 and 51, which are both present in the candidate list.",,
1911_census_volume_iii_part_xiii_dwellings,124,qa_flash_lite,data/intermediate/page_inventory/abs_1911_flagged_page_qa.csv,249,boundary_confirmed,True,56 | 57,56 | 57,56 | 57,Page contains the continuation of Table 56 and the start of Table 57. Both are present in the candidate list.,,
1911_census_volume_iii_part_xiii_dwellings,125,qa_flash_lite,data/intermediate/page_inventory/abs_1911_flagged_page_qa.csv,250,boundary_confirmed,True,57 | 58,57 | 58,57 | 58,"The page contains two complete tables, 57 and 58, which are both present in the candidate list.",,
1911_census_volume_iii_part_xiii_dwellings,126,qa_flash_lite,data/intermediate/page_inventory/abs_1911_flagged_page_qa.csv,251,boundary_confirmed,True,59 | 60 | 61,59 | 60 | 61,59 | 60 | 61,"The page contains three complete tables (59, 60, and 61) as identified by their headers.",,
1911_census_volume_iii_part_xiii_dwellings,127,qa_flash_lite,data/intermediate/page_inventory/abs_1911_flagged_page_qa.csv,252,correct_match_from_candidates,True,60 | 61 | 62,60 | 61 | 62,60 | 61 | 62,"The page contains three distinct tables corresponding to tables 60, 61, and 62. The original match is correct.",,
1911_census_volume_iii_part_xiii_dwellings,128,qa_flash_lite,data/intermediate/page_inventory/abs_1911_flagged_page_qa.csv,253,boundary_confirmed,True,62 | 63,62 | 63,62 | 63,The page contains two complete tables (62 and 63) as identified by their respective headers.,,
1911_census_volume_iii_part_xiii_dwellings,129,qa_flash_lite,data/intermediate/page_inventory/abs_1911_flagged_page_qa.csv,254,boundary_confirmed,True,62 | 63,62 | 63,62 | 63,"The page contains two distinct tables, corresponding to the continuation of the rental value per room (Table 62) and rental value per inmate (Table 63) series.",,
1911_census_volume_iii_part_xiii_dwellings,178,qa_flash_lite,data/intermediate/page_inventory/abs_1911_flagged_page_qa.csv,255,boundary_confirmed,True,66 | 67,66 | 67,66 | 67,Page contains the conclusion of Table 66 and the start of Table 67.,,
1911_census_volume_iii_part_xiii_dwellings,186,qa_flash_lite,data/intermediate/page_inventory/abs_1911_flagged_page_qa.csv,256,candidate_set_wrong,False,,,,"The page clearly identifies itself as Table 69. The provided candidate list (67, 68) does not include the correct table number.",,
1911_census_volume_iii_part_xiii_dwellings,200,qa_flash_lite,data/intermediate/page_inventory/abs_1911_flagged_page_qa.csv,257,non_table_confirmed,True,,,,The page is blank.,,
1911_census_volume_iii_part_xiv_summary,6,qa_flash_lite,data/intermediate/page_inventory/abs_1911_flagged_page_qa.csv,258,accept_current_match,True,1 | 2 | 3,1 | 2 | 3,1 | 2 | 3,"The page contains three complete tables (1, 2, and 3) as identified in the candidate set.",,
1911_census_volume_iii_part_xiv_summary,7,qa_flash_lite,data/intermediate/page_inventory/abs_1911_flagged_page_qa.csv,259,boundary_confirmed,True,3 | 4,3 | 4,3 | 4,The page contains the continuation of Table 3 and the start of Table 4. Both are within the candidate set.,,
1911_census_volume_iii_part_xiv_summary,8,qa_flash_lite,data/intermediate/page_inventory/abs_1911_flagged_page_qa.csv,260,boundary_confirmed,True,4 | 5,4 | 5,4 | 5,The page contains the conclusion of Table 4 and the entirety of Table 5.,,
1911_census_volume_iii_part_xiv_summary,40,qa_flash_lite,data/intermediate/page_inventory/abs_1911_flagged_page_qa.csv,261,boundary_confirmed,True,31 | 32,31 | 32,31 | 32,The page contains two distinct tables (31 and 32) as indicated by their respective headers.,,
1911_census_volume_iii_part_xiv_summary,42,qa_flash_lite,data/intermediate/page_inventory/abs_1911_flagged_page_qa.csv,262,accept_current_match,True,34 | 35,34 | 35,34 | 35,The page contains two complete tables (34 and 35) as identified by the original match.,,
1911_census_volume_iii_part_xiv_summary,43,qa_flash_lite,data/intermediate/page_inventory/abs_1911_flagged_page_qa.csv,263,boundary_confirmed,True,36 | 37,36 | 37,36 | 37,The page contains two complete tables (36 and 37) as identified by the original match.,,
1911_census_volume_iii_part_xiv_summary,45,qa_flash_lite,data/intermediate/page_inventory/abs_1911_flagged_page_qa.csv,264,boundary_confirmed,True,39 | 40,39 | 40,39 | 40,The page contains two complete tables (39 and 40) as identified in the original match.,,
1911_census_volume_iii_part_xiv_summary,46,qa_flash_lite,data/intermediate/page_inventory/abs_1911_flagged_page_qa.csv,265,boundary_confirmed,True,41 | 42,41 | 42,41 | 42,The page contains two complete tables (41 and 42) as identified by the original match.,,
1911_census_volume_iii_part_xiv_summary,47,qa_flash_lite,data/intermediate/page_inventory/abs_1911_flagged_page_qa.csv,266,boundary_confirmed,True,43 | 44,43 | 44,43 | 44,The page contains two complete tables (43 and 44) as identified by the original match.,,
1911_census_volume_iii_part_xiv_summary,48,qa_flash_lite,data/intermediate/page_inventory/abs_1911_flagged_page_qa.csv,267,boundary_confirmed,True,45 | 46,45 | 46,45 | 46,The page contains two complete tables (45 and 46) as identified by the model.,,
1911_census_volume_iii_part_xiv_summary,65,qa_flash_lite,data/intermediate/page_inventory/abs_1911_flagged_page_qa.csv,268,boundary_confirmed,True,62 | 63,62 | 63,62 | 63,The page contains two complete tables (62 and 63) as identified by the original match. The assignment is correct.,,
1911_census_volume_iii_part_xiv_summary,76,qa_flash_lite,data/intermediate/page_inventory/abs_1911_flagged_page_qa.csv,269,boundary_confirmed,True,68 | 69,68 | 69,68 | 69,The page contains the continuation of Table 68 and the start of Table 69. Both are correctly identified in the candidate set.,,
1911_census_volume_iii_part_xiv_summary,77,qa_flash_lite,data/intermediate/page_inventory/abs_1911_flagged_page_qa.csv,270,accept_current_match,True,69 | 70,69 | 70,69 | 70,The page contains the continuation of Table 69 and the start of Table 70. Both are correctly identified and present in the candidate list.,,
1911_census_volume_iii_part_xiv_summary,78,qa_flash_lite,data/intermediate/page_inventory/abs_1911_flagged_page_qa.csv,271,accept_current_match,True,71 | 72,71 | 72,71 | 72,The page contains two complete tables (71 and 72) as identified by the original match.,,
1911_census_volume_iii_part_xiv_summary,80,qa_flash_lite,data/intermediate/page_inventory/abs_1911_flagged_page_qa.csv,272,boundary_confirmed,True,74 | 75,73 | 74 | 75,73 | 74 | 75,"The page contains the continuation of Table 73, the entirety of Table 74, and the entirety of Table 75. All are present in the candidate list.",,
1911_census_volume_iii_part_xiv_summary,81,qa_flash_lite,data/intermediate/page_inventory/abs_1911_flagged_page_qa.csv,273,boundary_confirmed,True,76 | 77,76 | 77,76 | 77,Page contains two complete tables (76 and 77) as identified by the original match.,,
1911_census_volume_iii_part_xiv_summary,82,qa_flash_lite,data/intermediate/page_inventory/abs_1911_flagged_page_qa.csv,274,boundary_confirmed,True,78 | 79,78 | 79,78 | 79,The page contains two complete tables (78 and 79) as indicated by their respective headers and data blocks.,,
1911_census_volume_iii_part_xiv_summary,86,qa_flash_lite,data/intermediate/page_inventory/abs_1911_flagged_page_qa.csv,275,boundary_confirmed,True,79 | 80,79 | 80,79 | 80,The page contains the continuation of Table 79 and the start of Table 80. Both are present in the candidate list.,,
1911_census_volume_iii_part_xiv_summary,90,qa_flash_lite,data/intermediate/page_inventory/abs_1911_flagged_page_qa.csv,276,boundary_confirmed,True,81 | 82,81 | 82,81 | 82,The page contains two complete tables (81 and 82) as identified by their respective headings.,,
1911_census_volume_iii_part_xiv_summary,91,qa_flash_lite,data/intermediate/page_inventory/abs_1911_flagged_page_qa.csv,277,boundary_confirmed,True,81 | 82,81 | 82,81 | 82,The page contains two distinct tables: Table 81 (Relative Ages of Husbands and Wives) and Table 82 (Relative Religions of Husbands and Wives). Both are correctly identified in the candidate set.,,
1911_census_volume_iii_part_xiv_summary,96,qa_flash_lite,data/intermediate/page_inventory/abs_1911_flagged_page_qa.csv,278,accept_current_match,True,84 | 85,84 | 85,84 | 85,The page contains two complete tables (84 and 85) as identified.,,
1911_census_volume_iii_part_xiv_summary,97,qa_flash_lite,data/intermediate/page_inventory/abs_1911_flagged_page_qa.csv,279,boundary_confirmed,True,84 | 85,84 | 85,84 | 85,"The page contains two distinct tables, corresponding to Table 84 (Ages and Issue of Husbands) and Table 85 (Ages and Issue of Wives). The assignment is correct.",,
1911_census_volume_iii_part_xiv_summary,102,qa_flash_lite,data/intermediate/page_inventory/abs_1911_flagged_page_qa.csv,280,boundary_confirmed,True,88 | 89,88 | 89,88 | 89,The page contains the continuation of Table 88 and the start of Table 89. Both are present in the candidate list.,,
1911_census_volume_iii_part_xiv_summary,104,qa_flash_lite,data/intermediate/page_inventory/abs_1911_flagged_page_qa.csv,281,boundary_confirmed,True,89 | 90,89 | 90,89 | 90,The page contains the continuation of Table 89 and the start of Table 90. Both are present in the candidate list.,,
1911_census_volume_iii_part_xiv_summary,107,qa_flash_lite,data/intermediate/page_inventory/abs_1911_flagged_page_qa.csv,282,accept_current_match,True,91 | 92,91 | 92,91 | 92,The page contains the continuation of Table 91 and the start of Table 92. Both are correctly identified in the candidate set.,,
1911_census_volume_iii_part_xiv_summary,109,qa_flash_lite,data/intermediate/page_inventory/abs_1911_flagged_page_qa.csv,283,boundary_confirmed,True,92 | 93,92 | 93,92 | 93,Page contains the continuation of Table 92 and the start of Table 93. Both are present in the candidate list.,,
1911_census_volume_iii_part_xiv_summary,112,qa_flash_lite,data/intermediate/page_inventory/abs_1911_flagged_page_qa.csv,284,accept_current_match,True,94 | 95,94 | 95,94 | 95,The page contains the continuation of Table 94 and the start of Table 95. Both are present in the candidate list.,,
1911_census_volume_iii_part_xiv_summary,114,qa_flash_lite,data/intermediate/page_inventory/abs_1911_flagged_page_qa.csv,285,boundary_confirmed,True,95 | 96,95 | 96,95 | 96,The page contains the continuation of Table 95 and the start of Table 96. Both are correctly identified and present in the candidate list.,,
1911_census_volume_iii_part_xiv_summary,117,qa_flash_lite,data/intermediate/page_inventory/abs_1911_flagged_page_qa.csv,286,correct_match_from_candidates,True,98,97 | 98,97 | 98,The page contains the continuation of Table 97 and the start of Table 98. Both are present in the candidate list.,,
1911_census_volume_iii_part_xiv_summary,119,qa_flash_lite,data/intermediate/page_inventory/abs_1911_flagged_page_qa.csv,287,boundary_confirmed,True,98 | 99,98 | 99,98 | 99,The page contains the continuation of Table 98 and the start of Table 99. Both are present in the candidate list.,,
1911_census_volume_iii_part_xiv_summary,122,qa_flash_lite,data/intermediate/page_inventory/abs_1911_flagged_page_qa.csv,288,accept_current_match,True,100 | 101,100 | 101,100 | 101,The page contains the continuation of Table 100 and the start of Table 101. Both are present in the candidate list.,,
1911_census_volume_iii_part_xiv_summary,124,qa_flash_lite,data/intermediate/page_inventory/abs_1911_flagged_page_qa.csv,289,boundary_confirmed,True,101 | 102,101 | 102,101 | 102,The page contains the continuation of Table 101 and the start of Table 102. Both are present in the candidate list.,,
1911_census_volume_iii_part_xiv_summary,127,qa_flash_lite,data/intermediate/page_inventory/abs_1911_flagged_page_qa.csv,290,boundary_confirmed,True,103 | 104,103 | 104,103 | 104,The page contains the continuation of Table 103 and the start of Table 104. Both are correctly identified.,,
1911_census_volume_iii_part_xiv_summary,129,qa_flash_lite,data/intermediate/page_inventory/abs_1911_flagged_page_qa.csv,291,boundary_confirmed,True,104 | 105,104 | 105,104 | 105,The page contains the continuation of Table 104 and the start of Table 105. Both are correctly identified.,,
1911_census_volume_iii_part_xiv_summary,132,qa_flash_lite,data/intermediate/page_inventory/abs_1911_flagged_page_qa.csv,292,candidate_set_wrong,False,107,107,107,Table 106 is clearly visible on the page but is missing from the candidate list. Only 107 was assigned.,,
1911_census_volume_iii_part_xiv_summary,134,qa_flash_lite,data/intermediate/page_inventory/abs_1911_flagged_page_qa.csv,293,boundary_confirmed,True,107 | 108,107 | 108,107 | 108,The page contains the continuation of Table 107 and the start of Table 108. Both are correctly identified in the candidate set.,,
1911_census_volume_iii_part_xiv_summary,141,qa_flash_lite,data/intermediate/page_inventory/abs_1911_flagged_page_qa.csv,294,candidate_set_wrong,False,,,,"The page contains a continuation of a table regarding Age and Occupation. The provided candidate table numbers (110, 111, 112) do not match this content. The table appears to be a continuation of a table from a previous page.",,
1911_census_volume_iii_part_xiv_summary,172,qa_flash_lite,data/intermediate/page_inventory/abs_1911_flagged_page_qa.csv,295,boundary_confirmed,True,142 | 143,142 | 143,142 | 143,Page contains two complete tables (142 and 143) as identified by the original match.,,
1911_census_volume_iii_part_xiv_summary,174,qa_flash_lite,data/intermediate/page_inventory/abs_1911_flagged_page_qa.csv,296,boundary_confirmed,True,144 | 145,144 | 145,144 | 145,Page contains two complete tables (144 and 145) as identified in the candidate set.,,
1911_census_volume_iii_part_xiv_summary,175,qa_flash_lite,data/intermediate/page_inventory/abs_1911_flagged_page_qa.csv,297,accept_current_match,True,144 | 145,144 | 145,144 | 145,The page contains two distinct tables corresponding to the Commonwealth of Australia for dwellings of full-blooded Aboriginals (Table 144) and all dwellings (Table 145). The assignment is correct.,,
1911_census_volume_iii_part_xiv_summary,176,qa_flash_lite,data/intermediate/page_inventory/abs_1911_flagged_page_qa.csv,298,boundary_confirmed,True,146 | 147,146 | 147,146 | 147,The page contains two complete tables (146 and 147) as identified by the original match.,,
1911_census_volume_iii_part_xiv_summary,177,qa_flash_lite,data/intermediate/page_inventory/abs_1911_flagged_page_qa.csv,299,boundary_confirmed,True,148 | 149,148 | 149,148 | 149,The page contains two complete tables (148 and 149) as identified by the original match.,,
1911_census_volume_iii_part_xiv_summary,180,qa_flash_lite,data/intermediate/page_inventory/abs_1911_flagged_page_qa.csv,300,accept_current_match,True,151 | 152 | 153,151 | 152 | 153,151 | 152 | 153,"The page contains three complete tables (151, 152, 153) as identified.",,
1911_census_volume_iii_part_xiv_summary,181,qa_flash_lite,data/intermediate/page_inventory/abs_1911_flagged_page_qa.csv,301,boundary_confirmed,True,151 | 152 | 153,150 | 151 | 152,150 | 151 | 152,"The page contains three distinct tables corresponding to Private Dwellings (150), Dwellings other than Private (151), and All Dwellings (152). All are present in the candidate list.",,
1911_census_volume_iii_part_xiv_summary,183,qa_flash_lite,data/intermediate/page_inventory/abs_1911_flagged_page_qa.csv,302,accept_current_match,True,155 | 156 | 157,155 | 156 | 157,155 | 156 | 157,"The page contains three complete tables (155, 156, 157) as identified in the original match.",,
1911_census_volume_iii_part_xiv_summary,184,qa_flash_lite,data/intermediate/page_inventory/abs_1911_flagged_page_qa.csv,303,boundary_confirmed,True,158 | 159,158 | 159,158 | 159,"The page contains two complete tables, 158 and 159, which matches the original assignment.",,
1911_census_volume_iii_part_xiv_summary,186,qa_flash_lite,data/intermediate/page_inventory/abs_1911_flagged_page_qa.csv,304,boundary_confirmed,True,160 | 161,160 | 161,160 | 161,The page contains two complete tables (160 and 161) as identified by the original match.,,
1911_census_volume_iii_part_xiv_summary,201,qa_flash_lite,data/intermediate/page_inventory/abs_1911_flagged_page_qa.csv,305,boundary_confirmed,True,165 | 166 | 167,165 | 166 | 167,165 | 166 | 167,"The page contains three distinct tables (165, 166, and 167) as identified by their headers. All are within the candidate set.",,
1911_census_volume_ii_part_ii_birthplaces,31,qa_flash,data/intermediate/page_inventory/abs_1911_flagged_page_qa_gemini_3_5_flash.csv,2,candidate_set_wrong,False,,,,"The page contains Table 1 (Birthplaces classified according to Birthplace and Age), which is not in the candidate list (12, 13, 14). The candidate set is wrong/insufficient.",,
1911_census_volume_ii_part_ii_birthplaces,49,qa_flash,data/intermediate/page_inventory/abs_1911_flagged_page_qa_gemini_3_5_flash.csv,3,candidate_set_wrong,False,,,,"The page contains the continuation of the Queensland birthplace table (Table 24). The candidate set (21, 22, 23) contains the tables for Victoria (Table 22) and Queensland's first part (Table 23, which starts on page 150). This page (153) is the second part of the Queensland table, which is Table 24. Since Table 24 is not in the candidate set, it is flagged as candidate_set_wrong.",,
1911_census_volume_ii_part_ii_birthplaces,61,qa_flash,data/intermediate/page_inventory/abs_1911_flagged_page_qa_gemini_3_5_flash.csv,4,candidate_set_wrong,False,,,,"The page contains Table 28 (Western Australia - Birthplace and Age, second page/part or complete on page for these age groups). The candidate set contains 28, but since the prior model flagged it as incorrect/insufficient or it needs verification against the full table structure, and the candidate set is incomplete/wrong for the full sequence of Western Australia tables (which usually span multiple pages), human review is required to confirm the correct table number mapping.",,
1911_census_volume_ii_part_ii_birthplaces,73,qa_flash,data/intermediate/page_inventory/abs_1911_flagged_page_qa_gemini_3_5_flash.csv,5,candidate_set_wrong,False,,,,"The page contains the continuation of Table 36 (Northern Territory classified according to Birthplace and Age), but the candidate set only includes 33, 34, and 35. Therefore, the candidate set is wrong and incomplete.",,
1911_census_volume_ii_part_ii_birthplaces,97,qa_flash,data/intermediate/page_inventory/abs_1911_flagged_page_qa_gemini_3_5_flash.csv,6,candidate_set_wrong,False,,,,"The page contains a large table for Victoria (Education and Conjugal Condition by Birthplace). The candidate table numbers (45, 46, 47) correspond to the Birthplaces tables, but this specific page is likely Table 46 (or part of it). However, without the correct mapping confirmed in the candidate set, and given the prior model warning that the candidates are insufficient/incorrect for this specific page's layout, it needs human review to verify the exact table number mapping for Victoria's detailed birthplace tables.",,
1911_census_volume_ii_part_ii_birthplaces,103,qa_flash,data/intermediate/page_inventory/abs_1911_flagged_page_qa_gemini_3_5_flash.csv,7,candidate_set_wrong,False,,,,"The page contains Table 4 (Birthplaces - Queensland: Nationality, Length of Residence, Education, and Conjugal Condition) continued on page 207. The candidate set (48, 49, 50) is incorrect for this section of the 1911 census volume.",,
1911_census_volume_ii_part_ii_birthplaces,109,qa_flash,data/intermediate/page_inventory/abs_1911_flagged_page_qa_gemini_3_5_flash.csv,8,candidate_set_wrong,False,,,,"The page contains Table 11 (State of South Australia: Birthplaces - Nationality, Length of Residence, Education, and Conjugal Condition) as indicated by the page number 213 and the sequence of tables in this part. The candidate set (51, 52, 53) is incorrect for this page.",,
1911_census_volume_ii_part_ii_birthplaces,115,qa_flash,data/intermediate/page_inventory/abs_1911_flagged_page_qa_gemini_3_5_flash.csv,9,candidate_set_wrong,False,,,,"The page contains Table 55 (State of Western Australia - Birthplaces: Nationality, Length of Residence, Education, and Conjugal Condition). The candidate set includes 55, but the prior model flagged it as non_table and the candidate set is incomplete/wrong because it does not cover the full span of this large multi-page table structure properly, or the prior model was confused by the row numbers 1-75. Table 55 is indeed the correct table number for Western Australia in this section.",,
1911_census_volume_ii_part_ii_birthplaces,121,qa_flash,data/intermediate/page_inventory/abs_1911_flagged_page_qa_gemini_3_5_flash.csv,10,candidate_set_wrong,False,,,,"The page contains Table 13 (Tasmania - Birthplaces: Nationality, Length of Residence, Education, and Conjugal Condition) on printed page 225. The candidate set (57, 58, 59) is incorrect as it belongs to a different section or state.",,
1911_census_volume_ii_part_ii_birthplaces,127,qa_flash,data/intermediate/page_inventory/abs_1911_flagged_page_qa_gemini_3_5_flash.csv,11,candidate_set_wrong,False,,,,"The page contains a table for the Northern Territory (Birthplaces) with columns for Education and Conjugal Condition. It does not have an explicit table number printed on it, but it is part of the Birthplaces section. The candidate table numbers (60, 61, 62) do not match this table, which is likely an unnumbered summary or a specific territory table not covered by the candidates.",,
1911_census_volume_ii_part_ii_birthplaces,145,qa_flash,data/intermediate/page_inventory/abs_1911_flagged_page_qa_gemini_3_5_flash.csv,12,candidate_set_wrong,False,,,,"The page contains Table 18 (State of New South Wales, Birthplace and Religion), which is not present in the candidate table numbers (69, 70, 71). The candidate set is wrong.",,
1911_census_volume_ii_part_ii_birthplaces,157,qa_flash,data/intermediate/page_inventory/abs_1911_flagged_page_qa_gemini_3_5_flash.csv,13,correct_match_from_candidates,True,,75,75,"The page contains the complete table for the State of Queensland (Birthplace and Religion), which is Table 75 (as indicated by the final row numbers ending at 75, matching the standard table numbering sequence for Queensland in this part of the census). Candidate 75 is correct.",,
1911_census_volume_ii_part_ii_birthplaces,163,qa_flash,data/intermediate/page_inventory/abs_1911_flagged_page_qa_gemini_3_5_flash.csv,14,candidate_set_wrong,False,,,,"The page contains Table 18 (State of South Australia - Birthplace and Religion) on printed page 267. The candidate set (78, 79, 80) is completely incorrect for this page, likely due to a mismatch in the PDF page index mapping or volume part.",,
1911_census_volume_ii_part_ii_birthplaces,169,qa_flash,data/intermediate/page_inventory/abs_1911_flagged_page_qa_gemini_3_5_flash.csv,15,candidate_set_wrong,False,,,,"The page contains Table 14 (Western Australia - Birthplace and Religion) as indicated by the title and structure (matching the sequence of states in this census part). The candidate set only contains tables 81, 82, and 83, which are incorrect for this page. Therefore, the candidate set is wrong and needs human review to assign the correct table number.",,
1911_census_volume_ii_part_ii_birthplaces,181,qa_flash,data/intermediate/page_inventory/abs_1911_flagged_page_qa_gemini_3_5_flash.csv,16,candidate_set_wrong,False,,,,"The page contains Table 89 (Northern Territory: Birthplace and Religion), but the candidate set contains 87, 88, 89. However, looking at the sequence of tables in this part, Table 89 is indeed the correct table number for this page. Since the candidate set does contain 89, but the prior model flagged it as missing/wrong, we need to verify. Table 89 is the correct table number for Northern Territory Birthplace and Religion (Table 87 is NSW, 88 is QLD/SA/WA/TAS etc.). I will mark candidate_set_complete as false and request human review to ensure the mapping of Table 89 is correctly aligned across the document.",,
1911_census_volume_ii_part_ii_birthplaces,187,qa_flash,data/intermediate/page_inventory/abs_1911_flagged_page_qa_gemini_3_5_flash.csv,17,candidate_set_wrong,False,,,,"The page contains Table 93 (Federal Capital Territory: Birthplace and Religion), but the candidate list only contains 90, 91, and 92. Therefore, the candidate set is incomplete and wrong.",,
1911_census_volume_ii_part_ii_birthplaces,265,qa_flash,data/intermediate/page_inventory/abs_1911_flagged_page_qa_gemini_3_5_flash.csv,18,correct_match_from_candidates,True,,99,99,"The page is a continuation of Table 99 (Birthplaces of the Population in Districts of Western Australia). The candidate set correctly contains 99, which was missing from the original matched table numbers.",,
1911_census_volume_ii_part_viii_non_european_races,23,qa_flash,data/intermediate/page_inventory/abs_1911_flagged_page_qa_gemini_3_5_flash.csv,19,accept_current_match,True,18 | 19 | 20,18 | 19 | 20,18 | 19 | 20,"The page contains the continuation of Queensland tables (Males and Females) which correspond to Tables 18, 19, and 20 in this section. The candidate set contains 18, 19, 20, which are correct and match the original assignments.",,
1911_census_volume_ii_part_viii_non_european_races,25,qa_flash,data/intermediate/page_inventory/abs_1911_flagged_page_qa_gemini_3_5_flash.csv,20,correct_match_from_candidates,True,,21 | 22,21 | 22,"The page contains the continuation/end of two tables classified by race and age (excluding/including full-blooded Aboriginals). Based on the sequence of tables in this part, these correspond to Tables 21 and 22 (which are the continuation of the tables started on the previous page for specific states/territories or aggregates).",,
1911_census_volume_ii_part_viii_non_european_races,57,qa_flash,data/intermediate/page_inventory/abs_1911_flagged_page_qa_gemini_3_5_flash.csv,21,candidate_set_wrong,False,,,,"The page contains the continuation of Table 44 (European Race Enumerated - continued) at the top, and the start of Table 45 (European Race Enumerated - Nationality, Length of Residence, Education and Conjugal Condition) at the bottom. The candidate set contains 44, 45, and 46, but the prior model flagged it incorrectly as not containing the correct candidates. However, since the page contains parts of both Table 44 and Table 45, and the candidate set actually does include 44 and 45, the candidate set is technically complete/correct, but the prior model's warning was wrong. Let's correct the match to include both 44 and 45.",,
1911_census_volume_ii_part_viii_non_european_races,73,qa_flash,data/intermediate/page_inventory/abs_1911_flagged_page_qa_gemini_3_5_flash.csv,22,accept_current_match,True,58 | 59,58 | 59,58 | 59,"The page contains the continuation of Table 58 (European Race) and Table 59 (Non-European Race) for the Northern Territory (as indicated by the preceding pages of this section). The candidate set contains 58 and 59, which are the correct table numbers for these two tables. The prior model's warning was incorrect.",,
1911_census_volume_ii_part_viii_non_european_races,101,qa_flash,data/intermediate/page_inventory/abs_1911_flagged_page_qa_gemini_3_5_flash.csv,23,candidate_set_wrong,False,,,,"The page contains a continuation of Table 74 (as indicated by the Birthplace No. column matching Table 74's structure and the preceding pages of this section). The candidate set (76, 77, 78) does not contain Table 74.",,
1911_census_volume_ii_part_viii_non_european_races,103,qa_flash,data/intermediate/page_inventory/abs_1911_flagged_page_qa_gemini_3_5_flash.csv,24,candidate_set_wrong,False,,,,"The page contains Table 7 (or a continuation of Table 7, as indicated by the Birthplace No. column and the title structure of this section of the 1911 census). The candidate set only contains 77, 78, 79, which is incorrect.",,
1911_census_volume_ii_part_viii_non_european_races,105,qa_flash,data/intermediate/page_inventory/abs_1911_flagged_page_qa_gemini_3_5_flash.csv,25,candidate_set_wrong,False,,,,"The page contains a continuation of Table 77 (Non-European Races: Half-Caste and Full-Blood classified by Birthplace), but the candidate set only includes 78, 79, and 80. Therefore, the candidate set is wrong and needs human review to assign Table 77.",,
1911_census_volume_ii_part_viii_non_european_races,113,qa_flash,data/intermediate/page_inventory/abs_1911_flagged_page_qa_gemini_3_5_flash.csv,26,candidate_set_wrong,False,,,,"The page contains two tables: 'Non-European Race Enumerated...' and 'European Race Enumerated...'. These correspond to Tables 83 and 84 of this part of the census (classified by birthplace and race, half-castes). The candidate set contains 82, 83, 84, but since this page contains multiple tables (both 83 and 84), and the original match was empty, we flag this as candidate_set_wrong / needs_human_review to ensure proper multi-table boundary splitting or mapping.",,
1911_census_volume_ii_part_viii_non_european_races,157,qa_flash,data/intermediate/page_inventory/abs_1911_flagged_page_qa_gemini_3_5_flash.csv,27,candidate_set_wrong,False,,,,"The page contains a continuation of Table 102 (Non-European Races Classified according to Occupation and Race). The candidate set includes 102, but the original matched table numbers were empty and the prior model flagged it as missing. Since Table 102 is in the candidate set, it could be assigned, but the title text has a typo in the prior model's warning ('EUROPEAN RACE' instead of 'NON-EUROPEAN RACE' due to a cropped header or printing error 'NON-EUROPEAN RACES' at the top right, and 'NON-EUROPEAN' is partially cut off or misread in the main title which reads 'NON-EUROPEAN RACE ENUMERATED' with 'NON-' cut off or missing). Actually, looking at the image, the title says 'NON-EUROPEAN RACE ENUMERATED' but 'NON-' is extremely faint or missing, showing 'EUROPEAN RACE ENUMERATED'. This is indeed Table 102. We mark candidate_set_wrong or correct_match_from_candidates. Since 102 is in the candidate set, we can correct the match to 102.",,
1911_census_volume_iii_part_xii_occupations,363,qa_flash,data/intermediate/page_inventory/abs_1911_flagged_page_qa_gemini_3_5_flash.csv,28,candidate_set_wrong,False,,,,"The page contains a table for Northern Territory Aboriginals (which is Table 36 in this section of the census, or a continuation of it). However, the candidate set (34, 35, 36) is flagged as insufficient or incorrect by the prior model due to potential numbering mismatches in the metadata. To be safe, since the exact table number is not explicitly printed on this page (only the title 'THE NORTHERN TERRITORY according to Occupation, Grade and Age...'), and the prior model flagged the candidate set as wrong, we mark candidate_set_complete as false and request human review.",,
1911_census_volume_iii_part_xii_occupations,411,qa_flash,data/intermediate/page_inventory/abs_1911_flagged_page_qa_gemini_3_5_flash.csv,29,candidate_set_wrong,False,,,,"The page contains the end of Table 51 (Melbourne and Suburbs according to Occupation and Age), but the candidate set is incomplete or misaligned because Table 51 is listed as a candidate but the prior model flagged it as missing/wrong. Since Table 51 is in the candidate list (51 | 50 | 52), it could technically be assigned, but the prior model's warning suggests a mismatch in table numbering definitions. Setting to candidate_set_wrong and requesting human review to verify the correct table mapping for Melbourne and Suburbs.",,
1911_census_volume_iii_part_xii_occupations,423,qa_flash,data/intermediate/page_inventory/abs_1911_flagged_page_qa_gemini_3_5_flash.csv,30,candidate_set_wrong,False,,,,"The page contains a continuation of Table 18 (Occupations in Adelaide and Suburbs by Age), but the candidate set only contains 56, 57, 58 (which correspond to Brisbane/Hobart/etc. or other sections). Since Table 18 is not in the candidate set, this is flagged as candidate_set_wrong.",,
1911_census_volume_iii_part_xii_occupations,429,qa_flash,data/intermediate/page_inventory/abs_1911_flagged_page_qa_gemini_3_5_flash.csv,31,candidate_set_wrong,False,,,,"The page contains the end of Table 62 (Perth and Suburbs, according to Occupation and Age, exclusive of full-blooded Aboriginals - note that 'blooded Aboriginals' in the title snippet is a partial scan error of 'exclusive of full-blooded Aboriginals'). Table 62 is not in the candidate list (59, 60, 61).",,
1911_census_volume_iii_part_xii_occupations,431,qa_flash,data/intermediate/page_inventory/abs_1911_flagged_page_qa_gemini_3_5_flash.csv,32,candidate_set_wrong,False,,,,"The page contains the continuation of the table for Perth and Suburbs (Females), which corresponds to Table 62 (or part of the Table 62 sequence for Western Australia localities). However, the candidate set (60, 61, 62) is flagged as incorrect or incomplete by the prior model, and without confirmation of the exact table numbering scheme for this locality section, it needs human review to verify the correct table number mapping.",,
1911_census_volume_iii_part_xii_occupations,435,qa_flash,data/intermediate/page_inventory/abs_1911_flagged_page_qa_gemini_3_5_flash.csv,33,candidate_set_wrong,False,,,,"The page shows the end of the table for Hobart and Suburbs (which is Table 64 in this section of the 1911 Census, following Table 62 for Melbourne and Table 63 for Brisbane). However, the candidate set is missing the correct table number or the mapping is ambiguous, and the prior model flagged it as a mismatch. Since Table 64 is in the candidate set (63 | 62 | 64), we can see 64 is a candidate, but the table itself does not explicitly print 'Table 64' on this continuation page (it only has the title 'HOBART AND SUBURBS...'). To be safe and correct the metadata alignment, human review is required to confirm if Table 64 is indeed the correct assignment for Hobart.",,
1911_census_volume_iii_part_xii_occupations,554,qa_flash,data/intermediate/page_inventory/abs_1911_flagged_page_qa_gemini_3_5_flash.csv,34,boundary_confirmed,True,84,83 | 84,83 | 84,"The page contains the end of Table 83 (Females) and the start of Table 84 (Males). Both table numbers are present in the candidate list (83, 84, 85), so the candidate set is complete and correct. The original match only listed 84, but both 83 and 84 are visible and should be assigned.",,
1911_census_volume_iii_part_xiii_dwellings,57,qa_flash,data/intermediate/page_inventory/abs_1911_flagged_page_qa_gemini_3_5_flash.csv,35,candidate_set_wrong,False,,,,"The page contains Table 33 (Dwellings in New South Wales classified according to number of rooms and inmates, excluding those occupied solely by Full-blooded Aboriginals), which is not in the candidate set (30, 31, 32).",,
1911_census_volume_iii_part_xiii_dwellings,186,qa_flash,data/intermediate/page_inventory/abs_1911_flagged_page_qa_gemini_3_5_flash.csv,36,candidate_set_wrong,False,,,,"The page clearly contains Table 69, but the candidate list only contains 67 and 68. Therefore, the candidate set is wrong and needs human review to add Table 69.",,
1911_census_volume_iii_part_xiv_summary,132,qa_flash,data/intermediate/page_inventory/abs_1911_flagged_page_qa_gemini_3_5_flash.csv,37,candidate_set_wrong,False,107,106 | 107,107,"The page contains the end of Table 106 and the start of Table 107. Table 106 is clearly visible on the page but is missing from the candidate_table_numbers list (which only contains 107, 106, 108 but the system rules state we must flag candidate_set_wrong if we cannot assign all visible tables due to candidate set limitations or if we need to correct the match and the candidate set is incomplete/wrong).",,
1911_census_volume_iii_part_xiv_summary,141,qa_flash,data/intermediate/page_inventory/abs_1911_flagged_page_qa_gemini_3_5_flash.csv,38,candidate_set_wrong,False,,,,"The page is a continuation of Table 111 (Classified according to Age and Occupation). The candidate set includes 111, but the prior model classified this page as non_table and did not assign it. Since the page contains the continuation of Table 111, it should be assigned to Table 111. However, because the prior model flagged it as non_table and the candidate set is incomplete/incorrectly mapped for this page sequence, human review is flagged to ensure proper alignment of the multi-page table.",,
1911_census_volume_ii_part_ii_birthplaces,31,gpt55_adjudication,data/intermediate/page_inventory/abs_1911_flagged_page_qa_gpt55_adjudication.csv,2,assign_to_candidate,True,,13,13,"Commonwealth birthplace/age table; Birth-place No. values are row/category IDs, not table numbers.",,
1911_census_volume_ii_part_ii_birthplaces,49,gpt55_adjudication,data/intermediate/page_inventory/abs_1911_flagged_page_qa_gpt55_adjudication.csv,3,assign_to_candidate,True,,22,22,Queensland birthplace/age table; Birth-place No. values are row/category IDs.,,
1911_census_volume_ii_part_ii_birthplaces,61,gpt55_adjudication,data/intermediate/page_inventory/abs_1911_flagged_page_qa_gpt55_adjudication.csv,4,assign_to_candidate,True,,28,28,Western Australia birthplace/age table; Birth-place No. values are row/category IDs.,,
1911_census_volume_ii_part_ii_birthplaces,73,gpt55_adjudication,data/intermediate/page_inventory/abs_1911_flagged_page_qa_gpt55_adjudication.csv,5,assign_to_candidate,True,,34,34,Northern Territory birthplace/age table; Birth-place No. values are row/category IDs.,,
1911_census_volume_ii_part_ii_birthplaces,97,gpt55_adjudication,data/intermediate/page_inventory/abs_1911_flagged_page_qa_gpt55_adjudication.csv,6,assign_to_candidate,True,,46,46,Victoria nationality/residence/education/conjugal-condition table; Birth-place No. is not table-number evidence.,,
1911_census_volume_ii_part_ii_birthplaces,103,gpt55_adjudication,data/intermediate/page_inventory/abs_1911_flagged_page_qa_gpt55_adjudication.csv,7,assign_to_candidate,True,,49,49,Queensland nationality/residence/education/conjugal-condition table.,,
1911_census_volume_ii_part_ii_birthplaces,109,gpt55_adjudication,data/intermediate/page_inventory/abs_1911_flagged_page_qa_gpt55_adjudication.csv,8,assign_to_candidate,True,,52,52,South Australia nationality/residence/education/conjugal-condition table.,,
1911_census_volume_ii_part_ii_birthplaces,115,gpt55_adjudication,data/intermediate/page_inventory/abs_1911_flagged_page_qa_gpt55_adjudication.csv,9,assign_to_candidate,True,,55,55,Western Australia nationality/residence/education/conjugal-condition table.,,
1911_census_volume_ii_part_ii_birthplaces,121,gpt55_adjudication,data/intermediate/page_inventory/abs_1911_flagged_page_qa_gpt55_adjudication.csv,10,assign_to_candidate,True,,58,58,Tasmania nationality/residence/education/conjugal-condition table.,,
1911_census_volume_ii_part_ii_birthplaces,127,gpt55_adjudication,data/intermediate/page_inventory/abs_1911_flagged_page_qa_gpt55_adjudication.csv,11,assign_to_candidate,True,,61,61,Northern Territory nationality/residence/education/conjugal-condition table.,,
1911_census_volume_ii_part_ii_birthplaces,145,gpt55_adjudication,data/intermediate/page_inventory/abs_1911_flagged_page_qa_gpt55_adjudication.csv,12,assign_to_candidate,True,,70,70,New South Wales birthplace/religion table.,,
1911_census_volume_ii_part_ii_birthplaces,163,gpt55_adjudication,data/intermediate/page_inventory/abs_1911_flagged_page_qa_gpt55_adjudication.csv,13,assign_to_candidate,True,,79,79,South Australia birthplace/religion table.,,
1911_census_volume_ii_part_ii_birthplaces,169,gpt55_adjudication,data/intermediate/page_inventory/abs_1911_flagged_page_qa_gpt55_adjudication.csv,14,assign_to_candidate,True,,82,82,Western Australia birthplace/religion table.,,
1911_census_volume_ii_part_ii_birthplaces,181,gpt55_adjudication,data/intermediate/page_inventory/abs_1911_flagged_page_qa_gpt55_adjudication.csv,15,assign_to_candidate,True,,88,88,Northern Territory birthplace/religion table.,,
1911_census_volume_ii_part_ii_birthplaces,187,gpt55_adjudication,data/intermediate/page_inventory/abs_1911_flagged_page_qa_gpt55_adjudication.csv,16,assign_to_candidate,True,,91,91,Federal Capital Territory birthplace/religion table.,,
1911_census_volume_ii_part_viii_non_european_races,57,gpt55_adjudication,data/intermediate/page_inventory/abs_1911_flagged_page_qa_gpt55_adjudication.csv,17,assign_from_candidates,True,,44 | 45,44 | 45,Two table blocks: continuation of European Race Enumerated and start of European Race Enumerated nationality/residence/education/conjugal-condition.,,
1911_census_volume_ii_part_viii_non_european_races,101,gpt55_adjudication,data/intermediate/page_inventory/abs_1911_flagged_page_qa_gpt55_adjudication.csv,18,assign_from_candidates,True,,77,77,"Continuation of race by birthplace/race half-caste table; birthplace numbers are row codes, not table numbers.",,
1911_census_volume_ii_part_viii_non_european_races,103,gpt55_adjudication,data/intermediate/page_inventory/abs_1911_flagged_page_qa_gpt55_adjudication.csv,19,assign_from_candidates,True,,78,78,Continuation of race by birthplace/race half-caste table; row codes are not table numbers.,,
1911_census_volume_ii_part_viii_non_european_races,105,gpt55_adjudication,data/intermediate/page_inventory/abs_1911_flagged_page_qa_gpt55_adjudication.csv,20,assign_from_candidates,True,,79,79,Continuation of race by birthplace/race half-caste table; no visible evidence for an out-of-candidate table.,,
1911_census_volume_ii_part_viii_non_european_races,113,gpt55_adjudication,data/intermediate/page_inventory/abs_1911_flagged_page_qa_gpt55_adjudication.csv,21,assign_from_candidates,True,,83 | 84,83 | 84,Two table blocks under birthplace/race; candidates include both likely table numbers.,,
1911_census_volume_ii_part_viii_non_european_races,157,gpt55_adjudication,data/intermediate/page_inventory/abs_1911_flagged_page_qa_gpt55_adjudication.csv,22,assign_from_candidates,True,,102,102,Continuation of occupation/race half-caste table; occupation order numbers are row/category codes.,,
1911_census_volume_iii_part_xii_occupations,363,gpt55_adjudication,data/intermediate/page_inventory/abs_1911_flagged_page_qa_gpt55_adjudication.csv,23,correct_match_from_candidates,False,,36,,"Northern Territory occupation/grade/age table; no printed table number visible, but 36 fits nearby candidates.",,
1911_census_volume_iii_part_xii_occupations,411,gpt55_adjudication,data/intermediate/page_inventory/abs_1911_flagged_page_qa_gpt55_adjudication.csv,24,correct_match_from_candidates,False,,51,,"Melbourne and Suburbs occupation/age table; no printed table number visible, but 51 fits candidates.",,
1911_census_volume_iii_part_xii_occupations,423,gpt55_adjudication,data/intermediate/page_inventory/abs_1911_flagged_page_qa_gpt55_adjudication.csv,25,correct_match_from_candidates,False,,57,,Adelaide and Suburbs occupation/age table; no visible evidence for Gemini's out-of-candidate Table 18 claim.,,
1911_census_volume_iii_part_xii_occupations,429,gpt55_adjudication,data/intermediate/page_inventory/abs_1911_flagged_page_qa_gpt55_adjudication.csv,26,correct_match_from_candidates,False,,60,,Perth and Suburbs occupation/age table; no visible evidence for Gemini's out-of-candidate Table 62 claim.,,
1911_census_volume_iii_part_xii_occupations,431,gpt55_adjudication,data/intermediate/page_inventory/abs_1911_flagged_page_qa_gpt55_adjudication.csv,27,correct_match_from_candidates,False,,61,,"Perth and Suburbs occupation/grade/age females table; likely current candidate 61, but no printed table number visible.",,
1911_census_volume_iii_part_xii_occupations,435,gpt55_adjudication,data/intermediate/page_inventory/abs_1911_flagged_page_qa_gpt55_adjudication.csv,28,correct_match_from_candidates,False,,63,,"Hobart and Suburbs occupation/age table; likely current candidate 63, but no printed table number visible.",,
1911_census_volume_iii_part_xiii_dwellings,57,gpt55_adjudication,data/intermediate/page_inventory/abs_1911_flagged_page_qa_gpt55_adjudication.csv,29,candidate_set_wrong,False,,,,"Page appears to be NSW dwellings by rooms/inmates and aligns with out-of-candidate Table 33, not candidates 30-32.",,
1911_census_volume_iii_part_xiii_dwellings,186,gpt55_adjudication,data/intermediate/page_inventory/abs_1911_flagged_page_qa_gpt55_adjudication.csv,30,candidate_set_wrong,False,,,,"Page visibly headed 69.-AREA, POPULATION, DENSITY, OCCUPIED DWELLINGS, ETC., IN EACH LOCAL GOVERNMENT AREA--continued; conflicts with contents-derived index ending at 68.",,
1911_census_volume_iii_part_xiv_summary,132,gpt55_adjudication,data/intermediate/page_inventory/abs_1911_flagged_page_qa_gpt55_adjudication.csv,31,assign_from_candidates,True,107,106 | 107,106 | 107,Page visibly contains Table 106 continued and starts Table 107; both are in candidates.,,
1911_census_volume_iii_part_xiv_summary,141,gpt55_adjudication,data/intermediate/page_inventory/abs_1911_flagged_page_qa_gpt55_adjudication.csv,32,assign_from_candidates,True,,111,111,Age and Occupation continuation; candidate 111 matches and no contrary visible table number.,,
1911_census_volume_iii_part_xiv_summary,168,source_inspection,data/intermediate/page_inventory/abs_1911_source_page_overrides.csv,2,correct_match,True,139,138,138,"Visible heading on physical page 168 (index 167; printed 2216) is Table 138, TOTAL POPULATION OF THE NORTHERN TERRITORY. Previous guided assignment 139 described the following page instead.",2026-09-22,Assistant source inspection: data/raw/abs_1911_census/1911 Census - Volume III - Part XIV Summary.pdf; page 168 text and rendered heading; 2026-09-22
1911_census_volume_iii_part_xiii_dwellings,57,human_review,data/intermediate/page_inventory/abs_1911_manual_page_overrides.csv,2,correct_match,True,,31,31,,2026-09-22T04:56:41+00:00,Manual QA dashboard; 2026-09-22T04:56:41+00:00
1911_census_volume_iii_part_xiii_dwellings,186,human_review,data/intermediate/page_inventory/abs_1911_manual_page_overrides.csv,3,correct_match,True,,69,69,"Area, pop, density, dwellings by LGA",2026-09-22T04:57:01+00:00,Manual QA dashboard; 2026-09-22T04:57:01+00:00; explicit user title confirmation 2026-09-22
1911_census_volume_iii_part_xii_occupations,363,human_review,data/intermediate/page_inventory/abs_1911_manual_page_overrides.csv,4,correct_match,True,,35,35,female population,2026-09-22T04:57:16+00:00,Manual QA dashboard; 2026-09-22T04:57:16+00:00
1911_census_volume_iii_part_xii_occupations,411,human_review,data/intermediate/page_inventory/abs_1911_manual_page_overrides.csv,5,correct_match,True,,51,51,,2026-09-22T04:57:20+00:00,Manual QA dashboard; 2026-09-22T04:57:20+00:00
1911_census_volume_iii_part_xii_occupations,423,human_review,data/intermediate/page_inventory/abs_1911_manual_page_overrides.csv,6,correct_match,True,,57,57,,2026-09-22T04:57:24+00:00,Manual QA dashboard; 2026-09-22T04:57:24+00:00
1911_census_volume_iii_part_xii_occupations,429,human_review,data/intermediate/page_inventory/abs_1911_manual_page_overrides.csv,7,correct_match,True,,60,60,,2026-09-22T04:57:26+00:00,Manual QA dashboard; 2026-09-22T04:57:26+00:00
1911_census_volume_iii_part_xii_occupations,431,human_review,data/intermediate/page_inventory/abs_1911_manual_page_overrides.csv,8,correct_match,True,,61,61,,2026-09-22T04:57:29+00:00,Manual QA dashboard; 2026-09-22T04:57:29+00:00
1911_census_volume_iii_part_xii_occupations,435,human_review,data/intermediate/page_inventory/abs_1911_manual_page_overrides.csv,9,correct_match,True,,63,63,,2026-09-22T04:57:34+00:00,Manual QA dashboard; 2026-09-22T04:57:34+00:00
1911_census_volume_iii_part_xiv_summary,33,human_review,data/intermediate/page_inventory/abs_1911_manual_page_overrides.csv,10,correct_match,True,28,27,27,,2026-09-22T05:33:43+00:00,Completed mapping review; explore/output/2026-09-20_census-qa-dashboard/mapping_review_decisions.csv; 2026-09-22T05:33:43+00:00
1911_census_volume_iii_part_xiv_summary,167,human_review,data/intermediate/page_inventory/abs_1911_manual_page_overrides.csv,11,correct_match,True,138,137,137,,2026-09-22T05:33:46+00:00,Completed mapping review; explore/output/2026-09-20_census-qa-dashboard/mapping_review_decisions.csv; 2026-09-22T05:33:46+00:00
1911_census_volume_ii_part_i_ages,60,human_review,data/intermediate/page_inventory/abs_1911_manual_page_overrides.csv,12,correct_match,True,33 | 34,33 | 34,33 | 34,,2026-09-22T05:33:56+00:00,Completed mapping review; explore/output/2026-09-20_census-qa-dashboard/mapping_review_decisions.csv; 2026-09-22T05:33:56+00:00
1911_census_volume_ii_part_i_ages,61,human_review,data/intermediate/page_inventory/abs_1911_manual_page_overrides.csv,13,correct_match,True,35,33,33,,2026-09-22T05:34:06+00:00,Completed mapping review; explore/output/2026-09-20_census-qa-dashboard/mapping_review_decisions.csv; 2026-09-22T05:34:06+00:00
1911_census_volume_ii_part_i_ages,62,human_review,data/intermediate/page_inventory/abs_1911_manual_page_overrides.csv,14,correct_match,True,34 | 35,34 | 35,34 | 35,,2026-09-22T05:34:11+00:00,Completed mapping review; explore/output/2026-09-20_census-qa-dashboard/mapping_review_decisions.csv; 2026-09-22T05:34:11+00:00
1911_census_volume_ii_part_ii_birthplaces,154,human_review,data/intermediate/page_inventory/abs_1911_manual_page_overrides.csv,15,correct_match,True,75,75,75,,2026-09-22T05:34:15+00:00,Completed mapping review; explore/output/2026-09-20_census-qa-dashboard/mapping_review_decisions.csv; 2026-09-22T05:34:15+00:00
1911_census_volume_ii_part_ii_birthplaces,155,human_review,data/intermediate/page_inventory/abs_1911_manual_page_overrides.csv,16,correct_match,True,76,75,75,,2026-09-22T05:34:23+00:00,Completed mapping review; explore/output/2026-09-20_census-qa-dashboard/mapping_review_decisions.csv; 2026-09-22T05:34:23+00:00
1911_census_volume_ii_part_ii_birthplaces,156,human_review,data/intermediate/page_inventory/abs_1911_manual_page_overrides.csv,17,correct_match,True,76,76,76,,2026-09-22T05:34:29+00:00,Completed mapping review; explore/output/2026-09-20_census-qa-dashboard/mapping_review_decisions.csv; 2026-09-22T05:34:29+00:00
1911_census_volume_ii_part_ii_birthplaces,157,human_review,data/intermediate/page_inventory/abs_1911_manual_page_overrides.csv,18,correct_match,True,75,76,76,,2026-09-22T05:34:35+00:00,Completed mapping review; explore/output/2026-09-20_census-qa-dashboard/mapping_review_decisions.csv; 2026-09-22T05:34:35+00:00
1911_census_volume_ii_part_iii_length_of_residence,19,human_review,data/intermediate/page_inventory/abs_1911_manual_page_overrides.csv,19,correct_match,True,6,6,6,,2026-09-22T05:34:38+00:00,Completed mapping review; explore/output/2026-09-20_census-qa-dashboard/mapping_review_decisions.csv; 2026-09-22T05:34:38+00:00
1911_census_volume_ii_part_iii_length_of_residence,20,human_review,data/intermediate/page_inventory/abs_1911_manual_page_overrides.csv,20,correct_match,True,7,6 | 7,6 | 7,,2026-09-22T05:34:46+00:00,Completed mapping review; explore/output/2026-09-20_census-qa-dashboard/mapping_review_decisions.csv; 2026-09-22T05:34:46+00:00
1911_census_volume_ii_part_iii_length_of_residence,21,human_review,data/intermediate/page_inventory/abs_1911_manual_page_overrides.csv,21,correct_match,True,6 | 7,6 | 7,6 | 7,,2026-09-22T05:35:01+00:00,Completed mapping review; explore/output/2026-09-20_census-qa-dashboard/mapping_review_decisions.csv; 2026-09-22T05:35:01+00:00
1911_census_volume_ii_part_iii_length_of_residence,25,human_review,data/intermediate/page_inventory/abs_1911_manual_page_overrides.csv,22,correct_match,True,8,8,8,,2026-09-22T05:35:06+00:00,Completed mapping review; explore/output/2026-09-20_census-qa-dashboard/mapping_review_decisions.csv; 2026-09-22T05:35:06+00:00
1911_census_volume_ii_part_iii_length_of_residence,26,human_review,data/intermediate/page_inventory/abs_1911_manual_page_overrides.csv,23,correct_match,True,9,8 | 9,8 | 9,,2026-09-22T05:35:16+00:00,Completed mapping review; explore/output/2026-09-20_census-qa-dashboard/mapping_review_decisions.csv; 2026-09-22T05:35:16+00:00
1911_census_volume_ii_part_iii_length_of_residence,27,human_review,data/intermediate/page_inventory/abs_1911_manual_page_overrides.csv,24,correct_match,True,8 | 9,8 | 9,8 | 9,,2026-09-22T05:35:23+00:00,Completed mapping review; explore/output/2026-09-20_census-qa-dashboard/mapping_review_decisions.csv; 2026-09-22T05:35:23+00:00
1911_census_volume_ii_part_vi_religions,94,human_review,data/intermediate/page_inventory/abs_1911_manual_page_overrides.csv,25,correct_match,True,38 | 39,38 | 39,38 | 39,,2026-09-22T05:35:27+00:00,Completed mapping review; explore/output/2026-09-20_census-qa-dashboard/mapping_review_decisions.csv; 2026-09-22T05:35:27+00:00
1911_census_volume_ii_part_vi_religions,95,human_review,data/intermediate/page_inventory/abs_1911_manual_page_overrides.csv,26,correct_match,True,40,38 | 39,38 | 39,,2026-09-22T05:35:37+00:00,Completed mapping review; explore/output/2026-09-20_census-qa-dashboard/mapping_review_decisions.csv; 2026-09-22T05:35:37+00:00
1911_census_volume_ii_part_vi_religions,96,human_review,data/intermediate/page_inventory/abs_1911_manual_page_overrides.csv,27,correct_match,True,39 | 40,39 | 40,39 | 40,,2026-09-22T05:35:40+00:00,Completed mapping review; explore/output/2026-09-20_census-qa-dashboard/mapping_review_decisions.csv; 2026-09-22T05:35:40+00:00
1911_census_volume_ii_part_vi_religions,104,human_review,data/intermediate/page_inventory/abs_1911_manual_page_overrides.csv,28,correct_match,True,44 | 45,44 | 45,44 | 45,,2026-09-22T05:35:45+00:00,Completed mapping review; explore/output/2026-09-20_census-qa-dashboard/mapping_review_decisions.csv; 2026-09-22T05:35:45+00:00
1911_census_volume_ii_part_vi_religions,105,human_review,data/intermediate/page_inventory/abs_1911_manual_page_overrides.csv,29,correct_match,True,46,44 | 45,44 | 45,,2026-09-22T05:35:54+00:00,Completed mapping review; explore/output/2026-09-20_census-qa-dashboard/mapping_review_decisions.csv; 2026-09-22T05:35:54+00:00
1911_census_volume_ii_part_vi_religions,106,human_review,data/intermediate/page_inventory/abs_1911_manual_page_overrides.csv,30,correct_match,True,45 | 46,45 | 46,45 | 46,,2026-09-22T05:35:57+00:00,Completed mapping review; explore/output/2026-09-20_census-qa-dashboard/mapping_review_decisions.csv; 2026-09-22T05:35:57+00:00
1911_census_volume_ii_part_viii_non_european_races,50,human_review,data/intermediate/page_inventory/abs_1911_manual_page_overrides.csv,31,correct_match,True,40 | 41,40 | 41,40 | 41,,2026-09-22T05:36:02+00:00,Completed mapping review; explore/output/2026-09-20_census-qa-dashboard/mapping_review_decisions.csv; 2026-09-22T05:36:02+00:00
1911_census_volume_ii_part_viii_non_european_races,51,human_review,data/intermediate/page_inventory/abs_1911_manual_page_overrides.csv,32,correct_match,True,42,40 | 41,40 | 41,,2026-09-22T05:40:49+00:00,Completed mapping review; explore/output/2026-09-20_census-qa-dashboard/mapping_review_decisions.csv; 2026-09-22T05:40:49+00:00
1911_census_volume_ii_part_viii_non_european_races,52,human_review,data/intermediate/page_inventory/abs_1911_manual_page_overrides.csv,33,correct_match,True,41 | 42,41 | 42,41 | 42,,2026-09-22T05:41:05+00:00,Completed mapping review; explore/output/2026-09-20_census-qa-dashboard/mapping_review_decisions.csv; 2026-09-22T05:41:05+00:00
1911_census_volume_ii_part_viii_non_european_races,54,human_review,data/intermediate/page_inventory/abs_1911_manual_page_overrides.csv,34,correct_match,True,43 | 44,43 | 44,43 | 44,,2026-09-22T05:41:08+00:00,Completed mapping review; explore/output/2026-09-20_census-qa-dashboard/mapping_review_decisions.csv; 2026-09-22T05:41:08+00:00
1911_census_volume_ii_part_viii_non_european_races,55,human_review,data/intermediate/page_inventory/abs_1911_manual_page_overrides.csv,35,correct_match,True,45,43 | 44,43 | 44,,2026-09-22T05:41:40+00:00,Completed mapping review; explore/output/2026-09-20_census-qa-dashboard/mapping_review_decisions.csv; 2026-09-22T05:41:40+00:00
1911_census_volume_ii_part_viii_non_european_races,56,human_review,data/intermediate/page_inventory/abs_1911_manual_page_overrides.csv,36,correct_match,True,44 | 45,44 | 45,44 | 45,,2026-09-22T05:41:45+00:00,Completed mapping review; explore/output/2026-09-20_census-qa-dashboard/mapping_review_decisions.csv; 2026-09-22T05:41:45+00:00
1911_census_volume_ii_part_viii_non_european_races,58,human_review,data/intermediate/page_inventory/abs_1911_manual_page_overrides.csv,37,correct_match,True,46 | 47,46 | 47,46 | 47,,2026-09-22T05:42:07+00:00,Completed mapping review; explore/output/2026-09-20_census-qa-dashboard/mapping_review_decisions.csv; 2026-09-22T05:42:07+00:00
1911_census_volume_ii_part_viii_non_european_races,59,human_review,data/intermediate/page_inventory/abs_1911_manual_page_overrides.csv,38,correct_match,True,48,46 | 47,46 | 47,,2026-09-22T05:42:16+00:00,Completed mapping review; explore/output/2026-09-20_census-qa-dashboard/mapping_review_decisions.csv; 2026-09-22T05:42:16+00:00
1911_census_volume_ii_part_viii_non_european_races,60,human_review,data/intermediate/page_inventory/abs_1911_manual_page_overrides.csv,39,correct_match,True,47 | 48,47 | 48,47 | 48,,2026-09-22T05:42:21+00:00,Completed mapping review; explore/output/2026-09-20_census-qa-dashboard/mapping_review_decisions.csv; 2026-09-22T05:42:21+00:00
1911_census_volume_ii_part_viii_non_european_races,62,human_review,data/intermediate/page_inventory/abs_1911_manual_page_overrides.csv,40,correct_match,True,49 | 50,49 | 50,49 | 50,,2026-09-22T05:42:24+00:00,Completed mapping review; explore/output/2026-09-20_census-qa-dashboard/mapping_review_decisions.csv; 2026-09-22T05:42:24+00:00
1911_census_volume_ii_part_viii_non_european_races,63,human_review,data/intermediate/page_inventory/abs_1911_manual_page_overrides.csv,41,correct_match,True,51,49 | 50,49 | 50,,2026-09-22T05:42:35+00:00,Completed mapping review; explore/output/2026-09-20_census-qa-dashboard/mapping_review_decisions.csv; 2026-09-22T05:42:35+00:00
1911_census_volume_ii_part_viii_non_european_races,64,human_review,data/intermediate/page_inventory/abs_1911_manual_page_overrides.csv,42,correct_match,True,50 | 51,50 | 51,50 | 51,,2026-09-22T05:42:37+00:00,Completed mapping review; explore/output/2026-09-20_census-qa-dashboard/mapping_review_decisions.csv; 2026-09-22T05:42:37+00:00
1911_census_volume_ii_part_viii_non_european_races,66,human_review,data/intermediate/page_inventory/abs_1911_manual_page_overrides.csv,43,correct_match,True,52 | 53,52 | 53,52 | 53,,2026-09-22T05:42:40+00:00,Completed mapping review; explore/output/2026-09-20_census-qa-dashboard/mapping_review_decisions.csv; 2026-09-22T05:42:40+00:00
1911_census_volume_ii_part_viii_non_european_races,67,human_review,data/intermediate/page_inventory/abs_1911_manual_page_overrides.csv,44,correct_match,True,54,52 | 53,52 | 53,,2026-09-22T05:42:49+00:00,Completed mapping review; explore/output/2026-09-20_census-qa-dashboard/mapping_review_decisions.csv; 2026-09-22T05:42:49+00:00
1911_census_volume_ii_part_viii_non_european_races,68,human_review,data/intermediate/page_inventory/abs_1911_manual_page_overrides.csv,45,correct_match,True,53 | 54,53 | 54,53 | 54,,2026-09-22T05:42:53+00:00,Completed mapping review; explore/output/2026-09-20_census-qa-dashboard/mapping_review_decisions.csv; 2026-09-22T05:42:53+00:00
1911_census_volume_ii_part_viii_non_european_races,107,human_review,data/intermediate/page_inventory/abs_1911_manual_page_overrides.csv,46,correct_match,True,84,80,80,,2026-09-22T05:43:04+00:00,Completed mapping review; explore/output/2026-09-20_census-qa-dashboard/mapping_review_decisions.csv; 2026-09-22T05:43:04+00:00
1911_census_volume_ii_part_viii_non_european_races,108,human_review,data/intermediate/page_inventory/abs_1911_manual_page_overrides.csv,47,correct_match,True,81,81,81,,2026-09-22T05:43:08+00:00,Completed mapping review; explore/output/2026-09-20_census-qa-dashboard/mapping_review_decisions.csv; 2026-09-22T05:43:08+00:00
1911_census_volume_ii_part_viii_non_european_races,109,human_review,data/intermediate/page_inventory/abs_1911_manual_page_overrides.csv,48,correct_match,True,82,81,81,,2026-09-22T05:43:12+00:00,Completed mapping review; explore/output/2026-09-20_census-qa-dashboard/mapping_review_decisions.csv; 2026-09-22T05:43:12+00:00
1911_census_volume_ii_part_viii_non_european_races,110,human_review,data/intermediate/page_inventory/abs_1911_manual_page_overrides.csv,49,correct_match,True,82,82,82,,2026-09-22T05:43:15+00:00,Completed mapping review; explore/output/2026-09-20_census-qa-dashboard/mapping_review_decisions.csv; 2026-09-22T05:43:15+00:00
1911_census_volume_ii_part_viii_non_european_races,111,human_review,data/intermediate/page_inventory/abs_1911_manual_page_overrides.csv,50,correct_match,True,83,82,82,,2026-09-22T05:43:23+00:00,Completed mapping review; explore/output/2026-09-20_census-qa-dashboard/mapping_review_decisions.csv; 2026-09-22T05:43:23+00:00
1911_census_volume_ii_part_viii_non_european_races,112,human_review,data/intermediate/page_inventory/abs_1911_manual_page_overrides.csv,51,correct_match,True,83 | 84,83 | 84,83 | 84,,2026-09-22T05:43:25+00:00,Completed mapping review; explore/output/2026-09-20_census-qa-dashboard/mapping_review_decisions.csv; 2026-09-22T05:43:25+00:00
1911_census_volume_ii_part_viii_non_european_races,130,human_review,data/intermediate/page_inventory/abs_1911_manual_page_overrides.csv,52,correct_match,True,89,89,89,,2026-09-22T05:43:28+00:00,Completed mapping review; explore/output/2026-09-20_census-qa-dashboard/mapping_review_decisions.csv; 2026-09-22T05:43:28+00:00
1911_census_volume_ii_part_viii_non_european_races,131,human_review,data/intermediate/page_inventory/abs_1911_manual_page_overrides.csv,53,correct_match,True,90,89,89,,2026-09-22T05:43:44+00:00,Completed mapping review; explore/output/2026-09-20_census-qa-dashboard/mapping_review_decisions.csv; 2026-09-22T05:43:44+00:00
1911_census_volume_ii_part_viii_non_european_races,132,human_review,data/intermediate/page_inventory/abs_1911_manual_page_overrides.csv,54,correct_match,True,89 | 90,89 | 90,89 | 90,,2026-09-22T05:43:47+00:00,Completed mapping review; explore/output/2026-09-20_census-qa-dashboard/mapping_review_decisions.csv; 2026-09-22T05:43:47+00:00
1911_census_volume_iii_part_x_families,58,human_review,data/intermediate/page_inventory/abs_1911_manual_page_overrides.csv,55,correct_match,True,16,16,16,,2026-09-22T05:43:50+00:00,Completed mapping review; explore/output/2026-09-20_census-qa-dashboard/mapping_review_decisions.csv; 2026-09-22T05:43:50+00:00
1911_census_volume_iii_part_x_families,59,human_review,data/intermediate/page_inventory/abs_1911_manual_page_overrides.csv,56,correct_match,True,17,16,16,,2026-09-22T05:43:59+00:00,Completed mapping review; explore/output/2026-09-20_census-qa-dashboard/mapping_review_decisions.csv; 2026-09-22T05:43:59+00:00
1911_census_volume_iii_part_x_families,60,human_review,data/intermediate/page_inventory/abs_1911_manual_page_overrides.csv,57,correct_match,True,16 | 17,16 | 17,16 | 17,,2026-09-22T05:44:04+00:00,Completed mapping review; explore/output/2026-09-20_census-qa-dashboard/mapping_review_decisions.csv; 2026-09-22T05:44:04+00:00
1911_census_volume_iii_part_xiii_dwellings,17,human_review,data/intermediate/page_inventory/abs_1911_manual_page_overrides.csv,58,correct_match,True,10 | 11,10 | 11,10 | 11,,2026-09-22T05:44:11+00:00,Completed mapping review; explore/output/2026-09-20_census-qa-dashboard/mapping_review_decisions.csv; 2026-09-22T05:44:11+00:00
1911_census_volume_iii_part_xiii_dwellings,18,human_review,data/intermediate/page_inventory/abs_1911_manual_page_overrides.csv,59,correct_match,True,11,11,11,,2026-09-22T05:44:14+00:00,Completed mapping review; explore/output/2026-09-20_census-qa-dashboard/mapping_review_decisions.csv; 2026-09-22T05:44:14+00:00
1911_census_volume_iii_part_xiii_dwellings,19,human_review,data/intermediate/page_inventory/abs_1911_manual_page_overrides.csv,60,correct_match,True,11,11,11,,2026-09-22T05:44:19+00:00,Completed mapping review; explore/output/2026-09-20_census-qa-dashboard/mapping_review_decisions.csv; 2026-09-22T05:44:19+00:00
1911_census_volume_iii_part_xiii_dwellings,20,human_review,data/intermediate/page_inventory/abs_1911_manual_page_overrides.csv,61,correct_match,True,11,11,11,,2026-09-22T05:44:22+00:00,Completed mapping review; explore/output/2026-09-20_census-qa-dashboard/mapping_review_decisions.csv; 2026-09-22T05:44:22+00:00
1911_census_volume_iii_part_xiii_dwellings,21,human_review,data/intermediate/page_inventory/abs_1911_manual_page_overrides.csv,62,correct_match,True,10 | 11,11,11,,2026-09-22T05:44:37+00:00,Completed mapping review; explore/output/2026-09-20_census-qa-dashboard/mapping_review_decisions.csv; 2026-09-22T05:44:37+00:00
1911_census_volume_iii_part_xiv_summary,178,human_review,data/intermediate/page_inventory/abs_1911_manual_page_overrides.csv,63,correct_match,True,150,150,150,,2026-09-22T05:44:42+00:00,Completed mapping review; explore/output/2026-09-20_census-qa-dashboard/mapping_review_decisions.csv; 2026-09-22T05:44:42+00:00
1911_census_volume_iii_part_xiv_summary,179,human_review,data/intermediate/page_inventory/abs_1911_manual_page_overrides.csv,64,correct_match,True,151,150,150,,2026-09-22T05:45:06+00:00,Completed mapping review; explore/output/2026-09-20_census-qa-dashboard/mapping_review_decisions.csv; 2026-09-22T05:45:06+00:00
1911_census_volume_iii_part_xiv_summary,180,human_review,data/intermediate/page_inventory/abs_1911_manual_page_overrides.csv,65,correct_match,True,151 | 152 | 153,151 | 152 | 153,151 | 152 | 153,,2026-09-22T05:45:10+00:00,Completed mapping review; explore/output/2026-09-20_census-qa-dashboard/mapping_review_decisions.csv; 2026-09-22T05:45:10+00:00
1911_census_volume_iii_part_xiv_summary,181,human_review,data/intermediate/page_inventory/abs_1911_manual_page_overrides.csv,66,correct_match,True,150 | 151 | 152,151 | 152 | 153,151 | 152 | 153,,2026-09-22T05:45:27+00:00,Completed mapping review; explore/output/2026-09-20_census-qa-dashboard/mapping_review_decisions.csv; 2026-09-22T05:45:27+00:00
1911_census_volume_ii_part_ii_birthplaces,1,human_review,data/intermediate/page_inventory/abs_1911_manual_page_overrides.csv,67,exclude_page,True,,,,"No data table: front matter, contents or blank.",2026-09-22T06:30:31+00:00,Manual coverage QA dashboard; 2026-09-22T06:30:31+00:00
1911_census_volume_ii_part_ii_birthplaces,2,human_review,data/intermediate/page_inventory/abs_1911_manual_page_overrides.csv,68,exclude_page,True,,,,"No data table: front matter, contents or blank.",2026-09-22T06:30:37+00:00,Manual coverage QA dashboard; 2026-09-22T06:30:37+00:00
1911_census_volume_ii_part_ii_birthplaces,3,human_review,data/intermediate/page_inventory/abs_1911_manual_page_overrides.csv,69,exclude_page,True,,,,"No data table: front matter, contents or blank.",2026-09-22T06:30:38+00:00,Manual coverage QA dashboard; 2026-09-22T06:30:38+00:00
1911_census_volume_ii_part_ii_birthplaces,4,human_review,data/intermediate/page_inventory/abs_1911_manual_page_overrides.csv,70,exclude_page,True,,,,"No data table: front matter, contents or blank.",2026-09-22T06:30:38+00:00,Manual coverage QA dashboard; 2026-09-22T06:30:38+00:00
1911_census_volume_ii_part_iii_length_of_residence,1,human_review,data/intermediate/page_inventory/abs_1911_manual_page_overrides.csv,71,exclude_page,True,,,,"No data table: front matter, contents or blank.",2026-09-22T06:30:42+00:00,Manual coverage QA dashboard; 2026-09-22T06:30:42+00:00
1911_census_volume_ii_part_iii_length_of_residence,2,human_review,data/intermediate/page_inventory/abs_1911_manual_page_overrides.csv,72,exclude_page,True,,,,"No data table: front matter, contents or blank.",2026-09-22T06:30:44+00:00,Manual coverage QA dashboard; 2026-09-22T06:30:44+00:00
1911_census_volume_ii_part_iii_length_of_residence,3,human_review,data/intermediate/page_inventory/abs_1911_manual_page_overrides.csv,73,exclude_page,True,,,,"No data table: front matter, contents or blank.",2026-09-22T06:30:45+00:00,Manual coverage QA dashboard; 2026-09-22T06:30:45+00:00
1911_census_volume_ii_part_iv_education,1,human_review,data/intermediate/page_inventory/abs_1911_manual_page_overrides.csv,74,exclude_page,True,,,,"No data table: front matter, contents or blank.",2026-09-22T06:30:47+00:00,Manual coverage QA dashboard; 2026-09-22T06:30:47+00:00
1911_census_volume_ii_part_iv_education,2,human_review,data/intermediate/page_inventory/abs_1911_manual_page_overrides.csv,75,exclude_page,True,,,,"No data table: front matter, contents or blank.",2026-09-22T06:30:48+00:00,Manual coverage QA dashboard; 2026-09-22T06:30:48+00:00
1911_census_volume_ii_part_v_schooling,1,human_review,data/intermediate/page_inventory/abs_1911_manual_page_overrides.csv,76,exclude_page,True,,,,"No data table: front matter, contents or blank.",2026-09-22T06:30:49+00:00,Manual coverage QA dashboard; 2026-09-22T06:30:49+00:00
1911_census_volume_ii_part_v_schooling,2,human_review,data/intermediate/page_inventory/abs_1911_manual_page_overrides.csv,77,exclude_page,True,,,,"No data table: front matter, contents or blank.",2026-09-22T06:30:50+00:00,Manual coverage QA dashboard; 2026-09-22T06:30:50+00:00
1911_census_volume_ii_part_vi_religions,1,human_review,data/intermediate/page_inventory/abs_1911_manual_page_overrides.csv,78,exclude_page,True,,,,"No data table: front matter, contents or blank.",2026-09-22T06:30:50+00:00,Manual coverage QA dashboard; 2026-09-22T06:30:50+00:00
1911_census_volume_ii_part_vi_religions,2,human_review,data/intermediate/page_inventory/abs_1911_manual_page_overrides.csv,79,exclude_page,True,,,,"No data table: front matter, contents or blank.",2026-09-22T06:30:51+00:00,Manual coverage QA dashboard; 2026-09-22T06:30:51+00:00
1911_census_volume_ii_part_vi_religions,3,human_review,data/intermediate/page_inventory/abs_1911_manual_page_overrides.csv,80,exclude_page,True,,,,"No data table: front matter, contents or blank.",2026-09-22T06:30:52+00:00,Manual coverage QA dashboard; 2026-09-22T06:30:52+00:00
1911_census_volume_ii_part_vi_religions,4,human_review,data/intermediate/page_inventory/abs_1911_manual_page_overrides.csv,81,exclude_page,True,,,,"No data table: front matter, contents or blank.",2026-09-22T06:30:57+00:00,Manual coverage QA dashboard; 2026-09-22T06:30:57+00:00
1911_census_volume_ii_part_vii_blindness_and_deaf_mutism,1,human_review,data/intermediate/page_inventory/abs_1911_manual_page_overrides.csv,82,exclude_page,True,,,,"No data table: front matter, contents or blank.",2026-09-22T06:30:57+00:00,Manual coverage QA dashboard; 2026-09-22T06:30:57+00:00
1911_census_volume_ii_part_vii_blindness_and_deaf_mutism,2,human_review,data/intermediate/page_inventory/abs_1911_manual_page_overrides.csv,83,exclude_page,True,,,,"No data table: front matter, contents or blank.",2026-09-22T06:30:59+00:00,Manual coverage QA dashboard; 2026-09-22T06:30:59+00:00
1911_census_volume_ii_part_viii_non_european_races,1,human_review,data/intermediate/page_inventory/abs_1911_manual_page_overrides.csv,84,exclude_page,True,,,,"No data table: front matter, contents or blank.",2026-09-22T06:31:00+00:00,Manual coverage QA dashboard; 2026-09-22T06:31:00+00:00
1911_census_volume_ii_part_viii_non_european_races,2,human_review,data/intermediate/page_inventory/abs_1911_manual_page_overrides.csv,85,exclude_page,True,,,,"No data table: front matter, contents or blank.",2026-09-22T06:31:01+00:00,Manual coverage QA dashboard; 2026-09-22T06:31:01+00:00
1911_census_volume_ii_part_viii_non_european_races,3,human_review,data/intermediate/page_inventory/abs_1911_manual_page_overrides.csv,86,exclude_page,True,,,,"No data table: front matter, contents or blank.",2026-09-22T06:31:01+00:00,Manual coverage QA dashboard; 2026-09-22T06:31:01+00:00
1911_census_volume_ii_part_viii_non_european_races,4,human_review,data/intermediate/page_inventory/abs_1911_manual_page_overrides.csv,87,exclude_page,True,,,,"No data table: front matter, contents or blank.",2026-09-22T06:31:02+00:00,Manual coverage QA dashboard; 2026-09-22T06:31:02+00:00
1911_census_volume_ii_part_viii_non_european_races,5,human_review,data/intermediate/page_inventory/abs_1911_manual_page_overrides.csv,88,exclude_page,True,,,,"No data table: front matter, contents or blank.",2026-09-22T06:31:03+00:00,Manual coverage QA dashboard; 2026-09-22T06:31:03+00:00
1911_census_volume_ii_part_viii_non_european_races,6,human_review,data/intermediate/page_inventory/abs_1911_manual_page_overrides.csv,89,exclude_page,True,,,,"No data table: front matter, contents or blank.",2026-09-22T06:31:03+00:00,Manual coverage QA dashboard; 2026-09-22T06:31:03+00:00
1911_census_volume_iii_part_ix_conjugal_condition,1,human_review,data/intermediate/page_inventory/abs_1911_manual_page_overrides.csv,90,exclude_page,True,,,,"No data table: front matter, contents or blank.",2026-09-22T06:31:04+00:00,Manual coverage QA dashboard; 2026-09-22T06:31:04+00:00
1911_census_volume_iii_part_ix_conjugal_condition,2,human_review,data/intermediate/page_inventory/abs_1911_manual_page_overrides.csv,91,exclude_page,True,,,,"No data table: front matter, contents or blank.",2026-09-22T06:31:04+00:00,Manual coverage QA dashboard; 2026-09-22T06:31:04+00:00
1911_census_volume_iii_part_x_families,1,human_review,data/intermediate/page_inventory/abs_1911_manual_page_overrides.csv,92,exclude_page,True,,,,"No data table: front matter, contents or blank.",2026-09-22T06:31:05+00:00,Manual coverage QA dashboard; 2026-09-22T06:31:05+00:00
1911_census_volume_iii_part_x_families,2,human_review,data/intermediate/page_inventory/abs_1911_manual_page_overrides.csv,93,exclude_page,True,,,,"No data table: front matter, contents or blank.",2026-09-22T06:31:05+00:00,Manual coverage QA dashboard; 2026-09-22T06:31:05+00:00
1911_census_volume_iii_part_x_families,3,human_review,data/intermediate/page_inventory/abs_1911_manual_page_overrides.csv,94,exclude_page,True,,,,"No data table: front matter, contents or blank.",2026-09-22T06:31:06+00:00,Manual coverage QA dashboard; 2026-09-22T06:31:06+00:00
1911_census_volume_iii_part_xi_life_tables,1,human_review,data/intermediate/page_inventory/abs_1911_manual_page_overrides.csv,95,exclude_page,True,,,,"No data table: front matter, contents or blank.",2026-09-22T06:31:06+00:00,Manual coverage QA dashboard; 2026-09-22T06:31:06+00:00
1911_census_volume_iii_part_xi_life_tables,2,human_review,data/intermediate/page_inventory/abs_1911_manual_page_overrides.csv,96,exclude_page,True,,,,"No data table: front matter, contents or blank.",2026-09-22T06:31:07+00:00,Manual coverage QA dashboard; 2026-09-22T06:31:07+00:00
1911_census_volume_iii_part_xii_occupations,1,human_review,data/intermediate/page_inventory/abs_1911_manual_page_overrides.csv,97,exclude_page,True,,,,"No data table: front matter, contents or blank.",2026-09-22T06:31:07+00:00,Manual coverage QA dashboard; 2026-09-22T06:31:07+00:00
1911_census_volume_iii_part_xii_occupations,2,human_review,data/intermediate/page_inventory/abs_1911_manual_page_overrides.csv,98,exclude_page,True,,,,"No data table: front matter, contents or blank.",2026-09-22T06:31:07+00:00,Manual coverage QA dashboard; 2026-09-22T06:31:07+00:00
1911_census_volume_iii_part_xii_occupations,3,human_review,data/intermediate/page_inventory/abs_1911_manual_page_overrides.csv,99,exclude_page,True,,,,"No data table: front matter, contents or blank.",2026-09-22T06:31:08+00:00,Manual coverage QA dashboard; 2026-09-22T06:31:08+00:00
1911_census_volume_iii_part_xii_occupations,4,human_review,data/intermediate/page_inventory/abs_1911_manual_page_overrides.csv,100,exclude_page,True,,,,"No data table: front matter, contents or blank.",2026-09-22T06:31:08+00:00,Manual coverage QA dashboard; 2026-09-22T06:31:08+00:00
1911_census_volume_iii_part_xiii_dwellings,1,human_review,data/intermediate/page_inventory/abs_1911_manual_page_overrides.csv,101,exclude_page,True,,,,"No data table: front matter, contents or blank.",2026-09-22T06:31:09+00:00,Manual coverage QA dashboard; 2026-09-22T06:31:09+00:00
1911_census_volume_iii_part_xiii_dwellings,2,human_review,data/intermediate/page_inventory/abs_1911_manual_page_overrides.csv,102,exclude_page,True,,,,"No data table: front matter, contents or blank.",2026-09-22T06:31:09+00:00,Manual coverage QA dashboard; 2026-09-22T06:31:09+00:00
1911_census_volume_iii_part_xiii_dwellings,3,human_review,data/intermediate/page_inventory/abs_1911_manual_page_overrides.csv,103,exclude_page,True,,,,"No data table: front matter, contents or blank.",2026-09-22T06:31:10+00:00,Manual coverage QA dashboard; 2026-09-22T06:31:10+00:00
1911_census_volume_iii_part_xiii_dwellings,4,human_review,data/intermediate/page_inventory/abs_1911_manual_page_overrides.csv,104,exclude_page,True,,,,"No data table: front matter, contents or blank.",2026-09-22T06:31:11+00:00,Manual coverage QA dashboard; 2026-09-22T06:31:11+00:00
1911_census_volume_iii_part_xiv_summary,1,human_review,data/intermediate/page_inventory/abs_1911_manual_page_overrides.csv,105,exclude_page,True,,,,"No data table: front matter, contents or blank.",2026-09-22T06:31:12+00:00,Manual coverage QA dashboard; 2026-09-22T06:31:12+00:00
1911_census_volume_iii_part_xiv_summary,2,human_review,data/intermediate/page_inventory/abs_1911_manual_page_overrides.csv,106,exclude_page,True,,,,"No data table: front matter, contents or blank.",2026-09-22T06:31:12+00:00,Manual coverage QA dashboard; 2026-09-22T06:31:12+00:00
1911_census_volume_iii_part_xiv_summary,3,human_review,data/intermediate/page_inventory/abs_1911_manual_page_overrides.csv,107,exclude_page,True,,,,"No data table: front matter, contents or blank.",2026-09-22T06:31:13+00:00,Manual coverage QA dashboard; 2026-09-22T06:31:13+00:00
1911_census_volume_iii_part_xiv_summary,4,human_review,data/intermediate/page_inventory/abs_1911_manual_page_overrides.csv,108,exclude_page,True,,,,"No data table: front matter, contents or blank.",2026-09-22T06:31:13+00:00,Manual coverage QA dashboard; 2026-09-22T06:31:13+00:00
1911_census_volume_iii_part_xiv_summary,5,human_review,data/intermediate/page_inventory/abs_1911_manual_page_overrides.csv,109,exclude_page,True,,,,"No data table: front matter, contents or blank.",2026-09-22T06:31:18+00:00,Manual coverage QA dashboard; 2026-09-22T06:31:18+00:00
