doc_id,table_number,table_title,start_pdf_page,end_pdf_page,start_page_index,end_page_index,page_span_count,pdf_pages,catalogue_basis
1911_census_volume_ii_part_i_ages,1,"Number of Males recorded at each Age in each State and Territory, at the Census of 3rd April, 1911",5,6,4,5,2,5 | 6,contents
1911_census_volume_ii_part_i_ages,2,"Number of Females recorded at each Age in each State and Territory, at the Census of 3rd April, 1911",6,8,5,7,3,6 | 7 | 8,contents
1911_census_volume_ii_part_i_ages,3,"Number of Persons recorded at each Age in each State and Territory, at the Census of 3rd April, 1911",8,10,7,9,3,8 | 9 | 10,contents
1911_census_volume_ii_part_i_ages,4,"Comparative Statement of the Male Population of the States of the Commonwealth, as recorded at the Censuses of 1901 and 1911, classified in Quinquennial Age Groups",10,11,9,10,2,10 | 11,contents
1911_census_volume_ii_part_i_ages,5,"Comparative Statement of the Female Population of the States of the Commonwealth, as recorded at the Censuses of 1901 and 1911, classified in Quinquennial Age Groups",12,13,11,12,2,12 | 13,contents
1911_census_volume_ii_part_i_ages,6,"Comparative Statement of the Total Population of the States of the Commonwealth, as recorded at the Censuses of 1901 and 1911, classified in Quinquennial Age Groups",13,14,12,13,2,13 | 14,contents
1911_census_volume_ii_part_i_ages,7,"Comparative Statement, shewing the Unadjusted Numbers in the Commonwealth at each Age, at the Censuses of 1891, 1901, and 1911",15,16,14,15,2,15 | 16,contents
1911_census_volume_ii_part_i_ages,8,"Comparative Statement, shewing the Unadjusted Numbers in the Commonwealth in Quinquennial Age Groups, at the Censuses of 1881, 1891, 1901, and 1911",17,17,16,16,1,17,contents
1911_census_volume_ii_part_i_ages,9,"Adjusted Number of Males at each Age in each State and Territory, at the Census of 3rd April, 1911",17,18,16,17,2,17 | 18,contents
1911_census_volume_ii_part_i_ages,10,"Adjusted Number of Females at each Age in each State and Territory, at the Census of 3rd April, 1911",19,20,18,19,2,19 | 20,contents
1911_census_volume_ii_part_i_ages,11,"Adjusted Number of Persons at each Age in each State and Territory, at the Census of 3rd April, 1911",20,22,19,21,3,20 | 21 | 22,contents
1911_census_volume_ii_part_i_ages,12,"Adjusted Number of Males at and above each Age in each State and Territory, at the Census of 3rd April, 1911",22,23,21,22,2,22 | 23,contents
1911_census_volume_ii_part_i_ages,13,"Adjusted Number of Females at and above each Age in each State and Territory, at the Census of 3rd April, 1911",24,25,23,24,2,24 | 25,contents
1911_census_volume_ii_part_i_ages,14,"Adjusted Number of Persons at and above each Age in each State and Territory, at the Census of 3rd April, 1911",25,27,24,26,3,25 | 26 | 27,contents
1911_census_volume_ii_part_i_ages,15,"Adjusted Number of Males below each Age in each State and Territory, at the Census of 3rd April, 1911",27,28,26,27,2,27 | 28,contents
1911_census_volume_ii_part_i_ages,16,"Adjusted Number of Females below each Age in each State and Territory, at the Census of 3rd April, 1911",29,30,28,29,2,29 | 30,contents
1911_census_volume_ii_part_i_ages,17,"Adjusted Number of Persons below each Age in each State and Territory, at the Census of 3rd April, 1911",30,32,29,31,3,30 | 31 | 32,contents
1911_census_volume_ii_part_i_ages,18,"Adjusted Numbers in the Commonwealth at each Age, at the Censuses of 1881, 1891, 1901, and 1911",32,33,31,32,2,32 | 33,contents
1911_census_volume_ii_part_i_ages,19,"Adjusted Population in Quinquennial Age Groups, in each State and Territory, at the Census of 3rd April, 1911",34,35,33,34,2,34 | 35,contents
1911_census_volume_ii_part_i_ages,20,"Adjusted Numbers of Males, Females, and Persons in each Quinquennial Age Group per 100,000 of Male, Female, and Total Population respectively, of each State and Territory of the Commonwealth, at the Census of 3rd April, 1911",35,36,34,35,2,35 | 36,contents
1911_census_volume_ii_part_i_ages,21,"Adjusted Numbers in the Commonwealth in Quinquennial Age Groups, at the Censuses of 1881, 1891, 1901, and 1911",37,37,36,36,1,37,contents
1911_census_volume_ii_part_i_ages,22,"Adjusted Numbers of Males, Females, and Persons, in each Quinquennial Age Group per 100,000 of Male, Female, and Total Population, respectively, of the Commonwealth, at the Censuses of 1881, 1891, 1901, and 1911",37,37,36,36,1,37,contents
1911_census_volume_ii_part_i_ages,23,"Increases in the Commonwealth in each Quinquennial Age Group, as shewn by the Adjusted Numbers for the Censuses of 1881, 1891, 1901, and 1911",38,38,37,37,1,38,contents
1911_census_volume_ii_part_i_ages,24,"Number of Males recorded at each Age in the Metropolis of each State, at the Census of 3rd April, 1911",38,39,37,38,2,38 | 39,contents
1911_census_volume_ii_part_i_ages,25,"Number of Females recorded at each Age in the Metropolis of each State, at the Census of 3rd April, 1911",40,41,39,40,2,40 | 41,contents
1911_census_volume_ii_part_i_ages,26,"Number of Persons recorded at each Age in the Metropolis of each State, at the Census of 3rd April, 1911",41,43,40,42,3,41 | 42 | 43,contents
1911_census_volume_ii_part_i_ages,27,"New South Wales.—Number of Males in Quinquennial Age Groups, as recorded in each County, at the Census of 3rd April, 1911",44,47,43,46,4,44 | 45 | 46 | 47,contents
1911_census_volume_ii_part_i_ages,28,"New South Wales.—Number of Females in Quinquennial Age Groups as recorded in each County, at the Census of 3rd April, 1911",48,51,47,50,4,48 | 49 | 50 | 51,contents
1911_census_volume_ii_part_i_ages,29,"New South Wales.—Number of Persons in Quinquennial Age Groups, as recorded in each County, at the Census of 3rd April, 1911",52,55,51,54,4,52 | 53 | 54 | 55,contents
1911_census_volume_ii_part_i_ages,30,"New South Wales.—Number of Children in Single Ages under 5 years last birthday, recorded in each County, at the Census of 3rd April, 1911",56,57,55,56,2,56 | 57,contents
1911_census_volume_ii_part_i_ages,31,"New South Wales.—Population of Commonwealth Electoral Divisions, as recorded at the Census of 3rd April, 1911",58,58,57,57,1,58,contents
1911_census_volume_ii_part_i_ages,32,"New South Wales.—Population of State Electoral Districts, as recorded at the Census of 3rd April, 1911",58,59,57,58,2,58 | 59,contents
1911_census_volume_ii_part_i_ages,33,"Victoria.—Number of Males in Quinquennial Age Groups, as recorded in each County, at the Census of 3rd April, 1911",60,61,59,60,2,60 | 61,contents
1911_census_volume_ii_part_i_ages,34,"Victoria.—Number of Females in Quinquennial Age Groups, as recorded in each County, at the Census of 3rd April, 1911",60,60,59,59,1,60,contents
1911_census_volume_ii_part_i_ages,34,"Victoria.—Number of Females in Quinquennial Age Groups, as recorded in each County, at the Census of 3rd April, 1911",62,62,61,61,1,62,contents
1911_census_volume_ii_part_i_ages,35,"Victoria.—Number of Persons in Quinquennial Age Groups, as recorded in each County, at the Census of 3rd April, 1911",62,62,61,61,1,62,contents
1911_census_volume_ii_part_i_ages,36,"Victoria.—Number of Children in Single Ages under 5 years last birthday recorded in each County, at the Census of 3rd April, 1911",63,64,62,63,2,63 | 64,contents
1911_census_volume_ii_part_i_ages,37,"Victoria.—Population of Commonwealth Electoral Divisions, as recorded at the Census of 3rd April, 1911",65,65,64,64,1,65,contents
1911_census_volume_ii_part_i_ages,38,"Victoria.—Population of State Electoral Provinces, as recorded at the Census of 3rd April, 1911",65,65,64,64,1,65,contents
1911_census_volume_ii_part_i_ages,39,"Victoria.—Population of State Electoral Districts, as recorded at the Census of 3rd April, 1911",66,66,65,65,1,66,contents
1911_census_volume_ii_part_i_ages,40,"Queensland.—Number of Children in Single Ages under 5 years last birthday, recorded in each Census District, at the Census of 3rd April, 1911",67,67,66,66,1,67,contents
1911_census_volume_ii_part_i_ages,41,"Queensland.—Number of Males in Quinquennial Age Groups, as recorded in each Census District, at the Census of 3rd April, 1911",68,68,67,67,1,68,contents
1911_census_volume_ii_part_i_ages,42,"Queensland.—Number of Females in Quinquennial Age Groups, as recorded in each Census District, at the Census of 3rd April, 1911",69,70,68,69,2,69 | 70,contents
1911_census_volume_ii_part_i_ages,43,"Queensland.—Number of Persons in Quinquennial Age Groups, as recorded in each Census District, at the Census of 3rd April, 1911",71,73,70,72,3,71 | 72 | 73,contents
1911_census_volume_ii_part_i_ages,44,"Queensland.—Population of Commonwealth Electoral Divisions, as recorded at the Census of 3rd April, 1911",74,74,73,73,1,74,contents
1911_census_volume_ii_part_i_ages,45,"Queensland.—Population of State Electoral Districts, as recorded at the Census of 3rd April, 1911",74,75,73,74,2,74 | 75,contents
1911_census_volume_ii_part_i_ages,46,"South Australia.—Number of Males in Quinquennial Age Groups, as recorded in each County, at the Census of 3rd April, 1911",76,77,75,76,2,76 | 77,contents
1911_census_volume_ii_part_i_ages,47,"South Australia.—Number of Females in Quinquennial Age Groups, as recorded in each County, at the Census of 3rd April, 1911",78,79,77,78,2,78 | 79,contents
1911_census_volume_ii_part_i_ages,48,"South Australia.—Number of Persons in Quinquennial Age Groups, as recorded in each County, at the Census of 3rd April, 1911",80,81,79,80,2,80 | 81,contents
1911_census_volume_ii_part_i_ages,49,"South Australia.—Number of Children in Single Ages under 5 years last birthday, recorded in each County and Division, at the Census of 3rd April, 1911",82,82,81,81,1,82,contents
1911_census_volume_ii_part_i_ages,50,"South Australia.—Population of Commonwealth Electoral Divisions, as recorded at the Census of 3rd April, 1911",83,83,82,82,1,83,contents
1911_census_volume_ii_part_i_ages,51,"South Australia.—Population of Council Electoral Districts, as recorded at the Census of 3rd April, 1911",83,83,82,82,1,83,contents
1911_census_volume_ii_part_i_ages,52,"South Australia.—Population of Assembly Electoral Districts, as recorded at the Census of 3rd April, 1911",83,83,82,82,1,83,contents
1911_census_volume_ii_part_i_ages,53,"Western Australia.—Number of Males in Quinquennial Age Groups, as recorded in each Statistical District, at the Census of 3rd April, 1911",84,85,83,84,2,84 | 85,contents
1911_census_volume_ii_part_i_ages,54,"Western Australia.—Number of Females in Quinquennial Age Groups, as recorded in each Statistical District, at the Census of 3rd April, 1911",84,86,83,85,3,84 | 85 | 86,contents
1911_census_volume_ii_part_i_ages,55,"Western Australia.—Number of Persons in Quinquennial Age Groups, as recorded in each Statistical District, at the Census of 3rd April, 1911",86,87,85,86,2,86 | 87,contents
1911_census_volume_ii_part_i_ages,56,"Western Australia.—Number of Children in Single Ages under 5 years last birthday, recorded in each Statistical District, at the Census of 3rd April, 1911",88,88,87,87,1,88,contents
1911_census_volume_ii_part_i_ages,57,"Western Australia.—Population of Commonwealth Electoral Divisions, as recorded at the Census of 3rd April, 1911",88,88,87,87,1,88,contents
1911_census_volume_ii_part_i_ages,58,"Western Australia.—Population of State Electoral Provinces, as recorded at the Census of 3rd April, 1911",88,88,87,87,1,88,contents
1911_census_volume_ii_part_i_ages,59,"Western Australia.—Population of State Electoral Districts, as recorded at the Census of 3rd April, 1911",89,89,88,88,1,89,contents
1911_census_volume_ii_part_i_ages,60,"Tasmania.—Number of Males in Quinquennial Age Groups, as recorded in each Municipality, at the Census of 3rd April, 1911",90,91,89,90,2,90 | 91,contents
1911_census_volume_ii_part_i_ages,61,"Tasmania.—Number of Females in Quinquennial Age Groups, as recorded in each Municipality, at the Census of 3rd April, 1911",92,92,91,91,1,92,contents
1911_census_volume_ii_part_i_ages,62,"Tasmania.—Number of Persons in Quinquennial Age Groups, as recorded in each Municipality, at the Census of 3rd April, 1911",93,95,92,94,3,93 | 94 | 95,contents
1911_census_volume_ii_part_i_ages,63,"Tasmania.—Number of Children in Single Ages under 5 years last Birthday, recorded in each Municipality, at the Census of 3rd April, 1911",96,96,95,95,1,96,contents
1911_census_volume_ii_part_i_ages,64,"Tasmania.—Population of Commonwealth Electoral Divisions, as recorded at the Census of 3rd April, 1911",96,96,95,95,1,96,contents
1911_census_volume_ii_part_i_ages,65,"Tasmania.—Population of State Electoral Provinces, as recorded at the Census of 3rd April, 1911",97,97,96,96,1,97,contents
1911_census_volume_ii_part_i_ages,66,"Northern Territory.—Population in Quinquennial Age Groups, as recorded in each County, at the Census of 3rd April, 1911",97,97,96,96,1,97,contents
1911_census_volume_ii_part_i_ages,67,"Northern Territory.—Number of Children in Single Ages under 5 years last birthday, recorded in each County, at the Census of 3rd April, 1911",98,98,97,97,1,98,contents
1911_census_volume_ii_part_i_ages,68,"Federal Capital Territory.—Population in Quinquennial Age Groups, as recorded in each County, at the Census of 3rd April, 1911",98,98,97,97,1,98,contents
1911_census_volume_ii_part_i_ages,69,"Federal Capital Territory.—Number of Children in Single Ages under 5 years last birthday, recorded in each County, at the Census of 3rd April, 1911",98,98,97,97,1,98,contents
1911_census_volume_ii_part_i_ages,70,"Number of Full-blooded Aboriginal Males recorded at each Age in each State and Territory of the Commonwealth, at the Census of 3rd April, 1911",99,100,98,99,2,99 | 100,contents
1911_census_volume_ii_part_i_ages,71,"Number of Full-blooded Aboriginal Females recorded at each Age in each State and Territory of the Commonwealth, at the Census of 3rd April, 1911",100,101,99,100,2,100 | 101,contents
1911_census_volume_ii_part_i_ages,72,"Number of Full-blooded Aboriginal Persons, recorded at each Age in each State and Territory of the Commonwealth, at the Census of 3rd April, 1911",102,103,101,102,2,102 | 103,contents
1911_census_volume_ii_part_ii_birthplaces,1,"Male Population of the States and Territories of the Commonwealth, at the Census of 3rd April, 1911, classified according to Birthplace",5,8,4,7,4,5 | 6 | 7 | 8,contents
1911_census_volume_ii_part_ii_birthplaces,2,"Female Population of the States and Territories of the Commonwealth, at the Census of 3rd April, 1911, classified according to Birthplace",8,11,7,10,4,8 | 9 | 10 | 11,contents
1911_census_volume_ii_part_ii_birthplaces,3,"Total Population of the States and Territories of the Commonwealth, at the Census of 3rd April, 1911, classified according to Birthplace",11,15,10,14,5,11 | 12 | 13 | 14 | 15,contents
1911_census_volume_ii_part_ii_birthplaces,4,"Male Population of the States and Northern Territory of the Commonwealth, at the Census of 31st March, 1901, classified according to Birthplace",15,16,14,15,2,15 | 16,contents
1911_census_volume_ii_part_ii_birthplaces,5,"Female Population of the States and Northern Territory of the Commonwealth, at the Census of 31st March, 1901, classified according to Birthplace",17,18,16,17,2,17 | 18,contents
1911_census_volume_ii_part_ii_birthplaces,6,"Total Population of the States and Northern Territory of the Commonwealth, at the Census of 31st March, 1901, classified according to Birthplace",18,19,17,18,2,18 | 19,contents
1911_census_volume_ii_part_ii_birthplaces,7,"Male Population of the States and Northern Territory of the Commonwealth, at the Census of 5th April, 1891, classified according to Birthplace",20,21,19,20,2,20 | 21,contents
1911_census_volume_ii_part_ii_birthplaces,8,"Female Population of the States and Northern Territory of the Commonwealth, at the Census of 5th April, 1891, classified according to Birthplace",21,22,20,21,2,21 | 22,contents
1911_census_volume_ii_part_ii_birthplaces,9,"Total Population of the States and Northern Territory of the Commonwealth, at the Census of 5th April, 1891, classified according to Birthplace",23,24,22,23,2,23 | 24,contents
1911_census_volume_ii_part_ii_birthplaces,10,"Comparative Statement of the Population of the Commonwealth, at the Censuses of 1891, 1901, and 1911, classified according to Birthplace",24,25,23,24,2,24 | 25,contents
1911_census_volume_ii_part_ii_birthplaces,11,"Male Population of the Commonwealth, at the Census of 3rd April, 1911, classified according to Birthplace and Age",26,27,25,26,2,26 | 27,contents
1911_census_volume_ii_part_ii_birthplaces,12,"Female Population of the Commonwealth, at the Census of 3rd April, 1911, classified according to Birthplace and Age",28,28,27,27,1,28,contents
1911_census_volume_ii_part_ii_birthplaces,13,"Total Population of the Commonwealth, at the Census of 3rd April, 1911, classified according to Birthplace and Age",29,31,28,30,3,29 | 30 | 31,contents
1911_census_volume_ii_part_ii_birthplaces,14,"Male Population of the State of New South Wales, at the Census of 3rd April, 1911, classified according to Birthplace and Age",32,32,31,31,1,32,contents
1911_census_volume_ii_part_ii_birthplaces,15,"Female Population of the State of New South Wales, at the Census of 3rd April, 1911, classified according to Birthplace and Age",33,34,32,33,2,33 | 34,contents
1911_census_volume_ii_part_ii_birthplaces,16,"Total Population of the State of New South Wales, at the Census of 3rd April, 1911, classified according to Birthplace and Age",35,37,34,36,3,35 | 36 | 37,contents
1911_census_volume_ii_part_ii_birthplaces,17,"Male Population of the State of Victoria, at the Census of 3rd April, 1911, classified according to Birthplace and Age",38,38,37,37,1,38,contents
1911_census_volume_ii_part_ii_birthplaces,18,"Female Population of the State of Victoria, at the Census of 3rd April, 1911, classified according to Birthplace and Age",39,41,38,40,3,39 | 40 | 41,contents
1911_census_volume_ii_part_ii_birthplaces,19,"Total Population of the State of Victoria, at the Census of 3rd April, 1911, classified according to Birthplace and Age",42,43,41,42,2,42 | 43,contents
1911_census_volume_ii_part_ii_birthplaces,20,"Male Population of the State of Queensland, at the Census of 3rd April, 1911, classified according to Birthplace and Age",44,44,43,43,1,44,contents
1911_census_volume_ii_part_ii_birthplaces,21,"Female Population of the State of Queensland, at the Census of 3rd April, 1911, classified according to Birthplace and Age",45,47,44,46,3,45 | 46 | 47,contents
1911_census_volume_ii_part_ii_birthplaces,22,"Total Population of the State of Queensland, at the Census of 3rd April, 1911, classified according to Birthplace and Age",48,49,47,48,2,48 | 49,contents
1911_census_volume_ii_part_ii_birthplaces,23,"Male Population of the State of South Australia, at the Census of 3rd April, 1911, classified according to Birthplace and Age",50,51,49,50,2,50 | 51,contents
1911_census_volume_ii_part_ii_birthplaces,24,"Female Population of the State of South Australia, at the Census of 3rd April, 1911, classified according to Birthplace and Age",52,52,51,51,1,52,contents
1911_census_volume_ii_part_ii_birthplaces,25,"Total Population of the State of South Australia, at the Census of 3rd April, 1911, classified according to Birthplace and Age",53,55,52,54,3,53 | 54 | 55,contents
1911_census_volume_ii_part_ii_birthplaces,26,"Male Population of the State of Western Australia, at the Census of 3rd April, 1911, classified according to Birthplace and Age",56,57,55,56,2,56 | 57,contents
1911_census_volume_ii_part_ii_birthplaces,27,"Female Population of the State of Western Australia, at the Census of 3rd April, 1911, classified according to Birthplace and Age",58,58,57,57,1,58,contents
1911_census_volume_ii_part_ii_birthplaces,28,"Total Population of the State of Western Australia, at the Census of 3rd April, 1911, classified according to Birthplace and Age",59,61,58,60,3,59 | 60 | 61,contents
1911_census_volume_ii_part_ii_birthplaces,29,"Male Population of the State of Tasmania, at the Census of 3rd April, 1911, classified according to Birthplace and Age",62,62,61,61,1,62,contents
1911_census_volume_ii_part_ii_birthplaces,30,"Female Population of the State of Tasmania, at the Census of 3rd April, 1911, classified according to Birthplace and Age",63,64,62,63,2,63 | 64,contents
1911_census_volume_ii_part_ii_birthplaces,31,"Total Population of the State of Tasmania, at the Census of 3rd April, 1911, classified according to Birthplace and Age",65,67,64,66,3,65 | 66 | 67,contents
1911_census_volume_ii_part_ii_birthplaces,32,"Male Population of the Northern Territory, at the Census of 3rd April, 1911, classified according to Birthplace and Age",68,68,67,67,1,68,contents
1911_census_volume_ii_part_ii_birthplaces,33,"Female Population of the Northern Territory, at the Census of 3rd April, 1911, classified according to Birthplace and Age",69,70,68,69,2,69 | 70,contents
1911_census_volume_ii_part_ii_birthplaces,34,"Total Population of the Northern Territory, at the Census of 3rd April, 1911, classified according to Birthplace and Age",71,73,70,72,3,71 | 72 | 73,contents
1911_census_volume_ii_part_ii_birthplaces,35,"Male Population of the Federal Capital Territory, at the Census of 3rd April, 1911, classified according to Birthplace and Age",74,74,73,73,1,74,contents
1911_census_volume_ii_part_ii_birthplaces,36,"Female Population of the Federal Capital Territory, at the Census of 3rd April, 1911, classified according to Birthplace and Age",75,76,74,75,2,75 | 76,contents
1911_census_volume_ii_part_ii_birthplaces,37,"Total Population of the Federal Capital Territory, at the Census of 3rd April, 1911, classified according to Birthplace and Age",77,79,76,78,3,77 | 78 | 79,contents
1911_census_volume_ii_part_ii_birthplaces,38,"Male Population of the Commonwealth, at the Census of 3rd April, 1911, classified according to Birthplace, Nationality, Length of Residence, Education, and Conjugal Condition",80,80,79,79,1,80,contents
1911_census_volume_ii_part_ii_birthplaces,39,"Female Population of the Commonwealth, at the Census of 3rd April, 1911, classified according to Birthplace, Nationality, Length of Residence, Education, and Conjugal Condition",81,82,80,81,2,81 | 82,contents
1911_census_volume_ii_part_ii_birthplaces,40,"Total Population of the Commonwealth, at the Census of 3rd April, 1911, classified according to Birthplace, Nationality, Length of Residence, Education, and Conjugal Condition",83,85,82,84,3,83 | 84 | 85,contents
1911_census_volume_ii_part_ii_birthplaces,41,"Male Population of the State of New South Wales, at the Census of 3rd April, 1911, classified according to Birthplace, Nationality, Length of Residence, Education, and Conjugal Condition",86,86,85,85,1,86,contents
1911_census_volume_ii_part_ii_birthplaces,42,"Female Population of the State of New South Wales, at the Census of 3rd April, 1911, classified according to Birthplace, Nationality, Length of Residence, Education, and Conjugal Condition",87,88,86,87,2,87 | 88,contents
1911_census_volume_ii_part_ii_birthplaces,43,"Total Population of the State of New South Wales, at the Census of 3rd April, 1911, classified according to Birthplace, Nationality, Length of Residence, Education, and Conjugal Condition",89,91,88,90,3,89 | 90 | 91,contents
1911_census_volume_ii_part_ii_birthplaces,44,"Male Population of the State of Victoria, at the Census of 3rd April, 1911, classified according to Birthplace, Nationality, Length of Residence, Education, and Conjugal Condition",92,92,91,91,1,92,contents
1911_census_volume_ii_part_ii_birthplaces,45,"Female Population of the State of Victoria, at the Census of 3rd April, 1911, classified according to Birthplace, Nationality, Length of Residence, Education, and Conjugal Condition",93,94,92,93,2,93 | 94,contents
1911_census_volume_ii_part_ii_birthplaces,46,"Total Population of the State of Victoria, at the Census of 3rd April, 1911, classified according to Birthplace, Nationality, Length of Residence, Education, and Conjugal Condition",95,97,94,96,3,95 | 96 | 97,contents
1911_census_volume_ii_part_ii_birthplaces,47,"Male Population of the State of Queensland, at the Census of 3rd April, 1911, classified according to Birthplace, Nationality, Length of Residence, Education, and Conjugal Condition",98,98,97,97,1,98,contents
1911_census_volume_ii_part_ii_birthplaces,48,"Female Population of the State of Queensland, at the Census of 3rd April, 1911, classified according to Birthplace, Nationality, Length of Residence, Education, and Conjugal Condition",99,100,98,99,2,99 | 100,contents
1911_census_volume_ii_part_ii_birthplaces,49,"Total Population of the State of Queensland, at the Census of 3rd April, 1911, classified according to Birthplace, Nationality, Length of Residence, Education, and Conjugal Condition",101,103,100,102,3,101 | 102 | 103,contents
1911_census_volume_ii_part_ii_birthplaces,50,"Male Population of the State of South Australia, at the Census of 3rd April, 1911, classified according to Birthplace, Nationality, Length of Residence, Education, and Conjugal Condition",104,104,103,103,1,104,contents
1911_census_volume_ii_part_ii_birthplaces,51,"Female Population of the State of South Australia, at the Census of 3rd April, 1911, classified according to Birthplace, Nationality, Length of Residence, Education, and Conjugal Condition",105,106,104,105,2,105 | 106,contents
1911_census_volume_ii_part_ii_birthplaces,52,"Total Population of the State of South Australia, at the Census of 3rd April, 1911, classified according to Birthplace, Nationality, Length of Residence, Education, and Conjugal Condition",107,109,106,108,3,107 | 108 | 109,contents
1911_census_volume_ii_part_ii_birthplaces,53,"Male Population of the State of Western Australia, at the Census of 3rd April, 1911, classified according to Birthplace, Nationality, Length of Residence, Education, and Conjugal Condition",110,110,109,109,1,110,contents
1911_census_volume_ii_part_ii_birthplaces,54,"Female Population of the State of Western Australia, at the Census of 3rd April, 1911, classified according to Birthplace, Nationality, Length of Residence, Education, and Conjugal Condition",111,112,110,111,2,111 | 112,contents
1911_census_volume_ii_part_ii_birthplaces,55,"Total Population of the State of Western Australia, at the Census of 3rd April, 1911, classified according to Birthplace, Nationality, Length of Residence, Education, and Conjugal Condition",113,115,112,114,3,113 | 114 | 115,contents
1911_census_volume_ii_part_ii_birthplaces,56,"Male Population of the State of Tasmania, at the Census of 3rd April, 1911, classified according to Birthplace, Nationality, Length of Residence, Education, and Conjugal Condition",116,116,115,115,1,116,contents
1911_census_volume_ii_part_ii_birthplaces,57,"Female Population of the State of Tasmania, at the Census of 3rd April, 1911, classified according to Birthplace, Nationality, Length of Residence, Education, and Conjugal Condition",117,118,116,117,2,117 | 118,contents
1911_census_volume_ii_part_ii_birthplaces,58,"Total Population of the State of Tasmania, at the Census of 3rd April, 1911, classified according to Birthplace, Nationality, Length of Residence, Education, and Conjugal Condition",119,121,118,120,3,119 | 120 | 121,contents
1911_census_volume_ii_part_ii_birthplaces,59,"Male Population of the Northern Territory, at the Census of 3rd April, 1911, classified according to Birthplace, Nationality, Length of Residence, Education, and Conjugal Condition",122,122,121,121,1,122,contents
1911_census_volume_ii_part_ii_birthplaces,60,"Female Population of the Northern Territory, at the Census of 3rd April, 1911, classified according to Birthplace, Nationality, Length of Residence, Education, and Conjugal Condition",123,124,122,123,2,123 | 124,contents
1911_census_volume_ii_part_ii_birthplaces,61,"Total Population of the Northern Territory, at the Census of 3rd April, 1911, classified according to Birthplace, Nationality, Length of Residence, Education, and Conjugal Condition",125,127,124,126,3,125 | 126 | 127,contents
1911_census_volume_ii_part_ii_birthplaces,62,"Male Population of the Federal Capital Territory, at the Census of 3rd April, 1911, classified according to Birthplace, Nationality, Length of Residence, Education, and Conjugal Condition",128,128,127,127,1,128,contents
1911_census_volume_ii_part_ii_birthplaces,63,"Female Population of the Federal Capital Territory, at the Census of 3rd April, 1911, classified according to Birthplace, Nationality, Length of Residence, Education, and Conjugal Condition",129,130,128,129,2,129 | 130,contents
1911_census_volume_ii_part_ii_birthplaces,64,"Total Population of the Federal Capital Territory, at the Census of 3rd April, 1911, classified according to Birthplace, Nationality, Length of Residence, Education, and Conjugal Condition",131,133,130,132,3,131 | 132 | 133,contents
1911_census_volume_ii_part_ii_birthplaces,65,"Male Population of the Commonwealth of Australia, at the Census of 3rd April, 1911, classified according to Birthplace and Religion",134,134,133,133,1,134,contents
1911_census_volume_ii_part_ii_birthplaces,66,"Female Population of the Commonwealth of Australia, at the Census of 3rd April, 1911, classified according to Birthplace and Religion",135,136,134,135,2,135 | 136,contents
1911_census_volume_ii_part_ii_birthplaces,67,"Total Population of the Commonwealth of Australia, at the Census of 3rd April, 1911, classified according to Birthplace and Religion",137,138,136,137,2,137 | 138,contents
1911_census_volume_ii_part_ii_birthplaces,68,"Male Population of the State of New South Wales, at the Census of 3rd April, 1911, classified according to Birthplace and Religion",139,140,138,139,2,139 | 140,contents
1911_census_volume_ii_part_ii_birthplaces,69,"Female Population of the State of New South Wales, at the Census of 3rd April, 1911, classified according to Birthplace and Religion",141,142,140,141,2,141 | 142,contents
1911_census_volume_ii_part_ii_birthplaces,70,"Total Population of the State of New South Wales, at the Census of 3rd April, 1911, classified according to Birthplace and Religion",143,145,142,144,3,143 | 144 | 145,contents
1911_census_volume_ii_part_ii_birthplaces,71,"Male Population of the State of Victoria, at the Census of 3rd April, 1911, classified according to Birthplace and Religion",146,146,145,145,1,146,contents
1911_census_volume_ii_part_ii_birthplaces,72,"Female Population of the State of Victoria, at the Census of 3rd April, 1911, classified according to Birthplace and Religion",147,148,146,147,2,147 | 148,contents
1911_census_volume_ii_part_ii_birthplaces,73,"Total Population of the State of Victoria, at the Census of 3rd April, 1911, classified according to Birthplace and Religion",149,151,148,150,3,149 | 150 | 151,contents
1911_census_volume_ii_part_ii_birthplaces,74,"Male Population of the State of Queensland, at the Census of 3rd April, 1911, classified according to Birthplace and Religion",152,152,151,151,1,152,contents
1911_census_volume_ii_part_ii_birthplaces,75,"Female Population of the State of Queensland, at the Census of 3rd April, 1911, classified according to Birthplace and Religion",153,155,152,154,3,153 | 154 | 155,contents
1911_census_volume_ii_part_ii_birthplaces,76,"Total Population of the State of Queensland, at the Census of 3rd April, 1911, classified according to Birthplace and Religion",156,157,155,156,2,156 | 157,contents
1911_census_volume_ii_part_ii_birthplaces,77,"Male Population of the State of South Australia, at the Census of 3rd April, 1911, classified according to Birthplace and Religion",158,158,157,157,1,158,contents
1911_census_volume_ii_part_ii_birthplaces,78,"Female Population of the State of South Australia, at the Census of 3rd April, 1911, classified according to Birthplace and Religion",159,160,158,159,2,159 | 160,contents
1911_census_volume_ii_part_ii_birthplaces,79,"Total Population of the State of South Australia, at the Census of 3rd April, 1911, classified according to Birthplace and Religion",161,163,160,162,3,161 | 162 | 163,contents
1911_census_volume_ii_part_ii_birthplaces,80,"Male Population of the State of Western Australia, at the Census of 3rd April, 1911, classified according to Birthplace and Religion",164,164,163,163,1,164,contents
1911_census_volume_ii_part_ii_birthplaces,81,"Female Population of the State of Western Australia, at the Census of 3rd April, 1911, classified according to Birthplace and Religion",165,166,164,165,2,165 | 166,contents
1911_census_volume_ii_part_ii_birthplaces,82,"Total Population of the State of Western Australia, at the Census of 3rd April, 1911, classified according to Birthplace and Religion",167,169,166,168,3,167 | 168 | 169,contents
1911_census_volume_ii_part_ii_birthplaces,83,"Male Population of the State of Tasmania, at the Census of 3rd April, 1911, classified according to Birthplace and Religion",170,170,169,169,1,170,contents
1911_census_volume_ii_part_ii_birthplaces,84,"Female Population of the State of Tasmania, at the Census of 3rd April, 1911, classified according to Birthplace and Religion",171,172,170,171,2,171 | 172,contents
1911_census_volume_ii_part_ii_birthplaces,85,"Total Population of the State of Tasmania, at the Census of 3rd April, 1911, classified according to Birthplace and Religion",173,175,172,174,3,173 | 174 | 175,contents
1911_census_volume_ii_part_ii_birthplaces,86,"Male Population of the Northern Territory, at the Census of 3rd April, 1911, classified according to Birthplace and Religion",176,176,175,175,1,176,contents
1911_census_volume_ii_part_ii_birthplaces,87,"Female Population of the Northern Territory, at the Census of 3rd April, 1911, classified according to Birthplace and Religion",177,178,176,177,2,177 | 178,contents
1911_census_volume_ii_part_ii_birthplaces,88,"Total Population of the Northern Territory, at the Census of 3rd April, 1911, classified according to Birthplace and Religion",179,181,178,180,3,179 | 180 | 181,contents
1911_census_volume_ii_part_ii_birthplaces,89,"Male Population of the Federal Capital Territory, at the Census of 3rd April, 1911, classified according to Birthplace and Religion",182,182,181,181,1,182,contents
1911_census_volume_ii_part_ii_birthplaces,90,"Female Population of the Federal Capital Territory, at the Census of 3rd April, 1911, classified according to Birthplace and Religion",183,184,182,183,2,183 | 184,contents
1911_census_volume_ii_part_ii_birthplaces,91,"Total Population of the Federal Capital Territory, at the Census of 3rd April, 1911, classified according to Birthplace and Religion",185,187,184,186,3,185 | 186 | 187,contents
1911_census_volume_ii_part_ii_birthplaces,92,"Number of Males in the Metropolis of each State of the Commonwealth, at the Census of 3rd April, 1911, classified according to Birthplace",188,189,187,188,2,188 | 189,contents
1911_census_volume_ii_part_ii_birthplaces,93,"Number of Females in the Metropolis of each State of the Commonwealth, at the Census of 3rd April, 1911, classified according to Birthplace",190,191,189,190,2,190 | 191,contents
1911_census_volume_ii_part_ii_birthplaces,94,"Number of Persons in the Metropolis of each State of the Commonwealth, at the Census of 3rd April, 1911, classified according to Birthplace",192,193,191,192,2,192 | 193,contents
1911_census_volume_ii_part_ii_birthplaces,95,"Population of the Counties of New South Wales, at the Census of 3rd April, 1911, classified according to Birthplace",194,225,193,224,32,194 | 195 | 196 | 197 | 198 | 199 | 200 | 201 | 202 | 203 | 204 | 205 | 206 | 207 | 208 | 209 | 210 | 211 | 212 | 213 | 214 | 215 | 216 | 217 | 218 | 219 | 220 | 221 | 222 | 223 | 224 | 225,contents
1911_census_volume_ii_part_ii_birthplaces,96,"Population of the Counties of Victoria, at the Census of 3rd April, 1911, classified according to Birthplace",226,233,225,232,8,226 | 227 | 228 | 229 | 230 | 231 | 232 | 233,contents
1911_census_volume_ii_part_ii_birthplaces,97,"Population of the Census Districts of Queensland, at the Census of 3rd April, 1911, classified according to Birthplace",234,247,233,246,14,234 | 235 | 236 | 237 | 238 | 239 | 240 | 241 | 242 | 243 | 244 | 245 | 246 | 247,contents
1911_census_volume_ii_part_ii_birthplaces,98,"Population of the Counties and Divisions of South Australia, at the Census of 3rd April, 1911, classified according to Birthplace",248,259,247,258,12,248 | 249 | 250 | 251 | 252 | 253 | 254 | 255 | 256 | 257 | 258 | 259,contents
1911_census_volume_ii_part_ii_birthplaces,99,"Population of the Statistical Districts of Western Australia, at the Census of 3rd April, 1911, classified according to Birthplace",260,265,259,264,6,260 | 261 | 262 | 263 | 264 | 265,contents
1911_census_volume_ii_part_ii_birthplaces,100,"Population of the Local Government Areas (Municipalities) of Tasmania, at the Census of 3rd April, 1911, classified according to Birthplace",266,277,265,276,12,266 | 267 | 268 | 269 | 270 | 271 | 272 | 273 | 274 | 275 | 276 | 277,contents
1911_census_volume_ii_part_ii_birthplaces,101,"Population of the Counties of the Northern Territory, at the Census of 3rd April, 1911, classified according to Birthplace",278,279,277,278,2,278 | 279,contents
1911_census_volume_ii_part_ii_birthplaces,102,"Population of the Divisions of the Federal Capital Territory, at the Census of 3rd April, 1911, classified according to Birthplace",280,280,279,279,1,280,contents
1911_census_volume_ii_part_ii_birthplaces,103,"Full-blooded Aboriginal Natives of Australia enumerated in the several States and Territories of the Commonwealth, at the Census of 3rd April, 1911, classified according to Birthplace and Sex",281,281,280,280,1,281,contents
1911_census_volume_ii_part_iii_length_of_residence,1,"Population of the States and Territories of the Commonwealth of Australia at the Census of 3rd April, 1911, Classified according to Length of Residence in Australia",4,5,3,4,2,4 | 5,contents
1911_census_volume_ii_part_iii_length_of_residence,2,"Population of the Commonwealth of Australia at the Census of 3rd April, 1911, Classified according to Age and Length of Residence in Australia",6,8,5,7,3,6 | 7 | 8,contents
1911_census_volume_ii_part_iii_length_of_residence,3,"Population of the State of New South Wales at the Census of 3rd April, 1911, Classified according to Age and Length of Residence in Australia",8,11,7,10,4,8 | 9 | 10 | 11,contents
1911_census_volume_ii_part_iii_length_of_residence,4,"Population of the State of Victoria at the Census of 3rd April, 1911, Classified according to Age and Length of Residence in Australia",12,15,11,14,4,12 | 13 | 14 | 15,contents
1911_census_volume_ii_part_iii_length_of_residence,5,"Population of the State of Queensland at the Census of 3rd April, 1911, Classified according to Age and Length of Residence in Australia",14,17,13,16,4,14 | 15 | 16 | 17,contents
1911_census_volume_ii_part_iii_length_of_residence,6,"Population of the State of South Australia at the Census of 3rd April, 1911, Classified according to Age and Length of Residence in Australia",18,21,17,20,4,18 | 19 | 20 | 21,contents
1911_census_volume_ii_part_iii_length_of_residence,7,"Population of the State of Western Australia at the Census of 3rd April, 1911, Classified according to Age and Length of Residence in Australia",20,23,19,22,4,20 | 21 | 22 | 23,contents
1911_census_volume_ii_part_iii_length_of_residence,8,"Population of the State of Tasmania at the Census of 3rd April, 1911, Classified according to Age and Length of Residence in Australia",24,27,23,26,4,24 | 25 | 26 | 27,contents
1911_census_volume_ii_part_iii_length_of_residence,9,"Population of the Northern Territory at the Census of 3rd April, 1911, Classified according to Age and Length of Residence in Australia",26,29,25,28,4,26 | 27 | 28 | 29,contents
1911_census_volume_ii_part_iii_length_of_residence,10,"Population of the Federal Capital Territory at the Census of 3rd April, 1911, Classified according to Age and Length of Residence in Australia",30,32,29,31,3,30 | 31 | 32,contents
1911_census_volume_ii_part_iii_length_of_residence,11,"Metropolitan and Extra-Metropolitan Population of New South Wales at the Census of 3rd April, 1911, Classified according to Length of Residence in Australia",32,32,31,31,1,32,contents
1911_census_volume_ii_part_iii_length_of_residence,12,"Metropolitan and Extra-Metropolitan Population of Victoria at the Census of 3rd April, 1911, Classified according to Length of Residence in Australia",33,33,32,32,1,33,contents
1911_census_volume_ii_part_iii_length_of_residence,13,"Metropolitan and Extra-Metropolitan Population of Queensland at the Census of 3rd April, 1911, Classified according to Length of Residence in Australia",34,34,33,33,1,34,contents
1911_census_volume_ii_part_iii_length_of_residence,14,"Metropolitan and Extra-Metropolitan Population of South Australia at the Census of 3rd April, 1911, Classified according to Length of Residence in Australia",34,34,33,33,1,34,contents
1911_census_volume_ii_part_iii_length_of_residence,15,"Metropolitan and Extra-Metropolitan Population of Western Australia at the Census of 3rd April, 1911, Classified according to Length of Residence in Australia",35,35,34,34,1,35,contents
1911_census_volume_ii_part_iii_length_of_residence,16,"Metropolitan and Extra-Metropolitan Population of Tasmania at the Census of 3rd April, 1911, Classified according to Length of Residence in Australia",35,35,34,34,1,35,contents
1911_census_volume_ii_part_iii_length_of_residence,17,"Population at Advanced Ages in the Commonwealth of Australia at the Census of 3rd April, 1911, Classified according to Age and Length of Residence in Australia",36,37,35,36,2,36 | 37,contents
1911_census_volume_ii_part_iii_length_of_residence,18,"Population at Advanced Ages in the State of New South Wales at the Census of 3rd April, 1911, Classified according to Age and Length of Residence in Australia",38,38,37,37,1,38,contents
1911_census_volume_ii_part_iii_length_of_residence,19,"Population at Advanced Ages in the State of Victoria at the Census of 3rd April, 1911, Classified according to Age and Length of Residence in Australia",39,41,38,40,3,39 | 40 | 41,contents
1911_census_volume_ii_part_iii_length_of_residence,20,"Population at Advanced Ages in the State of Queensland at the Census of 3rd April, 1911, Classified according to Age and Length of Residence in Australia",42,43,41,42,2,42 | 43,contents
1911_census_volume_ii_part_iii_length_of_residence,21,"Population at Advanced Ages in the State of South Australia at the Census of 3rd April, 1911, Classified according to Age and Length of Residence in Australia",44,44,43,43,1,44,contents
1911_census_volume_ii_part_iii_length_of_residence,22,"Population at Advanced Ages in the State of Western Australia at the Census of 3rd April, 1911, Classified according to Age and Length of Residence in Australia",45,47,44,46,3,45 | 46 | 47,contents
1911_census_volume_ii_part_iii_length_of_residence,23,"Population at Advanced Ages in the State of Tasmania at the Census of 3rd April, 1911, Classified according to Age and Length of Residence in Australia",48,49,47,48,2,48 | 49,contents
1911_census_volume_ii_part_iii_length_of_residence,24,"Population at Advanced Ages in the Northern Territory at the Census of 3rd April, 1911, Classified according to Age and Length of Residence in Australia",50,51,49,50,2,50 | 51,contents
1911_census_volume_ii_part_iii_length_of_residence,25,"Population at Advanced Ages in the Federal Capital Territory at the Census of 3rd April, 1911, Classified according to Age and Length of Residence in Australia",52,53,51,52,2,52 | 53,contents
1911_census_volume_ii_part_iv_education,1,"Number of Persons Recorded in each State and Territory of the Commonwealth, at the Census of 3rd April, 1911, Classified according to Education and Sex",3,3,2,2,1,3,contents
1911_census_volume_ii_part_iv_education,2,"Number of Persons Recorded in the Commonwealth, at the Censuses of 1891, 1901, and 1911, Classified according to Education and Sex",3,3,2,2,1,3,contents
1911_census_volume_ii_part_iv_education,3,"Number of Males Recorded in each State and Territory of the Commonwealth, at the Census of 3rd April, 1911, Classified according to Education and Age",4,5,3,4,2,4 | 5,contents
1911_census_volume_ii_part_iv_education,4,"Number of Females Recorded in each State and Territory of the Commonwealth, at the Census of 3rd April, 1911, Classified according to Education and Age",5,6,4,5,2,5 | 6,contents
1911_census_volume_ii_part_iv_education,5,"Number of Persons Recorded in each State and Territory of the Commonwealth, at the Census of 3rd April, 1911, Classified according to Education and Age",7,8,6,7,2,7 | 8,contents
1911_census_volume_ii_part_iv_education,6,"Number of Males Recorded in each Metropolitan Area of the Commonwealth, at the Census of 3rd April, 1911, Classified according to Education and Age",8,9,7,8,2,8 | 9,contents
1911_census_volume_ii_part_iv_education,7,"Number of Females Recorded in each Metropolitan Area of the Commonwealth, at the Census of 3rd April, 1911, Classified according to Education and Age",9,10,8,9,2,9 | 10,contents
1911_census_volume_ii_part_iv_education,8,"Number of Persons Recorded in each Metropolitan Area of the Commonwealth, at the Census of 3rd April, 1911, Classified according to Education and Age",10,11,9,10,2,10 | 11,contents
1911_census_volume_ii_part_iv_education,9,"New South Wales-Number of Males Recorded in each County, at the Census of 3rd April, 1911, Classified according to Education and Age",12,32,11,31,21,12 | 13 | 14 | 15 | 16 | 17 | 18 | 19 | 20 | 21 | 22 | 23 | 24 | 25 | 26 | 27 | 28 | 29 | 30 | 31 | 32,contents
1911_census_volume_ii_part_iv_education,10,"New South Wales-Number of Females Recorded in each County, at the Census of 3rd April, 1911, Classified according to Education and Age",33,51,32,50,19,33 | 34 | 35 | 36 | 37 | 38 | 39 | 40 | 41 | 42 | 43 | 44 | 45 | 46 | 47 | 48 | 49 | 50 | 51,contents
1911_census_volume_ii_part_iv_education,11,"New South Wales-Number of Persons Recorded in each County, at the Census of 3rd April, 1911, Classified according to Education and Age",52,72,51,71,21,52 | 53 | 54 | 55 | 56 | 57 | 58 | 59 | 60 | 61 | 62 | 63 | 64 | 65 | 66 | 67 | 68 | 69 | 70 | 71 | 72,contents
1911_census_volume_ii_part_iv_education,12,"Victoria-Number of Males Recorded in each County, at the Census of 3rd April, 1911, Classified according to Education and Age",73,78,72,77,6,73 | 74 | 75 | 76 | 77 | 78,contents
1911_census_volume_ii_part_iv_education,13,"Victoria-Number of Females Recorded in each County, at the Census of 3rd April, 1911, Classified according to Education and Age",79,84,78,83,6,79 | 80 | 81 | 82 | 83 | 84,contents
1911_census_volume_ii_part_iv_education,14,"Victoria-Number of Persons Recorded in each County, at the Census of 3rd April, 1911, Classified according to Education and Age",84,90,83,89,7,84 | 85 | 86 | 87 | 88 | 89 | 90,contents
1911_census_volume_ii_part_iv_education,15,"Queensland-Number of Males Recorded in each Census District, at the Census of 3rd April, 1911, Classified according to Education and Age",91,101,90,100,11,91 | 92 | 93 | 94 | 95 | 96 | 97 | 98 | 99 | 100 | 101,contents
1911_census_volume_ii_part_iv_education,16,"Queensland-Number of Females Recorded in each Census District, at the Census of 3rd April, 1911, Classified according to Education and Age",102,111,101,110,10,102 | 103 | 104 | 105 | 106 | 107 | 108 | 109 | 110 | 111,contents
1911_census_volume_ii_part_iv_education,17,"Queensland-Number of Persons Recorded in each Census District, at the Census of 3rd April, 1911, Classified according to Education and Age",111,121,110,120,11,111 | 112 | 113 | 114 | 115 | 116 | 117 | 118 | 119 | 120 | 121,contents
1911_census_volume_ii_part_iv_education,18,"South Australia-Number of Males Recorded in each County or Division, at the Census of 3rd April, 1911, Classified according to Education and Age",122,128,121,127,7,122 | 123 | 124 | 125 | 126 | 127 | 128,contents
1911_census_volume_ii_part_iv_education,19,"South Australia-Number of Females Recorded in each County or Division, at the Census of 3rd April, 1911, Classified according to Education and Age",129,135,128,134,7,129 | 130 | 131 | 132 | 133 | 134 | 135,contents
1911_census_volume_ii_part_iv_education,20,"South Australia-Number of Persons Recorded in each County or Division, at the Census of 3rd April, 1911, Classified according to Education and Age",135,142,134,141,8,135 | 136 | 137 | 138 | 139 | 140 | 141 | 142,contents
1911_census_volume_ii_part_iv_education,21,"Western Australia-Number of Males Recorded in each Statistical District, at the Census of 3rd April, 1911, Classified according to Education and Age",143,146,142,145,4,143 | 144 | 145 | 146,contents
1911_census_volume_ii_part_iv_education,22,"Western Australia-Number of Females Recorded in each Statistical District, at the Census of 3rd April, 1911, Classified according to Education and Age",147,150,146,149,4,147 | 148 | 149 | 150,contents
1911_census_volume_ii_part_iv_education,23,"Western Australia-Number of Persons Recorded in each Statistical District, at the Census of 3rd April, 1911, Classified according to Education and Age",151,154,150,153,4,151 | 152 | 153 | 154,contents
1911_census_volume_ii_part_iv_education,24,"Tasmania-Number of Males Recorded in each Municipality, at the Census of 3rd April, 1911, Classified according to Education and Age",155,161,154,160,7,155 | 156 | 157 | 158 | 159 | 160 | 161,contents
1911_census_volume_ii_part_iv_education,25,"Tasmania-Number of Females Recorded in each Municipality, at the Census of 3rd April, 1911, Classified according to Education and Age",161,168,160,167,8,161 | 162 | 163 | 164 | 165 | 166 | 167 | 168,contents
1911_census_volume_ii_part_iv_education,26,"Tasmania-Number of Persons Recorded in each Municipality, at the Census of 3rd April, 1911, Classified according to Education and Age",168,175,167,174,8,168 | 169 | 170 | 171 | 172 | 173 | 174 | 175,contents
1911_census_volume_ii_part_iv_education,27,"Northern Territory-Number of Males Recorded in each County, at the Census of 3rd April, 1911, Classified according to Education and Age",175,176,174,175,2,175 | 176,contents
1911_census_volume_ii_part_iv_education,28,"Northern Territory-Number of Females Recorded in each County, at the Census of 3rd April, 1911, Classified according to Education and Age",176,177,175,176,2,176 | 177,contents
1911_census_volume_ii_part_iv_education,29,"Northern Territory-Number of Persons Recorded in each County, at the Census of 3rd April, 1911, Classified according to Education and Age",177,178,176,177,2,177 | 178,contents
1911_census_volume_ii_part_iv_education,30,"Federal Capital Territory-Number of Persons Recorded in each Division, at the Census of 3rd April, 1911, Classified according to Education, Age, and Sex",178,178,177,177,1,178,contents
1911_census_volume_ii_part_iv_education,31,"Number of Aboriginal Males Recorded in each State and Territory of the Commonwealth, at the Census of 3rd April, 1911, Classified according to Education and Age",179,179,178,178,1,179,contents
1911_census_volume_ii_part_iv_education,32,"Number of Aboriginal Females Recorded in each State and Territory of the Commonwealth, at the Census of 3rd April, 1911, Classified according to Education and Age",180,180,179,179,1,180,contents
1911_census_volume_ii_part_iv_education,33,"Number of Aboriginal Persons Recorded in each State and Territory of the Commonwealth, at the Census of 3rd April, 1911, Classified according to Education and Age",181,181,180,180,1,181,contents
1911_census_volume_ii_part_v_schooling,1,"Number of Persons of all Ages Recorded in each State and Territory of the Commonwealth, at the Census of 3rd April, 1911, Classified according to Schooling and Sex",3,3,2,2,1,3,contents
1911_census_volume_ii_part_v_schooling,2,"Number of Children Aged last Birthday from 6 to 13 Years Recorded in each State and Territory of the Commonwealth, at the Census of 3rd April, 1911, Classified according to Schooling and Sex",4,4,3,3,1,4,contents
1911_census_volume_ii_part_v_schooling,3,"Number of Males Recorded in each State and Territory of the Commonwealth, at the Census of 3rd April, 1911, Classified according to Schooling and Age",5,5,4,4,1,5,contents
1911_census_volume_ii_part_v_schooling,4,"Number of Females Recorded in each State and Territory of the Commonwealth, at the Census of 3rd April, 1911, Classified according to Schooling and Age",6,6,5,5,1,6,contents
1911_census_volume_ii_part_v_schooling,5,"Number of Persons Recorded in each State and Territory of the Commonwealth, at the Census of 3rd April, 1911, Classified according to Schooling and Age",7,7,6,6,1,7,contents
1911_census_volume_ii_part_v_schooling,6,"Number of Males Recorded in each Metropolitan Area of the Commonwealth, at the Census of 3rd April, 1911, Classified according to Schooling and Age",8,8,7,7,1,8,contents
1911_census_volume_ii_part_v_schooling,7,"Number of Females Recorded in each Metropolitan Area of the Commonwealth, at the Census of 3rd April, 1911, Classified according to Schooling and Age",9,9,8,8,1,9,contents
1911_census_volume_ii_part_v_schooling,8,"Number of Persons Recorded in each Metropolitan Area of the Commonwealth, at the Census of 3rd April, 1911, Classified according to Schooling and Age",10,10,9,9,1,10,contents
1911_census_volume_ii_part_v_schooling,9,"New South Wales-Number of Males Recorded in each County, at the Census of 3rd April, 1911, Classified according to Schooling and Age",11,24,10,23,14,11 | 12 | 13 | 14 | 15 | 16 | 17 | 18 | 19 | 20 | 21 | 22 | 23 | 24,contents
1911_census_volume_ii_part_v_schooling,10,"New South Wales-Number of Females Recorded in each County, at the Census of 3rd April, 1911, Classified according to Schooling and Age",24,37,23,36,14,24 | 25 | 26 | 27 | 28 | 29 | 30 | 31 | 32 | 33 | 34 | 35 | 36 | 37,contents
1911_census_volume_ii_part_v_schooling,11,"New South Wales-Number of Persons Recorded in each County, at the Census of 3rd April, 1911, Classified according to Schooling and Age",37,50,36,49,14,37 | 38 | 39 | 40 | 41 | 42 | 43 | 44 | 45 | 46 | 47 | 48 | 49 | 50,contents
1911_census_volume_ii_part_v_schooling,12,"Victoria-Number of Males Recorded in each County, at the Census of 3rd April, 1911, Classified according to Schooling and Age",51,54,50,53,4,51 | 52 | 53 | 54,contents
1911_census_volume_ii_part_v_schooling,13,"Victoria-Number of Females Recorded in each County, at the Census of 3rd April, 1911, Classified according to Schooling and Age",54,58,53,57,5,54 | 55 | 56 | 57 | 58,contents
1911_census_volume_ii_part_v_schooling,14,"Victoria-Number of Persons Recorded in each County, at the Census of 3rd April, 1911, Classified according to Schooling and Age",58,62,57,61,5,58 | 59 | 60 | 61 | 62,contents
1911_census_volume_ii_part_v_schooling,15,"Queensland-Number of Males Recorded in each Census District, at the Census of 3rd April, 1911, Classified according to Schooling and Age",62,68,61,67,7,62 | 63 | 64 | 65 | 66 | 67 | 68,contents
1911_census_volume_ii_part_v_schooling,16,"Queensland-Number of Females Recorded in each Census District, at the Census of 3rd April, 1911, Classified according to Schooling and Age",69,75,68,74,7,69 | 70 | 71 | 72 | 73 | 74 | 75,contents
1911_census_volume_ii_part_v_schooling,17,"Queensland-Number of Persons Recorded in each Census District, at the Census of 3rd April, 1911, Classified according to Schooling and Age",75,81,74,80,7,75 | 76 | 77 | 78 | 79 | 80 | 81,contents
1911_census_volume_ii_part_v_schooling,18,"South Australia-Number of Males Recorded in each County or Division, at the Census of 3rd April, 1911, Classified according to Schooling and Age",82,86,81,85,5,82 | 83 | 84 | 85 | 86,contents
1911_census_volume_ii_part_v_schooling,19,"South Australia-Number of Females Recorded in each County or Division, at the Census of 3rd April, 1911, Classified according to Schooling and Age",86,91,85,90,6,86 | 87 | 88 | 89 | 90 | 91,contents
1911_census_volume_ii_part_v_schooling,20,"South Australia-Number of Persons Recorded in each County or Division, at the Census of 3rd April, 1911, Classified according to Schooling and Age",91,95,90,94,5,91 | 92 | 93 | 94 | 95,contents
1911_census_volume_ii_part_v_schooling,21,"Western Australia-Number of Males Recorded in each Statistical District, at the Census of 3rd April, 1911, Classified according to Schooling and Age",96,98,95,97,3,96 | 97 | 98,contents
1911_census_volume_ii_part_v_schooling,22,"Western Australia-Number of Females Recorded in each Statistical District, at the Census of 3rd April, 1911, Classified according to Schooling and Age",98,101,97,100,4,98 | 99 | 100 | 101,contents
1911_census_volume_ii_part_v_schooling,23,"Western Australia- Number of Persons Recorded in each Statistical District, at the Census of 3rd April, 1911, Classified according to Schooling and Age",101,104,100,103,4,101 | 102 | 103 | 104,contents
1911_census_volume_ii_part_v_schooling,24,"Tasmania-Number of Males Recorded in each Municipality, at the Census of 3rd April, 1911, Classified according to Schooling and Age",104,109,103,108,6,104 | 105 | 106 | 107 | 108 | 109,contents
1911_census_volume_ii_part_v_schooling,25,"Tasmania-Number of Females Recorded in each Municipality, at the Census of 3rd April, 1911, Classified according to Schooling and Age",109,114,108,113,6,109 | 110 | 111 | 112 | 113 | 114,contents
1911_census_volume_ii_part_v_schooling,26,"Tasmania-Number of Persons Recorded in each Municipality, at the Census of 3rd April, 1911, Classified according to Schooling and Age",114,119,113,118,6,114 | 115 | 116 | 117 | 118 | 119,contents
1911_census_volume_ii_part_v_schooling,27,"Northern Territory-Number of Males Recorded in each County, at the Census of 3rd April, 1911, Classified according to Schooling and Age",119,119,118,118,1,119,contents
1911_census_volume_ii_part_v_schooling,28,"Northern Territory-Number of Females Recorded in each County, at the Census of 3rd April, 1911, Classified according to Schooling and Age",120,120,119,119,1,120,contents
1911_census_volume_ii_part_v_schooling,29,"Northern Territory-Number of Persons Recorded in each County, at the Census of 3rd April, 1911, Classified according to Schooling and Age",120,120,119,119,1,120,contents
1911_census_volume_ii_part_v_schooling,30,"Federal Capital Territory-Number of Persons Recorded in each Division, at the Census of 3rd April, 1911, Classified according to Schooling, Age, and Sex",121,121,120,120,1,121,contents
1911_census_volume_ii_part_v_schooling,31,"Number of Aboriginal Males Recorded in each State and Territory, of the Commonwealth, at the Census of 3rd April, 1911, Classified according to Schooling and Age",122,122,121,121,1,122,contents
1911_census_volume_ii_part_v_schooling,32,"Number of Aboriginal Females Recorded in each State and Territory of the Commonwealth, at the Census of 3rd April, 1911, Classified according to Schooling and Age",123,123,122,122,1,123,contents
1911_census_volume_ii_part_v_schooling,33,"Number of Aboriginal Persons Recorded in each State and Territory of the Commonwealth, at the Census of 3rd April, 1911, Classified according to Schooling and Age",124,124,123,123,1,124,contents
1911_census_volume_ii_part_vi_religions,1,"Male Population of the States and Territories of the Commonwealth, at the Census of 3rd April, 1911, Classified according to Religion",5,11,4,10,7,5 | 6 | 7 | 8 | 9 | 10 | 11,contents
1911_census_volume_ii_part_vi_religions,2,"Female Population of the States and Territories of the Commonwealth, at the Census of 3rd April, 1911, Classified according to Religion",12,18,11,17,7,12 | 13 | 14 | 15 | 16 | 17 | 18,contents
1911_census_volume_ii_part_vi_religions,3,"Total Population of the States and Territories of the Commonwealth, at the Census of 3rd April, 1911, Classified according to Religion",18,24,17,23,7,18 | 19 | 20 | 21 | 22 | 23 | 24,contents
1911_census_volume_ii_part_vi_religions,4,"Population of the Commonwealth, at the Censuses of 1891, 1901, and 1911, Classified according to Religion and Sex",25,25,24,24,1,25,contents
1911_census_volume_ii_part_vi_religions,5,"Male Population of the Commonwealth, at the Census of 3rd April, 1911, Classified according to Religion Age, Education and Conjugal Condition",26,27,25,26,2,26 | 27,contents
1911_census_volume_ii_part_vi_religions,6,"Female Population of the Commonwealth, at the Census of 3rd April, 1911, Classified according to Religion, Age, Education, and Conjugal Condition",28,29,27,28,2,28 | 29,contents
1911_census_volume_ii_part_vi_religions,7,"Total Population of the Commonwealth, at the Census of 3rd April, 1911, Classified according to Religion, Age, Education, and Conjugal Condition",30,30,29,29,1,30,contents
1911_census_volume_ii_part_vi_religions,8,"Male Population of the State of New South Wales, at the Census of 3rd April, 1911, Classified according to Religion, Age, Education, and Conjugal Condition",31,32,30,31,2,31 | 32,contents
1911_census_volume_ii_part_vi_religions,9,"Female Population of the State of New South Wales, at the Census of 3rd April, 1911, Classified according to Religion, Age, Education, and Conjugal Condition",33,35,32,34,3,33 | 34 | 35,contents
1911_census_volume_ii_part_vi_religions,10,"Total Population of the State of New South Wales, at the Census of 3rd April, 1911, Classified according to Religion, Age, Education, and Conjugal Condition",36,37,35,36,2,36 | 37,contents
1911_census_volume_ii_part_vi_religions,11,"Male Population of the State of Victoria, at the Census of 3rd April, 1911, Classified according to Religion, Age, Education, and Conjugal Condition",38,38,37,37,1,38,contents
1911_census_volume_ii_part_vi_religions,12,"Female Population of the State of Victoria, at the Census of 3rd April, 1911, Classified according to Religion, Age, Education, and Conjugal Condition",39,40,38,39,2,39 | 40,contents
1911_census_volume_ii_part_vi_religions,13,"Total Population of the State of Victoria, at the Census of 3rd April, 1911, Classified according to Religion, Age, Education, and Conjugal Condition",41,43,40,42,3,41 | 42 | 43,contents
1911_census_volume_ii_part_vi_religions,14,"Male Population of the State of Queensland, at the Census of 3rd April, 1911, Classified according to Religion, Age, Education, and Conjugal Condition",44,44,43,43,1,44,contents
1911_census_volume_ii_part_vi_religions,15,"Female Population of the State of Queensland, at the Census of 3rd April, 1911, Classified according to Religion, Age, Education, and Conjugal Condition",45,47,44,46,3,45 | 46 | 47,contents
1911_census_volume_ii_part_vi_religions,16,"Total Population of the State of Queensland, at the Census of 3rd April, 1911, Classified according to Religion, Age, Education, and Conjugal Condition",48,49,47,48,2,48 | 49,contents
1911_census_volume_ii_part_vi_religions,17,"Male Population of the State of South Australia, at the Census of 3rd April, 1911, Classified according to Religion, Age, Education, and Conjugal Condition",50,50,49,49,1,50,contents
1911_census_volume_ii_part_vi_religions,18,"Female Population of the State of South Australia, at the Census of 3rd April, 1911, Classified according to Religion, Age, Education, and Conjugal Condition",51,52,50,51,2,51 | 52,contents
1911_census_volume_ii_part_vi_religions,19,"Total Population of the State of South Australia, at the Census of 3rd April, 1911, Classified according to Religion, Age, Education, and Conjugal Condition",53,55,52,54,3,53 | 54 | 55,contents
1911_census_volume_ii_part_vi_religions,20,"Male Population of the State of Western Australia, at the Census of 3rd April, 1911, Classified according to Religion, Age, Education, and Conjugal Condition",56,57,55,56,2,56 | 57,contents
1911_census_volume_ii_part_vi_religions,21,"Female Population of the State of Western Australia, at the Census of 3rd April, 1911, Classified according to Religion, Age, Education, and Conjugal Condition",58,58,57,57,1,58,contents
1911_census_volume_ii_part_vi_religions,22,"Total Population of the State of Western Australia, at the Census of 3rd April, 1911, Classified according to Religion, Age, Education, and Conjugal Condition",59,61,58,60,3,59 | 60 | 61,contents
1911_census_volume_ii_part_vi_religions,23,"Male Population of the State of Tasmania, at the Census of 3rd April, 1911, Classified according to Religion, Age, Education, and Conjugal Condition",62,62,61,61,1,62,contents
1911_census_volume_ii_part_vi_religions,24,"Female Population of the State of Tasmania, at the Census of 3rd April, 1911, Classified according to Religion, Age, Education, and Conjugal Condition",63,64,62,63,2,63 | 64,contents
1911_census_volume_ii_part_vi_religions,25,"Total Population of the State of Tasmania, at the Census of 3rd April, 1911, Classified according to Religion, Age, Education, and Conjugal Condition",65,67,64,66,3,65 | 66 | 67,contents
1911_census_volume_ii_part_vi_religions,26,"Male Population of the Northern Territory, at the Census of 3rd April, 1911, Classified according to Religion, Age, Education, and Conjugal Condition",68,68,67,67,1,68,contents
1911_census_volume_ii_part_vi_religions,27,"Female Population of the Northern Territory, at the Census of 3rd April, 1911, Classified according to Religion, Age, Education, and Conjugal Condition",69,71,68,70,3,69 | 70 | 71,contents
1911_census_volume_ii_part_vi_religions,28,"Total Population of the Northern Territory, at the Census of 3rd April, 1911, Classified according to Religion, Age, Education, and Conjugal Condition",72,73,71,72,2,72 | 73,contents
1911_census_volume_ii_part_vi_religions,29,"Male Population of the Federal Capital Territory, at the Census of 3rd April, 1911, Classified according to Religion, Age, Education, and Conjugal Condition",74,74,73,73,1,74,contents
1911_census_volume_ii_part_vi_religions,30,"Female Population of the Federal Capital Territory, at the Census of 3rd April, 1911, Classified according to Religion, Age, Education, and Conjugal Condition",75,76,74,75,2,75 | 76,contents
1911_census_volume_ii_part_vi_religions,31,"Total Population of the Federal Capital Territory, at the Census of 3rd April, 1911, Classified according to Religion, Age, Education, and Conjugal Condition",77,79,76,78,3,77 | 78 | 79,contents
1911_census_volume_ii_part_vi_religions,32,"Male Population of the Metropolis of each State of the Commonwealth, at the Census of 3rd April, 1911, Classified according to Religion",80,80,79,79,1,80,contents
1911_census_volume_ii_part_vi_religions,33,"Female Population of the Metropolis of each State of the Commonwealth, at the Census of 3rd April, 1911, Classified according to Religion",80,81,79,80,2,80 | 81,contents
1911_census_volume_ii_part_vi_religions,34,"Total Population of the Metropolis of each State of the Commonwealth, at the Census of 3rd April, 1911, Classified according to Religion",81,81,80,80,1,81,contents
1911_census_volume_ii_part_vi_religions,35,"Male Population of the Counties of New South Wales, at the Census of 3rd April, 1911, Classified according to Religion",82,85,81,84,4,82 | 83 | 84 | 85,contents
1911_census_volume_ii_part_vi_religions,36,"Female Population of the Counties of New South Wales, at the Census of 3rd April, 1911, Classified according to Religion",86,89,85,88,4,86 | 87 | 88 | 89,contents
1911_census_volume_ii_part_vi_religions,37,"Total Population of the Counties of New South Wales, at the Census of 3rd April, 1911, Classified according to Religion",90,93,89,92,4,90 | 91 | 92 | 93,contents
1911_census_volume_ii_part_vi_religions,38,"Male Population of the Counties of Victoria, at the Census of 3rd April, 1911, Classified according to Religion",94,95,93,94,2,94 | 95,contents
1911_census_volume_ii_part_vi_religions,39,"Female Population of the Counties of Victoria, at the Census of 3rd April, 1911, Classified according to Religion",94,96,93,95,3,94 | 95 | 96,contents
1911_census_volume_ii_part_vi_religions,40,"Total Population of the Counties of Victoria, at the Census of 3rd April, 1911, Classified according to Religion",96,97,95,96,2,96 | 97,contents
1911_census_volume_ii_part_vi_religions,41,"Male Population of the Census Districts of Queensland, at the Census of 3rd April, 1911, Classified according to Religion",98,99,97,98,2,98 | 99,contents
1911_census_volume_ii_part_vi_religions,42,"Female Population of the Census Districts of Queensland, at the Census of 3rd April, 1911, Classified according to Religion",100,100,99,99,1,100,contents
1911_census_volume_ii_part_vi_religions,43,"Total Population of the Census Districts of Queensland, at the Census of 3rd April, 1911, Classified according to Religion",101,103,100,102,3,101 | 102 | 103,contents
1911_census_volume_ii_part_vi_religions,44,"Male Population of the Counties and Divisions of South Australia, at the Census of 3rd April, 1911, Classified according to Religion",104,105,103,104,2,104 | 105,contents
1911_census_volume_ii_part_vi_religions,45,"Female Population of the Counties and Division of South Australia, at the Census of 3rd April, 1911, Classified according to Religion",104,106,103,105,3,104 | 105 | 106,contents
1911_census_volume_ii_part_vi_religions,46,"Total Population of the Counties and Divisions of South Australia, at the Census of 3rd April, 1911, Classified according to Religion",106,107,105,106,2,106 | 107,contents
1911_census_volume_ii_part_vi_religions,47,"Male Population of the Statistical Districts of Western Australia, at the Census of 3rd April, 1911, Classified according to Religion",108,108,107,107,1,108,contents
1911_census_volume_ii_part_vi_religions,48,"Female Population of the Statistical Districts of Western Australia, at the Census of 3rd April, 1911, Classified according to Religion",108,108,107,107,1,108,contents
1911_census_volume_ii_part_vi_religions,49,"Total Population of the Statistical Districts of Western Australia, at the Census of 3rd April, 1911, Classified according to Religion",109,110,108,109,2,109 | 110,contents
1911_census_volume_ii_part_vi_religions,50,"Male Population of the Municipalities of Tasmania, at the Census of 3rd April, 1911, Classified according to Religion",110,111,109,110,2,110 | 111,contents
1911_census_volume_ii_part_vi_religions,51,"Female Population of the Municipalities of Tasmania, at the Census of 3rd April, 1911, Classified according to Religion",111,113,110,112,3,111 | 112 | 113,contents
1911_census_volume_ii_part_vi_religions,52,"Total Population of the Municipalities of Tasmania, at the Census of 3rd April, 1911, Classified according to Religion",112,115,111,114,4,112 | 113 | 114 | 115,contents
1911_census_volume_ii_part_vi_religions,53,"Population of the Counties of the Northern Territory, at the Census of 3rd April, 1911, Classified according to Religion and Sex",114,115,113,114,2,114 | 115,contents
1911_census_volume_ii_part_vi_religions,54,"Population of the Divisions of the Federal Capital Territory, at the Census of 3rd April, 1911, Classified according to Religion and Sex",116,116,115,115,1,116,contents
1911_census_volume_ii_part_vi_religions,55,"Number of Aboriginal Males Recorded in each State and Territory of the Commonwealth, at the Census of 3rd April, 1911, Classified according to Religion",116,116,115,115,1,116,contents
1911_census_volume_ii_part_vi_religions,56,"Number of Aboriginal Females Recorded in each State and Territory of the Commonwealth, at the Census of 3rd April, 1911, Classified according to Religion",117,117,116,116,1,117,contents
1911_census_volume_ii_part_vi_religions,57,"Number of Aboriginal Persons Recorded in each State and Territory of the Commonwealth, at the Census of 3rd April, 1911, Classified according to Religion",118,118,117,117,1,118,contents
1911_census_volume_ii_part_vii_blindness_and_deaf_mutism,1,"Blind Persons and Deaf Mutes recorded in the several States of the Commonwealth of Australia, at the Censuses of 31st March, 1901, and 3rd April, 1911",3,3,2,2,1,3,contents
1911_census_volume_ii_part_vii_blindness_and_deaf_mutism,2,"Ages of Blind Persons recorded in the several States of the Commonwealth of Australia, at the Census of 3rd April, 1911",4,4,3,3,1,4,contents
1911_census_volume_ii_part_vii_blindness_and_deaf_mutism,3,"Birthplaces of the Blind recorded in the several States of the Commonwealth of Australia, at the Census of 3rd April, 1911",5,6,4,5,2,5 | 6,contents
1911_census_volume_ii_part_vii_blindness_and_deaf_mutism,4,"Blind Males recorded in the Commonwealth of Australia, at the Census of 3rd April, 1911, Classified according to Birthplace and Age",7,7,6,6,1,7,contents
1911_census_volume_ii_part_vii_blindness_and_deaf_mutism,5,"Blind Females recorded in the Commonwealth of Australia, at the Census of 3rd April, 1911, Classified according to Birthplace and Age",8,8,7,7,1,8,contents
1911_census_volume_ii_part_vii_blindness_and_deaf_mutism,6,"Blind Persons recorded in the Commonwealth of Australia, at the Census of 3rd April, 1911, Classified according to Birthplace and Age",9,9,8,8,1,9,contents
1911_census_volume_ii_part_vii_blindness_and_deaf_mutism,7,"Blind Males recorded in the several States of the Commonwealth of Australia, at the Census of 3rd April, 1911, Classified according to Conjugal Condition and Age",10,10,9,9,1,10,contents
1911_census_volume_ii_part_vii_blindness_and_deaf_mutism,8,"Blind Females recorded in the several States of the Commonwealth of Australia, at the Census of 3rd April, 1911, Classified according to Conjugal Condition and Age",11,11,10,10,1,11,contents
1911_census_volume_ii_part_vii_blindness_and_deaf_mutism,9,"Blind Males recorded in the several States of the Commonwealth of Australia, at the Census of 3rd April, 1911, Classified according to Occupation",12,12,11,11,1,12,contents
1911_census_volume_ii_part_vii_blindness_and_deaf_mutism,10,"Blind Females recorded in the several States of the Commonwealth of Australia, at the Census of 3rd April, 1911, Classified according to Occupation",13,13,12,12,1,13,contents
1911_census_volume_ii_part_vii_blindness_and_deaf_mutism,11,"Blind Males recorded in the Commonwealth of Australia, at the Census of 3rd April, 1911, Classified according to Occupation and Age",14,14,13,13,1,14,contents
1911_census_volume_ii_part_vii_blindness_and_deaf_mutism,12,"Blind Females recorded in the Commonwealth of Australia, at the Census of 3rd April, 1911, Classified according to Occupation and Age",15,15,14,14,1,15,contents
1911_census_volume_ii_part_vii_blindness_and_deaf_mutism,13,"Blind Males recorded in the Commonwealth of Australia, at the Census of 3rd April, 1911, Classified according to Occupation and Grade",16,16,15,15,1,16,contents
1911_census_volume_ii_part_vii_blindness_and_deaf_mutism,14,"Blind Females recorded in the Commonwealth of Australia, at the Census of 3rd April, 1911, Classified according to Occupation and Grade",17,17,16,16,1,17,contents
1911_census_volume_ii_part_vii_blindness_and_deaf_mutism,15,"Ages of Deaf Mutes recorded in the several States of the Commonwealth of Australia, at the Census of 3rd April, 1911",18,18,17,17,1,18,contents
1911_census_volume_ii_part_vii_blindness_and_deaf_mutism,16,"Birthplaces of Deaf Mutes recorded in the several States of the Commonwealth of Australia, at the Census of 3rd April, 1911",19,20,18,19,2,19 | 20,contents
1911_census_volume_ii_part_vii_blindness_and_deaf_mutism,17,"Deaf Mute Males recorded in the Commonwealth of Australia, at the Census of 3rd April, 1911, Classified according to Birthplace and Age",21,21,20,20,1,21,contents
1911_census_volume_ii_part_vii_blindness_and_deaf_mutism,18,"Deaf Mute Females recorded in the Commonwealth of Australia, at the Census of 3rd April, 1911, Classified according to Birthplace and Age",22,22,21,21,1,22,contents
1911_census_volume_ii_part_vii_blindness_and_deaf_mutism,19,"Deaf Mute Persons recorded in the Commonwealth of Australia, at the Census of 3rd April, 1911, Classified according to Birthplace and Age",23,23,22,22,1,23,contents
1911_census_volume_ii_part_vii_blindness_and_deaf_mutism,20,"Deaf Mute Males recorded in the several States of the Commonwealth of Australia, at the Census of 3rd April, 1911, Classified according to Conjugal Condition and Age",24,24,23,23,1,24,contents
1911_census_volume_ii_part_vii_blindness_and_deaf_mutism,21,"Deaf Mute Females recorded in the several States of the Commonwealth of Australia, at the Census of 3rd April, 1911, Classified according to Conjugal Condition and Age",25,25,24,24,1,25,contents
1911_census_volume_ii_part_vii_blindness_and_deaf_mutism,22,"Deaf Mute Males recorded in the several States of the Commonwealth of Australia, at the Census of 3rd April, 1911, Classified according to Occupation",26,26,25,25,1,26,contents
1911_census_volume_ii_part_vii_blindness_and_deaf_mutism,23,"Deaf Mute Females recorded in the several States of the Commonwealth of Australia, at the Census of 3rd April, 1911, Classified according to Occupation",27,27,26,26,1,27,contents
1911_census_volume_ii_part_vii_blindness_and_deaf_mutism,24,"Deaf Mute Males recorded in the Commonwealth of Australia, at the Census of 3rd April, 1911, Classified according to Occupation and Age",28,28,27,27,1,28,contents
1911_census_volume_ii_part_vii_blindness_and_deaf_mutism,25,"Deaf Mute Females recorded in the Commonwealth of Australia, at the Census of 3rd April, 1911, Classified according to Occupation and Age",29,29,28,28,1,29,contents
1911_census_volume_ii_part_vii_blindness_and_deaf_mutism,26,"Deaf Mute Males recorded in the Commonwealth of Australia, at the Census of 3rd April, 1911, Classified according to Occupation and Grade",30,30,29,29,1,30,contents
1911_census_volume_ii_part_vii_blindness_and_deaf_mutism,27,"Deaf Mute Females recorded in the Commonwealth of Australia, at the Census of 3rd April, 1911, Classified according to Occupation and Grade",31,31,30,30,1,31,contents
1911_census_volume_ii_part_viii_non_european_races,1,"Persons of Non-European Race enumerated in the Commonwealth of Australia, at the Census of 3rd April 1911. Summary by States",7,7,6,6,1,7,contents
1911_census_volume_ii_part_viii_non_european_races,2,"Persons of Non-European Race enumerated in the Commonwealth of Australia, at the Census of 3rd April, 1911. Summary by Races",7,7,6,6,1,7,contents
1911_census_volume_ii_part_viii_non_european_races,3,"Males of each Non-European Race enumerated in the several States and Territories of the Commonwealth of Australia, at the Census of 3rd April, 1911",8,8,7,7,1,8,contents
1911_census_volume_ii_part_viii_non_european_races,4,"Females of each Non-European Race enumerated in the several States and Territories of the Commonwealth of Australia, at the Census of 3rd April, 1911",8,9,7,8,2,8 | 9,contents
1911_census_volume_ii_part_viii_non_european_races,5,"Persons of each Non-European Race enumerated in the several States and Territories of the Commonwealth of Australia, at the Census of 3rd April, 1911",9,9,8,8,1,9,contents
1911_census_volume_ii_part_viii_non_european_races,6,"Commonwealth of Australia.—Males of Non-European Race enumerated at the Census of 3rd April, 1911, Classified according to Race and Age",10,11,9,10,2,10 | 11,contents
1911_census_volume_ii_part_viii_non_european_races,7,"Commonwealth of Australia.—Females of Non-European Race enumerated at the Census of 3rd April, 1911, Classified according to Race and Age",10,11,9,10,2,10 | 11,contents
1911_census_volume_ii_part_viii_non_european_races,8,"Commonwealth of Australia.—Persons of Non-European Race enumerated at the Census of 3rd April, 1911, Classified according to Race and Age",12,13,11,12,2,12 | 13,contents
1911_census_volume_ii_part_viii_non_european_races,9,"Commonwealth of Australia.—Males of Non-European Race enumerated in the several States and Territories, at the Census of 3rd April, 1911, Classified according to Age",12,13,11,12,2,12 | 13,contents
1911_census_volume_ii_part_viii_non_european_races,10,"Commonwealth of Australia.—Females of Non-European Race enumerated in the several States and Territories, at the Census of 3rd April, 1911, Classified according to Age",14,15,13,14,2,14 | 15,contents
1911_census_volume_ii_part_viii_non_european_races,11,"Commonwealth of Australia.—Persons of Non-European Race enumerated in the several States and Territories, at the Census of 3rd April, 1911, Classified according to Age",14,15,13,14,2,14 | 15,contents
1911_census_volume_ii_part_viii_non_european_races,12,"New South Wales.—Males of Non-European Race enumerated at the Census of 3rd April, 1911, Classified according to Race and Age",16,16,15,15,1,16,contents
1911_census_volume_ii_part_viii_non_european_races,13,"New South Wales.—Females of Non-European Race enumerated at the Census of 3rd April, 1911, Classified according to Race and Age",16,16,15,15,1,16,contents
1911_census_volume_ii_part_viii_non_european_races,14,"New South Wales.—Persons of Non-European Race enumerated at the Census of 3rd April, 1911, Classified according to Race and Age",17,19,16,18,3,17 | 18 | 19,contents
1911_census_volume_ii_part_viii_non_european_races,15,"Victoria.—Males of Non-European Race enumerated, at the Census of 3rd April, 1911. Classified according to Race and Age",18,19,17,18,2,18 | 19,contents
1911_census_volume_ii_part_viii_non_european_races,16,"Victoria.—Females of Non-European Race enumerated at the Census of 3rd April, 1911, Classified according to Race and Age",20,20,19,19,1,20,contents
1911_census_volume_ii_part_viii_non_european_races,17,"Victoria.—Persons of Non-European Race enumerated at the Census of 3rd April, 1911, Classified according to Race and Age",20,20,19,19,1,20,contents
1911_census_volume_ii_part_viii_non_european_races,18,"Queensland.—Males of Non-European Race enumerated at the Census of 3rd April, 1911, Classified according to Race and Age",21,23,20,22,3,21 | 22 | 23,contents
1911_census_volume_ii_part_viii_non_european_races,19,"Queensland.—Females of Non-European Race enumerated at the Census of 3rd April, 1911, Classified according to Race and Age",22,23,21,22,2,22 | 23,contents
1911_census_volume_ii_part_viii_non_european_races,20,"Queensland.—Persons of Non-European Race enumerated at the Census of 3rd April, 1911, Classified according to Race and Age",23,24,22,23,2,23 | 24,contents
1911_census_volume_ii_part_viii_non_european_races,21,"South Australia.—Males of Non-European Race enumerated at the Census of 3rd April, 1911, Classified according to Race and Age",24,25,23,24,2,24 | 25,contents
1911_census_volume_ii_part_viii_non_european_races,22,"South Australia.—Females of Non-European Race enumerated at the Census of 3rd April, 1911, Classified according to Race and Age",25,26,24,25,2,25 | 26,contents
1911_census_volume_ii_part_viii_non_european_races,23,"South Australia.—Persons of Non-European Race enumerated at the Census of 3rd April, 1911, Classified according to Race and Age",26,26,25,25,1,26,contents
1911_census_volume_ii_part_viii_non_european_races,24,"Western Australia.—Males of Non-European Race enumerated at the Census of 3rd April, 1911, Classified according to Race and Age",27,28,26,27,2,27 | 28,contents
1911_census_volume_ii_part_viii_non_european_races,25,"Western Australia.—Females of Non-European Race enumerated at the Census of 3rd April, 1911, Classified according to Race and Age",28,28,27,27,1,28,contents
1911_census_volume_ii_part_viii_non_european_races,26,"Western Australia.—Persons of Non-European Race enumerated at the Census of 3rd April, 1911, Classified according to Race and Age",29,31,28,30,3,29 | 30 | 31,contents
1911_census_volume_ii_part_viii_non_european_races,27,"Tasmania.—Males of Non-European Race enumerated at the Census of 3rd April, 1911, Classified according to Race and Age",30,31,29,30,2,30 | 31,contents
1911_census_volume_ii_part_viii_non_european_races,28,"Tasmania.—Females of Non-European Race enumerated at the Census of 3rd April, 1911, Classified according to Race and Age",32,32,31,31,1,32,contents
1911_census_volume_ii_part_viii_non_european_races,29,"Tasmania.—Persons of Non-European Race enumerated at the Census of 3rd April, 1911, Classified according to Race and Age",32,32,31,31,1,32,contents
1911_census_volume_ii_part_viii_non_european_races,30,"Northern Territory.—Males of Non-European Race enumerated at the Census of 3rd April, 1911, Classified according to Race and Age",33,34,32,33,2,33 | 34,contents
1911_census_volume_ii_part_viii_non_european_races,31,"Northern Territory.—Females of Non-European Race enumerated at the Census of 3rd April, 1911, Classified according to Race and Age",34,34,33,33,1,34,contents
1911_census_volume_ii_part_viii_non_european_races,32,"Northern Territory.—Persons of Non-European Race enumerated at the Census of 3rd April, 1911, Classified according to Race and Age",35,37,34,36,3,35 | 36 | 37,contents
1911_census_volume_ii_part_viii_non_european_races,33,"Federal Capital Territory.—Persons of Non-European Race enumerated at the Census of 3rd April, 1911, Classified according to Race, Age and Sex",36,37,35,36,2,36 | 37,contents
1911_census_volume_ii_part_viii_non_european_races,34,"Commonwealth of Australia.—Males of Non-European Race enumerated at the Census of 3rd April, 1911, Classified according to Race, Nationality, Length of Residence, Education and Conjugal Condition",38,38,37,37,1,38,contents
1911_census_volume_ii_part_viii_non_european_races,35,"Commonwealth of Australia.—Females of Non-European Race enumerated at the Census of 3rd April, 1911, Classified according to Race, Nationality, Length of Residence, Education and Conjugal Condition",39,41,38,40,3,39 | 40 | 41,contents
1911_census_volume_ii_part_viii_non_european_races,36,"Commonwealth of Australia.—Persons of Non-European Race enumerated at the Census of 3rd April, 1911, Classified according to Race, Nationality, Length of Residence, Education and Conjugal Condition",42,42,41,41,1,42,contents
1911_census_volume_ii_part_viii_non_european_races,37,"Commonwealth of Australia.—Males of Non-European Race enumerated in the several States and Territories at the Census of 3rd April, 1911, Classified according to Nationality, Length of Residence, Education and Conjugal Condition",43,44,42,43,2,43 | 44,contents
1911_census_volume_ii_part_viii_non_european_races,38,"Commonwealth of Australia.—Females of Non-European Race enumerated in the several States and Territories at the Census of 3rd April, 1911, Classified according to Nationality, Length of Residence, Education and Conjugal Condition",45,47,44,46,3,45 | 46 | 47,contents
1911_census_volume_ii_part_viii_non_european_races,39,"Commonwealth of Australia.—Persons of Non-European Race enumerated in the several States and Territories at the Census of 3rd April, 1911, Classified according to Nationality, Length of Residence, Education and Conjugal Condition",48,49,47,48,2,48 | 49,contents
1911_census_volume_ii_part_viii_non_european_races,40,"New South Wales.—Males of Non-European Race enumerated at the Census of 3rd April, 1911, Classified according to Race, Nationality, Length of Residence, Education and Conjugal Condition",50,51,49,50,2,50 | 51,contents
1911_census_volume_ii_part_viii_non_european_races,41,"New South Wales.—Females of Non-European Race enumerated at the Census of 3rd April, 1911, Classified according to Race, Nationality, Length of Residence, Education and Conjugal Condition",50,52,49,51,3,50 | 51 | 52,contents
1911_census_volume_ii_part_viii_non_european_races,42,"New South Wales.—Persons of Non-European Race enumerated at the Census of 3rd April, 1911, Classified according to Race, Nationality, Length of Residence, Education and Conjugal Condition",52,52,51,51,1,52,contents
1911_census_volume_ii_part_viii_non_european_races,43,"Victoria.—Males of Non-European Race enumerated at the Census of 3rd April, 1911, Classified according to Race, Nationality, Length of Residence, Education and Conjugal Condition",53,55,52,54,3,53 | 54 | 55,contents
1911_census_volume_ii_part_viii_non_european_races,44,"Victoria.—Females of Non-European Race enumerated at the Census of 3rd April, 1911, Classified according to Race, Nationality, Length of Residence, Education and Conjugal Condition",54,57,53,56,4,54 | 55 | 56 | 57,contents
1911_census_volume_ii_part_viii_non_european_races,45,"Victoria.—Persons of Non-European Race enumerated at the Census of 3rd April, 1911, Classified according to Race, Nationality, Length of Residence, Education and Conjugal Condition",56,57,55,56,2,56 | 57,contents
1911_census_volume_ii_part_viii_non_european_races,46,"Queensland.—Males of Non-European Race enumerated at the Census of 3rd April, 1911, Classified according to Race, Nationality, Length of Residence, Education and Conjugal Condition",58,59,57,58,2,58 | 59,contents
1911_census_volume_ii_part_viii_non_european_races,47,"Queensland.—Females of Non-European Race enumerated at the Census of 3rd April, 1911, Classified according to Race, Nationality, Length of Residence, Education and Conjugal Condition",58,60,57,59,3,58 | 59 | 60,contents
1911_census_volume_ii_part_viii_non_european_races,48,"Queensland.—Persons of Non-European Race enumerated at the Census of 3rd April, 1911, Classified according to Race, Nationality, Length of Residence, Education and Conjugal Condition",60,60,59,59,1,60,contents
1911_census_volume_ii_part_viii_non_european_races,49,"South Australia.—Males of Non-European Race enumerated at the Census of 3rd April, 1911, Classified according to Race, Nationality, Length of Residence, Education and Conjugal Condition",61,63,60,62,3,61 | 62 | 63,contents
1911_census_volume_ii_part_viii_non_european_races,50,"South Australia.—Females of Non-European Race enumerated at the Census of 3rd April, 1911, Classified according to Race, Nationality, Length of Residence, Education and Conjugal Condition",62,64,61,63,3,62 | 63 | 64,contents
1911_census_volume_ii_part_viii_non_european_races,51,"South Australia.—Persons of Non-European Race enumerated at the Census of 3rd April, 1911, Classified according to Race, Nationality, Length of Residence, Education and Conjugal Condition",64,65,63,64,2,64 | 65,contents
1911_census_volume_ii_part_viii_non_european_races,52,"Western Australia.—Males of Non-European Race enumerated at the Census of 3rd April, 1911, Classified according to Race, Nationality, Length of Residence, Education and Conjugal Condition",65,67,64,66,3,65 | 66 | 67,contents
1911_census_volume_ii_part_viii_non_european_races,53,"Western Australia.—Females of Non-European Race enumerated at the Census of 3rd April, 1911, Classified according to Race, Nationality, Length of Residence, Education and Conjugal Condition",66,68,65,67,3,66 | 67 | 68,contents
1911_census_volume_ii_part_viii_non_european_races,54,"Western Australia.—Persons of Non-European Race enumerated at the Census of 3rd April, 1911, Classified according to Race, Nationality, Length of Residence, Education and Conjugal Condition",68,68,67,67,1,68,contents
1911_census_volume_ii_part_viii_non_european_races,55,"Tasmania.—Males of Non-European Race enumerated at the Census of 3rd April, 1911, Classified according to Race, Nationality, Length of Residence, Education and Conjugal Condition",69,70,68,69,2,69 | 70,contents
1911_census_volume_ii_part_viii_non_european_races,56,"Tasmania.—Females of Non-European Race enumerated at the Census of 3rd April, 1911, Classified according to Race, Nationality, Length of Residence, Education and Conjugal Condition",70,70,69,69,1,70,contents
1911_census_volume_ii_part_viii_non_european_races,57,"Tasmania.—Persons of Non-European Race enumerated at the Census of 3rd April, 1911, Classified according to Race, Nationality, Length of Residence, Education and Conjugal Condition",71,72,70,71,2,71 | 72,contents
1911_census_volume_ii_part_viii_non_european_races,58,"Northern Territory.—Males of Non-European Race enumerated at the Census of 3rd April, 1911, Classified according to Race, Nationality, Length of Residence, Education and Conjugal Condition",72,73,71,72,2,72 | 73,contents
1911_census_volume_ii_part_viii_non_european_races,59,"Northern Territory.—Females of Non-European Race enumerated at the Census of 3rd April, 1911, Classified according to Race, Nationality, Length of Residence, Education and Conjugal Condition",73,75,72,74,3,73 | 74 | 75,contents
1911_census_volume_ii_part_viii_non_european_races,60,"Northern Territory.—Persons of Non-European Race enumerated at the Census of 3rd April, 1911, Classified according to Race, Nationality, Length of Residence, Education and Conjugal Condition",74,75,73,74,2,74 | 75,contents
1911_census_volume_ii_part_viii_non_european_races,61,"Federal Capital Territory.—Persons of Non-European Race enumerated at the Census of 3rd April, 1911, Classified according to Race, Nationality, Length of Residence, Education, Conjugal Condition and Sex",76,77,75,76,2,76 | 77,contents
1911_census_volume_ii_part_viii_non_european_races,62,"Commonwealth of Australia.—Males of Non-European Race enumerated at the Census of 3rd April, 1911, Classified according to Birthplace and Race",78,78,77,77,1,78,contents
1911_census_volume_ii_part_viii_non_european_races,63,"Commonwealth of Australia—Females of Non-European Race enumerated at the Census of 3rd April, 1911, Classified according to Birthplace and Race",79,80,78,79,2,79 | 80,contents
1911_census_volume_ii_part_viii_non_european_races,64,"Commonwealth of Australia.—Persons of Non-European Race enumerated at the Census of 3rd April, 1911, Classified according to Birthplace and Race",81,82,80,81,2,81 | 82,contents
1911_census_volume_ii_part_viii_non_european_races,65,"Commonwealth of Australia.—Full-blood Males of Non-European Race enumerated in the several States and Territories at the Census of 3rd April, 1911, Classified according to Birthplace",83,85,82,84,3,83 | 84 | 85,contents
1911_census_volume_ii_part_viii_non_european_races,66,"Commonwealth of Australia.—Half-caste Males of Non-European Race enumerated in the several States and Territories at the Census of 3rd April, 1911, Classified according to Birthplace",85,86,84,85,2,85 | 86,contents
1911_census_volume_ii_part_viii_non_european_races,67,"Commonwealth of Australia.—Full-blood and Half-caste Males of Non-European Race enumerated in the several States and Territories at the Census of 3rd April, 1911, Classified according to Birthplace",86,87,85,86,2,86 | 87,contents
1911_census_volume_ii_part_viii_non_european_races,68,"Commonwealth of Australia.—Full-blood Females of Non-European Race enumerated in the several States and Territories at the Census of 3rd April, 1911, Classified according to Birthplace",88,88,87,87,1,88,contents
1911_census_volume_ii_part_viii_non_european_races,69,"Commonwealth of Australia.—Half-caste Females of Non-European Race enumerated in the several States and Territories at the Census of 3rd April, 1911, Classified according to Birthplace",89,89,88,88,1,89,contents
1911_census_volume_ii_part_viii_non_european_races,70,"Commonwealth of Australia.—Full-blood and Half-caste Females of Non-European Race enumerated in the several States and Territories at the Census of 3rd April, 1911, Classified according to Birthplace",90,90,89,89,1,90,contents
1911_census_volume_ii_part_viii_non_european_races,71,"Commonwealth of Australia.—Full-blood Persons of Non-European Race enumerated in the several States and Territories at the Census of 3rd April, 1911, Classified according to Birthplace",91,91,90,90,1,91,contents
1911_census_volume_ii_part_viii_non_european_races,72,"Commonwealth of Australia.—Half-caste Persons of Non-European Race enumerated in the several States and Territories at the Census of 3rd April, 1911, Classified according to Birthplace",92,92,91,91,1,92,contents
1911_census_volume_ii_part_viii_non_european_races,73,"Commonwealth of Australia.—Full-blood and Half-caste Persons of Non-European Race, enumerated in the several States and Territories at the Census of 3rd April, 1911, Classified according to Birthplace",93,93,92,92,1,93,contents
1911_census_volume_ii_part_viii_non_european_races,74,"New South Wales.—Males of Non-European Race enumerated at the Census of 3rd April, 1911, Classified according to Birthplace, and Race",94,95,93,94,2,94 | 95,contents
1911_census_volume_ii_part_viii_non_european_races,75,"New South Wales.—Females of Non-European Race enumerated at the Census of 3rd April, 1911, Classified according to Birthplace and Race",95,96,94,95,2,95 | 96,contents
1911_census_volume_ii_part_viii_non_european_races,76,"Victoria.—Males of Non-European Race enumerated at the Census of 3rd April, 1911, Classified according to Birthplace and Race",97,98,96,97,2,97 | 98,contents
1911_census_volume_ii_part_viii_non_european_races,77,"Victoria.—Females of Non-European Race enumerated at the Census of 3rd April, 1911, Classified according to Birthplace and Race",99,101,98,100,3,99 | 100 | 101,contents
1911_census_volume_ii_part_viii_non_european_races,78,"Queensland.—Males of Non-European Race enumerated at the Census of 3rd April, 1911, Classified according to Birthplace and Race",102,103,101,102,2,102 | 103,contents
1911_census_volume_ii_part_viii_non_european_races,79,"Queensland.—Females of Non-European Race enumerated at the Census of 3rd April, 1911, Classified according to Birthplace and Race",104,105,103,104,2,104 | 105,contents
1911_census_volume_ii_part_viii_non_european_races,80,"South Australia.—Males of Non-European Race enumerated at the Census of 3rd April, 1911, Classified according to Birthplace and Race",106,107,105,106,2,106 | 107,contents
1911_census_volume_ii_part_viii_non_european_races,81,"South Australia.—Females of Non-European Race enumerated at the Census of 3rd April, 1911, Classified according to Birthplace and Race",108,109,107,108,2,108 | 109,contents
1911_census_volume_ii_part_viii_non_european_races,82,"Western Australia.—Males of Non-European Race enumerated at the Census of 3rd April, 1911, Classified according to Birthplace and Race",110,111,109,110,2,110 | 111,contents
1911_census_volume_ii_part_viii_non_european_races,83,"Western Australia.—Females of Non-European Race enumerated at the Census of 3rd April, 1911, Classified according to Birthplace and Race",112,113,111,112,2,112 | 113,contents
1911_census_volume_ii_part_viii_non_european_races,84,"Tasmania.—Males of Non-European Race enumerated at the Census of 3rd April, 1911, Classified according to Birthplace and Race",112,113,111,112,2,112 | 113,contents
1911_census_volume_ii_part_viii_non_european_races,85,"Tasmania.—Females of Non-European Race enumerated at the Census of 3rd April, 1911, Classified according to Birthplace and Race",114,114,113,113,1,114,contents
1911_census_volume_ii_part_viii_non_european_races,86,"Northern Territory.—Males of Non-European Race enumerated at the Census of 3rd April, 1911, Classified according to Birthplace and Race",114,114,113,113,1,114,contents
1911_census_volume_ii_part_viii_non_european_races,87,"Northern Territory.—Females of Non-European Race enumerated at the Census of 3rd April, 1911, Classified according to Birthplace and Race",115,117,114,116,3,115 | 116 | 117,contents
1911_census_volume_ii_part_viii_non_european_races,88,"Federal Capital Territory.—Males and Females of Non-European Race enumerated at the Census of 3rd April, 1911, Classified according to Birthplace and Race",116,116,115,115,1,116,contents
1911_census_volume_ii_part_viii_non_european_races,89,"Commonwealth of Australia.—Males of Non-European Race enumerated at the Census of 3rd April, 1911, Classified according to Occupation and Race",118,132,117,131,15,118 | 119 | 120 | 121 | 122 | 123 | 124 | 125 | 126 | 127 | 128 | 129 | 130 | 131 | 132,contents
1911_census_volume_ii_part_viii_non_european_races,90,"Commonwealth of Australia.—Females of Non-European Race enumerated at the Census of 3rd April, 1911, Classified according to Occupation and Race",132,139,131,138,8,132 | 133 | 134 | 135 | 136 | 137 | 138 | 139,contents
1911_census_volume_ii_part_viii_non_european_races,91,"Commonwealth of Australia.—Full-blood Males of Non-European Race enumerated in the several States and Territories at the Census of 3rd April, 1911, Classified according to Occupation",140,140,139,139,1,140,contents
1911_census_volume_ii_part_viii_non_european_races,92,"Commonwealth of Australia.—Half-caste Males of Non-European Race enumerated in the several States and Territories at the Census of 3rd April, 1911, Classified according to Occupation",141,141,140,140,1,141,contents
1911_census_volume_ii_part_viii_non_european_races,93,"Commonwealth of Australia.—Full-blood and Half-caste Males of Non-European Race enumerated in the several States and Territories at the Census of 3rd April, 1911, Classified according to Occupation",142,142,141,141,1,142,contents
1911_census_volume_ii_part_viii_non_european_races,94,"Commonwealth of Australia.—Full-blood Females of Non-European Race enumerated in the several States and Territories at the Census of 3rd April, 1911, Classified according to Occupation",143,143,142,142,1,143,contents
1911_census_volume_ii_part_viii_non_european_races,95,"Commonwealth of Australia.—Half-caste Females of Non-European Race enumerated in the several States and Territories at the Census of 3rd April, 1911, Classified according to Occupation",144,144,143,143,1,144,contents
1911_census_volume_ii_part_viii_non_european_races,96,"Commonwealth of Australia.—Full-blood and Half-caste Females of Non-European Race enumerated in the several States and Territories at the Census of 3rd April, 1911, Classified according to Occupation",145,145,144,144,1,145,contents
1911_census_volume_ii_part_viii_non_european_races,97,"New South Wales.—Males of Non-European Race enumerated at the Census of 3rd April, 1911, Classified according to Occupation and Race",146,146,145,145,1,146,contents
1911_census_volume_ii_part_viii_non_european_races,98,"New South Wales.—Females of Non-European Race enumerated at the Census of 3rd April, 1911, Classified according to Occupation and Race",147,148,146,147,2,147 | 148,contents
1911_census_volume_ii_part_viii_non_european_races,99,"Victoria.—Males of Non-European Race enumerated at the Census of 3rd April, 1911, Classified according to Occupation and Race",149,150,148,149,2,149 | 150,contents
1911_census_volume_ii_part_viii_non_european_races,100,"Victoria.—Females of Non-European Race enumerated at the Census of 3rd April, 1911, Classified according to Occupation and Race",151,152,150,151,2,151 | 152,contents
1911_census_volume_ii_part_viii_non_european_races,101,"Queensland.—Males of Non-European Race enumerated at the Census of 3rd April, 1911, Classified according to Occupation and Race",153,154,152,153,2,153 | 154,contents
1911_census_volume_ii_part_viii_non_european_races,102,"Queensland.—Females of Non-European Race enumerated at the Census of 3rd April, 1911, Classified according to Occupation and Race",155,157,154,156,3,155 | 156 | 157,contents
1911_census_volume_ii_part_viii_non_european_races,103,"South Australia.—Males of Non-European Race enumerated at the Census of 3rd April, 1911, Classified according to Occupation and Race",158,158,157,157,1,158,contents
1911_census_volume_ii_part_viii_non_european_races,104,"South Australia.—Females of Non-European Race enumerated at the Census of 3rd April, 1911, Classified according to Occupation and Race",159,160,158,159,2,159 | 160,contents
1911_census_volume_ii_part_viii_non_european_races,105,"Western Australia.—Males of Non-European Race enumerated at the Census of 3rd April, 1911, Classified according to Occupation and Race",161,162,160,161,2,161 | 162,contents
1911_census_volume_ii_part_viii_non_european_races,106,"Western Australia.—Females of Non-European Race enumerated at the Census of 3rd April, 1911, Classified according to Occupation and Race",163,164,162,163,2,163 | 164,contents
1911_census_volume_ii_part_viii_non_european_races,107,"Tasmania.—Males of Non-European Race enumerated at the Census of 3rd April, 1911, Classified according to Occupation and Race",165,166,164,165,2,165 | 166,contents
1911_census_volume_ii_part_viii_non_european_races,108,"Tasmania.—Females of Non-European Race enumerated at the Census of 3rd April, 1911, Classified according to Occupation and Race",167,168,166,167,2,167 | 168,contents
1911_census_volume_ii_part_viii_non_european_races,109,"Northern Territory.—Males of Non-European Race enumerated at the Census of 3rd April, 1911, Classified according to Occupation and Race",169,170,168,169,2,169 | 170,contents
1911_census_volume_ii_part_viii_non_european_races,110,"Northern Territory.—Females of Non-European Race enumerated at the Census of 3rd April, 1911, Classified according to Occupation and Race",171,172,170,171,2,171 | 172,contents
1911_census_volume_ii_part_viii_non_european_races,111,"Federal Capital Territory.—Males and Females of Non-European Race enumerated at the Census of 3rd April, 1911, Classified according to Occupation and Race",173,174,172,173,2,173 | 174,contents
1911_census_volume_ii_part_viii_non_european_races,112,"Males of Non-European Race enumerated in the Metropolitan Areas of the several States of the Commonwealth at the Census of 3rd April, 1911",175,176,174,175,2,175 | 176,contents
1911_census_volume_ii_part_viii_non_european_races,113,"Females of Non-European Race enumerated in the Metropolitan Areas of the several States of the Commonwealth at the Census of 3rd April, 1911",176,177,175,176,2,176 | 177,contents
1911_census_volume_ii_part_viii_non_european_races,114,"Persons of Non-European Race enumerated in the Metropolitan Areas of the several States of the Commonwealth at the Census of 3rd April, 1911",177,177,176,176,1,177,contents
1911_census_volume_iii_part_ix_conjugal_condition,1,"Persons enumerated in each State and Territory of the Commonwealth of Australia, at the Census of 3rd April, 1911, classified according to Conjugal Condition and Sex",3,3,2,2,1,3,contents
1911_census_volume_iii_part_ix_conjugal_condition,2,"Persons enumerated in the Commonwealth of Australia, at the Censuses of 1881, 1891, 1901, and 1911, classified according to Conjugal Condition and Sex",3,3,2,2,1,3,contents
1911_census_volume_iii_part_ix_conjugal_condition,3,"Males enumerated in each State and Territory of the Commonwealth of Australia, at the Census of 3rd April, 1911, classified according to Conjugal Condition and Age",4,5,3,4,2,4 | 5,contents
1911_census_volume_iii_part_ix_conjugal_condition,4,"Females enumerated in each State and Territory of the Commonwealth of Australia, at the Census of 3rd April, 1911, classified according to Conjugal Condition and Age",6,7,5,6,2,6 | 7,contents
1911_census_volume_iii_part_ix_conjugal_condition,5,"Persons enumerated in each State and Territory of the Commonwealth of Australia, at the Census of 3rd April, 1911, classified according to Conjugal Condition and Age",8,9,7,8,2,8 | 9,contents
1911_census_volume_iii_part_ix_conjugal_condition,6,"Males enumerated in the Metropolitan Areas of the Commonwealth of Australia at the Census of 3rd April, 1911, classified according to Conjugal Condition and Age",10,11,9,10,2,10 | 11,contents
1911_census_volume_iii_part_ix_conjugal_condition,7,"Females enumerated in the Metropolitan Areas of the Commonwealth of Australia, at the Census of 3rd April, 1911, classified according to Conjugal Condition and Age",12,13,11,12,2,12 | 13,contents
1911_census_volume_iii_part_ix_conjugal_condition,8,"Persons enumerated in the Metropolitan Areas of the Commonwealth of Australia, at the Census of 3rd April, 1911, classified according to Conjugal Condition and Age",14,15,13,14,2,14 | 15,contents
1911_census_volume_iii_part_ix_conjugal_condition,9,"New South Wales.—Persons enumerated in each County, at the Census of 3rd April, 1911, classified according to Conjugal Condition and Sex",16,17,15,16,2,16 | 17,contents
1911_census_volume_iii_part_ix_conjugal_condition,10,"Victoria.—Persons enumerated in each County, at the Census of 3rd April, 1911, classified according to Conjugal Condition and Sex",17,18,16,17,2,17 | 18,contents
1911_census_volume_iii_part_ix_conjugal_condition,11,"Queensland.—-Persons enumerated in each Census District, at the Census of 3rd April, 1911, classified according to Conjugal Condition and Sex",18,18,17,17,1,18,contents
1911_census_volume_iii_part_ix_conjugal_condition,12,"South Australia.—Persons enumerated in each County and Division, at the Census of 3rd April, 1911, classified according to Conjugal Condition and Sex",19,19,18,18,1,19,contents
1911_census_volume_iii_part_ix_conjugal_condition,13,"Western Australia.—Persons enumerated in each Statistical District, at the Census of 3rd April, 1911, classified according to Conjugal Condition and Sex",20,20,19,19,1,20,contents
1911_census_volume_iii_part_ix_conjugal_condition,14,"Tasmania.—Persons enumerated in each Municipality at the Census of 3rd April, 1911, classified according to Conjugal Condition and Sex",20,21,19,20,2,20 | 21,contents
1911_census_volume_iii_part_ix_conjugal_condition,15,"Northern Territory.—-Persons enumerated in each County, at the Census of 3rd April, 1911, classified according to Conjugal Condition and Sex",21,21,20,20,1,21,contents
1911_census_volume_iii_part_ix_conjugal_condition,16,"Federal Capital Territory.—-Persons enumerated in each Division at the Census of 3rd April, 1911, classified according to Conjugal Condition and Sex",21,21,20,20,1,21,contents
1911_census_volume_iii_part_ix_conjugal_condition,17,"Aboriginal Males enumerated in each State and Territory of the Commonwealth of Australia at the Census of 3rd April, 1911, classified according to Conjugal Condition and Age",22,23,21,22,2,22 | 23,contents
1911_census_volume_iii_part_ix_conjugal_condition,18,"Aboriginal Females enumerated in each State and Territory of the Commonwealth of Australia, at the Census of 3rd April, 1911, classified according to Conjugal Condition and Age",24,24,23,23,1,24,contents
1911_census_volume_iii_part_ix_conjugal_condition,19,"Aboriginal Persons enumerated in each State and Territory of the Commonwealth of Australia, at the Census of 3rd April, 1911, classified according to Conjugal Condition and Age",25,27,24,26,3,25 | 26 | 27,contents
1911_census_volume_iii_part_x_families,1,"Relative Ages of Husbands and Wives in the Commonwealth of Australia, at the Census of 3rd April, 1911",4,5,3,4,2,4 | 5,contents
1911_census_volume_iii_part_x_families,2,"Relative Religions of Husbands and Wives in the Commonwealth of Australia, at the Census of 3rd April, 1911",4,5,3,4,2,4 | 5,contents
1911_census_volume_iii_part_x_families,3,"Relative Birthplaces of Husbands and Wives in the Commonwealth of Australia, at the Census of 3rd April, 1911",6,9,5,8,4,6 | 7 | 8 | 9,contents
1911_census_volume_iii_part_x_families,4,"Relative Ages of Husbands and Wives in the States and Territories of the Commonwealth of Australia, at the Census of 3rd April, 1911",10,17,9,16,8,10 | 11 | 12 | 13 | 14 | 15 | 16 | 17,contents
1911_census_volume_iii_part_x_families,5,"Relative Religions of Husbands and Wives in the States and Territories of the Commonwealth of Australia, at the Census of 3rd April, 1911",18,25,17,24,8,18 | 19 | 20 | 21 | 22 | 23 | 24 | 25,contents
1911_census_volume_iii_part_x_families,6,"Relative Birthplaces of Husbands and Wives in the States and Territories of the Commonwealth of Australia, at the Census of 3rd April, 1911",26,33,25,32,8,26 | 27 | 28 | 29 | 30 | 31 | 32 | 33,contents
1911_census_volume_iii_part_x_families,7,"Ages and Issue of Husbands in the Commonwealth of Australia, at the Census of 3rd April, 1911",34,35,33,34,2,34 | 35,contents
1911_census_volume_iii_part_x_families,8,"Ages and Issue of Wives in the Commonwealth of Australia, at the Census of 3rd April, 1911",34,35,33,34,2,34 | 35,contents
1911_census_volume_iii_part_x_families,9,"Religions and Issue of Wives in the Commonwealth of Australia, at the Census of 3rd April, 1911",36,37,35,36,2,36 | 37,contents
1911_census_volume_iii_part_x_families,10,"Birthplaces and Issue of Wives in the Commonwealth of Australia, at the Census of 3rd April, 1911",36,38,35,37,3,36 | 37 | 38,contents
1911_census_volume_iii_part_x_families,11,"Duration of Existing Marriage and Issue of Wives in the Commonwealth of Australia, at the Census of 3rd April, 1911",38,39,37,38,2,38 | 39,contents
1911_census_volume_iii_part_x_families,12,"Ages and Average Issue of Husbands in the States and Territories of the Commonwealth of Australia, at the Census of 3rd April, 1911",40,40,39,39,1,40,contents
1911_census_volume_iii_part_x_families,13,"Ages and Average Issue of Wives in the States and Territories of the Commonwealth of Australia, at the Census of 3rd April, 1911",41,41,40,40,1,41,contents
1911_census_volume_iii_part_x_families,14,"Average Issue of Wives in the Commonwealth of Australia, at the Census of 3rd April, 1911, classified according to Religion and Age",42,42,41,41,1,42,contents
1911_census_volume_iii_part_x_families,15,"Average Issue of Wives in the States and Territories of the Commonwealth of Australia, at the Census of 3rd April, 1911, classified according to Religion and Age",43,57,42,56,15,43 | 44 | 45 | 46 | 47 | 48 | 49 | 50 | 51 | 52 | 53 | 54 | 55 | 56 | 57,contents
1911_census_volume_iii_part_x_families,16,"Average Issue of Wives in the Commonwealth of Australia, at the Census of 3rd April, 1911, classified according to Birthplace and Age",58,60,57,59,3,58 | 59 | 60,contents
1911_census_volume_iii_part_x_families,17,"Average Issue of Wives in the States and Territories of the Commonwealth of Australia, at the Census of 3rd April, 1911, classified according to Birthplace and Age",60,81,59,80,22,60 | 61 | 62 | 63 | 64 | 65 | 66 | 67 | 68 | 69 | 70 | 71 | 72 | 73 | 74 | 75 | 76 | 77 | 78 | 79 | 80 | 81,contents
1911_census_volume_iii_part_x_families,18,"Average Issue of Wives in the Commonwealth of Australia, at the Census of 3rd April, 1911, classified according to Duration of Marriage and Age",82,83,81,82,2,82 | 83,contents
1911_census_volume_iii_part_x_families,19,"Average Issue of Wives in the States and Territories of the Commonwealth of Australia, at the Census of 3rd April, 1911, classified according to Duration of Marriage and Age",82,85,81,84,4,82 | 83 | 84 | 85,contents
1911_census_volume_iii_part_x_families,20,"Average Issue of Husbands in the Commonwealth of Australia, at the Census of 3rd April, 1911, classified according to Occupation, Grade and Age",86,93,85,92,8,86 | 87 | 88 | 89 | 90 | 91 | 92 | 93,contents
1911_census_volume_iii_part_x_families,21,"Average Issue of Husbands in the States and Territories of the Commonwealth of Australia, at the Census of 3rd April, 1911, classified according to Occupation and Age",94,101,93,100,8,94 | 95 | 96 | 97 | 98 | 99 | 100 | 101,contents
1911_census_volume_iii_part_x_families,22,"Ages and Average Issue of Widowers and Divorced Males in the States and Territories of the Commonwealth of Australia, at the Census of 3rd April, 1911",102,102,101,101,1,102,contents
1911_census_volume_iii_part_x_families,23,"Ages and Average Issue of Widows and Divorced Females in the States and Territories of the Commonwealth of Australia, at the Census of 3rd April, 1911",103,103,102,102,1,103,contents
1911_census_volume_iii_part_xi_life_tables,1,"Commonwealth.—Male Life Table, 1881–1890",3,4,2,3,2,3 | 4,contents
1911_census_volume_iii_part_xi_life_tables,2,"Commonwealth.—Female Life Table, 1881–1890",4,6,3,5,3,4 | 5 | 6,contents
1911_census_volume_iii_part_xi_life_tables,3,"Commonwealth.—Male Life Table, 1891–1900",6,7,5,6,2,6 | 7,contents
1911_census_volume_iii_part_xi_life_tables,4,"Commonwealth.—Female Life Table, 1891–1900",8,9,7,8,2,8 | 9,contents
1911_census_volume_iii_part_xi_life_tables,5,"Commonwealth.—Male Life Table, 1901–1910",9,11,8,10,3,9 | 10 | 11,contents
1911_census_volume_iii_part_xi_life_tables,6,"Commonwealth.—Female Life Table, 1901–1910",11,12,10,11,2,11 | 12,contents
1911_census_volume_iii_part_xi_life_tables,7,"New South Wales.—Male Life Table, 1881–1890",13,14,12,13,2,13 | 14,contents
1911_census_volume_iii_part_xi_life_tables,8,"New South Wales.—Female Life Table, 1881–1890",14,16,13,15,3,14 | 15 | 16,contents
1911_census_volume_iii_part_xi_life_tables,9,"New South Wales.—Male Life Table, 1891–1900",16,17,15,16,2,16 | 17,contents
1911_census_volume_iii_part_xi_life_tables,10,"New South Wales.—Female Life Table, 1891–1900",18,19,17,18,2,18 | 19,contents
1911_census_volume_iii_part_xi_life_tables,11,"New South Wales.—Male Life Table, 1901–1910",19,21,18,20,3,19 | 20 | 21,contents
1911_census_volume_iii_part_xi_life_tables,12,"New South Wales.—Female Life Table, 1901–1910",21,22,20,21,2,21 | 22,contents
1911_census_volume_iii_part_xi_life_tables,13,"Victoria.—Male Life Table, 1881–1890",23,24,22,23,2,23 | 24,contents
1911_census_volume_iii_part_xi_life_tables,14,"Victoria.—Female Life Table, 1881–1890",24,26,23,25,3,24 | 25 | 26,contents
1911_census_volume_iii_part_xi_life_tables,15,"Victoria.—Male Life Table, 1891–1900",26,27,25,26,2,26 | 27,contents
1911_census_volume_iii_part_xi_life_tables,16,"Victoria.—Female Life Table, 1891–1900",28,29,27,28,2,28 | 29,contents
1911_census_volume_iii_part_xi_life_tables,17,"Victoria.—Male Life Table, 1900–1910",29,30,28,29,2,29 | 30,contents
1911_census_volume_iii_part_xi_life_tables,18,"Victoria.—Female Life Table, 1901–1910",31,32,30,31,2,31 | 32,contents
1911_census_volume_iii_part_xi_life_tables,19,"Queensland.—Male Life Table, 1881–1890",33,34,32,33,2,33 | 34,contents
1911_census_volume_iii_part_xi_life_tables,20,"Queensland.—Female Life Table, 1881–1890",34,36,33,35,3,34 | 35 | 36,contents
1911_census_volume_iii_part_xi_life_tables,21,"Queensland.—Male Life Table, 1891–1900",36,37,35,36,2,36 | 37,contents
1911_census_volume_iii_part_xi_life_tables,22,"Queensland.—Female Life Table, 1891–1900",38,39,37,38,2,38 | 39,contents
1911_census_volume_iii_part_xi_life_tables,23,"Queensland.—Male Life Table, 1901–1910",39,41,38,40,3,39 | 40 | 41,contents
1911_census_volume_iii_part_xi_life_tables,24,"Queensland.—Female Life Table, 1901–1910",41,42,40,41,2,41 | 42,contents
1911_census_volume_iii_part_xi_life_tables,25,"South Australia.—Male Life Table, 1881–1890",43,44,42,43,2,43 | 44,contents
1911_census_volume_iii_part_xi_life_tables,26,"South Australia.—Female Life Table, 1881–1890",44,46,43,45,3,44 | 45 | 46,contents
1911_census_volume_iii_part_xi_life_tables,27,"South Australia.—Male Life Table, 1891–1900",46,47,45,46,2,46 | 47,contents
1911_census_volume_iii_part_xi_life_tables,28,"South Australia.—Female Life Table, 1891–1900",48,49,47,48,2,48 | 49,contents
1911_census_volume_iii_part_xi_life_tables,29,"South Australia.—Male Life Table, 1901–1910",49,51,48,50,3,49 | 50 | 51,contents
1911_census_volume_iii_part_xi_life_tables,30,"South Australia.—Female Life Table, 1901–1910",51,52,50,51,2,51 | 52,contents
1911_census_volume_iii_part_xi_life_tables,31,"Western Australia.—Male Life Table, 1881–1890",53,54,52,53,2,53 | 54,contents
1911_census_volume_iii_part_xi_life_tables,32,"Western Australia.—Female Life Table, 1881–1890",54,55,53,54,2,54 | 55,contents
1911_census_volume_iii_part_xi_life_tables,33,"Western Australia.—Male Life Table, 1891–1900",56,57,55,56,2,56 | 57,contents
1911_census_volume_iii_part_xi_life_tables,34,"Western Australia.—Female Life Table, 1891–1900",58,59,57,58,2,58 | 59,contents
1911_census_volume_iii_part_xi_life_tables,35,"Western Australia.—Male Life Table, 1901–1910",59,61,58,60,3,59 | 60 | 61,contents
1911_census_volume_iii_part_xi_life_tables,36,"Western Australia.—Female Life Table, 1901–1910",61,62,60,61,2,61 | 62,contents
1911_census_volume_iii_part_xi_life_tables,37,"Tasmania.—Male Life Table, 1881–1890",63,64,62,63,2,63 | 64,contents
1911_census_volume_iii_part_xi_life_tables,38,"Tasmania.—Female Life Table, 1881–1890",64,66,63,65,3,64 | 65 | 66,contents
1911_census_volume_iii_part_xi_life_tables,39,"Tasmania.—Male Life Table, 1891–1900",66,67,65,66,2,66 | 67,contents
1911_census_volume_iii_part_xi_life_tables,40,"Tasmania.—Female Life Table, 1891–1900",68,69,67,68,2,68 | 69,contents
1911_census_volume_iii_part_xi_life_tables,41,"Tasmania.—Male Life Table, 1901–1910",69,71,68,70,3,69 | 70 | 71,contents
1911_census_volume_iii_part_xi_life_tables,42,"Tasmania.—Female Life Table, 1901–1910",71,72,70,71,2,71 | 72,contents
1911_census_volume_iii_part_xii_occupations,1,"Summary of Occupations of the Population of the Commonwealth of Australia, at the Census of 3rd April, 1911",5,5,4,4,1,5,contents
1911_census_volume_iii_part_xii_occupations,2,"Comparative Statement of Occupations of the Population of the Commonwealth of Australia, at the Censuses of 1891, 1901 and 1911",6,6,5,5,1,6,contents
1911_census_volume_iii_part_xii_occupations,3,"Centesimal Comparison of Occupations of the Population of the Commonwealth of Australia, at the Censuses of 1891, 1901 and 1911",7,7,6,6,1,7,contents
1911_census_volume_iii_part_xii_occupations,4,"Comparative Statement of Occupations of the Population of the State of New South Wales (including Federal Capital Territory), at the Censuses of 1891, 1901 and 1911",8,8,7,7,1,8,contents
1911_census_volume_iii_part_xii_occupations,5,"Comparative Statement of Occupations of the Population of the State of Victoria, at the Censuses of 1891, 1901 and 1911",9,9,8,8,1,9,contents
1911_census_volume_iii_part_xii_occupations,6,"Comparative Statement of Occupations of the Population of the State of Queensland, at the Censuses of 1891, 1901 and 1911",10,10,9,9,1,10,contents
1911_census_volume_iii_part_xii_occupations,7,"Comparative Statement of Occupations of the Population of the State of South Australia (including Northern Territory), at the Censuses of 1891, 1901 and 1911",11,11,10,10,1,11,contents
1911_census_volume_iii_part_xii_occupations,8,"Comparative Statement of Occupations of the Population of the State of Western Australia, at the Censuses of 1891, 1901 and 1911",12,12,11,11,1,12,contents
1911_census_volume_iii_part_xii_occupations,9,"Comparative Statement of Occupations of the Population of the State of Tasmania, at the Censuses of 1891, 1901 and 1911",13,13,12,12,1,13,contents
1911_census_volume_iii_part_xii_occupations,10,"Centesimal Comparison of Occupations of the Population of the State of New South Wales (including Federal Capital Territory), at the Censuses of 1891, 1901 and 1911",14,14,13,13,1,14,contents
1911_census_volume_iii_part_xii_occupations,11,"Centesimal Comparison of Occupations of the Population of the State of Victoria, at the Censuses of 1891, 1901 and 1911",15,15,14,14,1,15,contents
1911_census_volume_iii_part_xii_occupations,12,"Centesimal Comparison of Occupations of the Population of the State of Queensland, at the Censuses of 1891, 1901 and 1911",16,16,15,15,1,16,contents
1911_census_volume_iii_part_xii_occupations,13,"Centesimal Comparison of Occupations of the Population of the State of South Australia (including Northern Territory), at the Censuses of 1891, 1901 and 1911",17,17,16,16,1,17,contents
1911_census_volume_iii_part_xii_occupations,14,"Centesimal Comparison of Occupations of the Population of the State of Western Australia, at the Censuses of 1891, 1901 and 1911",18,18,17,17,1,18,contents
1911_census_volume_iii_part_xii_occupations,15,"Centesimal Comparison of Occupations of the Population of the State of Tasmania, at the Censuses of 1891, 1901 and 1911",19,19,18,18,1,19,contents
1911_census_volume_iii_part_xii_occupations,16,"Male Population of the several States and Territories of the Commonwealth of Australia, at the Census of 3rd April, 1911, classified according to Occupation",20,34,19,33,15,20 | 21 | 22 | 23 | 24 | 25 | 26 | 27 | 28 | 29 | 30 | 31 | 32 | 33 | 34,contents
1911_census_volume_iii_part_xii_occupations,17,"Female Population of the several States and Territories of the Commonwealth of Australia, at the Census of 3rd April, 1911, classified according to Occupation",35,47,34,46,13,35 | 36 | 37 | 38 | 39 | 40 | 41 | 42 | 43 | 44 | 45 | 46 | 47,contents
1911_census_volume_iii_part_xii_occupations,18,"Male Population of the Commonwealth of Australia, at the Census of 3rd April, 1911, classified according to Occupation, Grade and Age. (Details).",48,171,47,170,124,48 | 49 | 50 | 51 | 52 | 53 | 54 | 55 | 56 | 57 | 58 | 59 | 60 | 61 | 62 | 63 | 64 | 65 | 66 | 67 | 68 | 69 | 70 | 71 | 72 | 73 | 74 | 75 | 76 | 77 | 78 | 79 | 80 | 81 | 82 | 83 | 84 | 85 | 86 | 87 | 88 | 89 | 90 | 91 | 92 | 93 | 94 | 95 | 96 | 97 | 98 | 99 | 100 | 101 | 102 | 103 | 104 | 105 | 106 | 107 | 108 | 109 | 110 | 111 | 112 | 113 | 114 | 115 | 116 | 117 | 118 | 119 | 120 | 121 | 122 | 123 | 124 | 125 | 126 | 127 | 128 | 129 | 130 | 131 | 132 | 133 | 134 | 135 | 136 | 137 | 138 | 139 | 140 | 141 | 142 | 143 | 144 | 145 | 146 | 147 | 148 | 149 | 150 | 151 | 152 | 153 | 154 | 155 | 156 | 157 | 158 | 159 | 160 | 161 | 162 | 163 | 164 | 165 | 166 | 167 | 168 | 169 | 170 | 171,contents
1911_census_volume_iii_part_xii_occupations,19,"Female Population of the Commonwealth of Australia, at the Census of 3rd April, 1911, classified according to Occupation, Grade and Age. (Details)",172,248,171,247,77,172 | 173 | 174 | 175 | 176 | 177 | 178 | 179 | 180 | 181 | 182 | 183 | 184 | 185 | 186 | 187 | 188 | 189 | 190 | 191 | 192 | 193 | 194 | 195 | 196 | 197 | 198 | 199 | 200 | 201 | 202 | 203 | 204 | 205 | 206 | 207 | 208 | 209 | 210 | 211 | 212 | 213 | 214 | 215 | 216 | 217 | 218 | 219 | 220 | 221 | 222 | 223 | 224 | 225 | 226 | 227 | 228 | 229 | 230 | 231 | 232 | 233 | 234 | 235 | 236 | 237 | 238 | 239 | 240 | 241 | 242 | 243 | 244 | 245 | 246 | 247 | 248,contents
1911_census_volume_iii_part_xii_occupations,20,"Male Population of the Commonwealth of Australia, at the Census of 3rd April, 1911, classified according to Occupation, Grade and Age. (Summary)",249,256,248,255,8,249 | 250 | 251 | 252 | 253 | 254 | 255 | 256,contents
1911_census_volume_iii_part_xii_occupations,21,"Female Population of the Commonwealth of Australia, at the Census of 3rd April, 1911, classified according to Occupation, Grade and Age. (Summary)",257,264,256,263,8,257 | 258 | 259 | 260 | 261 | 262 | 263 | 264,contents
1911_census_volume_iii_part_xii_occupations,22,"Male Population of the State of New South Wales, at the Census of 3rd April, 1911, classified according to Occupation, Grade and Age",265,272,264,271,8,265 | 266 | 267 | 268 | 269 | 270 | 271 | 272,contents
1911_census_volume_iii_part_xii_occupations,23,"Female Population of the State of New South Wales, at the Census of 3rd April, 1911, classified according to Occupation, Grade and Age",273,281,272,280,9,273 | 274 | 275 | 276 | 277 | 278 | 279 | 280 | 281,contents
1911_census_volume_iii_part_xii_occupations,24,"Male Population of the State of Victoria, at the Census of 3rd April, 1911, classified according to Occupation, Grade and Age",282,288,281,287,7,282 | 283 | 284 | 285 | 286 | 287 | 288,contents
1911_census_volume_iii_part_xii_occupations,25,"Female Population of the State of Victoria, at the Census of 3rd April, 1911, classified according to Occupation, Grade and Age",289,295,288,294,7,289 | 290 | 291 | 292 | 293 | 294 | 295,contents
1911_census_volume_iii_part_xii_occupations,26,"Male Population of the State of Queensland, at the Census of 3rd April, 1911, classified according to Occupation, Grade and Age",296,304,295,303,9,296 | 297 | 298 | 299 | 300 | 301 | 302 | 303 | 304,contents
1911_census_volume_iii_part_xii_occupations,27,"Female Population of the State of Queensland, at the Census of 3rd April, 1911, classified according to Occupation, Grade and Age",305,312,304,311,8,305 | 306 | 307 | 308 | 309 | 310 | 311 | 312,contents
1911_census_volume_iii_part_xii_occupations,28,"Male Population of the State of South Australia, at the Census of 3rd April, 1911, classified according to Occupation, Grade and Age",312,320,311,319,9,312 | 313 | 314 | 315 | 316 | 317 | 318 | 319 | 320,contents
1911_census_volume_iii_part_xii_occupations,29,"Female Population of the State of South Australia, at the Census of 3rd April, 1911, classified according to Occupation, Grade and Age",321,327,320,326,7,321 | 322 | 323 | 324 | 325 | 326 | 327,contents
1911_census_volume_iii_part_xii_occupations,30,"Male Population of the State of Western Australia, at the Census of 3rd April, 1911, classified according to Occupation, Grade and Age",328,334,327,333,7,328 | 329 | 330 | 331 | 332 | 333 | 334,contents
1911_census_volume_iii_part_xii_occupations,31,"Female Population of the State of Western Australia, at the Census of 3rd April, 1911, classified according to Occupation, Grade and Age",335,341,334,340,7,335 | 336 | 337 | 338 | 339 | 340 | 341,contents
1911_census_volume_iii_part_xii_occupations,32,"Male Population of the State of Tasmania, at the Census of 3rd April, 1911, classified according to Occupation, Grade and Age",342,348,341,347,7,342 | 343 | 344 | 345 | 346 | 347 | 348,contents
1911_census_volume_iii_part_xii_occupations,33,"Female Population of the State of Tasmania, at the Census of 3rd April, 1911, classified according to Occupation, Grade and Age",349,355,348,354,7,349 | 350 | 351 | 352 | 353 | 354 | 355,contents
1911_census_volume_iii_part_xii_occupations,34,"Male Population of the Northern Territory, at the Census of 3rd April, 1911, classified according to Occupation, Grade and Age",356,360,355,359,5,356 | 357 | 358 | 359 | 360,contents
1911_census_volume_iii_part_xii_occupations,35,"Female Population of the Northern Territory, at the Census of 3rd April, 1911, classified according to Occupation, Grade and Age",361,363,360,362,3,361 | 362 | 363,contents
1911_census_volume_iii_part_xii_occupations,36,"Male Population of the Federal Capital Territory, at the Census of 3rd April, 1911, classified according to Occupation, Grade and Age",364,366,363,365,3,364 | 365 | 366,contents
1911_census_volume_iii_part_xii_occupations,37,"Female Population of the Federal Capital Territory, at the Census of 3rd April, 1911, classified according to Occupation, Grade and Age",367,369,366,368,3,367 | 368 | 369,contents
1911_census_volume_iii_part_xii_occupations,38,"Female Population of the Commonwealth of Australia, at the Census of 3rd April, 1911, classified according to Occupation, Grade and Conjugal Condition",370,372,369,371,3,370 | 371 | 372,contents
1911_census_volume_iii_part_xii_occupations,39,"Female Population of the State of New South Wales, at the Census of 3rd April, 1911, classified according to Occupation, Grade and Conjugal Condition",373,377,372,376,5,373 | 374 | 375 | 376 | 377,contents
1911_census_volume_iii_part_xii_occupations,40,"Female Population of the State of Victoria, at the Census of 3rd April, 1911, classified according to Occupation, Grade and Conjugal Condition",378,381,377,380,4,378 | 379 | 380 | 381,contents
1911_census_volume_iii_part_xii_occupations,41,"Female Population of the State of Queensland, at the Census of 3rd April, 1911, classified according to Occupation, Grade and Conjugal Condition",382,385,381,384,4,382 | 383 | 384 | 385,contents
1911_census_volume_iii_part_xii_occupations,42,"Female Population of the State of South Australia, at the Census of 3rd April, 1911, classified according to Occupation, Grade and Conjugal Condition",386,389,385,388,4,386 | 387 | 388 | 389,contents
1911_census_volume_iii_part_xii_occupations,43,"Female Population of the State of Western Australia, at the Census of 3rd April, 1911, classified according to Occupation, Grade and Conjugal Condition",390,393,389,392,4,390 | 391 | 392 | 393,contents
1911_census_volume_iii_part_xii_occupations,44,"Female Population of the State of Tasmania, at the Census of 3rd April, 1911, classified according to Occupation, Grade and Conjugal Condition",394,397,393,396,4,394 | 395 | 396 | 397,contents
1911_census_volume_iii_part_xii_occupations,45,"Female Population of the Northern Territory, at the Census of 3rd April, 1911, classified according to Occupation, Grade and Conjugal Condition",398,398,397,397,1,398,contents
1911_census_volume_iii_part_xii_occupations,46,"Female Population of the Federal Capital Territory, at the Census of 3rd April, 1911, classified according to Occupation, Grade and Conjugal Condition",399,401,398,400,3,399 | 400 | 401,contents
1911_census_volume_iii_part_xii_occupations,47,"Male Population of Sydney and Suburbs, at the Census of 3rd April, 1911, classified according to Occupation and Age",402,402,401,401,1,402,contents
1911_census_volume_iii_part_xii_occupations,48,"Female Population of Sydney and Suburbs, at the Census of 3rd April, 1911, classified according to Occupation and Age",403,405,402,404,3,403 | 404 | 405,contents
1911_census_volume_iii_part_xii_occupations,49,"Population of Sydney and Suburbs, at the Census of 3rd April, 1911, classified according to Occupation and Grade",406,407,405,406,2,406 | 407,contents
1911_census_volume_iii_part_xii_occupations,50,"Male Population of Melbourne and Suburbs, at the Census of 3rd April, 1911, classified according to Occupation and Age",408,408,407,407,1,408,contents
1911_census_volume_iii_part_xii_occupations,51,"Female Population of Melbourne and Suburbs, at the Census of 3rd April, 1911, classified according to Occupation and Age",409,411,408,410,3,409 | 410 | 411,contents
1911_census_volume_iii_part_xii_occupations,52,"Population of Melbourne and Suburbs, at the Census of 3rd April, 1911, classified according to Occupation and Grade",412,413,411,412,2,412 | 413,contents
1911_census_volume_iii_part_xii_occupations,53,"Male Population of Brisbane and Suburbs, at the Census of 3rd April, 1911, classified according to Occupation and Age",414,414,413,413,1,414,contents
1911_census_volume_iii_part_xii_occupations,54,"Female Population of Brisbane and Suburbs, at the Census of 3rd April, 1911, classified according to Occupation and Age",415,416,414,415,2,415 | 416,contents
1911_census_volume_iii_part_xii_occupations,55,"Population of Brisbane and Suburbs, at the Census of 3rd April, 1911, classified according to Occupation and Grade",417,419,416,418,3,417 | 418 | 419,contents
1911_census_volume_iii_part_xii_occupations,56,"Male Population of Adelaide and Suburbs, at the Census of 3rd April, 1911, classified according to Occupation and Age",420,420,419,419,1,420,contents
1911_census_volume_iii_part_xii_occupations,57,"Female Population of Adelaide and Suburbs, at the Census of 3rd April, 1911, classified according to Occupation and Age",421,423,420,422,3,421 | 422 | 423,contents
1911_census_volume_iii_part_xii_occupations,58,"Population of Adelaide and Suburbs, at the Census of 3rd April, 1911, classified according to Occupation and Grade",424,425,423,424,2,424 | 425,contents
1911_census_volume_iii_part_xii_occupations,59,"Male Population of Perth and Suburbs, at the Census of 3rd April, 1911, classified according to Occupation and Age",426,426,425,425,1,426,contents
1911_census_volume_iii_part_xii_occupations,60,"Female Population of Perth and Suburbs, at the Census of 3rd April, 1911, classified according to Occupation and Age",427,429,426,428,3,427 | 428 | 429,contents
1911_census_volume_iii_part_xii_occupations,61,"Population of Perth and Suburbs at the Census of 3rd April, 1911, classified according to Occupation and Grade",430,431,429,430,2,430 | 431,contents
1911_census_volume_iii_part_xii_occupations,62,"Male Population of Hobart and Suburbs, at the Census of 3rd April, 1911, classified according to Occupation and Age",432,432,431,431,1,432,contents
1911_census_volume_iii_part_xii_occupations,63,"Female Population of Hobart and Suburbs, at the Census of 3rd April, 1911, classified according to Occupation and Age",433,435,432,434,3,433 | 434 | 435,contents
1911_census_volume_iii_part_xii_occupations,64,"Population of Hobart and Suburbs, at the Census of 3rd April, 1911, classified according to Occupation and Grade",436,437,435,436,2,436 | 437,contents
1911_census_volume_iii_part_xii_occupations,65,"Population of Counties in the State of New South Wales, at the Census of 3rd April, 1911, classified according to Occupation and Sex",438,473,437,472,36,438 | 439 | 440 | 441 | 442 | 443 | 444 | 445 | 446 | 447 | 448 | 449 | 450 | 451 | 452 | 453 | 454 | 455 | 456 | 457 | 458 | 459 | 460 | 461 | 462 | 463 | 464 | 465 | 466 | 467 | 468 | 469 | 470 | 471 | 472 | 473,contents
1911_census_volume_iii_part_xii_occupations,66,"Population of Counties in the State of Victoria, at the Census of 3rd April, 1911, classified according to Occupation and Sex",474,483,473,482,10,474 | 475 | 476 | 477 | 478 | 479 | 480 | 481 | 482 | 483,contents
1911_census_volume_iii_part_xii_occupations,67,"Population of Census Districts in the State of Queensland, at the Census of 3rd April, 1911, classified according to Occupation and Sex",484,499,483,498,16,484 | 485 | 486 | 487 | 488 | 489 | 490 | 491 | 492 | 493 | 494 | 495 | 496 | 497 | 498 | 499,contents
1911_census_volume_iii_part_xii_occupations,68,"Population of Counties and Divisions in the State of South Australia, at the Census of 3rd April, 1911, classified according to Occupation and Sex",500,513,499,512,14,500 | 501 | 502 | 503 | 504 | 505 | 506 | 507 | 508 | 509 | 510 | 511 | 512 | 513,contents
1911_census_volume_iii_part_xii_occupations,69,"Population of Statistical Districts in the State of Western Australia, at the Census of 3rd April, 1911, classified according to Occupation and Sex",514,521,513,520,8,514 | 515 | 516 | 517 | 518 | 519 | 520 | 521,contents
1911_census_volume_iii_part_xii_occupations,70,"Population of Local Government Areas (Municipalities) in the State of Tasmania, at the Census of 3rd April, 1911, classified according to Occupation and Sex",522,535,521,534,14,522 | 523 | 524 | 525 | 526 | 527 | 528 | 529 | 530 | 531 | 532 | 533 | 534 | 535,contents
1911_census_volume_iii_part_xii_occupations,71,"Population of Counties in the Northern Territory, at the Census of 3rd April, 1911, classified according to Occupation and Sex",536,537,535,536,2,536 | 537,contents
1911_census_volume_iii_part_xii_occupations,72,"Population of the Federal Capital Territory, at the Census of 3rd April, 1911, classified according to Occupation and Sex",538,538,537,537,1,538,contents
1911_census_volume_iii_part_xii_occupations,73,"Grades of Occupation in Counties within the State of New South Wales, at the Census of 3rd April, 1911",539,540,538,539,2,539 | 540,contents
1911_census_volume_iii_part_xii_occupations,74,"Grades of Occupation in Counties within the State of Victoria, at the Census of 3rd April, 1911",541,541,540,540,1,541,contents
1911_census_volume_iii_part_xii_occupations,75,"Grades of Occupation in Census Districts within the State of Queensland, at the Census of 3rd April, 1911",541,542,540,541,2,541 | 542,contents
1911_census_volume_iii_part_xii_occupations,76,"Grades of Occupation in Counties and Divisions within the State of South Australia, at the Census of 3rd April, 1911",542,543,541,542,2,542 | 543,contents
1911_census_volume_iii_part_xii_occupations,77,"Grades of Occupation in Statistical Districts, within the State of Western Australia, at the Census of 3rd April, 1911",543,544,542,543,2,543 | 544,contents
1911_census_volume_iii_part_xii_occupations,78,"Grades of Occupation in Local Government Areas (Municipalities) within the State of Tasmania, at the Census of 3rd April, 1911",544,544,543,543,1,544,contents
1911_census_volume_iii_part_xii_occupations,79,"Grades of Occupation in Counties within the Northern Territory, at the Census of 3rd April, 1911",545,545,544,544,1,545,contents
1911_census_volume_iii_part_xii_occupations,80,"Grades of Occupation within the Federal Capital Territory, at the Census of 3rd April, 1911",545,545,544,544,1,545,contents
1911_census_volume_iii_part_xii_occupations,81,"Unemployed Persons in the Commonwealth of Australia, at the Census of 3rd April, 1911, classified according to Occupation and Period of Unemployment",546,546,545,545,1,546,contents
1911_census_volume_iii_part_xii_occupations,82,"Unemployed Persons in the State of New South Wales, at the Census of 3rd April, 1911, classified according to Occupation and Period of Unemployment",547,550,546,549,4,547 | 548 | 549 | 550,contents
1911_census_volume_iii_part_xii_occupations,83,"Unemployed Persons in the State of Victoria, at the Census of 3rd April, 1911, classified according to Occupation and Period of Unemployment",551,554,550,553,4,551 | 552 | 553 | 554,contents
1911_census_volume_iii_part_xii_occupations,84,"Unemployed Persons in the State of Queensland, at the Census of 3rd April, 1911, classified according to Occupation and Period of Unemployment",554,557,553,556,4,554 | 555 | 556 | 557,contents
1911_census_volume_iii_part_xii_occupations,85,"Unemployed Persons in the State of South Australia, at the Census of 3rd April, 1911, classified according to Occupation and Period of Unemployment",558,558,557,557,1,558,contents
1911_census_volume_iii_part_xii_occupations,86,"Unemployed Persons in the State of Western Australia, at the Census of 3rd April, 1911, classified according to Occupation and Period of Unemployment",559,561,558,560,3,559 | 560 | 561,contents
1911_census_volume_iii_part_xii_occupations,87,"Unemployed Persons in the State of Tasmania, at the Census of 3rd April, 1911, classified according to Occupation and Period of Unemployment",562,563,561,562,2,562 | 563,contents
1911_census_volume_iii_part_xii_occupations,88,"Unemployed Persons in the Northern and Federal Capital Territories, at the Census of 3rd April, 1911, classified according to Occupation and Period of Unemployment",564,565,563,564,2,564 | 565,contents
1911_census_volume_iii_part_xii_occupations,89,"Unemployed Males in the Commonwealth of Australia, at the Census of 3rd April, 1911, classified according to Period of Unemployment and Age",566,566,565,565,1,566,contents
1911_census_volume_iii_part_xii_occupations,90,"Unemployed Males in the States and Territories of the Commonwealth of Australia, at the Census of 3rd April, 1911, classified according to Period of Unemployment and Age",566,568,565,567,3,566 | 567 | 568,contents
1911_census_volume_iii_part_xii_occupations,91,"Unemployed Females in the Commonwealth of Australia, at the Census of 3rd April, 1911, classified according to Period of Unemployment and Age",568,568,567,567,1,568,contents
1911_census_volume_iii_part_xii_occupations,92,"Unemployed Females in the States and Territories of the Commonwealth of Australia, at the Census of 3rd April, 1911, classified according to Period of Unemployment and Age",569,570,568,569,2,569 | 570,contents
1911_census_volume_iii_part_xiii_dwellings,1,"Dwellings Occupied, Unoccupied and Being Built in the several States and Territories of the Commonwealth of Australia, at the Census of 3rd April, 1911",5,5,4,4,1,5,contents
1911_census_volume_iii_part_xiii_dwellings,2,"Metropolitan and Extra-Metropolitan Area, Population, Density, etc., in the several States and Territories of the Commonwealth of Australia, at the Census of 3rd April, 1911",5,5,4,4,1,5,contents
1911_census_volume_iii_part_xiii_dwellings,3,"Occupied Dwellings in the several States and Territories of the Commonwealth of Australia, at the Census of 3rd April, 1911, classified according to Nature of Dwelling",6,6,5,5,1,6,contents
1911_census_volume_iii_part_xiii_dwellings,4,"Occupied Dwellings in the several States and Territories of the Commonwealth of Australia, at the Census of 3rd April, 1911, classified according to Number of Rooms",6,7,5,6,2,6 | 7,contents
1911_census_volume_iii_part_xiii_dwellings,5,"Occupied Dwellings of 20 rooms and upwards in the several States and Territories of the Commonwealth of Australia at the Census of 3rd April, 1911",8,8,7,7,1,8,contents
1911_census_volume_iii_part_xiii_dwellings,6,"Occupied Dwellings in the several States and Territories of the Commonwealth of Australia, at the Census of 3rd April, 1911, classified according to Materials of which outer walls were built",9,9,8,8,1,9,contents
1911_census_volume_iii_part_xiii_dwellings,7,"Occupied Dwellings in the several States and Territories of the Commonwealth of Australia, at the Census of 3rd April, 1911, classified according to Weekly Rental Value",10,12,9,11,3,10 | 11 | 12,contents
1911_census_volume_iii_part_xiii_dwellings,8,"Inmates of Dwellings (classified according to Number of Rooms) in the several States and Territories of the Commonwealth of Australia, at the Census of 3rd April, 1911",13,14,12,13,2,13 | 14,contents
1911_census_volume_iii_part_xiii_dwellings,9,"Inmates of Dwellings (classified according to Materials of which outer walls were built) in the several States and Territories of the Commonwealth of Australia, at the Census of 3rd April, 1911",14,15,13,14,2,14 | 15,contents
1911_census_volume_iii_part_xiii_dwellings,10,"Occupied Dwellings in the Commonwealth of Australia, at the Census of 3rd April, 1911, classified according to Nature of Dwelling and Number of Rooms",16,17,15,16,2,16 | 17,contents
1911_census_volume_iii_part_xiii_dwellings,11,"Occupied Dwellings in the several States and Territories of the Commonwealth of Australia, at the Census of 3rd April, 1911, classified according to Nature of Dwelling and Number of Rooms",16,21,15,20,6,16 | 17 | 18 | 19 | 20 | 21,contents
1911_census_volume_iii_part_xiii_dwellings,12,"Occupied Dwellings in the Commonwealth of Australia, at the Census of 3rd April, 1911, classified according to Materials of which outer walls were built and Number of Rooms",22,23,21,22,2,22 | 23,contents
1911_census_volume_iii_part_xiii_dwellings,13,"Occupied Dwellings in the State of New South Wales, at the Census of 3rd April, 1911, classified according to Materials of which outer walls were built and Number of Rooms",24,24,23,23,1,24,contents
1911_census_volume_iii_part_xiii_dwellings,14,"Occupied Dwellings in the State of Victoria, at the Census of 3rd April, 1911, classified according to Materials of which outer walls were built and Number of Rooms",25,27,24,26,3,25 | 26 | 27,contents
1911_census_volume_iii_part_xiii_dwellings,15,"Occupied Dwellings in the State of Queensland, at the Census of 3rd April, 1911, classified according to Materials of which outer walls were built and Number of Rooms",28,29,27,28,2,28 | 29,contents
1911_census_volume_iii_part_xiii_dwellings,16,"Occupied Dwellings in the State of South Australia, at the Census of 3rd April, 1911, classified according to Materials of which outer walls were built, and Number of Rooms",30,31,29,30,2,30 | 31,contents
1911_census_volume_iii_part_xiii_dwellings,17,"Occupied Dwellings in the State of Western Australia, at the Census of 3rd April, 1911, classified according to Materials of which outer walls were built and Number of Rooms",32,33,31,32,2,32 | 33,contents
1911_census_volume_iii_part_xiii_dwellings,18,"Occupied Dwellings in the State of Tasmania, at the Census of 3rd April, 1911, classified according to Materials of which outer walls were built and Number of Rooms",34,35,33,34,2,34 | 35,contents
1911_census_volume_iii_part_xiii_dwellings,19,"Occupied Dwellings in the Northern Territory, at the Census of 3rd April, 1911, classified according to Materials of which outer walls were built and Number of Rooms",34,36,33,35,3,34 | 35 | 36,contents
1911_census_volume_iii_part_xiii_dwellings,20,"Occupied Dwellings in the Federal Territory, at the Census of 3rd April, 1911, classified according to Materials of which outer walls were built and Number of Rooms",36,37,35,36,2,36 | 37,contents
1911_census_volume_iii_part_xiii_dwellings,21,"Occupied Dwellings in the Commonwealth of Australia, at the Census of 3rd April, 1911, classified according to Materials of which outer walls were built and Number of Inmates",38,38,37,37,1,38,contents
1911_census_volume_iii_part_xiii_dwellings,22,"Occupied Dwellings in the State of New South Wales, at the Census of 3rd April, 1911, classified according to Materials of which outer walls were built and Number of Inmates",39,40,38,39,2,39 | 40,contents
1911_census_volume_iii_part_xiii_dwellings,23,"Occupied Dwellings in the State of Victoria, at the Census of 3rd April, 1911, classified according to Materials of which outer walls were built and Number of Inmates",41,42,40,41,2,41 | 42,contents
1911_census_volume_iii_part_xiii_dwellings,24,"Occupied Dwellings in the State of Queensland, at the Census of 3rd April, 1911, classified according to Materials of which outer walls were built and Number of Inmates",43,45,42,44,3,43 | 44 | 45,contents
1911_census_volume_iii_part_xiii_dwellings,25,"Occupied Dwellings in the State of South Australia, at the Census of 3rd April, 1911, classified according to Materials of which outer walls were built and Number of Inmates",46,47,45,46,2,46 | 47,contents
1911_census_volume_iii_part_xiii_dwellings,26,"Occupied Dwellings in the State of Western Australia, at the Census of 3rd April, 1911, classified according to Materials of which outer walls were built and Number of Inmates",48,49,47,48,2,48 | 49,contents
1911_census_volume_iii_part_xiii_dwellings,27,"Occupied Dwellings in the State of Tasmania, at the Census of 3rd April, 1911, classified according to Materials of which outer walls were built and Number of Inmates",50,51,49,50,2,50 | 51,contents
1911_census_volume_iii_part_xiii_dwellings,28,"Occupied Dwellings in the Northern Territory, at the Census of 3rd April, 1911, classified according to Materials of which outer walls were built and Number of Inmates",50,52,49,51,3,50 | 51 | 52,contents
1911_census_volume_iii_part_xiii_dwellings,29,"Occupied Dwellings in the Federal Territory, at the Census of 3rd April, 1911, classified according to Materials of which outer walls were built and Number of Inmates",52,53,51,52,2,52 | 53,contents
1911_census_volume_iii_part_xiii_dwellings,30,"Occupied Dwellings in the Commonwealth of Australia, at the Census of 3rd April, 1911, classified according to Number of Rooms and Number of Inmates",54,55,53,54,2,54 | 55,contents
1911_census_volume_iii_part_xiii_dwellings,31,"Occupied Dwellings in the State of New South Wales, at the Census of 3rd April, 1911, classified according to Number of Rooms and Number of Inmates",56,57,55,56,2,56 | 57,contents
1911_census_volume_iii_part_xiii_dwellings,32,"Occupied Dwellings in the State of Victoria, at the Census of 3rd April, 1911, classified according to Number of Rooms and Number of Inmates",58,58,57,57,1,58,contents
1911_census_volume_iii_part_xiii_dwellings,33,"Occupied Dwellings in the State of Queensland, at the Census of 3rd April, 1911, classified according to Number of Rooms and Number of Inmates",59,61,58,60,3,59 | 60 | 61,contents
1911_census_volume_iii_part_xiii_dwellings,34,"Occupied Dwellings in the State of South Australia, at the Census of 3rd April, 1911, classified according to Number of Rooms and Number of Inmates",62,62,61,61,1,62,contents
1911_census_volume_iii_part_xiii_dwellings,35,"Occupied Dwellings in the State of Western Australia, at the Census of 3rd April, 1911, classified according to Number of Rooms and Number of Inmates",63,65,62,64,3,63 | 64 | 65,contents
1911_census_volume_iii_part_xiii_dwellings,36,"Occupied Dwellings in the State of Tasmania, at the Census of 3rd April, 1911, classified according to Number of Rooms and Number of Inmates",66,67,65,66,2,66 | 67,contents
1911_census_volume_iii_part_xiii_dwellings,37,"Occupied Dwellings in the Northern Territory, at the Census of 3rd April, 1911, classified according to Number of Rooms and Number of Inmates",68,69,67,68,2,68 | 69,contents
1911_census_volume_iii_part_xiii_dwellings,38,"Occupied Dwellings in the Federal Territory, at the Census of 3rd April, 1911, classified according to Number of Rooms and Number of Inmates",70,71,69,70,2,70 | 71,contents
1911_census_volume_iii_part_xiii_dwellings,39,"Occupied Dwellings in the Commonwealth of Australia, at the Census of 3rd April, 1911, classified according to Weekly Rental Value and Number of Rooms",72,75,71,74,4,72 | 73 | 74 | 75,contents
1911_census_volume_iii_part_xiii_dwellings,40,"Occupied Dwellings in the State of New South Wales, at the Census of 3rd April, 1911, classified according to Weekly Rental Value and Number of Rooms",76,79,75,78,4,76 | 77 | 78 | 79,contents
1911_census_volume_iii_part_xiii_dwellings,41,"Occupied Dwellings in the State of Victoria, at the Census of 3rd April, 1911, classified according to Weekly Rental Value and Number of Rooms",80,83,79,82,4,80 | 81 | 82 | 83,contents
1911_census_volume_iii_part_xiii_dwellings,42,"Occupied Dwellings in the State of Queensland, at the Census of 3rd April, 1911, classified according to Weekly Rental Value and Number of Rooms",84,87,83,86,4,84 | 85 | 86 | 87,contents
1911_census_volume_iii_part_xiii_dwellings,43,"Occupied Dwellings in the State of South Australia, at the Census of 3rd April, 1911, classified according to Weekly Rental Value and Number of Rooms",88,91,87,90,4,88 | 89 | 90 | 91,contents
1911_census_volume_iii_part_xiii_dwellings,44,"Occupied Dwellings in the State of Western Australia, at the Census of 3rd April, 1911, classified according to Weekly Rental Value and Number of Rooms",92,95,91,94,4,92 | 93 | 94 | 95,contents
1911_census_volume_iii_part_xiii_dwellings,45,"Occupied Dwellings in the State of Tasmania, at the Census of 3rd April, 1911, classified according to Weekly Rental Value and Number of Rooms",96,99,95,98,4,96 | 97 | 98 | 99,contents
1911_census_volume_iii_part_xiii_dwellings,46,"Occupied Dwellings in the Northern Territory, at the Census of 3rd April, 1911, classified according to Weekly Rental Value and Number of Rooms",100,101,99,100,2,100 | 101,contents
1911_census_volume_iii_part_xiii_dwellings,47,"Occupied Dwellings in the Federal Territory, at the Census of 3rd April, 1911, classified according to Weekly Rental Value and Number of Rooms",100,101,99,100,2,100 | 101,contents
1911_census_volume_iii_part_xiii_dwellings,48,"Occupied Private Dwellings in the Commonwealth of Australia, at the Census of 3rd April, 1911, classified according to Weekly Rental Value, Number of Rooms and Method of Occupancy",102,108,101,107,7,102 | 103 | 104 | 105 | 106 | 107 | 108,contents
1911_census_volume_iii_part_xiii_dwellings,49,"Occupied Private Dwellings in the several States and Territories of the Commonwealth of Australia, at the Census of 3rd April, 1911, classified according to Weekly Rental Value and Method of Occupancy",109,113,108,112,5,109 | 110 | 111 | 112 | 113,contents
1911_census_volume_iii_part_xiii_dwellings,50,"Dwellings, Occupied, Unoccupied and Being Built in the Metropolitan Areas of the several States of the Commonwealth of Australia, at the Census of 3rd April, 1911",114,114,113,113,1,114,contents
1911_census_volume_iii_part_xiii_dwellings,51,"Occupied Dwellings in the Metropolitan Areas of the several States of the Commonwealth of Australia, at the Census of 3rd April, 1911, classified according to Nature of Dwelling",114,114,113,113,1,114,contents
1911_census_volume_iii_part_xiii_dwellings,52,"Occupied Dwellings in the Metropolitan Areas of the several States of the Commonwealth of Australia, at the Census of 3rd April, 1911, classified according to Number of Rooms",115,115,114,114,1,115,contents
1911_census_volume_iii_part_xiii_dwellings,53,"Occupied Dwellings of 20 rooms and upwards, in the Metropolitan Areas of the several States of the Commonwealth of Australia, at the Census of 3rd April, 1911",116,116,115,115,1,116,contents
1911_census_volume_iii_part_xiii_dwellings,54,"Occupied Dwellings in the Metropolitan Areas of the several States of the Commonwealth of Australia, at the Census of 3rd April, 1911, classified according to Materials of which outer walls were built",117,117,116,116,1,117,contents
1911_census_volume_iii_part_xiii_dwellings,55,"Occupied Dwellings in the Metropolitan Areas of the several States of the Commonwealth of Australia, at the Census of 3rd April, 1911, classified according to Weekly Rental Value",118,120,117,119,3,118 | 119 | 120,contents
1911_census_volume_iii_part_xiii_dwellings,56,"Occupied Private Dwellings in the Metropolitan Areas of the several States of the Commonwealth of Australia, at the Census of 3rd April, 1911, classified according to Weekly Rental Value and Method of Occupancy",121,124,120,123,4,121 | 122 | 123 | 124,contents
1911_census_volume_iii_part_xiii_dwellings,57,"Inmates of Dwellings (classified according to Number of Rooms) in the Metropolitan Areas of the several States of the Commonwealth of Australia, at the Census of 3rd April, 1911",124,125,123,124,2,124 | 125,contents
1911_census_volume_iii_part_xiii_dwellings,58,"Inmates of Dwellings (classified according to Materials of which outer walls were built) in the Metropolitan Areas of the several States of the Commonwealth of Australia, at the Census of 3rd April, 1911",125,125,124,124,1,125,contents
1911_census_volume_iii_part_xiii_dwellings,59,"Average Number of Inmates per Occupied Private Dwelling (classified according to Number of Rooms) in the several States and Territories of the Commonwealth of Australia, at the Census of 3rd April, 1911",126,126,125,125,1,126,contents
1911_census_volume_iii_part_xiii_dwellings,60,"Average Number of Inmates per Room in Occupied Private Dwellings (classified according to Number of Rooms) in the several States and Territories of the Commonwealth of Australia, at the Census of 3rd April, 1911",126,127,125,126,2,126 | 127,contents
1911_census_volume_iii_part_xiii_dwellings,61,"Average Weekly Rental Value of Occupied Private Dwellings (classified according to Number of Rooms) in the several States and Territories of the Commonwealth of Australia, at the Census of 3rd April, 1911",126,127,125,126,2,126 | 127,contents
1911_census_volume_iii_part_xiii_dwellings,62,"Average Weekly Rental Value per Room in Occupied Private Dwellings (classified according to Number of Rooms) in the several States and Territories of the Commonwealth of Australia, at the Census of 3rd April, 1911",127,129,126,128,3,127 | 128 | 129,contents
1911_census_volume_iii_part_xiii_dwellings,63,"Average Weekly Rental Value per Inmate in Occupied Private Dwellings (classified according to Number of Rooms) in the several States and Territories of the Commonwealth of Australia, at the Census of 3rd April, 1911",128,129,127,128,2,128 | 129,contents
1911_census_volume_iii_part_xiii_dwellings,64,"Occupied Dwellings in each County, etc., of the several States and Territories of the Commonwealth of Australia, at the Census of 3rd April, 1911, classified according to Number of Rooms",130,148,129,147,19,130 | 131 | 132 | 133 | 134 | 135 | 136 | 137 | 138 | 139 | 140 | 141 | 142 | 143 | 144 | 145 | 146 | 147 | 148,contents
1911_census_volume_iii_part_xiii_dwellings,65,"Occupied Dwellings in each County, etc., of the several States and Territories of the Commonwealth of Australia, at the Census of 3rd April, 1911, classified according to Materials of which outer walls were built",149,167,148,166,19,149 | 150 | 151 | 152 | 153 | 154 | 155 | 156 | 157 | 158 | 159 | 160 | 161 | 162 | 163 | 164 | 165 | 166 | 167,contents
1911_census_volume_iii_part_xiii_dwellings,66,"Average Weekly Rental Value of Private Dwellings in each County, etc., of the several States and Territories of the Commonwealth of Australia, at the Census of 3rd April, 1911, classified according to Number of Rooms",168,178,167,177,11,168 | 169 | 170 | 171 | 172 | 173 | 174 | 175 | 176 | 177 | 178,contents
1911_census_volume_iii_part_xiii_dwellings,67,"Area, Population, Density, Occupied Dwellings and Rental Values in each County, etc., of the several States and Territories of the Commonwealth of Australia, at the Census of 3rd April, 1911",178,182,177,181,5,178 | 179 | 180 | 181 | 182,contents
1911_census_volume_iii_part_xiii_dwellings,68,"Area, Population, Density, Occupied Dwellings, etc., in each Local Government Area of the several States of the Commonwealth of Australia, at the Census of 3rd April, 1911",183,199,182,198,17,183 | 184 | 185 | 186 | 187 | 188 | 189 | 190 | 191 | 192 | 193 | 194 | 195 | 196 | 197 | 198 | 199,contents
1911_census_volume_iii_part_xiv_summary,1,Population of States and Territories,6,6,5,5,1,6,contents
1911_census_volume_iii_part_xiv_summary,2,Full-blooded Aboriginals enumerated in States and Territories,6,6,5,5,1,6,contents
1911_census_volume_iii_part_xiv_summary,3,"Comparison of Population, 1881, 1891, 1901 and 1911",6,7,5,6,2,6 | 7,contents
1911_census_volume_iii_part_xiv_summary,4,"Increase of Population, 1881-1891, 1891-1901, and 1901-1911",7,8,6,7,2,7 | 8,contents
1911_census_volume_iii_part_xiv_summary,5,Adjusted Population of States and Northern Territory,8,8,7,7,1,8,contents
1911_census_volume_iii_part_xiv_summary,6,Adjusted Mean Population of States and Northern Territory,9,9,8,8,1,9,contents
1911_census_volume_iii_part_xiv_summary,7,Male Population of States and Territories,10,10,9,9,1,10,contents
1911_census_volume_iii_part_xiv_summary,8,Female Population of States and Territories,11,11,10,10,1,11,contents
1911_census_volume_iii_part_xiv_summary,9,Total Population of States and Territories,12,12,11,11,1,12,contents
1911_census_volume_iii_part_xiv_summary,10,"Comparative Statement of the Population of the Commonwealth, 1901 and 1911",13,13,12,12,1,13,contents
1911_census_volume_iii_part_xiv_summary,11,Metropolitan and Extra-Metropolitan Population of New South Wales,14,14,13,13,1,14,contents
1911_census_volume_iii_part_xiv_summary,12,Metropolitan and Extra-Metropolitan Population of Victoria,15,15,14,14,1,15,contents
1911_census_volume_iii_part_xiv_summary,13,Metropolitan and Extra-Metropolitan Population of Queensland,16,16,15,15,1,16,contents
1911_census_volume_iii_part_xiv_summary,14,Metropolitan and Extra-Metropolitan Population of South Australia,17,17,16,16,1,17,contents
1911_census_volume_iii_part_xiv_summary,15,Metropolitan and Extra-Metropolitan Population of Western Australia,18,18,17,17,1,18,contents
1911_census_volume_iii_part_xiv_summary,16,Metropolitan and Extra-Metropolitan Population of Tasmania,19,19,18,18,1,19,contents
1911_census_volume_iii_part_xiv_summary,17,"Male Population, classified according to Age",20,21,19,20,2,20 | 21,contents
1911_census_volume_iii_part_xiv_summary,18,"Female Population, classified according to Age",22,22,21,21,1,22,contents
1911_census_volume_iii_part_xiv_summary,19,"Total Population, classified according to Age",23,25,22,24,3,23 | 24 | 25,contents
1911_census_volume_iii_part_xiv_summary,20,Male Population of States and Territories,26,26,25,25,1,26,contents
1911_census_volume_iii_part_xiv_summary,21,Female Population of States and Territories,27,27,26,26,1,27,contents
1911_census_volume_iii_part_xiv_summary,22,Total Population of States and Territories,28,28,27,27,1,28,contents
1911_census_volume_iii_part_xiv_summary,23,"Comparative Statement of the Population, Censuses 1901 and 1911",29,29,28,28,1,29,contents
1911_census_volume_iii_part_xiv_summary,24,Metropolitan and Extra-Metropolitan Population of New South Wales,30,30,29,29,1,30,contents
1911_census_volume_iii_part_xiv_summary,25,Metropolitan and Extra-Metropolitan Population of Victoria,31,31,30,30,1,31,contents
1911_census_volume_iii_part_xiv_summary,26,Metropolitan and Extra-Metropolitan Population of Queensland,32,32,31,31,1,32,contents
1911_census_volume_iii_part_xiv_summary,27,Metropolitan and Extra-Metropolitan Population of South Australia,33,33,32,32,1,33,contents
1911_census_volume_iii_part_xiv_summary,28,Metropolitan and Extra-Metropolitan Population of Western Australia,34,34,33,33,1,34,contents
1911_census_volume_iii_part_xiv_summary,29,Metropolitan and Extra-Metropolitan Population of Tasmania,35,35,34,34,1,35,contents
1911_census_volume_iii_part_xiv_summary,30,Population of States and Territories,36,37,35,36,2,36 | 37,contents
1911_census_volume_iii_part_xiv_summary,31,Population of the Commonwealth in Age Groups,38,40,37,39,3,38 | 39 | 40,contents
1911_census_volume_iii_part_xiv_summary,32,Metropolitan and Extra-Metropolitan Population of New South Wales,40,40,39,39,1,40,contents
1911_census_volume_iii_part_xiv_summary,33,Metropolitan and Extra-Metropolitan Population of Victoria,41,41,40,40,1,41,contents
1911_census_volume_iii_part_xiv_summary,34,Metropolitan and Extra-Metropolitan Population of Queensland,42,42,41,41,1,42,contents
1911_census_volume_iii_part_xiv_summary,35,Metropolitan and Extra-Metropolitan Population of South Australia,42,42,41,41,1,42,contents
1911_census_volume_iii_part_xiv_summary,36,Metropolitan and Extra-Metropolitan Population of Western Australia,43,43,42,42,1,43,contents
1911_census_volume_iii_part_xiv_summary,37,Metropolitan and Extra-Metropolitan Population of Tasmania,43,43,42,42,1,43,contents
1911_census_volume_iii_part_xiv_summary,38,Population of States and Territories,44,44,43,43,1,44,contents
1911_census_volume_iii_part_xiv_summary,39,"Population of the Commonwealth, in Age Groups",45,45,44,44,1,45,contents
1911_census_volume_iii_part_xiv_summary,40,"Population of the State of New South Wales, in Age Groups",45,45,44,44,1,45,contents
1911_census_volume_iii_part_xiv_summary,41,"Population of the State of Victoria, in Age Groups",46,46,45,45,1,46,contents
1911_census_volume_iii_part_xiv_summary,42,"Population of the State of Queensland, in Age Groups",46,46,45,45,1,46,contents
1911_census_volume_iii_part_xiv_summary,43,"Population of the State of South Australia, in Age Groups",47,47,46,46,1,47,contents
1911_census_volume_iii_part_xiv_summary,44,"Population of the State of Western Australia, in Age Groups",47,47,46,46,1,47,contents
1911_census_volume_iii_part_xiv_summary,45,"Population of the State of Tasmania, in Age Groups",48,48,47,47,1,48,contents
1911_census_volume_iii_part_xiv_summary,46,"Population of the Northern Territory, in Age Groups",48,48,47,47,1,48,contents
1911_census_volume_iii_part_xiv_summary,47,"Population of the Federal Territory, in Age Groups",49,49,48,48,1,49,contents
1911_census_volume_iii_part_xiv_summary,48,School Attendance of Children Aged last Birthday from 6 to 13 years,50,50,49,49,1,50,contents
1911_census_volume_iii_part_xiv_summary,49,"Population of the Commonwealth, in Ages",51,51,50,50,1,51,contents
1911_census_volume_iii_part_xiv_summary,50,"Population of the State of New South Wales, in Ages",52,52,51,51,1,52,contents
1911_census_volume_iii_part_xiv_summary,51,"Population of the State of Victoria, in Ages",53,53,52,52,1,53,contents
1911_census_volume_iii_part_xiv_summary,52,"Population of the State of Queensland, in Ages",54,54,53,53,1,54,contents
1911_census_volume_iii_part_xiv_summary,53,"Population of the State of South Australia, in Ages",55,55,54,54,1,55,contents
1911_census_volume_iii_part_xiv_summary,54,"Population of the State of Western Australia, in Ages",56,56,55,55,1,56,contents
1911_census_volume_iii_part_xiv_summary,55,"Population of the State of Tasmania, in Ages",57,57,56,56,1,57,contents
1911_census_volume_iii_part_xiv_summary,56,"Population of the Northern Territory, in Ages",58,58,57,57,1,58,contents
1911_census_volume_iii_part_xiv_summary,57,"Population of the Federal Territory, in Ages",59,59,58,58,1,59,contents
1911_census_volume_iii_part_xiv_summary,58,Metropolitan and Extra-Metropolitan Attendance of Male Children,60,60,59,59,1,60,contents
1911_census_volume_iii_part_xiv_summary,59,Metropolitan and Extra-Metropolitan Attendance of Female Children,61,61,60,60,1,61,contents
1911_census_volume_iii_part_xiv_summary,60,Metropolitan and Extra-Metropolitan Attendance of Children of both Sexes,62,62,61,61,1,62,contents
1911_census_volume_iii_part_xiv_summary,61,Population of States and Territories,63,64,62,63,2,63 | 64,contents
1911_census_volume_iii_part_xiv_summary,62,Comparative Statement of Population at the Censuses of 1901 and 1911,65,65,64,64,1,65,contents
1911_census_volume_iii_part_xiv_summary,63,Metropolitan and Extra-Metropolitan Population in States of-,65,69,64,68,5,65 | 66 | 67 | 68 | 69,contents
1911_census_volume_iii_part_xiv_summary,64,"Number of Blind Persons and Deaf Mutes in States, at the Censuses of 1901 and 1911",70,70,69,69,1,70,contents
1911_census_volume_iii_part_xiv_summary,65,Ages of Blind Persons in States,71,71,70,70,1,71,contents
1911_census_volume_iii_part_xiv_summary,66,Ages of Deaf Mutes in States,72,72,71,71,1,72,contents
1911_census_volume_iii_part_xiv_summary,67,Birthplaces of the Blind in States,73,74,72,73,2,73 | 74,contents
1911_census_volume_iii_part_xiv_summary,68,Birthplaces of Deaf Mutes in States,75,76,74,75,2,75 | 76,contents
1911_census_volume_iii_part_xiv_summary,69,Conjugal Condition of Blind Persons in States,76,77,75,76,2,76 | 77,contents
1911_census_volume_iii_part_xiv_summary,70,Conjugal Condition of Deaf Mute Persons in States,77,77,76,76,1,77,contents
1911_census_volume_iii_part_xiv_summary,71,Summary by States and Territories,78,78,77,77,1,78,contents
1911_census_volume_iii_part_xiv_summary,72,Summary by Races,78,78,77,77,1,78,contents
1911_census_volume_iii_part_xiv_summary,73,"Summary by Races, States and Territories",79,80,78,79,2,79 | 80,contents
1911_census_volume_iii_part_xiv_summary,74,"Chinese in Australia, Censuses 1891, 1901 and 1911",80,80,79,79,1,80,contents
1911_census_volume_iii_part_xiv_summary,75,"Japanese, Hindus and Cingalese, and Polynesians in Australia, Censuses 1901 and 1911",80,80,79,79,1,80,contents
1911_census_volume_iii_part_xiv_summary,76,Population of States and Territories,81,81,80,80,1,81,contents
1911_census_volume_iii_part_xiv_summary,77,Comparative Statement of Population at the Censuses of 1901 and 1911,81,81,80,80,1,81,contents
1911_census_volume_iii_part_xiv_summary,78,"Population of the Commonwealth, in Age Groups",82,82,81,81,1,82,contents
1911_census_volume_iii_part_xiv_summary,79,"Population of States and Territories, in Age Groups-",82,86,81,85,5,82 | 83 | 84 | 85 | 86,contents
1911_census_volume_iii_part_xiv_summary,80,"Population of Metropolitan Areas, in Age Groups-",86,89,85,88,4,86 | 87 | 88 | 89,contents
1911_census_volume_iii_part_xiv_summary,81,Relative Ages of Husbands and Wives,90,91,89,90,2,90 | 91,contents
1911_census_volume_iii_part_xiv_summary,82,Relative Religions of Husbands and Wives,90,91,89,90,2,90 | 91,contents
1911_census_volume_iii_part_xiv_summary,83,Relative Birthplaces of Husbands and Wives,92,95,91,94,4,92 | 93 | 94 | 95,contents
1911_census_volume_iii_part_xiv_summary,84,Ages and Issue of Husbands,96,97,95,96,2,96 | 97,contents
1911_census_volume_iii_part_xiv_summary,85,Ages and Issue of Wives,96,97,95,96,2,96 | 97,contents
1911_census_volume_iii_part_xiv_summary,86,Birthplaces and Issue of Wives,98,98,97,97,1,98,contents
1911_census_volume_iii_part_xiv_summary,87,Religions and Issue of Wives,99,100,98,99,2,99 | 100,contents
1911_census_volume_iii_part_xiv_summary,88,"Annual Rates of Mortality for each Age and Sex, 1881-1890, 1891-1900, and 1901-1910",101,102,100,101,2,101 | 102,contents
1911_census_volume_iii_part_xiv_summary,89,"Numbers who survive each Age out of 100,000 of each Sex at Birth, 1881-1890, 1891-1900, and 1901-1910",102,104,101,103,3,102 | 103 | 104,contents
1911_census_volume_iii_part_xiv_summary,90,"Expectation of Life at each Age in each Sex, 1881-1890, 1891-1900, and 1901-1910",104,105,103,104,2,104 | 105,contents
1911_census_volume_iii_part_xiv_summary,91,"Male Rates of Mortality, 1881-1890",106,107,105,106,2,106 | 107,contents
1911_census_volume_iii_part_xiv_summary,92,"Female Rates of Mortality, 1881-1890",107,109,106,108,3,107 | 108 | 109,contents
1911_census_volume_iii_part_xiv_summary,93,"Male Rates of Mortality, 1891-1900",109,110,108,109,2,109 | 110,contents
1911_census_volume_iii_part_xiv_summary,94,"Female Rates of Mortality, 1891-1900",111,112,110,111,2,111 | 112,contents
1911_census_volume_iii_part_xiv_summary,95,"Male Rates of Mortality, 1901-1910",112,114,111,113,3,112 | 113 | 114,contents
1911_census_volume_iii_part_xiv_summary,96,"Female Rates of Mortality, 1901-1910",114,115,113,114,2,114 | 115,contents
1911_census_volume_iii_part_xiv_summary,97,"Males who survive each Age out of 100,000 at Birth, 1881-1890",116,117,115,116,2,116 | 117,contents
1911_census_volume_iii_part_xiv_summary,98,"Females who survive each Age out of 100,000 at Birth, 1881-1890",117,119,116,118,3,117 | 118 | 119,contents
1911_census_volume_iii_part_xiv_summary,99,"Males who Survive each Age out of 100,000 at Birth, 1891-1900",119,120,118,119,2,119 | 120,contents
1911_census_volume_iii_part_xiv_summary,100,"Females who Survive each Age out of 100,000 at Birth, 1891-1900",121,122,120,121,2,121 | 122,contents
1911_census_volume_iii_part_xiv_summary,101,"Males who Survive each Age out of 100,000 at Birth, 1901-1910",122,124,121,123,3,122 | 123 | 124,contents
1911_census_volume_iii_part_xiv_summary,102,"Females who Survive each Age out of 100,000 at Birth, 1901-1910",124,125,123,124,2,124 | 125,contents
1911_census_volume_iii_part_xiv_summary,103,"Male Expectation of Life at each Age, 1881-1890",126,127,125,126,2,126 | 127,contents
1911_census_volume_iii_part_xiv_summary,104,"Female Expectation of Life at each Age, 1881-1890",127,129,126,128,3,127 | 128 | 129,contents
1911_census_volume_iii_part_xiv_summary,105,"Male Expectation of Life at each Age, 1891-1900",129,130,128,129,2,129 | 130,contents
1911_census_volume_iii_part_xiv_summary,106,"Female Expectation of Life at each Age, 1891-1900",131,132,130,131,2,131 | 132,contents
1911_census_volume_iii_part_xiv_summary,107,"Male Expectation of Life at each Age, 1901-1910",132,134,131,133,3,132 | 133 | 134,contents
1911_census_volume_iii_part_xiv_summary,108,"Female Expectation of Life at each Age, 1901-1910",134,135,133,134,2,134 | 135,contents
1911_census_volume_iii_part_xiv_summary,109,"Male Population of the Commonwealth, in Age Groups",136,136,135,135,1,136,contents
1911_census_volume_iii_part_xiv_summary,110,"Female Population of the Commonwealth, in Age Groups",137,138,136,137,2,137 | 138,contents
1911_census_volume_iii_part_xiv_summary,111,"Total Population of the Commonwealth, in Age Groups",139,141,138,140,3,139 | 140 | 141,contents
1911_census_volume_iii_part_xiv_summary,112,Male Population of States and Territories,142,142,141,141,1,142,contents
1911_census_volume_iii_part_xiv_summary,113,Female Population of States and Territories,143,143,142,142,1,143,contents
1911_census_volume_iii_part_xiv_summary,114,Total Population of States and Territories,144,144,143,143,1,144,contents
1911_census_volume_iii_part_xiv_summary,115,"Male Population of the Commonwealth, in Grades",145,145,144,144,1,145,contents
1911_census_volume_iii_part_xiv_summary,116,"Female Population of the Commonwealth, in Grades",146,146,145,145,1,146,contents
1911_census_volume_iii_part_xiv_summary,117,"Total Population of the Commonwealth, in Grades",147,147,146,146,1,147,contents
1911_census_volume_iii_part_xiv_summary,118,"Male Population of New South Wales, in Grades",148,148,147,147,1,148,contents
1911_census_volume_iii_part_xiv_summary,119,"Female Population of New South Wales, in Grades",149,149,148,148,1,149,contents
1911_census_volume_iii_part_xiv_summary,120,"Total Population of New South Wales, in Grades",150,150,149,149,1,150,contents
1911_census_volume_iii_part_xiv_summary,121,"Male Population of Victoria, in Grades",151,151,150,150,1,151,contents
1911_census_volume_iii_part_xiv_summary,122,"Female Population of Victoria, in Grades",152,152,151,151,1,152,contents
1911_census_volume_iii_part_xiv_summary,123,"Total Population of Victoria, in Grades",153,153,152,152,1,153,contents
1911_census_volume_iii_part_xiv_summary,124,"Male Population of Queensland, in Grades",154,154,153,153,1,154,contents
1911_census_volume_iii_part_xiv_summary,125,"Female Population of Queensland, in Grades",155,155,154,154,1,155,contents
1911_census_volume_iii_part_xiv_summary,126,"Total Population of Queensland, in Grades",156,156,155,155,1,156,contents
1911_census_volume_iii_part_xiv_summary,127,"Male Population of South Australia, in Grades",157,157,156,156,1,157,contents
1911_census_volume_iii_part_xiv_summary,128,"Female Population of South Australia, in Grades",158,158,157,157,1,158,contents
1911_census_volume_iii_part_xiv_summary,129,"Total Population of South Australia, in Grades",159,159,158,158,1,159,contents
1911_census_volume_iii_part_xiv_summary,130,"Male Population of Western Australia, in Grades",160,160,159,159,1,160,contents
1911_census_volume_iii_part_xiv_summary,131,"Female Population of Western Australia, in Grades",161,161,160,160,1,161,contents
1911_census_volume_iii_part_xiv_summary,132,"Total Population of Western Australia, in Grades",162,162,161,161,1,162,contents
1911_census_volume_iii_part_xiv_summary,133,"Male Population of Tasmania, in Grades",163,163,162,162,1,163,contents
1911_census_volume_iii_part_xiv_summary,134,"Female Population of Tasmania, in Grades",164,164,163,163,1,164,contents
1911_census_volume_iii_part_xiv_summary,135,"Total Population of Tasmania, in Grades",165,165,164,164,1,165,contents
1911_census_volume_iii_part_xiv_summary,136,"Male Population of the Northern Territory, in Grades",166,166,165,165,1,166,contents
1911_census_volume_iii_part_xiv_summary,137,"Female Population of the Northern Territory, in Grades",167,167,166,166,1,167,contents
1911_census_volume_iii_part_xiv_summary,138,"Total Population of the Northern Territory, in Grades",168,168,167,167,1,168,contents
1911_census_volume_iii_part_xiv_summary,139,"Male Population of the Federal Territory, in Grades",169,169,168,168,1,169,contents
1911_census_volume_iii_part_xiv_summary,140,"Female Population of the Federal Territory, in Grades",170,170,169,169,1,170,contents
1911_census_volume_iii_part_xiv_summary,141,"Total Population of the Federal Territory, in Grades",171,171,170,170,1,171,contents
1911_census_volume_iii_part_xiv_summary,142,Nature of Dwellings and Number of Rooms,172,172,171,171,1,172,contents
1911_census_volume_iii_part_xiv_summary,143,*Materials and Number of Rooms-Private Dwellings,172,172,171,171,1,172,contents
1911_census_volume_iii_part_xiv_summary,144,Materials and Number of Rooms-Dwellings other than Private,173,175,172,174,3,173 | 174 | 175,contents
1911_census_volume_iii_part_xiv_summary,145,Materials and Number of Rooms-All Dwellings,174,175,173,174,2,174 | 175,contents
1911_census_volume_iii_part_xiv_summary,146,Nature of Dwelling-States and Territories,176,176,175,175,1,176,contents
1911_census_volume_iii_part_xiv_summary,147,"Materials, States and Territories-Private Dwellings",176,176,175,175,1,176,contents
1911_census_volume_iii_part_xiv_summary,148,"Materials, States and Territories-Dwellings other than Private",177,177,176,176,1,177,contents
1911_census_volume_iii_part_xiv_summary,149,"Materials, States and Territories-All Dwellings",177,177,176,176,1,177,contents
1911_census_volume_iii_part_xiv_summary,150,Weekly Rental Value and Number of Rooms-Private Dwellings,178,179,177,178,2,178 | 179,contents
1911_census_volume_iii_part_xiv_summary,151,"Materials, and Number of Inmates-Private Dwellings",180,181,179,180,2,180 | 181,contents
1911_census_volume_iii_part_xiv_summary,152,"Materials, and Number of Inmates-Dwellings other than Private",180,181,179,180,2,180 | 181,contents
1911_census_volume_iii_part_xiv_summary,153,"Materials, and Number of Inmates-All Dwellings",180,181,179,180,2,180 | 181,contents
1911_census_volume_iii_part_xiv_summary,154,"Weekly Rental Value, States and Territories-Private Dwellings",182,182,181,181,1,182,contents
1911_census_volume_iii_part_xiv_summary,155,"Materials, and Number of Inmates, States and Territories-Private Dwellings",183,183,182,182,1,183,contents
1911_census_volume_iii_part_xiv_summary,156,"Materials, and Number of Inmates, States and Territories-Dwellings other than Private",183,183,182,182,1,183,contents
1911_census_volume_iii_part_xiv_summary,157,"Materials, and Number of Inmates, States and Territories-All Dwellings",183,183,182,182,1,183,contents
1911_census_volume_iii_part_xiv_summary,158,Number of Rooms and Number of Inmates-Private Dwellings,184,184,183,183,1,184,contents
1911_census_volume_iii_part_xiv_summary,159,Number of Rooms and Number of Inmates-Dwellings other than Private,184,184,183,183,1,184,contents
1911_census_volume_iii_part_xiv_summary,160,Number of Rooms and Number of Inmates-All Dwellings,185,186,184,185,2,185 | 186,contents
1911_census_volume_iii_part_xiv_summary,161,"Inmates and Number of Rooms, States and Territories-Private Dwellings",186,186,185,185,1,186,contents
1911_census_volume_iii_part_xiv_summary,162,"Inmates and Number of Rooms, States and Territories-Dwellings other than Private",187,187,186,186,1,187,contents
1911_census_volume_iii_part_xiv_summary,163,"Inmates and Number of Rooms, States and Territories-All Dwellings",188,188,187,187,1,188,contents
1911_census_volume_iii_part_xiv_summary,164,Counties :,189,193,188,192,5,189 | 190 | 191 | 192 | 193,contents
1911_census_volume_iii_part_xiv_summary,165,Local Government Areas :,194,201,193,200,8,194 | 195 | 196 | 197 | 198 | 199 | 200 | 201,contents
1911_census_volume_iii_part_xiv_summary,166,Census Districts : Queensland,201,201,200,200,1,201,contents
1911_census_volume_iii_part_xiv_summary,167,Statistical Districts : Western Australia,201,201,200,200,1,201,contents
1911_census_volume_iii_part_xiv_summary,168,"LOCALITIES, containing 50 Inhabitants or over, with Population and Occupied Dwellings therein",202,244,201,243,43,202 | 203 | 204 | 205 | 206 | 207 | 208 | 209 | 210 | 211 | 212 | 213 | 214 | 215 | 216 | 217 | 218 | 219 | 220 | 221 | 222 | 223 | 224 | 225 | 226 | 227 | 228 | 229 | 230 | 231 | 232 | 233 | 234 | 235 | 236 | 237 | 238 | 239 | 240 | 241 | 242 | 243 | 244,contents
