doc_id,file_name,title,local_path,page_count,table_number,table_title,start_printed_page,start_page_index,end_page_index,page_span_count,page_indexes,start_pdf_page,end_pdf_page,next_table_number,next_table_start_page_index,next_later_start_page_index,topic,geography,part_or_section,subentry_count,span_flags,needs_review
1911_census_volume_ii_part_i_ages,1911 Census - Volume II - Part I Ages.pdf,2112.0 - Volume II - Part I Ages,data\raw\abs_1911_census\1911 Census - Volume II - Part I Ages.pdf,104,1,"Number of Males recorded at each Age in each State and Territory, at the Census of 3rd April, 1911",5,4,6,3,4 | 5 | 6,5,7,2,0,7,Ages,Australia,,0,next_numbered_table_starts_before_this_table,True
1911_census_volume_ii_part_i_ages,1911 Census - Volume II - Part I Ages.pdf,2112.0 - Volume II - Part I Ages,data\raw\abs_1911_census\1911 Census - Volume II - Part I Ages.pdf,104,2,"Number of Females recorded at each Age in each State and Territory, at the Census of 3rd April, 1911",1,0,3,4,0 | 1 | 2 | 3,1,4,3,7,4,Ages,Australia,,0,,False
1911_census_volume_ii_part_i_ages,1911 Census - Volume II - Part I Ages.pdf,2112.0 - Volume II - Part I Ages,data\raw\abs_1911_census\1911 Census - Volume II - Part I Ages.pdf,104,3,"Number of Persons recorded at each Age in each State and Territory, at the Census of 3rd April, 1911",8,7,8,2,7 | 8,8,9,4,9,9,Ages,Australia,,0,,False
1911_census_volume_ii_part_i_ages,1911 Census - Volume II - Part I Ages.pdf,2112.0 - Volume II - Part I Ages,data\raw\abs_1911_census\1911 Census - Volume II - Part I Ages.pdf,104,4,"Comparative Statement of the Male Population of the States of the Commonwealth, as recorded at the Censuses of 1901 and 1911, classified in Quinquennial Age Groups",10,9,10,2,9 | 10,10,11,5,11,11,Ages,Australia,,0,,False
1911_census_volume_ii_part_i_ages,1911 Census - Volume II - Part I Ages.pdf,2112.0 - Volume II - Part I Ages,data\raw\abs_1911_census\1911 Census - Volume II - Part I Ages.pdf,104,5,"Comparative Statement of the Female Population of the States of the Commonwealth, as recorded at the Censuses of 1901 and 1911, classified in Quinquennial Age Groups",12,11,11,1,11,12,12,6,12,12,Ages,Australia,,0,,False
1911_census_volume_ii_part_i_ages,1911 Census - Volume II - Part I Ages.pdf,2112.0 - Volume II - Part I Ages,data\raw\abs_1911_census\1911 Census - Volume II - Part I Ages.pdf,104,6,"Comparative Statement of the Total Population of the States of the Commonwealth, as recorded at the Censuses of 1901 and 1911, classified in Quinquennial Age Groups",13,12,13,2,12 | 13,13,14,7,14,14,Ages,Australia,,0,,False
1911_census_volume_ii_part_i_ages,1911 Census - Volume II - Part I Ages.pdf,2112.0 - Volume II - Part I Ages,data\raw\abs_1911_census\1911 Census - Volume II - Part I Ages.pdf,104,7,"Comparative Statement, shewing the Unadjusted Numbers in the Commonwealth at each Age, at the Censuses of 1891, 1901, and 1911",15,14,15,2,14 | 15,15,16,8,16,16,Ages,Australia,,0,,False
1911_census_volume_ii_part_i_ages,1911 Census - Volume II - Part I Ages.pdf,2112.0 - Volume II - Part I Ages,data\raw\abs_1911_census\1911 Census - Volume II - Part I Ages.pdf,104,8,"Comparative Statement, shewing the Unadjusted Numbers in the Commonwealth in Quinquennial Age Groups, at the Censuses of 1881, 1891, 1901, and 1911",17,16,17,2,16 | 17,17,18,9,16,18,Ages,Australia,,0,same_page_as_next_table_start,True
1911_census_volume_ii_part_i_ages,1911 Census - Volume II - Part I Ages.pdf,2112.0 - Volume II - Part I Ages,data\raw\abs_1911_census\1911 Census - Volume II - Part I Ages.pdf,104,9,"Adjusted Number of Males at each Age in each State and Territory, at the Census of 3rd April, 1911",17,16,17,2,16 | 17,17,18,10,18,18,Ages,Australia,,0,same_page_as_previous_table_start,True
1911_census_volume_ii_part_i_ages,1911 Census - Volume II - Part I Ages.pdf,2112.0 - Volume II - Part I Ages,data\raw\abs_1911_census\1911 Census - Volume II - Part I Ages.pdf,104,10,"Adjusted Number of Females at each Age in each State and Territory, at the Census of 3rd April, 1911",19,18,18,1,18,19,19,11,19,19,Ages,Australia,,0,,False
1911_census_volume_ii_part_i_ages,1911 Census - Volume II - Part I Ages.pdf,2112.0 - Volume II - Part I Ages,data\raw\abs_1911_census\1911 Census - Volume II - Part I Ages.pdf,104,11,"Adjusted Number of Persons at each Age in each State and Territory, at the Census of 3rd April, 1911",20,19,20,2,19 | 20,20,21,12,21,21,Ages,Australia,,0,,False
1911_census_volume_ii_part_i_ages,1911 Census - Volume II - Part I Ages.pdf,2112.0 - Volume II - Part I Ages,data\raw\abs_1911_census\1911 Census - Volume II - Part I Ages.pdf,104,12,"Adjusted Number of Males at and above each Age in each State and Territory, at the Census of 3rd April, 1911",22,21,22,2,21 | 22,22,23,13,23,23,Ages,Australia,,0,,False
1911_census_volume_ii_part_i_ages,1911 Census - Volume II - Part I Ages.pdf,2112.0 - Volume II - Part I Ages,data\raw\abs_1911_census\1911 Census - Volume II - Part I Ages.pdf,104,13,"Adjusted Number of Females at and above each Age in each State and Territory, at the Census of 3rd April, 1911",24,23,23,1,23,24,24,14,24,24,Ages,Australia,,0,,False
1911_census_volume_ii_part_i_ages,1911 Census - Volume II - Part I Ages.pdf,2112.0 - Volume II - Part I Ages,data\raw\abs_1911_census\1911 Census - Volume II - Part I Ages.pdf,104,14,"Adjusted Number of Persons at and above each Age in each State and Territory, at the Census of 3rd April, 1911",25,24,25,2,24 | 25,25,26,15,26,26,Ages,Australia,,0,,False
1911_census_volume_ii_part_i_ages,1911 Census - Volume II - Part I Ages.pdf,2112.0 - Volume II - Part I Ages,data\raw\abs_1911_census\1911 Census - Volume II - Part I Ages.pdf,104,15,"Adjusted Number of Males below each Age in each State and Territory, at the Census of 3rd April, 1911",27,26,27,2,26 | 27,27,28,16,28,28,Ages,Australia,,0,,False
1911_census_volume_ii_part_i_ages,1911 Census - Volume II - Part I Ages.pdf,2112.0 - Volume II - Part I Ages,data\raw\abs_1911_census\1911 Census - Volume II - Part I Ages.pdf,104,16,"Adjusted Number of Females below each Age in each State and Territory, at the Census of 3rd April, 1911",29,28,28,1,28,29,29,17,29,29,Ages,Australia,,0,,False
1911_census_volume_ii_part_i_ages,1911 Census - Volume II - Part I Ages.pdf,2112.0 - Volume II - Part I Ages,data\raw\abs_1911_census\1911 Census - Volume II - Part I Ages.pdf,104,17,"Adjusted Number of Persons below each Age in each State and Territory, at the Census of 3rd April, 1911",30,29,30,2,29 | 30,30,31,18,31,31,Ages,Australia,,0,,False
1911_census_volume_ii_part_i_ages,1911 Census - Volume II - Part I Ages.pdf,2112.0 - Volume II - Part I Ages,data\raw\abs_1911_census\1911 Census - Volume II - Part I Ages.pdf,104,18,"Adjusted Numbers in the Commonwealth at each Age, at the Censuses of 1881, 1891, 1901, and 1911",32,31,32,2,31 | 32,32,33,19,33,33,Ages,Australia,,0,,False
1911_census_volume_ii_part_i_ages,1911 Census - Volume II - Part I Ages.pdf,2112.0 - Volume II - Part I Ages,data\raw\abs_1911_census\1911 Census - Volume II - Part I Ages.pdf,104,19,"Adjusted Population in Quinquennial Age Groups, in each State and Territory, at the Census of 3rd April, 1911",34,33,33,1,33,34,34,20,34,34,Ages,Australia,,0,,False
1911_census_volume_ii_part_i_ages,1911 Census - Volume II - Part I Ages.pdf,2112.0 - Volume II - Part I Ages,data\raw\abs_1911_census\1911 Census - Volume II - Part I Ages.pdf,104,20,"Adjusted Numbers of Males, Females, and Persons in each Quinquennial Age Group per 100,000 of Male, Female, and Total Population respectively, of each State and Territory of the Commonwealth, at the Census of 3rd April, 1911",35,34,35,2,34 | 35,35,36,21,36,36,Ages,Australia,,0,,False
1911_census_volume_ii_part_i_ages,1911 Census - Volume II - Part I Ages.pdf,2112.0 - Volume II - Part I Ages,data\raw\abs_1911_census\1911 Census - Volume II - Part I Ages.pdf,104,21,"Adjusted Numbers in the Commonwealth in Quinquennial Age Groups, at the Censuses of 1881, 1891, 1901, and 1911",37,36,36,1,36,37,37,22,36,37,Ages,Australia,,0,same_page_as_next_table_start,True
1911_census_volume_ii_part_i_ages,1911 Census - Volume II - Part I Ages.pdf,2112.0 - Volume II - Part I Ages,data\raw\abs_1911_census\1911 Census - Volume II - Part I Ages.pdf,104,22,"Adjusted Numbers of Males, Females, and Persons, in each Quinquennial Age Group per 100,000 of Male, Female, and Total Population, respectively, of the Commonwealth, at the Censuses of 1881, 1891, 1901, and 1911",37,36,36,1,36,37,37,23,37,37,Ages,Australia,,0,same_page_as_previous_table_start,True
1911_census_volume_ii_part_i_ages,1911 Census - Volume II - Part I Ages.pdf,2112.0 - Volume II - Part I Ages,data\raw\abs_1911_census\1911 Census - Volume II - Part I Ages.pdf,104,23,"Increases in the Commonwealth in each Quinquennial Age Group, as shewn by the Adjusted Numbers for the Censuses of 1881, 1891, 1901, and 1911",38,37,38,2,37 | 38,38,39,24,37,39,Ages,Australia,,0,same_page_as_next_table_start,True
1911_census_volume_ii_part_i_ages,1911 Census - Volume II - Part I Ages.pdf,2112.0 - Volume II - Part I Ages,data\raw\abs_1911_census\1911 Census - Volume II - Part I Ages.pdf,104,24,"Number of Males recorded at each Age in the Metropolis of each State, at the Census of 3rd April, 1911",38,37,38,2,37 | 38,38,39,25,39,39,Ages,Metropolitan,,0,same_page_as_previous_table_start,True
1911_census_volume_ii_part_i_ages,1911 Census - Volume II - Part I Ages.pdf,2112.0 - Volume II - Part I Ages,data\raw\abs_1911_census\1911 Census - Volume II - Part I Ages.pdf,104,25,"Number of Females recorded at each Age in the Metropolis of each State, at the Census of 3rd April, 1911",40,39,39,1,39,40,40,26,40,40,Ages,Metropolitan,,0,,False
1911_census_volume_ii_part_i_ages,1911 Census - Volume II - Part I Ages.pdf,2112.0 - Volume II - Part I Ages,data\raw\abs_1911_census\1911 Census - Volume II - Part I Ages.pdf,104,26,"Number of Persons recorded at each Age in the Metropolis of each State, at the Census of 3rd April, 1911",41,40,42,3,40 | 41 | 42,41,43,27,43,43,Ages,Metropolitan,,0,,False
1911_census_volume_ii_part_i_ages,1911 Census - Volume II - Part I Ages.pdf,2112.0 - Volume II - Part I Ages,data\raw\abs_1911_census\1911 Census - Volume II - Part I Ages.pdf,104,27,"New South Wales.—Number of Males in Quinquennial Age Groups, as recorded in each County, at the Census of 3rd April, 1911",44,43,46,4,43 | 44 | 45 | 46,44,47,28,47,47,Ages,New South Wales,,0,,False
1911_census_volume_ii_part_i_ages,1911 Census - Volume II - Part I Ages.pdf,2112.0 - Volume II - Part I Ages,data\raw\abs_1911_census\1911 Census - Volume II - Part I Ages.pdf,104,28,"New South Wales.—Number of Females in Quinquennial Age Groups as recorded in each County, at the Census of 3rd April, 1911",48,47,50,4,47 | 48 | 49 | 50,48,51,29,51,51,Ages,New South Wales,,0,,False
1911_census_volume_ii_part_i_ages,1911 Census - Volume II - Part I Ages.pdf,2112.0 - Volume II - Part I Ages,data\raw\abs_1911_census\1911 Census - Volume II - Part I Ages.pdf,104,29,"New South Wales.—Number of Persons in Quinquennial Age Groups, as recorded in each County, at the Census of 3rd April, 1911",52,51,54,4,51 | 52 | 53 | 54,52,55,30,55,55,Ages,New South Wales,,0,,False
1911_census_volume_ii_part_i_ages,1911 Census - Volume II - Part I Ages.pdf,2112.0 - Volume II - Part I Ages,data\raw\abs_1911_census\1911 Census - Volume II - Part I Ages.pdf,104,30,"New South Wales.—Number of Children in Single Ages under 5 years last birthday, recorded in each County, at the Census of 3rd April, 1911",56,55,56,2,55 | 56,56,57,31,57,57,Ages,New South Wales,,0,,False
1911_census_volume_ii_part_i_ages,1911 Census - Volume II - Part I Ages.pdf,2112.0 - Volume II - Part I Ages,data\raw\abs_1911_census\1911 Census - Volume II - Part I Ages.pdf,104,31,"New South Wales.—Population of Commonwealth Electoral Divisions, as recorded at the Census of 3rd April, 1911",58,57,58,2,57 | 58,58,59,32,57,59,Ages,New South Wales,,0,same_page_as_next_table_start,True
1911_census_volume_ii_part_i_ages,1911 Census - Volume II - Part I Ages.pdf,2112.0 - Volume II - Part I Ages,data\raw\abs_1911_census\1911 Census - Volume II - Part I Ages.pdf,104,32,"New South Wales.—Population of State Electoral Districts, as recorded at the Census of 3rd April, 1911",58,57,58,2,57 | 58,58,59,33,59,59,Ages,New South Wales,,0,same_page_as_previous_table_start,True
1911_census_volume_ii_part_i_ages,1911 Census - Volume II - Part I Ages.pdf,2112.0 - Volume II - Part I Ages,data\raw\abs_1911_census\1911 Census - Volume II - Part I Ages.pdf,104,33,"Victoria.—Number of Males in Quinquennial Age Groups, as recorded in each County, at the Census of 3rd April, 1911",60,59,60,2,59 | 60,60,61,34,59,61,Ages,Victoria,,0,same_page_as_next_table_start,True
1911_census_volume_ii_part_i_ages,1911 Census - Volume II - Part I Ages.pdf,2112.0 - Volume II - Part I Ages,data\raw\abs_1911_census\1911 Census - Volume II - Part I Ages.pdf,104,34,"Victoria.—Number of Females in Quinquennial Age Groups, as recorded in each County, at the Census of 3rd April, 1911",60,59,60,2,59 | 60,60,61,35,61,61,Ages,Victoria,,0,same_page_as_previous_table_start,True
1911_census_volume_ii_part_i_ages,1911 Census - Volume II - Part I Ages.pdf,2112.0 - Volume II - Part I Ages,data\raw\abs_1911_census\1911 Census - Volume II - Part I Ages.pdf,104,35,"Victoria.—Number of Persons in Quinquennial Age Groups, as recorded in each County, at the Census of 3rd April, 1911",62,61,62,2,61 | 62,62,63,36,63,63,Ages,Victoria,,0,,False
1911_census_volume_ii_part_i_ages,1911 Census - Volume II - Part I Ages.pdf,2112.0 - Volume II - Part I Ages,data\raw\abs_1911_census\1911 Census - Volume II - Part I Ages.pdf,104,36,"Victoria.—Number of Children in Single Ages under 5 years last birthday recorded in each County, at the Census of 3rd April, 1911",64,63,63,1,63,64,64,37,64,64,Ages,Victoria,,0,,False
1911_census_volume_ii_part_i_ages,1911 Census - Volume II - Part I Ages.pdf,2112.0 - Volume II - Part I Ages,data\raw\abs_1911_census\1911 Census - Volume II - Part I Ages.pdf,104,37,"Victoria.—Population of Commonwealth Electoral Divisions, as recorded at the Census of 3rd April, 1911",65,64,64,1,64,65,65,38,64,65,Ages,Victoria,,0,same_page_as_next_table_start,True
1911_census_volume_ii_part_i_ages,1911 Census - Volume II - Part I Ages.pdf,2112.0 - Volume II - Part I Ages,data\raw\abs_1911_census\1911 Census - Volume II - Part I Ages.pdf,104,38,"Victoria.—Population of State Electoral Provinces, as recorded at the Census of 3rd April, 1911",65,64,64,1,64,65,65,39,65,65,Ages,Victoria,,0,same_page_as_previous_table_start,True
1911_census_volume_ii_part_i_ages,1911 Census - Volume II - Part I Ages.pdf,2112.0 - Volume II - Part I Ages,data\raw\abs_1911_census\1911 Census - Volume II - Part I Ages.pdf,104,39,"Victoria.—Population of State Electoral Districts, as recorded at the Census of 3rd April, 1911",66,65,65,1,65,66,66,40,66,66,Ages,Victoria,,0,,False
1911_census_volume_ii_part_i_ages,1911 Census - Volume II - Part I Ages.pdf,2112.0 - Volume II - Part I Ages,data\raw\abs_1911_census\1911 Census - Volume II - Part I Ages.pdf,104,40,"Queensland.—Number of Children in Single Ages under 5 years last birthday, recorded in each Census District, at the Census of 3rd April, 1911",67,66,66,1,66,67,67,41,67,67,Ages,Queensland,,0,,False
1911_census_volume_ii_part_i_ages,1911 Census - Volume II - Part I Ages.pdf,2112.0 - Volume II - Part I Ages,data\raw\abs_1911_census\1911 Census - Volume II - Part I Ages.pdf,104,41,"Queensland.—Number of Males in Quinquennial Age Groups, as recorded in each Census District, at the Census of 3rd April, 1911",68,67,68,2,67 | 68,68,69,42,69,69,Ages,Queensland,,0,,False
1911_census_volume_ii_part_i_ages,1911 Census - Volume II - Part I Ages.pdf,2112.0 - Volume II - Part I Ages,data\raw\abs_1911_census\1911 Census - Volume II - Part I Ages.pdf,104,42,"Queensland.—Number of Females in Quinquennial Age Groups, as recorded in each Census District, at the Census of 3rd April, 1911",70,69,70,2,69 | 70,70,71,43,71,71,Ages,Queensland,,0,,False
1911_census_volume_ii_part_i_ages,1911 Census - Volume II - Part I Ages.pdf,2112.0 - Volume II - Part I Ages,data\raw\abs_1911_census\1911 Census - Volume II - Part I Ages.pdf,104,43,"Queensland.—Number of Persons in Quinquennial Age Groups, as recorded in each Census District, at the Census of 3rd April, 1911",72,71,72,2,71 | 72,72,73,44,73,73,Ages,Queensland,,0,,False
1911_census_volume_ii_part_i_ages,1911 Census - Volume II - Part I Ages.pdf,2112.0 - Volume II - Part I Ages,data\raw\abs_1911_census\1911 Census - Volume II - Part I Ages.pdf,104,44,"Queensland.—Population of Commonwealth Electoral Divisions, as recorded at the Census of 3rd April, 1911",74,73,74,2,73 | 74,74,75,45,73,75,Ages,Queensland,,0,same_page_as_next_table_start,True
1911_census_volume_ii_part_i_ages,1911 Census - Volume II - Part I Ages.pdf,2112.0 - Volume II - Part I Ages,data\raw\abs_1911_census\1911 Census - Volume II - Part I Ages.pdf,104,45,"Queensland.—Population of State Electoral Districts, as recorded at the Census of 3rd April, 1911",74,73,74,2,73 | 74,74,75,46,75,75,Ages,Queensland,,0,same_page_as_previous_table_start,True
1911_census_volume_ii_part_i_ages,1911 Census - Volume II - Part I Ages.pdf,2112.0 - Volume II - Part I Ages,data\raw\abs_1911_census\1911 Census - Volume II - Part I Ages.pdf,104,46,"South Australia.—Number of Males in Quinquennial Age Groups, as recorded in each County, at the Census of 3rd April, 1911",76,75,76,2,75 | 76,76,77,47,77,77,Ages,South Australia,,0,,False
1911_census_volume_ii_part_i_ages,1911 Census - Volume II - Part I Ages.pdf,2112.0 - Volume II - Part I Ages,data\raw\abs_1911_census\1911 Census - Volume II - Part I Ages.pdf,104,47,"South Australia.—Number of Females in Quinquennial Age Groups, as recorded in each County, at the Census of 3rd April, 1911",78,77,78,2,77 | 78,78,79,48,79,79,Ages,South Australia,,0,,False
1911_census_volume_ii_part_i_ages,1911 Census - Volume II - Part I Ages.pdf,2112.0 - Volume II - Part I Ages,data\raw\abs_1911_census\1911 Census - Volume II - Part I Ages.pdf,104,48,"South Australia.—Number of Persons in Quinquennial Age Groups, as recorded in each County, at the Census of 3rd April, 1911",80,79,80,2,79 | 80,80,81,49,81,81,Ages,South Australia,,0,,False
1911_census_volume_ii_part_i_ages,1911 Census - Volume II - Part I Ages.pdf,2112.0 - Volume II - Part I Ages,data\raw\abs_1911_census\1911 Census - Volume II - Part I Ages.pdf,104,49,"South Australia.—Number of Children in Single Ages under 5 years last birthday, recorded in each County and Division, at the Census of 3rd April, 1911",82,81,81,1,81,82,82,50,82,82,Ages,South Australia,,0,,False
1911_census_volume_ii_part_i_ages,1911 Census - Volume II - Part I Ages.pdf,2112.0 - Volume II - Part I Ages,data\raw\abs_1911_census\1911 Census - Volume II - Part I Ages.pdf,104,50,"South Australia.—Population of Commonwealth Electoral Divisions, as recorded at the Census of 3rd April, 1911",83,82,82,1,82,83,83,51,82,83,Ages,South Australia,,0,same_page_as_next_table_start,True
1911_census_volume_ii_part_i_ages,1911 Census - Volume II - Part I Ages.pdf,2112.0 - Volume II - Part I Ages,data\raw\abs_1911_census\1911 Census - Volume II - Part I Ages.pdf,104,51,"South Australia.—Population of Council Electoral Districts, as recorded at the Census of 3rd April, 1911",83,82,82,1,82,83,83,52,82,83,Ages,South Australia,,0,same_page_as_next_table_start | same_page_as_previous_table_start,True
1911_census_volume_ii_part_i_ages,1911 Census - Volume II - Part I Ages.pdf,2112.0 - Volume II - Part I Ages,data\raw\abs_1911_census\1911 Census - Volume II - Part I Ages.pdf,104,52,"South Australia.—Population of Assembly Electoral Districts, as recorded at the Census of 3rd April, 1911",83,82,82,1,82,83,83,53,83,83,Ages,South Australia,,0,same_page_as_previous_table_start,True
1911_census_volume_ii_part_i_ages,1911 Census - Volume II - Part I Ages.pdf,2112.0 - Volume II - Part I Ages,data\raw\abs_1911_census\1911 Census - Volume II - Part I Ages.pdf,104,53,"Western Australia.—Number of Males in Quinquennial Age Groups, as recorded in each Statistical District, at the Census of 3rd April, 1911",84,83,84,2,83 | 84,84,85,54,83,85,Ages,Western Australia,,0,same_page_as_next_table_start,True
1911_census_volume_ii_part_i_ages,1911 Census - Volume II - Part I Ages.pdf,2112.0 - Volume II - Part I Ages,data\raw\abs_1911_census\1911 Census - Volume II - Part I Ages.pdf,104,54,"Western Australia.—Number of Females in Quinquennial Age Groups, as recorded in each Statistical District, at the Census of 3rd April, 1911",84,83,84,2,83 | 84,84,85,55,85,85,Ages,Western Australia,,0,same_page_as_previous_table_start,True
1911_census_volume_ii_part_i_ages,1911 Census - Volume II - Part I Ages.pdf,2112.0 - Volume II - Part I Ages,data\raw\abs_1911_census\1911 Census - Volume II - Part I Ages.pdf,104,55,"Western Australia.—Number of Persons in Quinquennial Age Groups, as recorded in each Statistical District, at the Census of 3rd April, 1911",86,85,86,2,85 | 86,86,87,56,87,87,Ages,Western Australia,,0,,False
1911_census_volume_ii_part_i_ages,1911 Census - Volume II - Part I Ages.pdf,2112.0 - Volume II - Part I Ages,data\raw\abs_1911_census\1911 Census - Volume II - Part I Ages.pdf,104,56,"Western Australia.—Number of Children in Single Ages under 5 years last birthday, recorded in each Statistical District, at the Census of 3rd April, 1911",88,87,87,1,87,88,88,57,87,88,Ages,Western Australia,,0,same_page_as_next_table_start,True
1911_census_volume_ii_part_i_ages,1911 Census - Volume II - Part I Ages.pdf,2112.0 - Volume II - Part I Ages,data\raw\abs_1911_census\1911 Census - Volume II - Part I Ages.pdf,104,57,"Western Australia.—Population of Commonwealth Electoral Divisions, as recorded at the Census of 3rd April, 1911",88,87,87,1,87,88,88,58,87,88,Ages,Western Australia,,0,same_page_as_next_table_start | same_page_as_previous_table_start,True
1911_census_volume_ii_part_i_ages,1911 Census - Volume II - Part I Ages.pdf,2112.0 - Volume II - Part I Ages,data\raw\abs_1911_census\1911 Census - Volume II - Part I Ages.pdf,104,58,"Western Australia.—Population of State Electoral Provinces, as recorded at the Census of 3rd April, 1911",88,87,87,1,87,88,88,59,88,88,Ages,Western Australia,,0,same_page_as_previous_table_start,True
1911_census_volume_ii_part_i_ages,1911 Census - Volume II - Part I Ages.pdf,2112.0 - Volume II - Part I Ages,data\raw\abs_1911_census\1911 Census - Volume II - Part I Ages.pdf,104,59,"Western Australia.—Population of State Electoral Districts, as recorded at the Census of 3rd April, 1911",89,88,88,1,88,89,89,60,89,89,Ages,Western Australia,,0,,False
1911_census_volume_ii_part_i_ages,1911 Census - Volume II - Part I Ages.pdf,2112.0 - Volume II - Part I Ages,data\raw\abs_1911_census\1911 Census - Volume II - Part I Ages.pdf,104,60,"Tasmania.—Number of Males in Quinquennial Age Groups, as recorded in each Municipality, at the Census of 3rd April, 1911",90,89,90,2,89 | 90,90,91,61,91,91,Ages,Tasmania,,0,,False
1911_census_volume_ii_part_i_ages,1911 Census - Volume II - Part I Ages.pdf,2112.0 - Volume II - Part I Ages,data\raw\abs_1911_census\1911 Census - Volume II - Part I Ages.pdf,104,61,"Tasmania.—Number of Females in Quinquennial Age Groups, as recorded in each Municipality, at the Census of 3rd April, 1911",92,91,92,2,91 | 92,92,93,62,93,93,Ages,Tasmania,,0,,False
1911_census_volume_ii_part_i_ages,1911 Census - Volume II - Part I Ages.pdf,2112.0 - Volume II - Part I Ages,data\raw\abs_1911_census\1911 Census - Volume II - Part I Ages.pdf,104,62,"Tasmania.—Number of Persons in Quinquennial Age Groups, as recorded in each Municipality, at the Census of 3rd April, 1911",94,93,94,2,93 | 94,94,95,63,95,95,Ages,Tasmania,,0,,False
1911_census_volume_ii_part_i_ages,1911 Census - Volume II - Part I Ages.pdf,2112.0 - Volume II - Part I Ages,data\raw\abs_1911_census\1911 Census - Volume II - Part I Ages.pdf,104,63,"Tasmania.—Number of Children in Single Ages under 5 years last Birthday, recorded in each Municipality, at the Census of 3rd April, 1911",96,95,95,1,95,96,96,64,95,96,Ages,Tasmania,,0,same_page_as_next_table_start,True
1911_census_volume_ii_part_i_ages,1911 Census - Volume II - Part I Ages.pdf,2112.0 - Volume II - Part I Ages,data\raw\abs_1911_census\1911 Census - Volume II - Part I Ages.pdf,104,64,"Tasmania.—Population of Commonwealth Electoral Divisions, as recorded at the Census of 3rd April, 1911",96,95,95,1,95,96,96,65,96,96,Ages,Tasmania,,0,same_page_as_previous_table_start,True
1911_census_volume_ii_part_i_ages,1911 Census - Volume II - Part I Ages.pdf,2112.0 - Volume II - Part I Ages,data\raw\abs_1911_census\1911 Census - Volume II - Part I Ages.pdf,104,65,"Tasmania.—Population of State Electoral Provinces, as recorded at the Census of 3rd April, 1911",97,96,96,1,96,97,97,66,96,97,Ages,Tasmania,,0,same_page_as_next_table_start,True
1911_census_volume_ii_part_i_ages,1911 Census - Volume II - Part I Ages.pdf,2112.0 - Volume II - Part I Ages,data\raw\abs_1911_census\1911 Census - Volume II - Part I Ages.pdf,104,66,"Northern Territory.—Population in Quinquennial Age Groups, as recorded in each County, at the Census of 3rd April, 1911",97,96,96,1,96,97,97,67,97,97,Ages,Northern Territory,,0,same_page_as_previous_table_start,True
1911_census_volume_ii_part_i_ages,1911 Census - Volume II - Part I Ages.pdf,2112.0 - Volume II - Part I Ages,data\raw\abs_1911_census\1911 Census - Volume II - Part I Ages.pdf,104,67,"Northern Territory.—Number of Children in Single Ages under 5 years last birthday, recorded in each County, at the Census of 3rd April, 1911",98,97,97,1,97,98,98,68,97,98,Ages,Northern Territory,,0,same_page_as_next_table_start,True
1911_census_volume_ii_part_i_ages,1911 Census - Volume II - Part I Ages.pdf,2112.0 - Volume II - Part I Ages,data\raw\abs_1911_census\1911 Census - Volume II - Part I Ages.pdf,104,68,"Federal Capital Territory.—Population in Quinquennial Age Groups, as recorded in each County, at the Census of 3rd April, 1911",98,97,97,1,97,98,98,69,97,98,Ages,Federal Capital Territory,,0,same_page_as_next_table_start | same_page_as_previous_table_start,True
1911_census_volume_ii_part_i_ages,1911 Census - Volume II - Part I Ages.pdf,2112.0 - Volume II - Part I Ages,data\raw\abs_1911_census\1911 Census - Volume II - Part I Ages.pdf,104,69,"Federal Capital Territory.—Number of Children in Single Ages under 5 years last birthday, recorded in each County, at the Census of 3rd April, 1911",98,97,97,1,97,98,98,70,98,98,Ages,Federal Capital Territory,,0,same_page_as_previous_table_start,True
1911_census_volume_ii_part_i_ages,1911 Census - Volume II - Part I Ages.pdf,2112.0 - Volume II - Part I Ages,data\raw\abs_1911_census\1911 Census - Volume II - Part I Ages.pdf,104,70,"Number of Full-blooded Aboriginal Males recorded at each Age in each State and Territory of the Commonwealth, at the Census of 3rd April, 1911",99,98,98,1,98,99,99,71,99,99,Aboriginal Population,Australia,,0,,False
1911_census_volume_ii_part_i_ages,1911 Census - Volume II - Part I Ages.pdf,2112.0 - Volume II - Part I Ages,data\raw\abs_1911_census\1911 Census - Volume II - Part I Ages.pdf,104,71,"Number of Full-blooded Aboriginal Females recorded at each Age in each State and Territory of the Commonwealth, at the Census of 3rd April, 1911",100,99,100,2,99 | 100,100,101,72,101,101,Aboriginal Population,Australia,,0,,False
1911_census_volume_ii_part_i_ages,1911 Census - Volume II - Part I Ages.pdf,2112.0 - Volume II - Part I Ages,data\raw\abs_1911_census\1911 Census - Volume II - Part I Ages.pdf,104,72,"Number of Full-blooded Aboriginal Persons, recorded at each Age in each State and Territory of the Commonwealth, at the Census of 3rd April, 1911",102,101,103,3,101 | 102 | 103,102,104,,,,Aboriginal Population,Australia,,0,final_table_in_document,False
1911_census_volume_ii_part_ii_birthplaces,1911 Census - Volume II - Part II Birthplaces.pdf,2112.0 - Volume II - Part II Birthplaces,data\raw\abs_1911_census\1911 Census - Volume II - Part II Birthplaces.pdf,282,1,"Male Population of the States and Territories of the Commonwealth, at the Census of 3rd April, 1911, classified according to Birthplace",109,4,6,3,4 | 5 | 6,5,7,2,7,7,Birthplaces,Australia,Part II Birthplaces,0,,False
1911_census_volume_ii_part_ii_birthplaces,1911 Census - Volume II - Part II Birthplaces.pdf,2112.0 - Volume II - Part II Birthplaces,data\raw\abs_1911_census\1911 Census - Volume II - Part II Birthplaces.pdf,282,2,"Female Population of the States and Territories of the Commonwealth, at the Census of 3rd April, 1911, classified according to Birthplace",112,7,9,3,7 | 8 | 9,8,10,3,10,10,Birthplaces,Australia,Part II Birthplaces,0,,False
1911_census_volume_ii_part_ii_birthplaces,1911 Census - Volume II - Part II Birthplaces.pdf,2112.0 - Volume II - Part II Birthplaces,data\raw\abs_1911_census\1911 Census - Volume II - Part II Birthplaces.pdf,282,3,"Total Population of the States and Territories of the Commonwealth, at the Census of 3rd April, 1911, classified according to Birthplace",115,10,13,4,10 | 11 | 12 | 13,11,14,4,14,14,Birthplaces,Australia,Part II Birthplaces,0,,False
1911_census_volume_ii_part_ii_birthplaces,1911 Census - Volume II - Part II Birthplaces.pdf,2112.0 - Volume II - Part II Birthplaces,data\raw\abs_1911_census\1911 Census - Volume II - Part II Birthplaces.pdf,282,4,"Male Population of the States and Northern Territory of the Commonwealth, at the Census of 31st March, 1901, classified according to Birthplace",119,14,15,2,14 | 15,15,16,5,16,16,Birthplaces,Australia,Part II Birthplaces,0,,False
1911_census_volume_ii_part_ii_birthplaces,1911 Census - Volume II - Part II Birthplaces.pdf,2112.0 - Volume II - Part II Birthplaces,data\raw\abs_1911_census\1911 Census - Volume II - Part II Birthplaces.pdf,282,5,"Female Population of the States and Northern Territory of the Commonwealth, at the Census of 31st March, 1901, classified according to Birthplace",121,16,16,1,16,17,17,6,17,17,Birthplaces,Australia,Part II Birthplaces,0,,False
1911_census_volume_ii_part_ii_birthplaces,1911 Census - Volume II - Part II Birthplaces.pdf,2112.0 - Volume II - Part II Birthplaces,data\raw\abs_1911_census\1911 Census - Volume II - Part II Birthplaces.pdf,282,6,"Total Population of the States and Northern Territory of the Commonwealth, at the Census of 31st March, 1901, classified according to Birthplace",122,17,18,2,17 | 18,18,19,7,19,19,Birthplaces,Australia,Part II Birthplaces,0,,False
1911_census_volume_ii_part_ii_birthplaces,1911 Census - Volume II - Part II Birthplaces.pdf,2112.0 - Volume II - Part II Birthplaces,data\raw\abs_1911_census\1911 Census - Volume II - Part II Birthplaces.pdf,282,7,"Male Population of the States and Northern Territory of the Commonwealth, at the Census of 5th April, 1891, classified according to Birthplace",124,19,19,1,19,20,20,8,20,20,Birthplaces,Australia,Part II Birthplaces,0,,False
1911_census_volume_ii_part_ii_birthplaces,1911 Census - Volume II - Part II Birthplaces.pdf,2112.0 - Volume II - Part II Birthplaces,data\raw\abs_1911_census\1911 Census - Volume II - Part II Birthplaces.pdf,282,8,"Female Population of the States and Northern Territory of the Commonwealth, at the Census of 5th April, 1891, classified according to Birthplace",125,20,21,2,20 | 21,21,22,9,22,22,Birthplaces,Australia,Part II Birthplaces,0,,False
1911_census_volume_ii_part_ii_birthplaces,1911 Census - Volume II - Part II Birthplaces.pdf,2112.0 - Volume II - Part II Birthplaces,data\raw\abs_1911_census\1911 Census - Volume II - Part II Birthplaces.pdf,282,9,"Total Population of the States and Northern Territory of the Commonwealth, at the Census of 5th April, 1891, classified according to Birthplace",127,22,22,1,22,23,23,10,23,23,Birthplaces,Australia,Part II Birthplaces,0,,False
1911_census_volume_ii_part_ii_birthplaces,1911 Census - Volume II - Part II Birthplaces.pdf,2112.0 - Volume II - Part II Birthplaces,data\raw\abs_1911_census\1911 Census - Volume II - Part II Birthplaces.pdf,282,10,"Comparative Statement of the Population of the Commonwealth, at the Censuses of 1891, 1901, and 1911, classified according to Birthplace",128,23,24,2,23 | 24,24,25,11,25,25,Birthplaces,Australia,Part II Birthplaces,0,,False
1911_census_volume_ii_part_ii_birthplaces,1911 Census - Volume II - Part II Birthplaces.pdf,2112.0 - Volume II - Part II Birthplaces,data\raw\abs_1911_census\1911 Census - Volume II - Part II Birthplaces.pdf,282,11,"Male Population of the Commonwealth, at the Census of 3rd April, 1911, classified according to Birthplace and Age",130,25,26,2,25 | 26,26,27,12,27,27,Birthplaces,Australia,Part II Birthplaces,0,,False
1911_census_volume_ii_part_ii_birthplaces,1911 Census - Volume II - Part II Birthplaces.pdf,2112.0 - Volume II - Part II Birthplaces,data\raw\abs_1911_census\1911 Census - Volume II - Part II Birthplaces.pdf,282,12,"Female Population of the Commonwealth, at the Census of 3rd April, 1911, classified according to Birthplace and Age",132,27,28,2,27 | 28,28,29,13,29,29,Birthplaces,Australia,Part II Birthplaces,0,,False
1911_census_volume_ii_part_ii_birthplaces,1911 Census - Volume II - Part II Birthplaces.pdf,2112.0 - Volume II - Part II Birthplaces,data\raw\abs_1911_census\1911 Census - Volume II - Part II Birthplaces.pdf,282,13,"Total Population of the Commonwealth, at the Census of 3rd April, 1911, classified according to Birthplace and Age",134,29,30,2,29 | 30,30,31,14,31,31,Birthplaces,Australia,Part II Birthplaces,0,,False
1911_census_volume_ii_part_ii_birthplaces,1911 Census - Volume II - Part II Birthplaces.pdf,2112.0 - Volume II - Part II Birthplaces,data\raw\abs_1911_census\1911 Census - Volume II - Part II Birthplaces.pdf,282,14,"Male Population of the State of New South Wales, at the Census of 3rd April, 1911, classified according to Birthplace and Age",136,31,32,2,31 | 32,32,33,15,33,33,Birthplaces,New South Wales,Part II Birthplaces,0,,False
1911_census_volume_ii_part_ii_birthplaces,1911 Census - Volume II - Part II Birthplaces.pdf,2112.0 - Volume II - Part II Birthplaces,data\raw\abs_1911_census\1911 Census - Volume II - Part II Birthplaces.pdf,282,15,"Female Population of the State of New South Wales, at the Census of 3rd April, 1911, classified according to Birthplace and Age",138,33,34,2,33 | 34,34,35,16,35,35,Birthplaces,New South Wales,Part II Birthplaces,0,,False
1911_census_volume_ii_part_ii_birthplaces,1911 Census - Volume II - Part II Birthplaces.pdf,2112.0 - Volume II - Part II Birthplaces,data\raw\abs_1911_census\1911 Census - Volume II - Part II Birthplaces.pdf,282,16,"Total Population of the State of New South Wales, at the Census of 3rd April, 1911, classified according to Birthplace and Age",140,35,36,2,35 | 36,36,37,17,37,37,Birthplaces,New South Wales,Part II Birthplaces,0,,False
1911_census_volume_ii_part_ii_birthplaces,1911 Census - Volume II - Part II Birthplaces.pdf,2112.0 - Volume II - Part II Birthplaces,data\raw\abs_1911_census\1911 Census - Volume II - Part II Birthplaces.pdf,282,17,"Male Population of the State of Victoria, at the Census of 3rd April, 1911, classified according to Birthplace and Age",142,37,38,2,37 | 38,38,39,18,39,39,Birthplaces,Victoria,Part II Birthplaces,0,,False
1911_census_volume_ii_part_ii_birthplaces,1911 Census - Volume II - Part II Birthplaces.pdf,2112.0 - Volume II - Part II Birthplaces,data\raw\abs_1911_census\1911 Census - Volume II - Part II Birthplaces.pdf,282,18,"Female Population of the State of Victoria, at the Census of 3rd April, 1911, classified according to Birthplace and Age",144,39,40,2,39 | 40,40,41,19,41,41,Birthplaces,Victoria,Part II Birthplaces,0,,False
1911_census_volume_ii_part_ii_birthplaces,1911 Census - Volume II - Part II Birthplaces.pdf,2112.0 - Volume II - Part II Birthplaces,data\raw\abs_1911_census\1911 Census - Volume II - Part II Birthplaces.pdf,282,19,"Total Population of the State of Victoria, at the Census of 3rd April, 1911, classified according to Birthplace and Age",146,41,42,2,41 | 42,42,43,20,43,43,Birthplaces,Victoria,Part II Birthplaces,0,,False
1911_census_volume_ii_part_ii_birthplaces,1911 Census - Volume II - Part II Birthplaces.pdf,2112.0 - Volume II - Part II Birthplaces,data\raw\abs_1911_census\1911 Census - Volume II - Part II Birthplaces.pdf,282,20,"Male Population of the State of Queensland, at the Census of 3rd April, 1911, classified according to Birthplace and Age",148,43,44,2,43 | 44,44,45,21,45,45,Birthplaces,Queensland,Part II Birthplaces,0,,False
1911_census_volume_ii_part_ii_birthplaces,1911 Census - Volume II - Part II Birthplaces.pdf,2112.0 - Volume II - Part II Birthplaces,data\raw\abs_1911_census\1911 Census - Volume II - Part II Birthplaces.pdf,282,21,"Female Population of the State of Queensland, at the Census of 3rd April, 1911, classified according to Birthplace and Age",150,45,46,2,45 | 46,46,47,22,47,47,Birthplaces,Queensland,Part II Birthplaces,0,,False
1911_census_volume_ii_part_ii_birthplaces,1911 Census - Volume II - Part II Birthplaces.pdf,2112.0 - Volume II - Part II Birthplaces,data\raw\abs_1911_census\1911 Census - Volume II - Part II Birthplaces.pdf,282,22,"Total Population of the State of Queensland, at the Census of 3rd April, 1911, classified according to Birthplace and Age",152,47,48,2,47 | 48,48,49,23,49,49,Birthplaces,Queensland,Part II Birthplaces,0,,False
1911_census_volume_ii_part_ii_birthplaces,1911 Census - Volume II - Part II Birthplaces.pdf,2112.0 - Volume II - Part II Birthplaces,data\raw\abs_1911_census\1911 Census - Volume II - Part II Birthplaces.pdf,282,23,"Male Population of the State of South Australia, at the Census of 3rd April, 1911, classified according to Birthplace and Age",154,49,50,2,49 | 50,50,51,24,51,51,Birthplaces,South Australia,Part II Birthplaces,0,,False
1911_census_volume_ii_part_ii_birthplaces,1911 Census - Volume II - Part II Birthplaces.pdf,2112.0 - Volume II - Part II Birthplaces,data\raw\abs_1911_census\1911 Census - Volume II - Part II Birthplaces.pdf,282,24,"Female Population of the State of South Australia, at the Census of 3rd April, 1911, classified according to Birthplace and Age",156,51,52,2,51 | 52,52,53,25,53,53,Birthplaces,South Australia,Part II Birthplaces,0,,False
1911_census_volume_ii_part_ii_birthplaces,1911 Census - Volume II - Part II Birthplaces.pdf,2112.0 - Volume II - Part II Birthplaces,data\raw\abs_1911_census\1911 Census - Volume II - Part II Birthplaces.pdf,282,25,"Total Population of the State of South Australia, at the Census of 3rd April, 1911, classified according to Birthplace and Age",158,53,54,2,53 | 54,54,55,26,55,55,Birthplaces,South Australia,Part II Birthplaces,0,,False
1911_census_volume_ii_part_ii_birthplaces,1911 Census - Volume II - Part II Birthplaces.pdf,2112.0 - Volume II - Part II Birthplaces,data\raw\abs_1911_census\1911 Census - Volume II - Part II Birthplaces.pdf,282,26,"Male Population of the State of Western Australia, at the Census of 3rd April, 1911, classified according to Birthplace and Age",160,55,56,2,55 | 56,56,57,27,57,57,Birthplaces,Western Australia,Part II Birthplaces,0,,False
1911_census_volume_ii_part_ii_birthplaces,1911 Census - Volume II - Part II Birthplaces.pdf,2112.0 - Volume II - Part II Birthplaces,data\raw\abs_1911_census\1911 Census - Volume II - Part II Birthplaces.pdf,282,27,"Female Population of the State of Western Australia, at the Census of 3rd April, 1911, classified according to Birthplace and Age",162,57,58,2,57 | 58,58,59,28,59,59,Birthplaces,Western Australia,Part II Birthplaces,0,,False
1911_census_volume_ii_part_ii_birthplaces,1911 Census - Volume II - Part II Birthplaces.pdf,2112.0 - Volume II - Part II Birthplaces,data\raw\abs_1911_census\1911 Census - Volume II - Part II Birthplaces.pdf,282,28,"Total Population of the State of Western Australia, at the Census of 3rd April, 1911, classified according to Birthplace and Age",164,59,60,2,59 | 60,60,61,29,61,61,Birthplaces,Western Australia,Part II Birthplaces,0,,False
1911_census_volume_ii_part_ii_birthplaces,1911 Census - Volume II - Part II Birthplaces.pdf,2112.0 - Volume II - Part II Birthplaces,data\raw\abs_1911_census\1911 Census - Volume II - Part II Birthplaces.pdf,282,29,"Male Population of the State of Tasmania, at the Census of 3rd April, 1911, classified according to Birthplace and Age",166,61,62,2,61 | 62,62,63,30,63,63,Birthplaces,Tasmania,Part II Birthplaces,0,,False
1911_census_volume_ii_part_ii_birthplaces,1911 Census - Volume II - Part II Birthplaces.pdf,2112.0 - Volume II - Part II Birthplaces,data\raw\abs_1911_census\1911 Census - Volume II - Part II Birthplaces.pdf,282,30,"Female Population of the State of Tasmania, at the Census of 3rd April, 1911, classified according to Birthplace and Age",168,63,64,2,63 | 64,64,65,31,65,65,Birthplaces,Tasmania,Part II Birthplaces,0,,False
1911_census_volume_ii_part_ii_birthplaces,1911 Census - Volume II - Part II Birthplaces.pdf,2112.0 - Volume II - Part II Birthplaces,data\raw\abs_1911_census\1911 Census - Volume II - Part II Birthplaces.pdf,282,31,"Total Population of the State of Tasmania, at the Census of 3rd April, 1911, classified according to Birthplace and Age",170,65,66,2,65 | 66,66,67,32,67,67,Birthplaces,Tasmania,Part II Birthplaces,0,,False
1911_census_volume_ii_part_ii_birthplaces,1911 Census - Volume II - Part II Birthplaces.pdf,2112.0 - Volume II - Part II Birthplaces,data\raw\abs_1911_census\1911 Census - Volume II - Part II Birthplaces.pdf,282,32,"Male Population of the Northern Territory, at the Census of 3rd April, 1911, classified according to Birthplace and Age",172,67,68,2,67 | 68,68,69,33,69,69,Birthplaces,Northern Territory,Part II Birthplaces,0,,False
1911_census_volume_ii_part_ii_birthplaces,1911 Census - Volume II - Part II Birthplaces.pdf,2112.0 - Volume II - Part II Birthplaces,data\raw\abs_1911_census\1911 Census - Volume II - Part II Birthplaces.pdf,282,33,"Female Population of the Northern Territory, at the Census of 3rd April, 1911, classified according to Birthplace and Age",174,69,70,2,69 | 70,70,71,34,71,71,Birthplaces,Northern Territory,Part II Birthplaces,0,,False
1911_census_volume_ii_part_ii_birthplaces,1911 Census - Volume II - Part II Birthplaces.pdf,2112.0 - Volume II - Part II Birthplaces,data\raw\abs_1911_census\1911 Census - Volume II - Part II Birthplaces.pdf,282,34,"Total Population of the Northern Territory, at the Census of 3rd April, 1911, classified according to Birthplace and Age",176,71,72,2,71 | 72,72,73,35,73,73,Birthplaces,Northern Territory,Part II Birthplaces,0,,False
1911_census_volume_ii_part_ii_birthplaces,1911 Census - Volume II - Part II Birthplaces.pdf,2112.0 - Volume II - Part II Birthplaces,data\raw\abs_1911_census\1911 Census - Volume II - Part II Birthplaces.pdf,282,35,"Male Population of the Federal Capital Territory, at the Census of 3rd April, 1911, classified according to Birthplace and Age",178,73,74,2,73 | 74,74,75,36,75,75,Birthplaces,Federal Capital Territory,Part II Birthplaces,0,,False
1911_census_volume_ii_part_ii_birthplaces,1911 Census - Volume II - Part II Birthplaces.pdf,2112.0 - Volume II - Part II Birthplaces,data\raw\abs_1911_census\1911 Census - Volume II - Part II Birthplaces.pdf,282,36,"Female Population of the Federal Capital Territory, at the Census of 3rd April, 1911, classified according to Birthplace and Age",180,75,76,2,75 | 76,76,77,37,77,77,Birthplaces,Federal Capital Territory,Part II Birthplaces,0,,False
1911_census_volume_ii_part_ii_birthplaces,1911 Census - Volume II - Part II Birthplaces.pdf,2112.0 - Volume II - Part II Birthplaces,data\raw\abs_1911_census\1911 Census - Volume II - Part II Birthplaces.pdf,282,37,"Total Population of the Federal Capital Territory, at the Census of 3rd April, 1911, classified according to Birthplace and Age",182,77,78,2,77 | 78,78,79,38,79,79,Birthplaces,Federal Capital Territory,Part II Birthplaces,0,,False
1911_census_volume_ii_part_ii_birthplaces,1911 Census - Volume II - Part II Birthplaces.pdf,2112.0 - Volume II - Part II Birthplaces,data\raw\abs_1911_census\1911 Census - Volume II - Part II Birthplaces.pdf,282,38,"Male Population of the Commonwealth, at the Census of 3rd April, 1911, classified according to Birthplace, Nationality, Length of Residence, Education, and Conjugal Condition",184,79,80,2,79 | 80,80,81,39,81,81,Birthplaces,Australia,Part II Birthplaces,0,,False
1911_census_volume_ii_part_ii_birthplaces,1911 Census - Volume II - Part II Birthplaces.pdf,2112.0 - Volume II - Part II Birthplaces,data\raw\abs_1911_census\1911 Census - Volume II - Part II Birthplaces.pdf,282,39,"Female Population of the Commonwealth, at the Census of 3rd April, 1911, classified according to Birthplace, Nationality, Length of Residence, Education, and Conjugal Condition",186,81,82,2,81 | 82,82,83,40,83,83,Birthplaces,Australia,Part II Birthplaces,0,,False
1911_census_volume_ii_part_ii_birthplaces,1911 Census - Volume II - Part II Birthplaces.pdf,2112.0 - Volume II - Part II Birthplaces,data\raw\abs_1911_census\1911 Census - Volume II - Part II Birthplaces.pdf,282,40,"Total Population of the Commonwealth, at the Census of 3rd April, 1911, classified according to Birthplace, Nationality, Length of Residence, Education, and Conjugal Condition",188,83,84,2,83 | 84,84,85,41,85,85,Birthplaces,Australia,Part II Birthplaces,0,,False
1911_census_volume_ii_part_ii_birthplaces,1911 Census - Volume II - Part II Birthplaces.pdf,2112.0 - Volume II - Part II Birthplaces,data\raw\abs_1911_census\1911 Census - Volume II - Part II Birthplaces.pdf,282,41,"Male Population of the State of New South Wales, at the Census of 3rd April, 1911, classified according to Birthplace, Nationality, Length of Residence, Education, and Conjugal Condition",190,85,86,2,85 | 86,86,87,42,87,87,Birthplaces,New South Wales,Part II Birthplaces,0,,False
1911_census_volume_ii_part_ii_birthplaces,1911 Census - Volume II - Part II Birthplaces.pdf,2112.0 - Volume II - Part II Birthplaces,data\raw\abs_1911_census\1911 Census - Volume II - Part II Birthplaces.pdf,282,42,"Female Population of the State of New South Wales, at the Census of 3rd April, 1911, classified according to Birthplace, Nationality, Length of Residence, Education, and Conjugal Condition",192,87,88,2,87 | 88,88,89,43,89,89,Birthplaces,New South Wales,Part II Birthplaces,0,,False
1911_census_volume_ii_part_ii_birthplaces,1911 Census - Volume II - Part II Birthplaces.pdf,2112.0 - Volume II - Part II Birthplaces,data\raw\abs_1911_census\1911 Census - Volume II - Part II Birthplaces.pdf,282,43,"Total Population of the State of New South Wales, at the Census of 3rd April, 1911, classified according to Birthplace, Nationality, Length of Residence, Education, and Conjugal Condition",194,89,90,2,89 | 90,90,91,44,91,91,Birthplaces,New South Wales,Part II Birthplaces,0,,False
1911_census_volume_ii_part_ii_birthplaces,1911 Census - Volume II - Part II Birthplaces.pdf,2112.0 - Volume II - Part II Birthplaces,data\raw\abs_1911_census\1911 Census - Volume II - Part II Birthplaces.pdf,282,44,"Male Population of the State of Victoria, at the Census of 3rd April, 1911, classified according to Birthplace, Nationality, Length of Residence, Education, and Conjugal Condition",196,91,92,2,91 | 92,92,93,45,93,93,Birthplaces,Victoria,Part II Birthplaces,0,,False
1911_census_volume_ii_part_ii_birthplaces,1911 Census - Volume II - Part II Birthplaces.pdf,2112.0 - Volume II - Part II Birthplaces,data\raw\abs_1911_census\1911 Census - Volume II - Part II Birthplaces.pdf,282,45,"Female Population of the State of Victoria, at the Census of 3rd April, 1911, classified according to Birthplace, Nationality, Length of Residence, Education, and Conjugal Condition",198,93,94,2,93 | 94,94,95,46,95,95,Birthplaces,Victoria,Part II Birthplaces,0,,False
1911_census_volume_ii_part_ii_birthplaces,1911 Census - Volume II - Part II Birthplaces.pdf,2112.0 - Volume II - Part II Birthplaces,data\raw\abs_1911_census\1911 Census - Volume II - Part II Birthplaces.pdf,282,46,"Total Population of the State of Victoria, at the Census of 3rd April, 1911, classified according to Birthplace, Nationality, Length of Residence, Education, and Conjugal Condition",200,95,96,2,95 | 96,96,97,47,97,97,Birthplaces,Victoria,Part II Birthplaces,0,,False
1911_census_volume_ii_part_ii_birthplaces,1911 Census - Volume II - Part II Birthplaces.pdf,2112.0 - Volume II - Part II Birthplaces,data\raw\abs_1911_census\1911 Census - Volume II - Part II Birthplaces.pdf,282,47,"Male Population of the State of Queensland, at the Census of 3rd April, 1911, classified according to Birthplace, Nationality, Length of Residence, Education, and Conjugal Condition",202,97,98,2,97 | 98,98,99,48,99,99,Birthplaces,Queensland,Part II Birthplaces,0,,False
1911_census_volume_ii_part_ii_birthplaces,1911 Census - Volume II - Part II Birthplaces.pdf,2112.0 - Volume II - Part II Birthplaces,data\raw\abs_1911_census\1911 Census - Volume II - Part II Birthplaces.pdf,282,48,"Female Population of the State of Queensland, at the Census of 3rd April, 1911, classified according to Birthplace, Nationality, Length of Residence, Education, and Conjugal Condition",204,99,100,2,99 | 100,100,101,49,101,101,Birthplaces,Queensland,Part II Birthplaces,0,,False
1911_census_volume_ii_part_ii_birthplaces,1911 Census - Volume II - Part II Birthplaces.pdf,2112.0 - Volume II - Part II Birthplaces,data\raw\abs_1911_census\1911 Census - Volume II - Part II Birthplaces.pdf,282,49,"Total Population of the State of Queensland, at the Census of 3rd April, 1911, classified according to Birthplace, Nationality, Length of Residence, Education, and Conjugal Condition",206,101,102,2,101 | 102,102,103,50,103,103,Birthplaces,Queensland,Part II Birthplaces,0,,False
1911_census_volume_ii_part_ii_birthplaces,1911 Census - Volume II - Part II Birthplaces.pdf,2112.0 - Volume II - Part II Birthplaces,data\raw\abs_1911_census\1911 Census - Volume II - Part II Birthplaces.pdf,282,50,"Male Population of the State of South Australia, at the Census of 3rd April, 1911, classified according to Birthplace, Nationality, Length of Residence, Education, and Conjugal Condition",208,103,104,2,103 | 104,104,105,51,105,105,Birthplaces,South Australia,Part II Birthplaces,0,,False
1911_census_volume_ii_part_ii_birthplaces,1911 Census - Volume II - Part II Birthplaces.pdf,2112.0 - Volume II - Part II Birthplaces,data\raw\abs_1911_census\1911 Census - Volume II - Part II Birthplaces.pdf,282,51,"Female Population of the State of South Australia, at the Census of 3rd April, 1911, classified according to Birthplace, Nationality, Length of Residence, Education, and Conjugal Condition",210,105,106,2,105 | 106,106,107,52,107,107,Birthplaces,South Australia,Part II Birthplaces,0,,False
1911_census_volume_ii_part_ii_birthplaces,1911 Census - Volume II - Part II Birthplaces.pdf,2112.0 - Volume II - Part II Birthplaces,data\raw\abs_1911_census\1911 Census - Volume II - Part II Birthplaces.pdf,282,52,"Total Population of the State of South Australia, at the Census of 3rd April, 1911, classified according to Birthplace, Nationality, Length of Residence, Education, and Conjugal Condition",212,107,108,2,107 | 108,108,109,53,109,109,Birthplaces,South Australia,Part II Birthplaces,0,,False
1911_census_volume_ii_part_ii_birthplaces,1911 Census - Volume II - Part II Birthplaces.pdf,2112.0 - Volume II - Part II Birthplaces,data\raw\abs_1911_census\1911 Census - Volume II - Part II Birthplaces.pdf,282,53,"Male Population of the State of Western Australia, at the Census of 3rd April, 1911, classified according to Birthplace, Nationality, Length of Residence, Education, and Conjugal Condition",214,109,110,2,109 | 110,110,111,54,111,111,Birthplaces,Western Australia,Part II Birthplaces,0,,False
1911_census_volume_ii_part_ii_birthplaces,1911 Census - Volume II - Part II Birthplaces.pdf,2112.0 - Volume II - Part II Birthplaces,data\raw\abs_1911_census\1911 Census - Volume II - Part II Birthplaces.pdf,282,54,"Female Population of the State of Western Australia, at the Census of 3rd April, 1911, classified according to Birthplace, Nationality, Length of Residence, Education, and Conjugal Condition",216,111,112,2,111 | 112,112,113,55,113,113,Birthplaces,Western Australia,Part II Birthplaces,0,,False
1911_census_volume_ii_part_ii_birthplaces,1911 Census - Volume II - Part II Birthplaces.pdf,2112.0 - Volume II - Part II Birthplaces,data\raw\abs_1911_census\1911 Census - Volume II - Part II Birthplaces.pdf,282,55,"Total Population of the State of Western Australia, at the Census of 3rd April, 1911, classified according to Birthplace, Nationality, Length of Residence, Education, and Conjugal Condition",218,113,114,2,113 | 114,114,115,56,115,115,Birthplaces,Western Australia,Part II Birthplaces,0,,False
1911_census_volume_ii_part_ii_birthplaces,1911 Census - Volume II - Part II Birthplaces.pdf,2112.0 - Volume II - Part II Birthplaces,data\raw\abs_1911_census\1911 Census - Volume II - Part II Birthplaces.pdf,282,56,"Male Population of the State of Tasmania, at the Census of 3rd April, 1911, classified according to Birthplace, Nationality, Length of Residence, Education, and Conjugal Condition",220,115,116,2,115 | 116,116,117,57,117,117,Birthplaces,Tasmania,Part II Birthplaces,0,,False
1911_census_volume_ii_part_ii_birthplaces,1911 Census - Volume II - Part II Birthplaces.pdf,2112.0 - Volume II - Part II Birthplaces,data\raw\abs_1911_census\1911 Census - Volume II - Part II Birthplaces.pdf,282,57,"Female Population of the State of Tasmania, at the Census of 3rd April, 1911, classified according to Birthplace, Nationality, Length of Residence, Education, and Conjugal Condition",222,117,118,2,117 | 118,118,119,58,119,119,Birthplaces,Tasmania,Part II Birthplaces,0,,False
1911_census_volume_ii_part_ii_birthplaces,1911 Census - Volume II - Part II Birthplaces.pdf,2112.0 - Volume II - Part II Birthplaces,data\raw\abs_1911_census\1911 Census - Volume II - Part II Birthplaces.pdf,282,58,"Total Population of the State of Tasmania, at the Census of 3rd April, 1911, classified according to Birthplace, Nationality, Length of Residence, Education, and Conjugal Condition",224,119,120,2,119 | 120,120,121,59,121,121,Birthplaces,Tasmania,Part II Birthplaces,0,,False
1911_census_volume_ii_part_ii_birthplaces,1911 Census - Volume II - Part II Birthplaces.pdf,2112.0 - Volume II - Part II Birthplaces,data\raw\abs_1911_census\1911 Census - Volume II - Part II Birthplaces.pdf,282,59,"Male Population of the Northern Territory, at the Census of 3rd April, 1911, classified according to Birthplace, Nationality, Length of Residence, Education, and Conjugal Condition",226,121,122,2,121 | 122,122,123,60,123,123,Birthplaces,Northern Territory,Part II Birthplaces,0,,False
1911_census_volume_ii_part_ii_birthplaces,1911 Census - Volume II - Part II Birthplaces.pdf,2112.0 - Volume II - Part II Birthplaces,data\raw\abs_1911_census\1911 Census - Volume II - Part II Birthplaces.pdf,282,60,"Female Population of the Northern Territory, at the Census of 3rd April, 1911, classified according to Birthplace, Nationality, Length of Residence, Education, and Conjugal Condition",228,123,124,2,123 | 124,124,125,61,125,125,Birthplaces,Northern Territory,Part II Birthplaces,0,,False
1911_census_volume_ii_part_ii_birthplaces,1911 Census - Volume II - Part II Birthplaces.pdf,2112.0 - Volume II - Part II Birthplaces,data\raw\abs_1911_census\1911 Census - Volume II - Part II Birthplaces.pdf,282,61,"Total Population of the Northern Territory, at the Census of 3rd April, 1911, classified according to Birthplace, Nationality, Length of Residence, Education, and Conjugal Condition",230,125,126,2,125 | 126,126,127,62,127,127,Birthplaces,Northern Territory,Part II Birthplaces,0,,False
1911_census_volume_ii_part_ii_birthplaces,1911 Census - Volume II - Part II Birthplaces.pdf,2112.0 - Volume II - Part II Birthplaces,data\raw\abs_1911_census\1911 Census - Volume II - Part II Birthplaces.pdf,282,62,"Male Population of the Federal Capital Territory, at the Census of 3rd April, 1911, classified according to Birthplace, Nationality, Length of Residence, Education, and Conjugal Condition",232,127,128,2,127 | 128,128,129,63,129,129,Birthplaces,Federal Capital Territory,Part II Birthplaces,0,,False
1911_census_volume_ii_part_ii_birthplaces,1911 Census - Volume II - Part II Birthplaces.pdf,2112.0 - Volume II - Part II Birthplaces,data\raw\abs_1911_census\1911 Census - Volume II - Part II Birthplaces.pdf,282,63,"Female Population of the Federal Capital Territory, at the Census of 3rd April, 1911, classified according to Birthplace, Nationality, Length of Residence, Education, and Conjugal Condition",234,129,130,2,129 | 130,130,131,64,131,131,Birthplaces,Federal Capital Territory,Part II Birthplaces,0,,False
1911_census_volume_ii_part_ii_birthplaces,1911 Census - Volume II - Part II Birthplaces.pdf,2112.0 - Volume II - Part II Birthplaces,data\raw\abs_1911_census\1911 Census - Volume II - Part II Birthplaces.pdf,282,64,"Total Population of the Federal Capital Territory, at the Census of 3rd April, 1911, classified according to Birthplace, Nationality, Length of Residence, Education, and Conjugal Condition",236,131,132,2,131 | 132,132,133,65,133,133,Birthplaces,Federal Capital Territory,Part II Birthplaces,0,,False
1911_census_volume_ii_part_ii_birthplaces,1911 Census - Volume II - Part II Birthplaces.pdf,2112.0 - Volume II - Part II Birthplaces,data\raw\abs_1911_census\1911 Census - Volume II - Part II Birthplaces.pdf,282,65,"Male Population of the Commonwealth of Australia, at the Census of 3rd April, 1911, classified according to Birthplace and Religion",238,133,134,2,133 | 134,134,135,66,135,135,Birthplaces,Australia,Part II Birthplaces,0,,False
1911_census_volume_ii_part_ii_birthplaces,1911 Census - Volume II - Part II Birthplaces.pdf,2112.0 - Volume II - Part II Birthplaces,data\raw\abs_1911_census\1911 Census - Volume II - Part II Birthplaces.pdf,282,66,"Female Population of the Commonwealth of Australia, at the Census of 3rd April, 1911, classified according to Birthplace and Religion",240,135,136,2,135 | 136,136,137,67,137,137,Birthplaces,Australia,Part II Birthplaces,0,,False
1911_census_volume_ii_part_ii_birthplaces,1911 Census - Volume II - Part II Birthplaces.pdf,2112.0 - Volume II - Part II Birthplaces,data\raw\abs_1911_census\1911 Census - Volume II - Part II Birthplaces.pdf,282,67,"Total Population of the Commonwealth of Australia, at the Census of 3rd April, 1911, classified according to Birthplace and Religion",242,137,138,2,137 | 138,138,139,68,139,139,Birthplaces,Australia,Part II Birthplaces,0,,False
1911_census_volume_ii_part_ii_birthplaces,1911 Census - Volume II - Part II Birthplaces.pdf,2112.0 - Volume II - Part II Birthplaces,data\raw\abs_1911_census\1911 Census - Volume II - Part II Birthplaces.pdf,282,68,"Male Population of the State of New South Wales, at the Census of 3rd April, 1911, classified according to Birthplace and Religion",244,139,140,2,139 | 140,140,141,69,141,141,Birthplaces,New South Wales,Part II Birthplaces,0,,False
1911_census_volume_ii_part_ii_birthplaces,1911 Census - Volume II - Part II Birthplaces.pdf,2112.0 - Volume II - Part II Birthplaces,data\raw\abs_1911_census\1911 Census - Volume II - Part II Birthplaces.pdf,282,69,"Female Population of the State of New South Wales, at the Census of 3rd April, 1911, classified according to Birthplace and Religion",246,141,142,2,141 | 142,142,143,70,143,143,Birthplaces,New South Wales,Part II Birthplaces,0,,False
1911_census_volume_ii_part_ii_birthplaces,1911 Census - Volume II - Part II Birthplaces.pdf,2112.0 - Volume II - Part II Birthplaces,data\raw\abs_1911_census\1911 Census - Volume II - Part II Birthplaces.pdf,282,70,"Total Population of the State of New South Wales, at the Census of 3rd April, 1911, classified according to Birthplace and Religion",248,143,144,2,143 | 144,144,145,71,145,145,Birthplaces,New South Wales,Part II Birthplaces,0,,False
1911_census_volume_ii_part_ii_birthplaces,1911 Census - Volume II - Part II Birthplaces.pdf,2112.0 - Volume II - Part II Birthplaces,data\raw\abs_1911_census\1911 Census - Volume II - Part II Birthplaces.pdf,282,71,"Male Population of the State of Victoria, at the Census of 3rd April, 1911, classified according to Birthplace and Religion",250,145,146,2,145 | 146,146,147,72,147,147,Birthplaces,Victoria,Part II Birthplaces,0,,False
1911_census_volume_ii_part_ii_birthplaces,1911 Census - Volume II - Part II Birthplaces.pdf,2112.0 - Volume II - Part II Birthplaces,data\raw\abs_1911_census\1911 Census - Volume II - Part II Birthplaces.pdf,282,72,"Female Population of the State of Victoria, at the Census of 3rd April, 1911, classified according to Birthplace and Religion",252,147,148,2,147 | 148,148,149,73,149,149,Birthplaces,Victoria,Part II Birthplaces,0,,False
1911_census_volume_ii_part_ii_birthplaces,1911 Census - Volume II - Part II Birthplaces.pdf,2112.0 - Volume II - Part II Birthplaces,data\raw\abs_1911_census\1911 Census - Volume II - Part II Birthplaces.pdf,282,73,"Total Population of the State of Victoria, at the Census of 3rd April, 1911, classified according to Birthplace and Religion",254,149,150,2,149 | 150,150,151,74,151,151,Birthplaces,Victoria,Part II Birthplaces,0,,False
1911_census_volume_ii_part_ii_birthplaces,1911 Census - Volume II - Part II Birthplaces.pdf,2112.0 - Volume II - Part II Birthplaces,data\raw\abs_1911_census\1911 Census - Volume II - Part II Birthplaces.pdf,282,74,"Male Population of the State of Queensland, at the Census of 3rd April, 1911, classified according to Birthplace and Religion",256,151,152,2,151 | 152,152,153,75,153,153,Birthplaces,Queensland,Part II Birthplaces,0,,False
1911_census_volume_ii_part_ii_birthplaces,1911 Census - Volume II - Part II Birthplaces.pdf,2112.0 - Volume II - Part II Birthplaces,data\raw\abs_1911_census\1911 Census - Volume II - Part II Birthplaces.pdf,282,75,"Female Population of the State of Queensland, at the Census of 3rd April, 1911, classified according to Birthplace and Religion",258,153,154,2,153 | 154,154,155,76,155,155,Birthplaces,Queensland,Part II Birthplaces,0,,False
1911_census_volume_ii_part_ii_birthplaces,1911 Census - Volume II - Part II Birthplaces.pdf,2112.0 - Volume II - Part II Birthplaces,data\raw\abs_1911_census\1911 Census - Volume II - Part II Birthplaces.pdf,282,76,"Total Population of the State of Queensland, at the Census of 3rd April, 1911, classified according to Birthplace and Religion",260,155,156,2,155 | 156,156,157,77,157,157,Birthplaces,Queensland,Part II Birthplaces,0,,False
1911_census_volume_ii_part_ii_birthplaces,1911 Census - Volume II - Part II Birthplaces.pdf,2112.0 - Volume II - Part II Birthplaces,data\raw\abs_1911_census\1911 Census - Volume II - Part II Birthplaces.pdf,282,77,"Male Population of the State of South Australia, at the Census of 3rd April, 1911, classified according to Birthplace and Religion",262,157,158,2,157 | 158,158,159,78,159,159,Birthplaces,South Australia,Part II Birthplaces,0,,False
1911_census_volume_ii_part_ii_birthplaces,1911 Census - Volume II - Part II Birthplaces.pdf,2112.0 - Volume II - Part II Birthplaces,data\raw\abs_1911_census\1911 Census - Volume II - Part II Birthplaces.pdf,282,78,"Female Population of the State of South Australia, at the Census of 3rd April, 1911, classified according to Birthplace and Religion",264,159,160,2,159 | 160,160,161,79,161,161,Birthplaces,South Australia,Part II Birthplaces,0,,False
1911_census_volume_ii_part_ii_birthplaces,1911 Census - Volume II - Part II Birthplaces.pdf,2112.0 - Volume II - Part II Birthplaces,data\raw\abs_1911_census\1911 Census - Volume II - Part II Birthplaces.pdf,282,79,"Total Population of the State of South Australia, at the Census of 3rd April, 1911, classified according to Birthplace and Religion",266,161,162,2,161 | 162,162,163,80,163,163,Birthplaces,South Australia,Part II Birthplaces,0,,False
1911_census_volume_ii_part_ii_birthplaces,1911 Census - Volume II - Part II Birthplaces.pdf,2112.0 - Volume II - Part II Birthplaces,data\raw\abs_1911_census\1911 Census - Volume II - Part II Birthplaces.pdf,282,80,"Male Population of the State of Western Australia, at the Census of 3rd April, 1911, classified according to Birthplace and Religion",268,163,164,2,163 | 164,164,165,81,165,165,Birthplaces,Western Australia,Part II Birthplaces,0,,False
1911_census_volume_ii_part_ii_birthplaces,1911 Census - Volume II - Part II Birthplaces.pdf,2112.0 - Volume II - Part II Birthplaces,data\raw\abs_1911_census\1911 Census - Volume II - Part II Birthplaces.pdf,282,81,"Female Population of the State of Western Australia, at the Census of 3rd April, 1911, classified according to Birthplace and Religion",270,165,166,2,165 | 166,166,167,82,167,167,Birthplaces,Western Australia,Part II Birthplaces,0,,False
1911_census_volume_ii_part_ii_birthplaces,1911 Census - Volume II - Part II Birthplaces.pdf,2112.0 - Volume II - Part II Birthplaces,data\raw\abs_1911_census\1911 Census - Volume II - Part II Birthplaces.pdf,282,82,"Total Population of the State of Western Australia, at the Census of 3rd April, 1911, classified according to Birthplace and Religion",272,167,168,2,167 | 168,168,169,83,169,169,Birthplaces,Western Australia,Part II Birthplaces,0,,False
1911_census_volume_ii_part_ii_birthplaces,1911 Census - Volume II - Part II Birthplaces.pdf,2112.0 - Volume II - Part II Birthplaces,data\raw\abs_1911_census\1911 Census - Volume II - Part II Birthplaces.pdf,282,83,"Male Population of the State of Tasmania, at the Census of 3rd April, 1911, classified according to Birthplace and Religion",274,169,170,2,169 | 170,170,171,84,171,171,Birthplaces,Tasmania,Part II Birthplaces,0,,False
1911_census_volume_ii_part_ii_birthplaces,1911 Census - Volume II - Part II Birthplaces.pdf,2112.0 - Volume II - Part II Birthplaces,data\raw\abs_1911_census\1911 Census - Volume II - Part II Birthplaces.pdf,282,84,"Female Population of the State of Tasmania, at the Census of 3rd April, 1911, classified according to Birthplace and Religion",276,171,172,2,171 | 172,172,173,85,173,173,Birthplaces,Tasmania,Part II Birthplaces,0,,False
1911_census_volume_ii_part_ii_birthplaces,1911 Census - Volume II - Part II Birthplaces.pdf,2112.0 - Volume II - Part II Birthplaces,data\raw\abs_1911_census\1911 Census - Volume II - Part II Birthplaces.pdf,282,85,"Total Population of the State of Tasmania, at the Census of 3rd April, 1911, classified according to Birthplace and Religion",278,173,174,2,173 | 174,174,175,86,175,175,Birthplaces,Tasmania,Part II Birthplaces,0,,False
1911_census_volume_ii_part_ii_birthplaces,1911 Census - Volume II - Part II Birthplaces.pdf,2112.0 - Volume II - Part II Birthplaces,data\raw\abs_1911_census\1911 Census - Volume II - Part II Birthplaces.pdf,282,86,"Male Population of the Northern Territory, at the Census of 3rd April, 1911, classified according to Birthplace and Religion",280,175,176,2,175 | 176,176,177,87,177,177,Birthplaces,Northern Territory,Part II Birthplaces,0,,False
1911_census_volume_ii_part_ii_birthplaces,1911 Census - Volume II - Part II Birthplaces.pdf,2112.0 - Volume II - Part II Birthplaces,data\raw\abs_1911_census\1911 Census - Volume II - Part II Birthplaces.pdf,282,87,"Female Population of the Northern Territory, at the Census of 3rd April, 1911, classified according to Birthplace and Religion",282,177,178,2,177 | 178,178,179,88,179,179,Birthplaces,Northern Territory,Part II Birthplaces,0,,False
1911_census_volume_ii_part_ii_birthplaces,1911 Census - Volume II - Part II Birthplaces.pdf,2112.0 - Volume II - Part II Birthplaces,data\raw\abs_1911_census\1911 Census - Volume II - Part II Birthplaces.pdf,282,88,"Total Population of the Northern Territory, at the Census of 3rd April, 1911, classified according to Birthplace and Religion",284,179,180,2,179 | 180,180,181,89,181,181,Birthplaces,Northern Territory,Part II Birthplaces,0,,False
1911_census_volume_ii_part_ii_birthplaces,1911 Census - Volume II - Part II Birthplaces.pdf,2112.0 - Volume II - Part II Birthplaces,data\raw\abs_1911_census\1911 Census - Volume II - Part II Birthplaces.pdf,282,89,"Male Population of the Federal Capital Territory, at the Census of 3rd April, 1911, classified according to Birthplace and Religion",286,181,182,2,181 | 182,182,183,90,183,183,Birthplaces,Federal Capital Territory,Part II Birthplaces,0,,False
1911_census_volume_ii_part_ii_birthplaces,1911 Census - Volume II - Part II Birthplaces.pdf,2112.0 - Volume II - Part II Birthplaces,data\raw\abs_1911_census\1911 Census - Volume II - Part II Birthplaces.pdf,282,90,"Female Population of the Federal Capital Territory, at the Census of 3rd April, 1911, classified according to Birthplace and Religion",288,183,184,2,183 | 184,184,185,91,185,185,Birthplaces,Federal Capital Territory,Part II Birthplaces,0,,False
1911_census_volume_ii_part_ii_birthplaces,1911 Census - Volume II - Part II Birthplaces.pdf,2112.0 - Volume II - Part II Birthplaces,data\raw\abs_1911_census\1911 Census - Volume II - Part II Birthplaces.pdf,282,91,"Total Population of the Federal Capital Territory, at the Census of 3rd April, 1911, classified according to Birthplace and Religion",290,185,186,2,185 | 186,186,187,92,187,187,Birthplaces,Federal Capital Territory,Part II Birthplaces,0,,False
1911_census_volume_ii_part_ii_birthplaces,1911 Census - Volume II - Part II Birthplaces.pdf,2112.0 - Volume II - Part II Birthplaces,data\raw\abs_1911_census\1911 Census - Volume II - Part II Birthplaces.pdf,282,92,"Number of Males in the Metropolis of each State of the Commonwealth, at the Census of 3rd April, 1911, classified according to Birthplace",292,187,188,2,187 | 188,188,189,93,189,189,Birthplaces,Metropolitan,Part II Birthplaces,0,,False
1911_census_volume_ii_part_ii_birthplaces,1911 Census - Volume II - Part II Birthplaces.pdf,2112.0 - Volume II - Part II Birthplaces,data\raw\abs_1911_census\1911 Census - Volume II - Part II Birthplaces.pdf,282,93,"Number of Females in the Metropolis of each State of the Commonwealth, at the Census of 3rd April, 1911, classified according to Birthplace",294,189,190,2,189 | 190,190,191,94,191,191,Birthplaces,Metropolitan,Part II Birthplaces,0,,False
1911_census_volume_ii_part_ii_birthplaces,1911 Census - Volume II - Part II Birthplaces.pdf,2112.0 - Volume II - Part II Birthplaces,data\raw\abs_1911_census\1911 Census - Volume II - Part II Birthplaces.pdf,282,94,"Number of Persons in the Metropolis of each State of the Commonwealth, at the Census of 3rd April, 1911, classified according to Birthplace",296,191,192,2,191 | 192,192,193,95,193,193,Birthplaces,Metropolitan,Part II Birthplaces,0,,False
1911_census_volume_ii_part_ii_birthplaces,1911 Census - Volume II - Part II Birthplaces.pdf,2112.0 - Volume II - Part II Birthplaces,data\raw\abs_1911_census\1911 Census - Volume II - Part II Birthplaces.pdf,282,95,"Population of the Counties of New South Wales, at the Census of 3rd April, 1911, classified according to Birthplace",298,193,224,32,193 | 194 | 195 | 196 | 197 | 198 | 199 | 200 | 201 | 202 | 203 | 204 | 205 | 206 | 207 | 208 | 209 | 210 | 211 | 212 | 213 | 214 | 215 | 216 | 217 | 218 | 219 | 220 | 221 | 222 | 223 | 224,194,225,96,225,225,Birthplaces,New South Wales,Part II Birthplaces,0,,False
1911_census_volume_ii_part_ii_birthplaces,1911 Census - Volume II - Part II Birthplaces.pdf,2112.0 - Volume II - Part II Birthplaces,data\raw\abs_1911_census\1911 Census - Volume II - Part II Birthplaces.pdf,282,96,"Population of the Counties of Victoria, at the Census of 3rd April, 1911, classified according to Birthplace",330,225,232,8,225 | 226 | 227 | 228 | 229 | 230 | 231 | 232,226,233,97,233,233,Birthplaces,Victoria,Part II Birthplaces,0,,False
1911_census_volume_ii_part_ii_birthplaces,1911 Census - Volume II - Part II Birthplaces.pdf,2112.0 - Volume II - Part II Birthplaces,data\raw\abs_1911_census\1911 Census - Volume II - Part II Birthplaces.pdf,282,97,"Population of the Census Districts of Queensland, at the Census of 3rd April, 1911, classified according to Birthplace",338,233,246,14,233 | 234 | 235 | 236 | 237 | 238 | 239 | 240 | 241 | 242 | 243 | 244 | 245 | 246,234,247,98,247,247,Birthplaces,Queensland,Part II Birthplaces,0,,False
1911_census_volume_ii_part_ii_birthplaces,1911 Census - Volume II - Part II Birthplaces.pdf,2112.0 - Volume II - Part II Birthplaces,data\raw\abs_1911_census\1911 Census - Volume II - Part II Birthplaces.pdf,282,98,"Population of the Counties and Divisions of South Australia, at the Census of 3rd April, 1911, classified according to Birthplace",352,247,258,12,247 | 248 | 249 | 250 | 251 | 252 | 253 | 254 | 255 | 256 | 257 | 258,248,259,99,259,259,Birthplaces,South Australia,Part II Birthplaces,0,,False
1911_census_volume_ii_part_ii_birthplaces,1911 Census - Volume II - Part II Birthplaces.pdf,2112.0 - Volume II - Part II Birthplaces,data\raw\abs_1911_census\1911 Census - Volume II - Part II Birthplaces.pdf,282,99,"Population of the Statistical Districts of Western Australia, at the Census of 3rd April, 1911, classified according to Birthplace",364,259,264,6,259 | 260 | 261 | 262 | 263 | 264,260,265,100,265,265,Birthplaces,Western Australia,Part II Birthplaces,0,,False
1911_census_volume_ii_part_ii_birthplaces,1911 Census - Volume II - Part II Birthplaces.pdf,2112.0 - Volume II - Part II Birthplaces,data\raw\abs_1911_census\1911 Census - Volume II - Part II Birthplaces.pdf,282,100,"Population of the Local Government Areas (Municipalities) of Tasmania, at the Census of 3rd April, 1911, classified according to Birthplace",370,265,276,12,265 | 266 | 267 | 268 | 269 | 270 | 271 | 272 | 273 | 274 | 275 | 276,266,277,101,277,277,Birthplaces,Tasmania,Part II Birthplaces,0,,False
1911_census_volume_ii_part_ii_birthplaces,1911 Census - Volume II - Part II Birthplaces.pdf,2112.0 - Volume II - Part II Birthplaces,data\raw\abs_1911_census\1911 Census - Volume II - Part II Birthplaces.pdf,282,101,"Population of the Counties of the Northern Territory, at the Census of 3rd April, 1911, classified according to Birthplace",382,277,278,2,277 | 278,278,279,102,279,279,Birthplaces,Northern Territory,Part II Birthplaces,0,,False
1911_census_volume_ii_part_ii_birthplaces,1911 Census - Volume II - Part II Birthplaces.pdf,2112.0 - Volume II - Part II Birthplaces,data\raw\abs_1911_census\1911 Census - Volume II - Part II Birthplaces.pdf,282,102,"Population of the Divisions of the Federal Capital Territory, at the Census of 3rd April, 1911, classified according to Birthplace",384,279,279,1,279,280,280,103,280,280,Birthplaces,Federal Capital Territory,Part II Birthplaces,0,,False
1911_census_volume_ii_part_ii_birthplaces,1911 Census - Volume II - Part II Birthplaces.pdf,2112.0 - Volume II - Part II Birthplaces,data\raw\abs_1911_census\1911 Census - Volume II - Part II Birthplaces.pdf,282,103,"Full-blooded Aboriginal Natives of Australia enumerated in the several States and Territories of the Commonwealth, at the Census of 3rd April, 1911, classified according to Birthplace and Sex",385,280,281,2,280 | 281,281,282,,,,Aboriginal Population,Australia,Part II Birthplaces,0,final_table_in_document,False
1911_census_volume_ii_part_iii_length_of_residence,1911 Census - Volume II - Part III Length of Residence.pdf,2112.0 - Volume II - Part III Length of Residence,data\raw\abs_1911_census\1911 Census - Volume II - Part III Length of Residence.pdf,54,1,"Population of the States and Territories of the Commonwealth of Australia at the Census of 3rd April, 1911, Classified according to Length of Residence in Australia",390,3,4,2,3 | 4,4,5,2,5,5,Length of Residence,States and Territories of the Commonwealth of Australia,Part III Length of Residence,0,,False
1911_census_volume_ii_part_iii_length_of_residence,1911 Census - Volume II - Part III Length of Residence.pdf,2112.0 - Volume II - Part III Length of Residence,data\raw\abs_1911_census\1911 Census - Volume II - Part III Length of Residence.pdf,54,2,"Population of the Commonwealth of Australia at the Census of 3rd April, 1911, Classified according to Age and Length of Residence in Australia",392,5,6,2,5 | 6,6,7,3,7,7,Age and Length of Residence,Commonwealth of Australia,Part III Length of Residence,0,,False
1911_census_volume_ii_part_iii_length_of_residence,1911 Census - Volume II - Part III Length of Residence.pdf,2112.0 - Volume II - Part III Length of Residence,data\raw\abs_1911_census\1911 Census - Volume II - Part III Length of Residence.pdf,54,3,"Population of the State of New South Wales at the Census of 3rd April, 1911, Classified according to Age and Length of Residence in Australia",394,7,10,4,7 | 8 | 9 | 10,8,11,4,11,11,Age and Length of Residence,New South Wales,Part III Length of Residence,0,,False
1911_census_volume_ii_part_iii_length_of_residence,1911 Census - Volume II - Part III Length of Residence.pdf,2112.0 - Volume II - Part III Length of Residence,data\raw\abs_1911_census\1911 Census - Volume II - Part III Length of Residence.pdf,54,4,"Population of the State of Victoria at the Census of 3rd April, 1911, Classified according to Age and Length of Residence in Australia",398,11,12,2,11 | 12,12,13,5,13,13,Age and Length of Residence,Victoria,Part III Length of Residence,0,,False
1911_census_volume_ii_part_iii_length_of_residence,1911 Census - Volume II - Part III Length of Residence.pdf,2112.0 - Volume II - Part III Length of Residence,data\raw\abs_1911_census\1911 Census - Volume II - Part III Length of Residence.pdf,54,5,"Population of the State of Queensland at the Census of 3rd April, 1911, Classified according to Age and Length of Residence in Australia",400,13,16,4,13 | 14 | 15 | 16,14,17,6,17,17,Age and Length of Residence,Queensland,Part III Length of Residence,0,,False
1911_census_volume_ii_part_iii_length_of_residence,1911 Census - Volume II - Part III Length of Residence.pdf,2112.0 - Volume II - Part III Length of Residence,data\raw\abs_1911_census\1911 Census - Volume II - Part III Length of Residence.pdf,54,6,"Population of the State of South Australia at the Census of 3rd April, 1911, Classified according to Age and Length of Residence in Australia",404,17,18,2,17 | 18,18,19,7,19,19,Age and Length of Residence,South Australia,Part III Length of Residence,0,,False
1911_census_volume_ii_part_iii_length_of_residence,1911 Census - Volume II - Part III Length of Residence.pdf,2112.0 - Volume II - Part III Length of Residence,data\raw\abs_1911_census\1911 Census - Volume II - Part III Length of Residence.pdf,54,7,"Population of the State of Western Australia at the Census of 3rd April, 1911, Classified according to Age and Length of Residence in Australia",406,19,22,4,19 | 20 | 21 | 22,20,23,8,23,23,Age and Length of Residence,Western Australia,Part III Length of Residence,0,,False
1911_census_volume_ii_part_iii_length_of_residence,1911 Census - Volume II - Part III Length of Residence.pdf,2112.0 - Volume II - Part III Length of Residence,data\raw\abs_1911_census\1911 Census - Volume II - Part III Length of Residence.pdf,54,8,"Population of the State of Tasmania at the Census of 3rd April, 1911, Classified according to Age and Length of Residence in Australia",410,23,24,2,23 | 24,24,25,9,25,25,Age and Length of Residence,Tasmania,Part III Length of Residence,0,,False
1911_census_volume_ii_part_iii_length_of_residence,1911 Census - Volume II - Part III Length of Residence.pdf,2112.0 - Volume II - Part III Length of Residence,data\raw\abs_1911_census\1911 Census - Volume II - Part III Length of Residence.pdf,54,9,"Population of the Northern Territory at the Census of 3rd April, 1911, Classified according to Age and Length of Residence in Australia",412,25,28,4,25 | 26 | 27 | 28,26,29,10,29,29,Age and Length of Residence,Northern Territory,Part III Length of Residence,0,,False
1911_census_volume_ii_part_iii_length_of_residence,1911 Census - Volume II - Part III Length of Residence.pdf,2112.0 - Volume II - Part III Length of Residence,data\raw\abs_1911_census\1911 Census - Volume II - Part III Length of Residence.pdf,54,10,"Population of the Federal Capital Territory at the Census of 3rd April, 1911, Classified according to Age and Length of Residence in Australia",416,29,30,2,29 | 30,30,31,11,31,31,Age and Length of Residence,Federal Capital Territory,Part III Length of Residence,0,,False
1911_census_volume_ii_part_iii_length_of_residence,1911 Census - Volume II - Part III Length of Residence.pdf,2112.0 - Volume II - Part III Length of Residence,data\raw\abs_1911_census\1911 Census - Volume II - Part III Length of Residence.pdf,54,11,"Metropolitan and Extra-Metropolitan Population of New South Wales at the Census of 3rd April, 1911, Classified according to Length of Residence in Australia",418,31,31,1,31,32,32,12,32,32,Length of Residence,New South Wales,Part III Length of Residence,0,,False
1911_census_volume_ii_part_iii_length_of_residence,1911 Census - Volume II - Part III Length of Residence.pdf,2112.0 - Volume II - Part III Length of Residence,data\raw\abs_1911_census\1911 Census - Volume II - Part III Length of Residence.pdf,54,12,"Metropolitan and Extra-Metropolitan Population of Victoria at the Census of 3rd April, 1911, Classified according to Length of Residence in Australia",419,32,32,1,32,33,33,13,33,33,Length of Residence,Victoria,Part III Length of Residence,0,,False
1911_census_volume_ii_part_iii_length_of_residence,1911 Census - Volume II - Part III Length of Residence.pdf,2112.0 - Volume II - Part III Length of Residence,data\raw\abs_1911_census\1911 Census - Volume II - Part III Length of Residence.pdf,54,13,"Metropolitan and Extra-Metropolitan Population of Queensland at the Census of 3rd April, 1911, Classified according to Length of Residence in Australia",420,33,33,1,33,34,34,14,33,34,Length of Residence,Queensland,Part III Length of Residence,0,same_page_as_next_table_start,True
1911_census_volume_ii_part_iii_length_of_residence,1911 Census - Volume II - Part III Length of Residence.pdf,2112.0 - Volume II - Part III Length of Residence,data\raw\abs_1911_census\1911 Census - Volume II - Part III Length of Residence.pdf,54,14,"Metropolitan and Extra-Metropolitan Population of South Australia at the Census of 3rd April, 1911, Classified according to Length of Residence in Australia",420,33,33,1,33,34,34,15,34,34,Length of Residence,South Australia,Part III Length of Residence,0,same_page_as_previous_table_start,True
1911_census_volume_ii_part_iii_length_of_residence,1911 Census - Volume II - Part III Length of Residence.pdf,2112.0 - Volume II - Part III Length of Residence,data\raw\abs_1911_census\1911 Census - Volume II - Part III Length of Residence.pdf,54,15,"Metropolitan and Extra-Metropolitan Population of Western Australia at the Census of 3rd April, 1911, Classified according to Length of Residence in Australia",421,34,34,1,34,35,35,16,34,35,Length of Residence,Western Australia,Part III Length of Residence,0,same_page_as_next_table_start,True
1911_census_volume_ii_part_iii_length_of_residence,1911 Census - Volume II - Part III Length of Residence.pdf,2112.0 - Volume II - Part III Length of Residence,data\raw\abs_1911_census\1911 Census - Volume II - Part III Length of Residence.pdf,54,16,"Metropolitan and Extra-Metropolitan Population of Tasmania at the Census of 3rd April, 1911, Classified according to Length of Residence in Australia",421,34,34,1,34,35,35,17,35,35,Length of Residence,Tasmania,Part III Length of Residence,0,same_page_as_previous_table_start,True
1911_census_volume_ii_part_iii_length_of_residence,1911 Census - Volume II - Part III Length of Residence.pdf,2112.0 - Volume II - Part III Length of Residence,data\raw\abs_1911_census\1911 Census - Volume II - Part III Length of Residence.pdf,54,17,"Population at Advanced Ages in the Commonwealth of Australia at the Census of 3rd April, 1911, Classified according to Age and Length of Residence in Australia",422,35,36,2,35 | 36,36,37,18,37,37,Age and Length of Residence (Advanced Ages),Commonwealth of Australia,Part III Length of Residence,0,,False
1911_census_volume_ii_part_iii_length_of_residence,1911 Census - Volume II - Part III Length of Residence.pdf,2112.0 - Volume II - Part III Length of Residence,data\raw\abs_1911_census\1911 Census - Volume II - Part III Length of Residence.pdf,54,18,"Population at Advanced Ages in the State of New South Wales at the Census of 3rd April, 1911, Classified according to Age and Length of Residence in Australia",424,37,38,2,37 | 38,38,39,19,39,39,Age and Length of Residence (Advanced Ages),New South Wales,Part III Length of Residence,0,,False
1911_census_volume_ii_part_iii_length_of_residence,1911 Census - Volume II - Part III Length of Residence.pdf,2112.0 - Volume II - Part III Length of Residence,data\raw\abs_1911_census\1911 Census - Volume II - Part III Length of Residence.pdf,54,19,"Population at Advanced Ages in the State of Victoria at the Census of 3rd April, 1911, Classified according to Age and Length of Residence in Australia",426,39,40,2,39 | 40,40,41,20,41,41,Age and Length of Residence (Advanced Ages),Victoria,Part III Length of Residence,0,,False
1911_census_volume_ii_part_iii_length_of_residence,1911 Census - Volume II - Part III Length of Residence.pdf,2112.0 - Volume II - Part III Length of Residence,data\raw\abs_1911_census\1911 Census - Volume II - Part III Length of Residence.pdf,54,20,"Population at Advanced Ages in the State of Queensland at the Census of 3rd April, 1911, Classified according to Age and Length of Residence in Australia",428,41,42,2,41 | 42,42,43,21,43,43,Age and Length of Residence (Advanced Ages),Queensland,Part III Length of Residence,0,,False
1911_census_volume_ii_part_iii_length_of_residence,1911 Census - Volume II - Part III Length of Residence.pdf,2112.0 - Volume II - Part III Length of Residence,data\raw\abs_1911_census\1911 Census - Volume II - Part III Length of Residence.pdf,54,21,"Population at Advanced Ages in the State of South Australia at the Census of 3rd April, 1911, Classified according to Age and Length of Residence in Australia",430,43,44,2,43 | 44,44,45,22,45,45,Age and Length of Residence (Advanced Ages),South Australia,Part III Length of Residence,0,,False
1911_census_volume_ii_part_iii_length_of_residence,1911 Census - Volume II - Part III Length of Residence.pdf,2112.0 - Volume II - Part III Length of Residence,data\raw\abs_1911_census\1911 Census - Volume II - Part III Length of Residence.pdf,54,22,"Population at Advanced Ages in the State of Western Australia at the Census of 3rd April, 1911, Classified according to Age and Length of Residence in Australia",432,45,46,2,45 | 46,46,47,23,47,47,Age and Length of Residence (Advanced Ages),Western Australia,Part III Length of Residence,0,,False
1911_census_volume_ii_part_iii_length_of_residence,1911 Census - Volume II - Part III Length of Residence.pdf,2112.0 - Volume II - Part III Length of Residence,data\raw\abs_1911_census\1911 Census - Volume II - Part III Length of Residence.pdf,54,23,"Population at Advanced Ages in the State of Tasmania at the Census of 3rd April, 1911, Classified according to Age and Length of Residence in Australia",434,47,48,2,47 | 48,48,49,24,49,49,Age and Length of Residence (Advanced Ages),Tasmania,Part III Length of Residence,0,,False
1911_census_volume_ii_part_iii_length_of_residence,1911 Census - Volume II - Part III Length of Residence.pdf,2112.0 - Volume II - Part III Length of Residence,data\raw\abs_1911_census\1911 Census - Volume II - Part III Length of Residence.pdf,54,24,"Population at Advanced Ages in the Northern Territory at the Census of 3rd April, 1911, Classified according to Age and Length of Residence in Australia",436,49,50,2,49 | 50,50,51,25,51,51,Age and Length of Residence (Advanced Ages),Northern Territory,Part III Length of Residence,0,,False
1911_census_volume_ii_part_iii_length_of_residence,1911 Census - Volume II - Part III Length of Residence.pdf,2112.0 - Volume II - Part III Length of Residence,data\raw\abs_1911_census\1911 Census - Volume II - Part III Length of Residence.pdf,54,25,"Population at Advanced Ages in the Federal Capital Territory at the Census of 3rd April, 1911, Classified according to Age and Length of Residence in Australia",438,51,53,3,51 | 52 | 53,52,54,,,,Age and Length of Residence (Advanced Ages),Federal Capital Territory,Part III Length of Residence,0,final_table_in_document,False
1911_census_volume_ii_part_iv_education,1911 Census - Volume II - Part IV Education.pdf,2112.0 - Volume II - Part IV Education,data\raw\abs_1911_census\1911 Census - Volume II - Part IV Education.pdf,182,1,"Number of Persons Recorded in each State and Territory of the Commonwealth, at the Census of 3rd April, 1911, Classified according to Education and Sex",443,2,2,1,2,3,3,2,2,3,Education and Sex,"Commonwealth, States and Territories","CENSUS OF THE COMMONWEALTH OF AUSTRALIA, 1911-EDUCATION",0,same_page_as_next_table_start,True
1911_census_volume_ii_part_iv_education,1911 Census - Volume II - Part IV Education.pdf,2112.0 - Volume II - Part IV Education,data\raw\abs_1911_census\1911 Census - Volume II - Part IV Education.pdf,182,2,"Number of Persons Recorded in the Commonwealth, at the Censuses of 1891, 1901, and 1911, Classified according to Education and Sex",443,2,2,1,2,3,3,3,3,3,Education and Sex,Commonwealth,"CENSUS OF THE COMMONWEALTH OF AUSTRALIA, 1911-EDUCATION",0,same_page_as_previous_table_start,True
1911_census_volume_ii_part_iv_education,1911 Census - Volume II - Part IV Education.pdf,2112.0 - Volume II - Part IV Education,data\raw\abs_1911_census\1911 Census - Volume II - Part IV Education.pdf,182,3,"Number of Males Recorded in each State and Territory of the Commonwealth, at the Census of 3rd April, 1911, Classified according to Education and Age",444,3,3,1,3,4,4,4,4,4,Education and Age,"Commonwealth, States and Territories","CENSUS OF THE COMMONWEALTH OF AUSTRALIA, 1911-EDUCATION",0,,False
1911_census_volume_ii_part_iv_education,1911 Census - Volume II - Part IV Education.pdf,2112.0 - Volume II - Part IV Education,data\raw\abs_1911_census\1911 Census - Volume II - Part IV Education.pdf,182,4,"Number of Females Recorded in each State and Territory of the Commonwealth, at the Census of 3rd April, 1911, Classified according to Education and Age",445,4,5,2,4 | 5,5,6,5,6,6,Education and Age,"Commonwealth, States and Territories","CENSUS OF THE COMMONWEALTH OF AUSTRALIA, 1911-EDUCATION",0,,False
1911_census_volume_ii_part_iv_education,1911 Census - Volume II - Part IV Education.pdf,2112.0 - Volume II - Part IV Education,data\raw\abs_1911_census\1911 Census - Volume II - Part IV Education.pdf,182,5,"Number of Persons Recorded in each State and Territory of the Commonwealth, at the Census of 3rd April, 1911, Classified according to Education and Age",447,6,6,1,6,7,7,6,7,7,Education and Age,"Commonwealth, States and Territories","CENSUS OF THE COMMONWEALTH OF AUSTRALIA, 1911-EDUCATION",0,,False
1911_census_volume_ii_part_iv_education,1911 Census - Volume II - Part IV Education.pdf,2112.0 - Volume II - Part IV Education,data\raw\abs_1911_census\1911 Census - Volume II - Part IV Education.pdf,182,6,"Number of Males Recorded in each Metropolitan Area of the Commonwealth, at the Census of 3rd April, 1911, Classified according to Education and Age",448,7,7,1,7,8,8,7,8,8,Education and Age,Metropolitan Areas,"CENSUS OF THE COMMONWEALTH OF AUSTRALIA, 1911-EDUCATION",0,,False
1911_census_volume_ii_part_iv_education,1911 Census - Volume II - Part IV Education.pdf,2112.0 - Volume II - Part IV Education,data\raw\abs_1911_census\1911 Census - Volume II - Part IV Education.pdf,182,7,"Number of Females Recorded in each Metropolitan Area of the Commonwealth, at the Census of 3rd April, 1911, Classified according to Education and Age",449,8,8,1,8,9,9,8,9,9,Education and Age,Metropolitan Areas,"CENSUS OF THE COMMONWEALTH OF AUSTRALIA, 1911-EDUCATION",0,,False
1911_census_volume_ii_part_iv_education,1911 Census - Volume II - Part IV Education.pdf,2112.0 - Volume II - Part IV Education,data\raw\abs_1911_census\1911 Census - Volume II - Part IV Education.pdf,182,8,"Number of Persons Recorded in each Metropolitan Area of the Commonwealth, at the Census of 3rd April, 1911, Classified according to Education and Age",450,9,10,2,9 | 10,10,11,9,11,11,Education and Age,Metropolitan Areas,"CENSUS OF THE COMMONWEALTH OF AUSTRALIA, 1911-EDUCATION",0,,False
1911_census_volume_ii_part_iv_education,1911 Census - Volume II - Part IV Education.pdf,2112.0 - Volume II - Part IV Education,data\raw\abs_1911_census\1911 Census - Volume II - Part IV Education.pdf,182,9,"New South Wales-Number of Males Recorded in each County, at the Census of 3rd April, 1911, Classified according to Education and Age",452,11,31,21,11 | 12 | 13 | 14 | 15 | 16 | 17 | 18 | 19 | 20 | 21 | 22 | 23 | 24 | 25 | 26 | 27 | 28 | 29 | 30 | 31,12,32,10,32,32,Education and Age,New South Wales (Counties),"CENSUS OF THE COMMONWEALTH OF AUSTRALIA, 1911-EDUCATION",0,,False
1911_census_volume_ii_part_iv_education,1911 Census - Volume II - Part IV Education.pdf,2112.0 - Volume II - Part IV Education,data\raw\abs_1911_census\1911 Census - Volume II - Part IV Education.pdf,182,10,"New South Wales-Number of Females Recorded in each County, at the Census of 3rd April, 1911, Classified according to Education and Age",473,32,50,19,32 | 33 | 34 | 35 | 36 | 37 | 38 | 39 | 40 | 41 | 42 | 43 | 44 | 45 | 46 | 47 | 48 | 49 | 50,33,51,11,51,51,Education and Age,New South Wales (Counties),"CENSUS OF THE COMMONWEALTH OF AUSTRALIA, 1911-EDUCATION",0,,False
1911_census_volume_ii_part_iv_education,1911 Census - Volume II - Part IV Education.pdf,2112.0 - Volume II - Part IV Education,data\raw\abs_1911_census\1911 Census - Volume II - Part IV Education.pdf,182,11,"New South Wales-Number of Persons Recorded in each County, at the Census of 3rd April, 1911, Classified according to Education and Age",492,51,71,21,51 | 52 | 53 | 54 | 55 | 56 | 57 | 58 | 59 | 60 | 61 | 62 | 63 | 64 | 65 | 66 | 67 | 68 | 69 | 70 | 71,52,72,12,72,72,Education and Age,New South Wales (Counties),"CENSUS OF THE COMMONWEALTH OF AUSTRALIA, 1911-EDUCATION",0,,False
1911_census_volume_ii_part_iv_education,1911 Census - Volume II - Part IV Education.pdf,2112.0 - Volume II - Part IV Education,data\raw\abs_1911_census\1911 Census - Volume II - Part IV Education.pdf,182,12,"Victoria-Number of Males Recorded in each County, at the Census of 3rd April, 1911, Classified according to Education and Age",513,72,77,6,72 | 73 | 74 | 75 | 76 | 77,73,78,13,78,78,Education and Age,Victoria (Counties),"CENSUS OF THE COMMONWEALTH OF AUSTRALIA, 1911-EDUCATION",0,,False
1911_census_volume_ii_part_iv_education,1911 Census - Volume II - Part IV Education.pdf,2112.0 - Volume II - Part IV Education,data\raw\abs_1911_census\1911 Census - Volume II - Part IV Education.pdf,182,13,"Victoria-Number of Females Recorded in each County, at the Census of 3rd April, 1911, Classified according to Education and Age",519,78,82,5,78 | 79 | 80 | 81 | 82,79,83,14,83,83,Education and Age,Victoria (Counties),"CENSUS OF THE COMMONWEALTH OF AUSTRALIA, 1911-EDUCATION",0,,False
1911_census_volume_ii_part_iv_education,1911 Census - Volume II - Part IV Education.pdf,2112.0 - Volume II - Part IV Education,data\raw\abs_1911_census\1911 Census - Volume II - Part IV Education.pdf,182,14,"Victoria-Number of Persons Recorded in each County, at the Census of 3rd April, 1911, Classified according to Education and Age",524,83,89,7,83 | 84 | 85 | 86 | 87 | 88 | 89,84,90,15,90,90,Education and Age,Victoria (Counties),"CENSUS OF THE COMMONWEALTH OF AUSTRALIA, 1911-EDUCATION",0,,False
1911_census_volume_ii_part_iv_education,1911 Census - Volume II - Part IV Education.pdf,2112.0 - Volume II - Part IV Education,data\raw\abs_1911_census\1911 Census - Volume II - Part IV Education.pdf,182,15,"Queensland-Number of Males Recorded in each Census District, at the Census of 3rd April, 1911, Classified according to Education and Age",531,90,100,11,90 | 91 | 92 | 93 | 94 | 95 | 96 | 97 | 98 | 99 | 100,91,101,16,101,101,Education and Age,Queensland (Census Districts),"CENSUS OF THE COMMONWEALTH OF AUSTRALIA, 1911-EDUCATION",0,,False
1911_census_volume_ii_part_iv_education,1911 Census - Volume II - Part IV Education.pdf,2112.0 - Volume II - Part IV Education,data\raw\abs_1911_census\1911 Census - Volume II - Part IV Education.pdf,182,16,"Queensland-Number of Females Recorded in each Census District, at the Census of 3rd April, 1911, Classified according to Education and Age",542,101,109,9,101 | 102 | 103 | 104 | 105 | 106 | 107 | 108 | 109,102,110,17,110,110,Education and Age,Queensland (Census Districts),"CENSUS OF THE COMMONWEALTH OF AUSTRALIA, 1911-EDUCATION",0,,False
1911_census_volume_ii_part_iv_education,1911 Census - Volume II - Part IV Education.pdf,2112.0 - Volume II - Part IV Education,data\raw\abs_1911_census\1911 Census - Volume II - Part IV Education.pdf,182,17,"Queensland-Number of Persons Recorded in each Census District, at the Census of 3rd April, 1911, Classified according to Education and Age",551,110,120,11,110 | 111 | 112 | 113 | 114 | 115 | 116 | 117 | 118 | 119 | 120,111,121,18,121,121,Education and Age,Queensland (Census Districts),"CENSUS OF THE COMMONWEALTH OF AUSTRALIA, 1911-EDUCATION",0,,False
1911_census_volume_ii_part_iv_education,1911 Census - Volume II - Part IV Education.pdf,2112.0 - Volume II - Part IV Education,data\raw\abs_1911_census\1911 Census - Volume II - Part IV Education.pdf,182,18,"South Australia-Number of Males Recorded in each County or Division, at the Census of 3rd April, 1911, Classified according to Education and Age",562,121,127,7,121 | 122 | 123 | 124 | 125 | 126 | 127,122,128,19,128,128,Education and Age,South Australia (Counties/Divisions),"CENSUS OF THE COMMONWEALTH OF AUSTRALIA, 1911-EDUCATION",0,,False
1911_census_volume_ii_part_iv_education,1911 Census - Volume II - Part IV Education.pdf,2112.0 - Volume II - Part IV Education,data\raw\abs_1911_census\1911 Census - Volume II - Part IV Education.pdf,182,19,"South Australia-Number of Females Recorded in each County or Division, at the Census of 3rd April, 1911, Classified according to Education and Age",569,128,133,6,128 | 129 | 130 | 131 | 132 | 133,129,134,20,134,134,Education and Age,South Australia (Counties/Divisions),"CENSUS OF THE COMMONWEALTH OF AUSTRALIA, 1911-EDUCATION",0,,False
1911_census_volume_ii_part_iv_education,1911 Census - Volume II - Part IV Education.pdf,2112.0 - Volume II - Part IV Education,data\raw\abs_1911_census\1911 Census - Volume II - Part IV Education.pdf,182,20,"South Australia-Number of Persons Recorded in each County or Division, at the Census of 3rd April, 1911, Classified according to Education and Age",575,134,141,8,134 | 135 | 136 | 137 | 138 | 139 | 140 | 141,135,142,21,142,142,Education and Age,South Australia (Counties/Divisions),"CENSUS OF THE COMMONWEALTH OF AUSTRALIA, 1911-EDUCATION",0,,False
1911_census_volume_ii_part_iv_education,1911 Census - Volume II - Part IV Education.pdf,2112.0 - Volume II - Part IV Education,data\raw\abs_1911_census\1911 Census - Volume II - Part IV Education.pdf,182,21,"Western Australia-Number of Males Recorded in each Statistical District, at the Census of 3rd April, 1911, Classified according to Education and Age",583,142,145,4,142 | 143 | 144 | 145,143,146,22,146,146,Education and Age,Western Australia (Statistical Districts),"CENSUS OF THE COMMONWEALTH OF AUSTRALIA, 1911-EDUCATION",0,,False
1911_census_volume_ii_part_iv_education,1911 Census - Volume II - Part IV Education.pdf,2112.0 - Volume II - Part IV Education,data\raw\abs_1911_census\1911 Census - Volume II - Part IV Education.pdf,182,22,"Western Australia-Number of Females Recorded in each Statistical District, at the Census of 3rd April, 1911, Classified according to Education and Age",587,146,149,4,146 | 147 | 148 | 149,147,150,23,150,150,Education and Age,Western Australia (Statistical Districts),"CENSUS OF THE COMMONWEALTH OF AUSTRALIA, 1911-EDUCATION",0,,False
1911_census_volume_ii_part_iv_education,1911 Census - Volume II - Part IV Education.pdf,2112.0 - Volume II - Part IV Education,data\raw\abs_1911_census\1911 Census - Volume II - Part IV Education.pdf,182,23,"Western Australia-Number of Persons Recorded in each Statistical District, at the Census of 3rd April, 1911, Classified according to Education and Age",591,150,153,4,150 | 151 | 152 | 153,151,154,24,154,154,Education and Age,Western Australia (Statistical Districts),"CENSUS OF THE COMMONWEALTH OF AUSTRALIA, 1911-EDUCATION",0,,False
1911_census_volume_ii_part_iv_education,1911 Census - Volume II - Part IV Education.pdf,2112.0 - Volume II - Part IV Education,data\raw\abs_1911_census\1911 Census - Volume II - Part IV Education.pdf,182,24,"Tasmania-Number of Males Recorded in each Municipality, at the Census of 3rd April, 1911, Classified according to Education and Age",595,154,159,6,154 | 155 | 156 | 157 | 158 | 159,155,160,25,160,160,Education and Age,Tasmania (Municipalities),"CENSUS OF THE COMMONWEALTH OF AUSTRALIA, 1911-EDUCATION",0,,False
1911_census_volume_ii_part_iv_education,1911 Census - Volume II - Part IV Education.pdf,2112.0 - Volume II - Part IV Education,data\raw\abs_1911_census\1911 Census - Volume II - Part IV Education.pdf,182,25,"Tasmania-Number of Females Recorded in each Municipality, at the Census of 3rd April, 1911, Classified according to Education and Age",601,160,166,7,160 | 161 | 162 | 163 | 164 | 165 | 166,161,167,26,167,167,Education and Age,Tasmania (Municipalities),"CENSUS OF THE COMMONWEALTH OF AUSTRALIA, 1911-EDUCATION",0,,False
1911_census_volume_ii_part_iv_education,1911 Census - Volume II - Part IV Education.pdf,2112.0 - Volume II - Part IV Education,data\raw\abs_1911_census\1911 Census - Volume II - Part IV Education.pdf,182,26,"Tasmania-Number of Persons Recorded in each Municipality, at the Census of 3rd April, 1911, Classified according to Education and Age",608,167,173,7,167 | 168 | 169 | 170 | 171 | 172 | 173,168,174,27,174,174,Education and Age,Tasmania (Municipalities),"CENSUS OF THE COMMONWEALTH OF AUSTRALIA, 1911-EDUCATION",0,,False
1911_census_volume_ii_part_iv_education,1911 Census - Volume II - Part IV Education.pdf,2112.0 - Volume II - Part IV Education,data\raw\abs_1911_census\1911 Census - Volume II - Part IV Education.pdf,182,27,"Northern Territory-Number of Males Recorded in each County, at the Census of 3rd April, 1911, Classified according to Education and Age",615,174,174,1,174,175,175,28,175,175,Education and Age,Northern Territory (Counties),"CENSUS OF THE COMMONWEALTH OF AUSTRALIA, 1911-EDUCATION",0,,False
1911_census_volume_ii_part_iv_education,1911 Census - Volume II - Part IV Education.pdf,2112.0 - Volume II - Part IV Education,data\raw\abs_1911_census\1911 Census - Volume II - Part IV Education.pdf,182,28,"Northern Territory-Number of Females Recorded in each County, at the Census of 3rd April, 1911, Classified according to Education and Age",616,175,175,1,175,176,176,29,176,176,Education and Age,Northern Territory (Counties),"CENSUS OF THE COMMONWEALTH OF AUSTRALIA, 1911-EDUCATION",0,,False
1911_census_volume_ii_part_iv_education,1911 Census - Volume II - Part IV Education.pdf,2112.0 - Volume II - Part IV Education,data\raw\abs_1911_census\1911 Census - Volume II - Part IV Education.pdf,182,29,"Northern Territory-Number of Persons Recorded in each County, at the Census of 3rd April, 1911, Classified according to Education and Age",617,176,176,1,176,177,177,30,177,177,Education and Age,Northern Territory (Counties),"CENSUS OF THE COMMONWEALTH OF AUSTRALIA, 1911-EDUCATION",0,,False
1911_census_volume_ii_part_iv_education,1911 Census - Volume II - Part IV Education.pdf,2112.0 - Volume II - Part IV Education,data\raw\abs_1911_census\1911 Census - Volume II - Part IV Education.pdf,182,30,"Federal Capital Territory-Number of Persons Recorded in each Division, at the Census of 3rd April, 1911, Classified according to Education, Age, and Sex",618,177,177,1,177,178,178,31,178,178,"Education, Age, and Sex",Federal Capital Territory (Divisions),"CENSUS OF THE COMMONWEALTH OF AUSTRALIA, 1911-EDUCATION",0,,False
1911_census_volume_ii_part_iv_education,1911 Census - Volume II - Part IV Education.pdf,2112.0 - Volume II - Part IV Education,data\raw\abs_1911_census\1911 Census - Volume II - Part IV Education.pdf,182,31,"Number of Aboriginal Males Recorded in each State and Territory of the Commonwealth, at the Census of 3rd April, 1911, Classified according to Education and Age",619,178,178,1,178,179,179,32,179,179,Education and Age (Aboriginal),"Commonwealth, States and Territories","CENSUS OF THE COMMONWEALTH OF AUSTRALIA, 1911-EDUCATION",0,,False
1911_census_volume_ii_part_iv_education,1911 Census - Volume II - Part IV Education.pdf,2112.0 - Volume II - Part IV Education,data\raw\abs_1911_census\1911 Census - Volume II - Part IV Education.pdf,182,32,"Number of Aboriginal Females Recorded in each State and Territory of the Commonwealth, at the Census of 3rd April, 1911, Classified according to Education and Age",620,179,179,1,179,180,180,33,180,180,Education and Age (Aboriginal),"Commonwealth, States and Territories","CENSUS OF THE COMMONWEALTH OF AUSTRALIA, 1911-EDUCATION",0,,False
1911_census_volume_ii_part_iv_education,1911 Census - Volume II - Part IV Education.pdf,2112.0 - Volume II - Part IV Education,data\raw\abs_1911_census\1911 Census - Volume II - Part IV Education.pdf,182,33,"Number of Aboriginal Persons Recorded in each State and Territory of the Commonwealth, at the Census of 3rd April, 1911, Classified according to Education and Age",621,180,181,2,180 | 181,181,182,,,,Education and Age (Aboriginal),"Commonwealth, States and Territories","CENSUS OF THE COMMONWEALTH OF AUSTRALIA, 1911-EDUCATION",0,final_table_in_document,False
1911_census_volume_ii_part_v_schooling,1911 Census - Volume II - Part V Schooling.pdf,2112.0 - Volume II - Part V Schooling,data\raw\abs_1911_census\1911 Census - Volume II - Part V Schooling.pdf,124,1,"Number of Persons of all Ages Recorded in each State and Territory of the Commonwealth, at the Census of 3rd April, 1911, Classified according to Schooling and Sex",625,2,2,1,2,3,3,2,3,3,Schooling and Sex,"Commonwealth, States and Territories",Part V Schooling,0,,False
1911_census_volume_ii_part_v_schooling,1911 Census - Volume II - Part V Schooling.pdf,2112.0 - Volume II - Part V Schooling,data\raw\abs_1911_census\1911 Census - Volume II - Part V Schooling.pdf,124,2,"Number of Children Aged last Birthday from 6 to 13 Years Recorded in each State and Territory of the Commonwealth, at the Census of 3rd April, 1911, Classified according to Schooling and Sex",626,3,3,1,3,4,4,3,4,4,Schooling and Sex (Aged 6 to 13),"Commonwealth, States and Territories",Part V Schooling,0,,False
1911_census_volume_ii_part_v_schooling,1911 Census - Volume II - Part V Schooling.pdf,2112.0 - Volume II - Part V Schooling,data\raw\abs_1911_census\1911 Census - Volume II - Part V Schooling.pdf,124,3,"Number of Males Recorded in each State and Territory of the Commonwealth, at the Census of 3rd April, 1911, Classified according to Schooling and Age",627,4,4,1,4,5,5,4,5,5,Schooling and Age (Males),"Commonwealth, States and Territories",Part V Schooling,0,,False
1911_census_volume_ii_part_v_schooling,1911 Census - Volume II - Part V Schooling.pdf,2112.0 - Volume II - Part V Schooling,data\raw\abs_1911_census\1911 Census - Volume II - Part V Schooling.pdf,124,4,"Number of Females Recorded in each State and Territory of the Commonwealth, at the Census of 3rd April, 1911, Classified according to Schooling and Age",628,5,5,1,5,6,6,5,6,6,Schooling and Age (Females),"Commonwealth, States and Territories",Part V Schooling,0,,False
1911_census_volume_ii_part_v_schooling,1911 Census - Volume II - Part V Schooling.pdf,2112.0 - Volume II - Part V Schooling,data\raw\abs_1911_census\1911 Census - Volume II - Part V Schooling.pdf,124,5,"Number of Persons Recorded in each State and Territory of the Commonwealth, at the Census of 3rd April, 1911, Classified according to Schooling and Age",629,6,6,1,6,7,7,6,7,7,Schooling and Age (Persons),"Commonwealth, States and Territories",Part V Schooling,0,,False
1911_census_volume_ii_part_v_schooling,1911 Census - Volume II - Part V Schooling.pdf,2112.0 - Volume II - Part V Schooling,data\raw\abs_1911_census\1911 Census - Volume II - Part V Schooling.pdf,124,6,"Number of Males Recorded in each Metropolitan Area of the Commonwealth, at the Census of 3rd April, 1911, Classified according to Schooling and Age",630,7,7,1,7,8,8,7,8,8,Schooling and Age (Males),Metropolitan Areas,Part V Schooling,0,,False
1911_census_volume_ii_part_v_schooling,1911 Census - Volume II - Part V Schooling.pdf,2112.0 - Volume II - Part V Schooling,data\raw\abs_1911_census\1911 Census - Volume II - Part V Schooling.pdf,124,7,"Number of Females Recorded in each Metropolitan Area of the Commonwealth, at the Census of 3rd April, 1911, Classified according to Schooling and Age",631,8,8,1,8,9,9,8,9,9,Schooling and Age (Females),Metropolitan Areas,Part V Schooling,0,,False
1911_census_volume_ii_part_v_schooling,1911 Census - Volume II - Part V Schooling.pdf,2112.0 - Volume II - Part V Schooling,data\raw\abs_1911_census\1911 Census - Volume II - Part V Schooling.pdf,124,8,"Number of Persons Recorded in each Metropolitan Area of the Commonwealth, at the Census of 3rd April, 1911, Classified according to Schooling and Age",632,9,9,1,9,10,10,9,10,10,Schooling and Age (Persons),Metropolitan Areas,Part V Schooling,0,,False
1911_census_volume_ii_part_v_schooling,1911 Census - Volume II - Part V Schooling.pdf,2112.0 - Volume II - Part V Schooling,data\raw\abs_1911_census\1911 Census - Volume II - Part V Schooling.pdf,124,9,"New South Wales-Number of Males Recorded in each County, at the Census of 3rd April, 1911, Classified according to Schooling and Age",633,10,22,13,10 | 11 | 12 | 13 | 14 | 15 | 16 | 17 | 18 | 19 | 20 | 21 | 22,11,23,10,23,23,Schooling and Age (Males),New South Wales (Counties),Part V Schooling,0,,False
1911_census_volume_ii_part_v_schooling,1911 Census - Volume II - Part V Schooling.pdf,2112.0 - Volume II - Part V Schooling,data\raw\abs_1911_census\1911 Census - Volume II - Part V Schooling.pdf,124,10,"New South Wales-Number of Females Recorded in each County, at the Census of 3rd April, 1911, Classified according to Schooling and Age",646,23,35,13,23 | 24 | 25 | 26 | 27 | 28 | 29 | 30 | 31 | 32 | 33 | 34 | 35,24,36,11,36,36,Schooling and Age (Females),New South Wales (Counties),Part V Schooling,0,,False
1911_census_volume_ii_part_v_schooling,1911 Census - Volume II - Part V Schooling.pdf,2112.0 - Volume II - Part V Schooling,data\raw\abs_1911_census\1911 Census - Volume II - Part V Schooling.pdf,124,11,"New South Wales-Number of Persons Recorded in each County, at the Census of 3rd April, 1911, Classified according to Schooling and Age",659,36,49,14,36 | 37 | 38 | 39 | 40 | 41 | 42 | 43 | 44 | 45 | 46 | 47 | 48 | 49,37,50,12,50,50,Schooling and Age (Persons),New South Wales (Counties),Part V Schooling,0,,False
1911_census_volume_ii_part_v_schooling,1911 Census - Volume II - Part V Schooling.pdf,2112.0 - Volume II - Part V Schooling,data\raw\abs_1911_census\1911 Census - Volume II - Part V Schooling.pdf,124,12,"Victoria-Number of Males Recorded in each County, at the Census of 3rd April, 1911, Classified according to Schooling and Age",673,50,52,3,50 | 51 | 52,51,53,13,53,53,Schooling and Age (Males),Victoria (Counties),Part V Schooling,0,,False
1911_census_volume_ii_part_v_schooling,1911 Census - Volume II - Part V Schooling.pdf,2112.0 - Volume II - Part V Schooling,data\raw\abs_1911_census\1911 Census - Volume II - Part V Schooling.pdf,124,13,"Victoria-Number of Females Recorded in each County, at the Census of 3rd April, 1911, Classified according to Schooling and Age",676,53,56,4,53 | 54 | 55 | 56,54,57,14,57,57,Schooling and Age (Females),Victoria (Counties),Part V Schooling,0,,False
1911_census_volume_ii_part_v_schooling,1911 Census - Volume II - Part V Schooling.pdf,2112.0 - Volume II - Part V Schooling,data\raw\abs_1911_census\1911 Census - Volume II - Part V Schooling.pdf,124,14,"Victoria-Number of Persons Recorded in each County, at the Census of 3rd April, 1911, Classified according to Schooling and Age",680,57,60,4,57 | 58 | 59 | 60,58,61,15,61,61,Schooling and Age (Persons),Victoria (Counties),Part V Schooling,0,,False
1911_census_volume_ii_part_v_schooling,1911 Census - Volume II - Part V Schooling.pdf,2112.0 - Volume II - Part V Schooling,data\raw\abs_1911_census\1911 Census - Volume II - Part V Schooling.pdf,124,15,"Queensland-Number of Males Recorded in each Census District, at the Census of 3rd April, 1911, Classified according to Schooling and Age",684,61,67,7,61 | 62 | 63 | 64 | 65 | 66 | 67,62,68,16,68,68,Schooling and Age (Males),Queensland (Census Districts),Part V Schooling,0,,False
1911_census_volume_ii_part_v_schooling,1911 Census - Volume II - Part V Schooling.pdf,2112.0 - Volume II - Part V Schooling,data\raw\abs_1911_census\1911 Census - Volume II - Part V Schooling.pdf,124,16,"Queensland-Number of Females Recorded in each Census District, at the Census of 3rd April, 1911, Classified according to Schooling and Age",691,68,73,6,68 | 69 | 70 | 71 | 72 | 73,69,74,17,74,74,Schooling and Age (Females),Queensland (Census Districts),Part V Schooling,0,,False
1911_census_volume_ii_part_v_schooling,1911 Census - Volume II - Part V Schooling.pdf,2112.0 - Volume II - Part V Schooling,data\raw\abs_1911_census\1911 Census - Volume II - Part V Schooling.pdf,124,17,"Queensland-Number of Persons Recorded in each Census District, at the Census of 3rd April, 1911, Classified according to Schooling and Age",697,74,80,7,74 | 75 | 76 | 77 | 78 | 79 | 80,75,81,18,81,81,Schooling and Age (Persons),Queensland (Census Districts),Part V Schooling,0,,False
1911_census_volume_ii_part_v_schooling,1911 Census - Volume II - Part V Schooling.pdf,2112.0 - Volume II - Part V Schooling,data\raw\abs_1911_census\1911 Census - Volume II - Part V Schooling.pdf,124,18,"South Australia-Number of Males Recorded in each County or Division, at the Census of 3rd April, 1911, Classified according to Schooling and Age",704,81,84,4,81 | 82 | 83 | 84,82,85,19,85,85,Schooling and Age (Males),South Australia (Counties or Divisions),Part V Schooling,0,,False
1911_census_volume_ii_part_v_schooling,1911 Census - Volume II - Part V Schooling.pdf,2112.0 - Volume II - Part V Schooling,data\raw\abs_1911_census\1911 Census - Volume II - Part V Schooling.pdf,124,19,"South Australia-Number of Females Recorded in each County or Division, at the Census of 3rd April, 1911, Classified according to Schooling and Age",708,85,89,5,85 | 86 | 87 | 88 | 89,86,90,20,90,90,Schooling and Age (Females),South Australia (Counties or Divisions),Part V Schooling,0,,False
1911_census_volume_ii_part_v_schooling,1911 Census - Volume II - Part V Schooling.pdf,2112.0 - Volume II - Part V Schooling,data\raw\abs_1911_census\1911 Census - Volume II - Part V Schooling.pdf,124,20,"South Australia-Number of Persons Recorded in each County or Division, at the Census of 3rd April, 1911, Classified according to Schooling and Age",713,90,94,5,90 | 91 | 92 | 93 | 94,91,95,21,95,95,Schooling and Age (Persons),South Australia (Counties or Divisions),Part V Schooling,0,,False
1911_census_volume_ii_part_v_schooling,1911 Census - Volume II - Part V Schooling.pdf,2112.0 - Volume II - Part V Schooling,data\raw\abs_1911_census\1911 Census - Volume II - Part V Schooling.pdf,124,21,"Western Australia-Number of Males Recorded in each Statistical District, at the Census of 3rd April, 1911, Classified according to Schooling and Age",718,95,96,2,95 | 96,96,97,22,97,97,Schooling and Age (Males),Western Australia (Statistical Districts),Part V Schooling,0,,False
1911_census_volume_ii_part_v_schooling,1911 Census - Volume II - Part V Schooling.pdf,2112.0 - Volume II - Part V Schooling,data\raw\abs_1911_census\1911 Census - Volume II - Part V Schooling.pdf,124,22,"Western Australia-Number of Females Recorded in each Statistical District, at the Census of 3rd April, 1911, Classified according to Schooling and Age",720,97,99,3,97 | 98 | 99,98,100,23,100,100,Schooling and Age (Females),Western Australia (Statistical Districts),Part V Schooling,0,,False
1911_census_volume_ii_part_v_schooling,1911 Census - Volume II - Part V Schooling.pdf,2112.0 - Volume II - Part V Schooling,data\raw\abs_1911_census\1911 Census - Volume II - Part V Schooling.pdf,124,23,"Western Australia- Number of Persons Recorded in each Statistical District, at the Census of 3rd April, 1911, Classified according to Schooling and Age",723,100,102,3,100 | 101 | 102,101,103,24,103,103,Schooling and Age (Persons),Western Australia (Statistical Districts),Part V Schooling,0,,False
1911_census_volume_ii_part_v_schooling,1911 Census - Volume II - Part V Schooling.pdf,2112.0 - Volume II - Part V Schooling,data\raw\abs_1911_census\1911 Census - Volume II - Part V Schooling.pdf,124,24,"Tasmania-Number of Males Recorded in each Municipality, at the Census of 3rd April, 1911, Classified according to Schooling and Age",726,103,107,5,103 | 104 | 105 | 106 | 107,104,108,25,108,108,Schooling and Age (Males),Tasmania (Municipalities),Part V Schooling,0,,False
1911_census_volume_ii_part_v_schooling,1911 Census - Volume II - Part V Schooling.pdf,2112.0 - Volume II - Part V Schooling,data\raw\abs_1911_census\1911 Census - Volume II - Part V Schooling.pdf,124,25,"Tasmania-Number of Females Recorded in each Municipality, at the Census of 3rd April, 1911, Classified according to Schooling and Age",731,108,112,5,108 | 109 | 110 | 111 | 112,109,113,26,113,113,Schooling and Age (Females),Tasmania (Municipalities),Part V Schooling,0,,False
1911_census_volume_ii_part_v_schooling,1911 Census - Volume II - Part V Schooling.pdf,2112.0 - Volume II - Part V Schooling,data\raw\abs_1911_census\1911 Census - Volume II - Part V Schooling.pdf,124,26,"Tasmania-Number of Persons Recorded in each Municipality, at the Census of 3rd April, 1911, Classified according to Schooling and Age",736,113,117,5,113 | 114 | 115 | 116 | 117,114,118,27,118,118,Schooling and Age (Persons),Tasmania (Municipalities),Part V Schooling,0,,False
1911_census_volume_ii_part_v_schooling,1911 Census - Volume II - Part V Schooling.pdf,2112.0 - Volume II - Part V Schooling,data\raw\abs_1911_census\1911 Census - Volume II - Part V Schooling.pdf,124,27,"Northern Territory-Number of Males Recorded in each County, at the Census of 3rd April, 1911, Classified according to Schooling and Age",741,118,118,1,118,119,119,28,119,119,Schooling and Age (Males),Northern Territory (Counties),Part V Schooling,0,,False
1911_census_volume_ii_part_v_schooling,1911 Census - Volume II - Part V Schooling.pdf,2112.0 - Volume II - Part V Schooling,data\raw\abs_1911_census\1911 Census - Volume II - Part V Schooling.pdf,124,28,"Northern Territory-Number of Females Recorded in each County, at the Census of 3rd April, 1911, Classified according to Schooling and Age",742,119,119,1,119,120,120,29,119,120,Schooling and Age (Females),Northern Territory (Counties),Part V Schooling,0,same_page_as_next_table_start,True
1911_census_volume_ii_part_v_schooling,1911 Census - Volume II - Part V Schooling.pdf,2112.0 - Volume II - Part V Schooling,data\raw\abs_1911_census\1911 Census - Volume II - Part V Schooling.pdf,124,29,"Northern Territory-Number of Persons Recorded in each County, at the Census of 3rd April, 1911, Classified according to Schooling and Age",742,119,119,1,119,120,120,30,120,120,Schooling and Age (Persons),Northern Territory (Counties),Part V Schooling,0,same_page_as_previous_table_start,True
1911_census_volume_ii_part_v_schooling,1911 Census - Volume II - Part V Schooling.pdf,2112.0 - Volume II - Part V Schooling,data\raw\abs_1911_census\1911 Census - Volume II - Part V Schooling.pdf,124,30,"Federal Capital Territory-Number of Persons Recorded in each Division, at the Census of 3rd April, 1911, Classified according to Schooling, Age, and Sex",743,120,120,1,120,121,121,31,121,121,"Schooling, Age, and Sex",Federal Capital Territory (Divisions),Part V Schooling,0,,False
1911_census_volume_ii_part_v_schooling,1911 Census - Volume II - Part V Schooling.pdf,2112.0 - Volume II - Part V Schooling,data\raw\abs_1911_census\1911 Census - Volume II - Part V Schooling.pdf,124,31,"Number of Aboriginal Males Recorded in each State and Territory, of the Commonwealth, at the Census of 3rd April, 1911, Classified according to Schooling and Age",744,121,121,1,121,122,122,32,122,122,Aboriginal Schooling and Age (Males),"Commonwealth, States and Territories",Part V Schooling,0,,False
1911_census_volume_ii_part_v_schooling,1911 Census - Volume II - Part V Schooling.pdf,2112.0 - Volume II - Part V Schooling,data\raw\abs_1911_census\1911 Census - Volume II - Part V Schooling.pdf,124,32,"Number of Aboriginal Females Recorded in each State and Territory of the Commonwealth, at the Census of 3rd April, 1911, Classified according to Schooling and Age",745,122,122,1,122,123,123,33,123,123,Aboriginal Schooling and Age (Females),"Commonwealth, States and Territories",Part V Schooling,0,,False
1911_census_volume_ii_part_v_schooling,1911 Census - Volume II - Part V Schooling.pdf,2112.0 - Volume II - Part V Schooling,data\raw\abs_1911_census\1911 Census - Volume II - Part V Schooling.pdf,124,33,"Number of Aboriginal Persons Recorded in each State and Territory of the Commonwealth, at the Census of 3rd April, 1911, Classified according to Schooling and Age",746,123,123,1,123,124,124,,,,Aboriginal Schooling and Age (Persons),"Commonwealth, States and Territories",Part V Schooling,0,final_table_in_document,False
1911_census_volume_ii_part_vi_religions,1911 Census - Volume II - Part VI Religions.pdf,2112.0 - Volume II - Part VI Religions,data\raw\abs_1911_census\1911 Census - Volume II - Part VI Religions.pdf,119,1,"Male Population of the States and Territories of the Commonwealth, at the Census of 3rd April, 1911, Classified according to Religion",751,4,10,7,4 | 5 | 6 | 7 | 8 | 9 | 10,5,11,2,11,11,Religions,States and Territories of the Commonwealth,Part VI Religions,0,,False
1911_census_volume_ii_part_vi_religions,1911 Census - Volume II - Part VI Religions.pdf,2112.0 - Volume II - Part VI Religions,data\raw\abs_1911_census\1911 Census - Volume II - Part VI Religions.pdf,119,2,"Female Population of the States and Territories of the Commonwealth, at the Census of 3rd April, 1911, Classified according to Religion",758,11,16,6,11 | 12 | 13 | 14 | 15 | 16,12,17,3,17,17,Religions,States and Territories of the Commonwealth,Part VI Religions,0,,False
1911_census_volume_ii_part_vi_religions,1911 Census - Volume II - Part VI Religions.pdf,2112.0 - Volume II - Part VI Religions,data\raw\abs_1911_census\1911 Census - Volume II - Part VI Religions.pdf,119,3,"Total Population of the States and Territories of the Commonwealth, at the Census of 3rd April, 1911, Classified according to Religion",764,17,23,7,17 | 18 | 19 | 20 | 21 | 22 | 23,18,24,4,24,24,Religions,States and Territories of the Commonwealth,Part VI Religions,0,,False
1911_census_volume_ii_part_vi_religions,1911 Census - Volume II - Part VI Religions.pdf,2112.0 - Volume II - Part VI Religions,data\raw\abs_1911_census\1911 Census - Volume II - Part VI Religions.pdf,119,4,"Population of the Commonwealth, at the Censuses of 1891, 1901, and 1911, Classified according to Religion and Sex",771,24,24,1,24,25,25,5,25,25,Religions,Commonwealth of Australia,Part VI Religions,0,,False
1911_census_volume_ii_part_vi_religions,1911 Census - Volume II - Part VI Religions.pdf,2112.0 - Volume II - Part VI Religions,data\raw\abs_1911_census\1911 Census - Volume II - Part VI Religions.pdf,119,5,"Male Population of the Commonwealth, at the Census of 3rd April, 1911, Classified according to Religion Age, Education and Conjugal Condition",772,25,26,2,25 | 26,26,27,6,27,27,Religions,Commonwealth of Australia,Part VI Religions,0,,False
1911_census_volume_ii_part_vi_religions,1911 Census - Volume II - Part VI Religions.pdf,2112.0 - Volume II - Part VI Religions,data\raw\abs_1911_census\1911 Census - Volume II - Part VI Religions.pdf,119,6,"Female Population of the Commonwealth, at the Census of 3rd April, 1911, Classified according to Religion, Age, Education, and Conjugal Condition",774,27,28,2,27 | 28,28,29,7,29,29,Religions,Commonwealth of Australia,Part VI Religions,0,,False
1911_census_volume_ii_part_vi_religions,1911 Census - Volume II - Part VI Religions.pdf,2112.0 - Volume II - Part VI Religions,data\raw\abs_1911_census\1911 Census - Volume II - Part VI Religions.pdf,119,7,"Total Population of the Commonwealth, at the Census of 3rd April, 1911, Classified according to Religion, Age, Education, and Conjugal Condition",776,29,30,2,29 | 30,30,31,8,31,31,Religions,Commonwealth of Australia,Part VI Religions,0,,False
1911_census_volume_ii_part_vi_religions,1911 Census - Volume II - Part VI Religions.pdf,2112.0 - Volume II - Part VI Religions,data\raw\abs_1911_census\1911 Census - Volume II - Part VI Religions.pdf,119,8,"Male Population of the State of New South Wales, at the Census of 3rd April, 1911, Classified according to Religion, Age, Education, and Conjugal Condition",778,31,32,2,31 | 32,32,33,9,33,33,Religions,New South Wales,Part VI Religions,0,,False
1911_census_volume_ii_part_vi_religions,1911 Census - Volume II - Part VI Religions.pdf,2112.0 - Volume II - Part VI Religions,data\raw\abs_1911_census\1911 Census - Volume II - Part VI Religions.pdf,119,9,"Female Population of the State of New South Wales, at the Census of 3rd April, 1911, Classified according to Religion, Age, Education, and Conjugal Condition",780,33,34,2,33 | 34,34,35,10,35,35,Religions,New South Wales,Part VI Religions,0,,False
1911_census_volume_ii_part_vi_religions,1911 Census - Volume II - Part VI Religions.pdf,2112.0 - Volume II - Part VI Religions,data\raw\abs_1911_census\1911 Census - Volume II - Part VI Religions.pdf,119,10,"Total Population of the State of New South Wales, at the Census of 3rd April, 1911, Classified according to Religion, Age, Education, and Conjugal Condition",782,35,36,2,35 | 36,36,37,11,37,37,Religions,New South Wales,Part VI Religions,0,,False
1911_census_volume_ii_part_vi_religions,1911 Census - Volume II - Part VI Religions.pdf,2112.0 - Volume II - Part VI Religions,data\raw\abs_1911_census\1911 Census - Volume II - Part VI Religions.pdf,119,11,"Male Population of the State of Victoria, at the Census of 3rd April, 1911, Classified according to Religion, Age, Education, and Conjugal Condition",784,37,38,2,37 | 38,38,39,12,39,39,Religions,Victoria,Part VI Religions,0,,False
1911_census_volume_ii_part_vi_religions,1911 Census - Volume II - Part VI Religions.pdf,2112.0 - Volume II - Part VI Religions,data\raw\abs_1911_census\1911 Census - Volume II - Part VI Religions.pdf,119,12,"Female Population of the State of Victoria, at the Census of 3rd April, 1911, Classified according to Religion, Age, Education, and Conjugal Condition",786,39,40,2,39 | 40,40,41,13,41,41,Religions,Victoria,Part VI Religions,0,,False
1911_census_volume_ii_part_vi_religions,1911 Census - Volume II - Part VI Religions.pdf,2112.0 - Volume II - Part VI Religions,data\raw\abs_1911_census\1911 Census - Volume II - Part VI Religions.pdf,119,13,"Total Population of the State of Victoria, at the Census of 3rd April, 1911, Classified according to Religion, Age, Education, and Conjugal Condition",788,41,42,2,41 | 42,42,43,14,43,43,Religions,Victoria,Part VI Religions,0,,False
1911_census_volume_ii_part_vi_religions,1911 Census - Volume II - Part VI Religions.pdf,2112.0 - Volume II - Part VI Religions,data\raw\abs_1911_census\1911 Census - Volume II - Part VI Religions.pdf,119,14,"Male Population of the State of Queensland, at the Census of 3rd April, 1911, Classified according to Religion, Age, Education, and Conjugal Condition",790,43,44,2,43 | 44,44,45,15,45,45,Religions,Queensland,Part VI Religions,0,,False
1911_census_volume_ii_part_vi_religions,1911 Census - Volume II - Part VI Religions.pdf,2112.0 - Volume II - Part VI Religions,data\raw\abs_1911_census\1911 Census - Volume II - Part VI Religions.pdf,119,15,"Female Population of the State of Queensland, at the Census of 3rd April, 1911, Classified according to Religion, Age, Education, and Conjugal Condition",792,45,46,2,45 | 46,46,47,16,47,47,Religions,Queensland,Part VI Religions,0,,False
1911_census_volume_ii_part_vi_religions,1911 Census - Volume II - Part VI Religions.pdf,2112.0 - Volume II - Part VI Religions,data\raw\abs_1911_census\1911 Census - Volume II - Part VI Religions.pdf,119,16,"Total Population of the State of Queensland, at the Census of 3rd April, 1911, Classified according to Religion, Age, Education, and Conjugal Condition",794,47,48,2,47 | 48,48,49,17,49,49,Religions,Queensland,Part VI Religions,0,,False
1911_census_volume_ii_part_vi_religions,1911 Census - Volume II - Part VI Religions.pdf,2112.0 - Volume II - Part VI Religions,data\raw\abs_1911_census\1911 Census - Volume II - Part VI Religions.pdf,119,17,"Male Population of the State of South Australia, at the Census of 3rd April, 1911, Classified according to Religion, Age, Education, and Conjugal Condition",796,49,50,2,49 | 50,50,51,18,51,51,Religions,South Australia,Part VI Religions,0,,False
1911_census_volume_ii_part_vi_religions,1911 Census - Volume II - Part VI Religions.pdf,2112.0 - Volume II - Part VI Religions,data\raw\abs_1911_census\1911 Census - Volume II - Part VI Religions.pdf,119,18,"Female Population of the State of South Australia, at the Census of 3rd April, 1911, Classified according to Religion, Age, Education, and Conjugal Condition",798,51,52,2,51 | 52,52,53,19,53,53,Religions,South Australia,Part VI Religions,0,,False
1911_census_volume_ii_part_vi_religions,1911 Census - Volume II - Part VI Religions.pdf,2112.0 - Volume II - Part VI Religions,data\raw\abs_1911_census\1911 Census - Volume II - Part VI Religions.pdf,119,19,"Total Population of the State of South Australia, at the Census of 3rd April, 1911, Classified according to Religion, Age, Education, and Conjugal Condition",800,53,54,2,53 | 54,54,55,20,55,55,Religions,South Australia,Part VI Religions,0,,False
1911_census_volume_ii_part_vi_religions,1911 Census - Volume II - Part VI Religions.pdf,2112.0 - Volume II - Part VI Religions,data\raw\abs_1911_census\1911 Census - Volume II - Part VI Religions.pdf,119,20,"Male Population of the State of Western Australia, at the Census of 3rd April, 1911, Classified according to Religion, Age, Education, and Conjugal Condition",802,55,56,2,55 | 56,56,57,21,57,57,Religions,Western Australia,Part VI Religions,0,,False
1911_census_volume_ii_part_vi_religions,1911 Census - Volume II - Part VI Religions.pdf,2112.0 - Volume II - Part VI Religions,data\raw\abs_1911_census\1911 Census - Volume II - Part VI Religions.pdf,119,21,"Female Population of the State of Western Australia, at the Census of 3rd April, 1911, Classified according to Religion, Age, Education, and Conjugal Condition",804,57,58,2,57 | 58,58,59,22,59,59,Religions,Western Australia,Part VI Religions,0,,False
1911_census_volume_ii_part_vi_religions,1911 Census - Volume II - Part VI Religions.pdf,2112.0 - Volume II - Part VI Religions,data\raw\abs_1911_census\1911 Census - Volume II - Part VI Religions.pdf,119,22,"Total Population of the State of Western Australia, at the Census of 3rd April, 1911, Classified according to Religion, Age, Education, and Conjugal Condition",806,59,60,2,59 | 60,60,61,23,61,61,Religions,Western Australia,Part VI Religions,0,,False
1911_census_volume_ii_part_vi_religions,1911 Census - Volume II - Part VI Religions.pdf,2112.0 - Volume II - Part VI Religions,data\raw\abs_1911_census\1911 Census - Volume II - Part VI Religions.pdf,119,23,"Male Population of the State of Tasmania, at the Census of 3rd April, 1911, Classified according to Religion, Age, Education, and Conjugal Condition",808,61,62,2,61 | 62,62,63,24,63,63,Religions,Tasmania,Part VI Religions,0,,False
1911_census_volume_ii_part_vi_religions,1911 Census - Volume II - Part VI Religions.pdf,2112.0 - Volume II - Part VI Religions,data\raw\abs_1911_census\1911 Census - Volume II - Part VI Religions.pdf,119,24,"Female Population of the State of Tasmania, at the Census of 3rd April, 1911, Classified according to Religion, Age, Education, and Conjugal Condition",810,63,64,2,63 | 64,64,65,25,65,65,Religions,Tasmania,Part VI Religions,0,,False
1911_census_volume_ii_part_vi_religions,1911 Census - Volume II - Part VI Religions.pdf,2112.0 - Volume II - Part VI Religions,data\raw\abs_1911_census\1911 Census - Volume II - Part VI Religions.pdf,119,25,"Total Population of the State of Tasmania, at the Census of 3rd April, 1911, Classified according to Religion, Age, Education, and Conjugal Condition",812,65,66,2,65 | 66,66,67,26,67,67,Religions,Tasmania,Part VI Religions,0,,False
1911_census_volume_ii_part_vi_religions,1911 Census - Volume II - Part VI Religions.pdf,2112.0 - Volume II - Part VI Religions,data\raw\abs_1911_census\1911 Census - Volume II - Part VI Religions.pdf,119,26,"Male Population of the Northern Territory, at the Census of 3rd April, 1911, Classified according to Religion, Age, Education, and Conjugal Condition",814,67,68,2,67 | 68,68,69,27,69,69,Religions,Northern Territory,Part VI Religions,0,,False
1911_census_volume_ii_part_vi_religions,1911 Census - Volume II - Part VI Religions.pdf,2112.0 - Volume II - Part VI Religions,data\raw\abs_1911_census\1911 Census - Volume II - Part VI Religions.pdf,119,27,"Female Population of the Northern Territory, at the Census of 3rd April, 1911, Classified according to Religion, Age, Education, and Conjugal Condition",816,69,70,2,69 | 70,70,71,28,71,71,Religions,Northern Territory,Part VI Religions,0,,False
1911_census_volume_ii_part_vi_religions,1911 Census - Volume II - Part VI Religions.pdf,2112.0 - Volume II - Part VI Religions,data\raw\abs_1911_census\1911 Census - Volume II - Part VI Religions.pdf,119,28,"Total Population of the Northern Territory, at the Census of 3rd April, 1911, Classified according to Religion, Age, Education, and Conjugal Condition",818,71,72,2,71 | 72,72,73,29,73,73,Religions,Northern Territory,Part VI Religions,0,,False
1911_census_volume_ii_part_vi_religions,1911 Census - Volume II - Part VI Religions.pdf,2112.0 - Volume II - Part VI Religions,data\raw\abs_1911_census\1911 Census - Volume II - Part VI Religions.pdf,119,29,"Male Population of the Federal Capital Territory, at the Census of 3rd April, 1911, Classified according to Religion, Age, Education, and Conjugal Condition",820,73,74,2,73 | 74,74,75,30,75,75,Religions,Federal Capital Territory,Part VI Religions,0,,False
1911_census_volume_ii_part_vi_religions,1911 Census - Volume II - Part VI Religions.pdf,2112.0 - Volume II - Part VI Religions,data\raw\abs_1911_census\1911 Census - Volume II - Part VI Religions.pdf,119,30,"Female Population of the Federal Capital Territory, at the Census of 3rd April, 1911, Classified according to Religion, Age, Education, and Conjugal Condition",822,75,76,2,75 | 76,76,77,31,77,77,Religions,Federal Capital Territory,Part VI Religions,0,,False
1911_census_volume_ii_part_vi_religions,1911 Census - Volume II - Part VI Religions.pdf,2112.0 - Volume II - Part VI Religions,data\raw\abs_1911_census\1911 Census - Volume II - Part VI Religions.pdf,119,31,"Total Population of the Federal Capital Territory, at the Census of 3rd April, 1911, Classified according to Religion, Age, Education, and Conjugal Condition",824,77,78,2,77 | 78,78,79,32,79,79,Religions,Federal Capital Territory,Part VI Religions,0,,False
1911_census_volume_ii_part_vi_religions,1911 Census - Volume II - Part VI Religions.pdf,2112.0 - Volume II - Part VI Religions,data\raw\abs_1911_census\1911 Census - Volume II - Part VI Religions.pdf,119,32,"Male Population of the Metropolis of each State of the Commonwealth, at the Census of 3rd April, 1911, Classified according to Religion",826,79,79,1,79,80,80,33,79,80,Religions,Metropolitan,Part VI Religions,0,same_page_as_next_table_start,True
1911_census_volume_ii_part_vi_religions,1911 Census - Volume II - Part VI Religions.pdf,2112.0 - Volume II - Part VI Religions,data\raw\abs_1911_census\1911 Census - Volume II - Part VI Religions.pdf,119,33,"Female Population of the Metropolis of each State of the Commonwealth, at the Census of 3rd April, 1911, Classified according to Religion",826,79,79,1,79,80,80,34,80,80,Religions,Metropolitan,Part VI Religions,0,same_page_as_previous_table_start,True
1911_census_volume_ii_part_vi_religions,1911 Census - Volume II - Part VI Religions.pdf,2112.0 - Volume II - Part VI Religions,data\raw\abs_1911_census\1911 Census - Volume II - Part VI Religions.pdf,119,34,"Total Population of the Metropolis of each State of the Commonwealth, at the Census of 3rd April, 1911, Classified according to Religion",827,80,80,1,80,81,81,35,81,81,Religions,Metropolitan,Part VI Religions,0,,False
1911_census_volume_ii_part_vi_religions,1911 Census - Volume II - Part VI Religions.pdf,2112.0 - Volume II - Part VI Religions,data\raw\abs_1911_census\1911 Census - Volume II - Part VI Religions.pdf,119,35,"Male Population of the Counties of New South Wales, at the Census of 3rd April, 1911, Classified according to Religion",828,81,84,4,81 | 82 | 83 | 84,82,85,36,85,85,Religions,New South Wales (Counties),Part VI Religions,0,,False
1911_census_volume_ii_part_vi_religions,1911 Census - Volume II - Part VI Religions.pdf,2112.0 - Volume II - Part VI Religions,data\raw\abs_1911_census\1911 Census - Volume II - Part VI Religions.pdf,119,36,"Female Population of the Counties of New South Wales, at the Census of 3rd April, 1911, Classified according to Religion",832,85,88,4,85 | 86 | 87 | 88,86,89,37,89,89,Religions,New South Wales (Counties),Part VI Religions,0,,False
1911_census_volume_ii_part_vi_religions,1911 Census - Volume II - Part VI Religions.pdf,2112.0 - Volume II - Part VI Religions,data\raw\abs_1911_census\1911 Census - Volume II - Part VI Religions.pdf,119,37,"Total Population of the Counties of New South Wales, at the Census of 3rd April, 1911, Classified according to Religion",836,89,92,4,89 | 90 | 91 | 92,90,93,38,93,93,Religions,New South Wales (Counties),Part VI Religions,0,,False
1911_census_volume_ii_part_vi_religions,1911 Census - Volume II - Part VI Religions.pdf,2112.0 - Volume II - Part VI Religions,data\raw\abs_1911_census\1911 Census - Volume II - Part VI Religions.pdf,119,38,"Male Population of the Counties of Victoria, at the Census of 3rd April, 1911, Classified according to Religion",840,93,94,2,93 | 94,94,95,39,93,95,Religions,Victoria (Counties),Part VI Religions,0,same_page_as_next_table_start,True
1911_census_volume_ii_part_vi_religions,1911 Census - Volume II - Part VI Religions.pdf,2112.0 - Volume II - Part VI Religions,data\raw\abs_1911_census\1911 Census - Volume II - Part VI Religions.pdf,119,39,"Female Population of the Counties of Victoria, at the Census of 3rd April, 1911, Classified according to Religion",840,93,94,2,93 | 94,94,95,40,95,95,Religions,Victoria (Counties),Part VI Religions,0,same_page_as_previous_table_start,True
1911_census_volume_ii_part_vi_religions,1911 Census - Volume II - Part VI Religions.pdf,2112.0 - Volume II - Part VI Religions,data\raw\abs_1911_census\1911 Census - Volume II - Part VI Religions.pdf,119,40,"Total Population of the Counties of Victoria, at the Census of 3rd April, 1911, Classified according to Religion",842,95,96,2,95 | 96,96,97,41,97,97,Religions,Victoria (Counties),Part VI Religions,0,,False
1911_census_volume_ii_part_vi_religions,1911 Census - Volume II - Part VI Religions.pdf,2112.0 - Volume II - Part VI Religions,data\raw\abs_1911_census\1911 Census - Volume II - Part VI Religions.pdf,119,41,"Male Population of the Census Districts of Queensland, at the Census of 3rd April, 1911, Classified according to Religion",844,97,98,2,97 | 98,98,99,42,99,99,Religions,Queensland (Census Districts),Part VI Religions,0,,False
1911_census_volume_ii_part_vi_religions,1911 Census - Volume II - Part VI Religions.pdf,2112.0 - Volume II - Part VI Religions,data\raw\abs_1911_census\1911 Census - Volume II - Part VI Religions.pdf,119,42,"Female Population of the Census Districts of Queensland, at the Census of 3rd April, 1911, Classified according to Religion",846,99,100,2,99 | 100,100,101,43,101,101,Religions,Queensland (Census Districts),Part VI Religions,0,,False
1911_census_volume_ii_part_vi_religions,1911 Census - Volume II - Part VI Religions.pdf,2112.0 - Volume II - Part VI Religions,data\raw\abs_1911_census\1911 Census - Volume II - Part VI Religions.pdf,119,43,"Total Population of the Census Districts of Queensland, at the Census of 3rd April, 1911, Classified according to Religion",848,101,102,2,101 | 102,102,103,44,103,103,Religions,Queensland (Census Districts),Part VI Religions,0,,False
1911_census_volume_ii_part_vi_religions,1911 Census - Volume II - Part VI Religions.pdf,2112.0 - Volume II - Part VI Religions,data\raw\abs_1911_census\1911 Census - Volume II - Part VI Religions.pdf,119,44,"Male Population of the Counties and Divisions of South Australia, at the Census of 3rd April, 1911, Classified according to Religion",850,103,104,2,103 | 104,104,105,45,103,105,Religions,South Australia (Counties and Divisions),Part VI Religions,0,same_page_as_next_table_start,True
1911_census_volume_ii_part_vi_religions,1911 Census - Volume II - Part VI Religions.pdf,2112.0 - Volume II - Part VI Religions,data\raw\abs_1911_census\1911 Census - Volume II - Part VI Religions.pdf,119,45,"Female Population of the Counties and Division of South Australia, at the Census of 3rd April, 1911, Classified according to Religion",850,103,104,2,103 | 104,104,105,46,105,105,Religions,South Australia (Counties and Divisions),Part VI Religions,0,same_page_as_previous_table_start,True
1911_census_volume_ii_part_vi_religions,1911 Census - Volume II - Part VI Religions.pdf,2112.0 - Volume II - Part VI Religions,data\raw\abs_1911_census\1911 Census - Volume II - Part VI Religions.pdf,119,46,"Total Population of the Counties and Divisions of South Australia, at the Census of 3rd April, 1911, Classified according to Religion",852,105,106,2,105 | 106,106,107,47,107,107,Religions,South Australia (Counties and Divisions),Part VI Religions,0,,False
1911_census_volume_ii_part_vi_religions,1911 Census - Volume II - Part VI Religions.pdf,2112.0 - Volume II - Part VI Religions,data\raw\abs_1911_census\1911 Census - Volume II - Part VI Religions.pdf,119,47,"Male Population of the Statistical Districts of Western Australia, at the Census of 3rd April, 1911, Classified according to Religion",854,107,108,2,107 | 108,108,109,48,107,109,Religions,Western Australia (Statistical Districts),Part VI Religions,0,same_page_as_next_table_start,True
1911_census_volume_ii_part_vi_religions,1911 Census - Volume II - Part VI Religions.pdf,2112.0 - Volume II - Part VI Religions,data\raw\abs_1911_census\1911 Census - Volume II - Part VI Religions.pdf,119,48,"Female Population of the Statistical Districts of Western Australia, at the Census of 3rd April, 1911, Classified according to Religion",854,107,108,2,107 | 108,108,109,49,109,109,Religions,Western Australia (Statistical Districts),Part VI Religions,0,same_page_as_previous_table_start,True
1911_census_volume_ii_part_vi_religions,1911 Census - Volume II - Part VI Religions.pdf,2112.0 - Volume II - Part VI Religions,data\raw\abs_1911_census\1911 Census - Volume II - Part VI Religions.pdf,119,49,"Total Population of the Statistical Districts of Western Australia, at the Census of 3rd April, 1911, Classified according to Religion",856,109,110,2,109 | 110,110,111,50,109,111,Religions,Western Australia (Statistical Districts),Part VI Religions,0,same_page_as_next_table_start,True
1911_census_volume_ii_part_vi_religions,1911 Census - Volume II - Part VI Religions.pdf,2112.0 - Volume II - Part VI Religions,data\raw\abs_1911_census\1911 Census - Volume II - Part VI Religions.pdf,119,50,"Male Population of the Municipalities of Tasmania, at the Census of 3rd April, 1911, Classified according to Religion",856,109,110,2,109 | 110,110,111,51,111,111,Religions,Tasmania (Municipalities),Part VI Religions,0,same_page_as_previous_table_start,True
1911_census_volume_ii_part_vi_religions,1911 Census - Volume II - Part VI Religions.pdf,2112.0 - Volume II - Part VI Religions,data\raw\abs_1911_census\1911 Census - Volume II - Part VI Religions.pdf,119,51,"Female Population of the Municipalities of Tasmania, at the Census of 3rd April, 1911, Classified according to Religion",858,111,112,2,111 | 112,112,113,52,111,113,Religions,Tasmania (Municipalities),Part VI Religions,0,same_page_as_next_table_start,True
1911_census_volume_ii_part_vi_religions,1911 Census - Volume II - Part VI Religions.pdf,2112.0 - Volume II - Part VI Religions,data\raw\abs_1911_census\1911 Census - Volume II - Part VI Religions.pdf,119,52,"Total Population of the Municipalities of Tasmania, at the Census of 3rd April, 1911, Classified according to Religion",858,111,112,2,111 | 112,112,113,53,113,113,Religions,Tasmania (Municipalities),Part VI Religions,0,same_page_as_previous_table_start,True
1911_census_volume_ii_part_vi_religions,1911 Census - Volume II - Part VI Religions.pdf,2112.0 - Volume II - Part VI Religions,data\raw\abs_1911_census\1911 Census - Volume II - Part VI Religions.pdf,119,53,"Population of the Counties of the Northern Territory, at the Census of 3rd April, 1911, Classified according to Religion and Sex",860,113,114,2,113 | 114,114,115,54,115,115,Religions,Northern Territory (Counties),Part VI Religions,0,,False
1911_census_volume_ii_part_vi_religions,1911 Census - Volume II - Part VI Religions.pdf,2112.0 - Volume II - Part VI Religions,data\raw\abs_1911_census\1911 Census - Volume II - Part VI Religions.pdf,119,54,"Population of the Divisions of the Federal Capital Territory, at the Census of 3rd April, 1911, Classified according to Religion and Sex",862,115,115,1,115,116,116,55,115,116,Religions,Federal Capital Territory (Divisions),Part VI Religions,0,same_page_as_next_table_start,True
1911_census_volume_ii_part_vi_religions,1911 Census - Volume II - Part VI Religions.pdf,2112.0 - Volume II - Part VI Religions,data\raw\abs_1911_census\1911 Census - Volume II - Part VI Religions.pdf,119,55,"Number of Aboriginal Males Recorded in each State and Territory of the Commonwealth, at the Census of 3rd April, 1911, Classified according to Religion",862,115,115,1,115,116,116,56,116,116,Aboriginals,States and Territories of the Commonwealth,Part VI Religions,0,same_page_as_previous_table_start,True
1911_census_volume_ii_part_vi_religions,1911 Census - Volume II - Part VI Religions.pdf,2112.0 - Volume II - Part VI Religions,data\raw\abs_1911_census\1911 Census - Volume II - Part VI Religions.pdf,119,56,"Number of Aboriginal Females Recorded in each State and Territory of the Commonwealth, at the Census of 3rd April, 1911, Classified according to Religion",863,116,116,1,116,117,117,57,117,117,Aboriginals,States and Territories of the Commonwealth,Part VI Religions,0,,False
1911_census_volume_ii_part_vi_religions,1911 Census - Volume II - Part VI Religions.pdf,2112.0 - Volume II - Part VI Religions,data\raw\abs_1911_census\1911 Census - Volume II - Part VI Religions.pdf,119,57,"Number of Aboriginal Persons Recorded in each State and Territory of the Commonwealth, at the Census of 3rd April, 1911, Classified according to Religion",864,117,118,2,117 | 118,118,119,,,,Aboriginals,States and Territories of the Commonwealth,Part VI Religions,0,final_table_in_document,False
1911_census_volume_ii_part_vii_blindness_and_deaf_mutism,1911 Census - Volume II - Part VII Blindness and Deaf Mutism.pdf,2112.0 - Volume II - Part VII Blindness and Deaf Mutism,data\raw\abs_1911_census\1911 Census - Volume II - Part VII Blindness and Deaf Mutism.pdf,32,1,"Blind Persons and Deaf Mutes recorded in the several States of the Commonwealth of Australia, at the Censuses of 31st March, 1901, and 3rd April, 1911",867,2,2,1,2,3,3,2,3,3,Blindness and Deaf Mutism,"Commonwealth of Australia, States",Part VII,0,,False
1911_census_volume_ii_part_vii_blindness_and_deaf_mutism,1911 Census - Volume II - Part VII Blindness and Deaf Mutism.pdf,2112.0 - Volume II - Part VII Blindness and Deaf Mutism,data\raw\abs_1911_census\1911 Census - Volume II - Part VII Blindness and Deaf Mutism.pdf,32,2,"Ages of Blind Persons recorded in the several States of the Commonwealth of Australia, at the Census of 3rd April, 1911",868,3,3,1,3,4,4,3,4,4,Blindness and Deaf Mutism,"Commonwealth of Australia, States",Part VII,0,,False
1911_census_volume_ii_part_vii_blindness_and_deaf_mutism,1911 Census - Volume II - Part VII Blindness and Deaf Mutism.pdf,2112.0 - Volume II - Part VII Blindness and Deaf Mutism,data\raw\abs_1911_census\1911 Census - Volume II - Part VII Blindness and Deaf Mutism.pdf,32,3,"Birthplaces of the Blind recorded in the several States of the Commonwealth of Australia, at the Census of 3rd April, 1911",869,4,5,2,4 | 5,5,6,4,6,6,Blindness and Deaf Mutism,"Commonwealth of Australia, States",Part VII,0,,False
1911_census_volume_ii_part_vii_blindness_and_deaf_mutism,1911 Census - Volume II - Part VII Blindness and Deaf Mutism.pdf,2112.0 - Volume II - Part VII Blindness and Deaf Mutism,data\raw\abs_1911_census\1911 Census - Volume II - Part VII Blindness and Deaf Mutism.pdf,32,4,"Blind Males recorded in the Commonwealth of Australia, at the Census of 3rd April, 1911, Classified according to Birthplace and Age",871,6,6,1,6,7,7,5,7,7,Blindness and Deaf Mutism,Commonwealth of Australia,Part VII,0,,False
1911_census_volume_ii_part_vii_blindness_and_deaf_mutism,1911 Census - Volume II - Part VII Blindness and Deaf Mutism.pdf,2112.0 - Volume II - Part VII Blindness and Deaf Mutism,data\raw\abs_1911_census\1911 Census - Volume II - Part VII Blindness and Deaf Mutism.pdf,32,5,"Blind Females recorded in the Commonwealth of Australia, at the Census of 3rd April, 1911, Classified according to Birthplace and Age",872,7,7,1,7,8,8,6,8,8,Blindness and Deaf Mutism,Commonwealth of Australia,Part VII,0,,False
1911_census_volume_ii_part_vii_blindness_and_deaf_mutism,1911 Census - Volume II - Part VII Blindness and Deaf Mutism.pdf,2112.0 - Volume II - Part VII Blindness and Deaf Mutism,data\raw\abs_1911_census\1911 Census - Volume II - Part VII Blindness and Deaf Mutism.pdf,32,6,"Blind Persons recorded in the Commonwealth of Australia, at the Census of 3rd April, 1911, Classified according to Birthplace and Age",873,8,8,1,8,9,9,7,9,9,Blindness and Deaf Mutism,Commonwealth of Australia,Part VII,0,,False
1911_census_volume_ii_part_vii_blindness_and_deaf_mutism,1911 Census - Volume II - Part VII Blindness and Deaf Mutism.pdf,2112.0 - Volume II - Part VII Blindness and Deaf Mutism,data\raw\abs_1911_census\1911 Census - Volume II - Part VII Blindness and Deaf Mutism.pdf,32,7,"Blind Males recorded in the several States of the Commonwealth of Australia, at the Census of 3rd April, 1911, Classified according to Conjugal Condition and Age",874,9,9,1,9,10,10,8,10,10,Blindness and Deaf Mutism,"Commonwealth of Australia, States",Part VII,0,,False
1911_census_volume_ii_part_vii_blindness_and_deaf_mutism,1911 Census - Volume II - Part VII Blindness and Deaf Mutism.pdf,2112.0 - Volume II - Part VII Blindness and Deaf Mutism,data\raw\abs_1911_census\1911 Census - Volume II - Part VII Blindness and Deaf Mutism.pdf,32,8,"Blind Females recorded in the several States of the Commonwealth of Australia, at the Census of 3rd April, 1911, Classified according to Conjugal Condition and Age",875,10,10,1,10,11,11,9,11,11,Blindness and Deaf Mutism,"Commonwealth of Australia, States",Part VII,0,,False
1911_census_volume_ii_part_vii_blindness_and_deaf_mutism,1911 Census - Volume II - Part VII Blindness and Deaf Mutism.pdf,2112.0 - Volume II - Part VII Blindness and Deaf Mutism,data\raw\abs_1911_census\1911 Census - Volume II - Part VII Blindness and Deaf Mutism.pdf,32,9,"Blind Males recorded in the several States of the Commonwealth of Australia, at the Census of 3rd April, 1911, Classified according to Occupation",876,11,11,1,11,12,12,10,12,12,Blindness and Deaf Mutism,"Commonwealth of Australia, States",Part VII,0,,False
1911_census_volume_ii_part_vii_blindness_and_deaf_mutism,1911 Census - Volume II - Part VII Blindness and Deaf Mutism.pdf,2112.0 - Volume II - Part VII Blindness and Deaf Mutism,data\raw\abs_1911_census\1911 Census - Volume II - Part VII Blindness and Deaf Mutism.pdf,32,10,"Blind Females recorded in the several States of the Commonwealth of Australia, at the Census of 3rd April, 1911, Classified according to Occupation",877,12,12,1,12,13,13,11,13,13,Blindness and Deaf Mutism,"Commonwealth of Australia, States",Part VII,0,,False
1911_census_volume_ii_part_vii_blindness_and_deaf_mutism,1911 Census - Volume II - Part VII Blindness and Deaf Mutism.pdf,2112.0 - Volume II - Part VII Blindness and Deaf Mutism,data\raw\abs_1911_census\1911 Census - Volume II - Part VII Blindness and Deaf Mutism.pdf,32,11,"Blind Males recorded in the Commonwealth of Australia, at the Census of 3rd April, 1911, Classified according to Occupation and Age",878,13,13,1,13,14,14,12,14,14,Blindness and Deaf Mutism,Commonwealth of Australia,Part VII,0,,False
1911_census_volume_ii_part_vii_blindness_and_deaf_mutism,1911 Census - Volume II - Part VII Blindness and Deaf Mutism.pdf,2112.0 - Volume II - Part VII Blindness and Deaf Mutism,data\raw\abs_1911_census\1911 Census - Volume II - Part VII Blindness and Deaf Mutism.pdf,32,12,"Blind Females recorded in the Commonwealth of Australia, at the Census of 3rd April, 1911, Classified according to Occupation and Age",879,14,14,1,14,15,15,13,15,15,Blindness and Deaf Mutism,Commonwealth of Australia,Part VII,0,,False
1911_census_volume_ii_part_vii_blindness_and_deaf_mutism,1911 Census - Volume II - Part VII Blindness and Deaf Mutism.pdf,2112.0 - Volume II - Part VII Blindness and Deaf Mutism,data\raw\abs_1911_census\1911 Census - Volume II - Part VII Blindness and Deaf Mutism.pdf,32,13,"Blind Males recorded in the Commonwealth of Australia, at the Census of 3rd April, 1911, Classified according to Occupation and Grade",880,15,15,1,15,16,16,14,16,16,Blindness and Deaf Mutism,Commonwealth of Australia,Part VII,0,,False
1911_census_volume_ii_part_vii_blindness_and_deaf_mutism,1911 Census - Volume II - Part VII Blindness and Deaf Mutism.pdf,2112.0 - Volume II - Part VII Blindness and Deaf Mutism,data\raw\abs_1911_census\1911 Census - Volume II - Part VII Blindness and Deaf Mutism.pdf,32,14,"Blind Females recorded in the Commonwealth of Australia, at the Census of 3rd April, 1911, Classified according to Occupation and Grade",881,16,16,1,16,17,17,15,17,17,Blindness and Deaf Mutism,Commonwealth of Australia,Part VII,0,,False
1911_census_volume_ii_part_vii_blindness_and_deaf_mutism,1911 Census - Volume II - Part VII Blindness and Deaf Mutism.pdf,2112.0 - Volume II - Part VII Blindness and Deaf Mutism,data\raw\abs_1911_census\1911 Census - Volume II - Part VII Blindness and Deaf Mutism.pdf,32,15,"Ages of Deaf Mutes recorded in the several States of the Commonwealth of Australia, at the Census of 3rd April, 1911",882,17,17,1,17,18,18,16,18,18,Blindness and Deaf Mutism,"Commonwealth of Australia, States",Part VII,0,,False
1911_census_volume_ii_part_vii_blindness_and_deaf_mutism,1911 Census - Volume II - Part VII Blindness and Deaf Mutism.pdf,2112.0 - Volume II - Part VII Blindness and Deaf Mutism,data\raw\abs_1911_census\1911 Census - Volume II - Part VII Blindness and Deaf Mutism.pdf,32,16,"Birthplaces of Deaf Mutes recorded in the several States of the Commonwealth of Australia, at the Census of 3rd April, 1911",883,18,19,2,18 | 19,19,20,17,20,20,Blindness and Deaf Mutism,"Commonwealth of Australia, States",Part VII,0,,False
1911_census_volume_ii_part_vii_blindness_and_deaf_mutism,1911 Census - Volume II - Part VII Blindness and Deaf Mutism.pdf,2112.0 - Volume II - Part VII Blindness and Deaf Mutism,data\raw\abs_1911_census\1911 Census - Volume II - Part VII Blindness and Deaf Mutism.pdf,32,17,"Deaf Mute Males recorded in the Commonwealth of Australia, at the Census of 3rd April, 1911, Classified according to Birthplace and Age",885,20,20,1,20,21,21,18,21,21,Blindness and Deaf Mutism,Commonwealth of Australia,Part VII,0,,False
1911_census_volume_ii_part_vii_blindness_and_deaf_mutism,1911 Census - Volume II - Part VII Blindness and Deaf Mutism.pdf,2112.0 - Volume II - Part VII Blindness and Deaf Mutism,data\raw\abs_1911_census\1911 Census - Volume II - Part VII Blindness and Deaf Mutism.pdf,32,18,"Deaf Mute Females recorded in the Commonwealth of Australia, at the Census of 3rd April, 1911, Classified according to Birthplace and Age",886,21,21,1,21,22,22,19,22,22,Blindness and Deaf Mutism,Commonwealth of Australia,Part VII,0,,False
1911_census_volume_ii_part_vii_blindness_and_deaf_mutism,1911 Census - Volume II - Part VII Blindness and Deaf Mutism.pdf,2112.0 - Volume II - Part VII Blindness and Deaf Mutism,data\raw\abs_1911_census\1911 Census - Volume II - Part VII Blindness and Deaf Mutism.pdf,32,19,"Deaf Mute Persons recorded in the Commonwealth of Australia, at the Census of 3rd April, 1911, Classified according to Birthplace and Age",887,22,22,1,22,23,23,20,23,23,Blindness and Deaf Mutism,Commonwealth of Australia,Part VII,0,,False
1911_census_volume_ii_part_vii_blindness_and_deaf_mutism,1911 Census - Volume II - Part VII Blindness and Deaf Mutism.pdf,2112.0 - Volume II - Part VII Blindness and Deaf Mutism,data\raw\abs_1911_census\1911 Census - Volume II - Part VII Blindness and Deaf Mutism.pdf,32,20,"Deaf Mute Males recorded in the several States of the Commonwealth of Australia, at the Census of 3rd April, 1911, Classified according to Conjugal Condition and Age",888,23,23,1,23,24,24,21,24,24,Blindness and Deaf Mutism,"Commonwealth of Australia, States",Part VII,0,,False
1911_census_volume_ii_part_vii_blindness_and_deaf_mutism,1911 Census - Volume II - Part VII Blindness and Deaf Mutism.pdf,2112.0 - Volume II - Part VII Blindness and Deaf Mutism,data\raw\abs_1911_census\1911 Census - Volume II - Part VII Blindness and Deaf Mutism.pdf,32,21,"Deaf Mute Females recorded in the several States of the Commonwealth of Australia, at the Census of 3rd April, 1911, Classified according to Conjugal Condition and Age",889,24,24,1,24,25,25,22,25,25,Blindness and Deaf Mutism,"Commonwealth of Australia, States",Part VII,0,,False
1911_census_volume_ii_part_vii_blindness_and_deaf_mutism,1911 Census - Volume II - Part VII Blindness and Deaf Mutism.pdf,2112.0 - Volume II - Part VII Blindness and Deaf Mutism,data\raw\abs_1911_census\1911 Census - Volume II - Part VII Blindness and Deaf Mutism.pdf,32,22,"Deaf Mute Males recorded in the several States of the Commonwealth of Australia, at the Census of 3rd April, 1911, Classified according to Occupation",890,25,25,1,25,26,26,23,26,26,Blindness and Deaf Mutism,"Commonwealth of Australia, States",Part VII,0,,False
1911_census_volume_ii_part_vii_blindness_and_deaf_mutism,1911 Census - Volume II - Part VII Blindness and Deaf Mutism.pdf,2112.0 - Volume II - Part VII Blindness and Deaf Mutism,data\raw\abs_1911_census\1911 Census - Volume II - Part VII Blindness and Deaf Mutism.pdf,32,23,"Deaf Mute Females recorded in the several States of the Commonwealth of Australia, at the Census of 3rd April, 1911, Classified according to Occupation",891,26,26,1,26,27,27,24,27,27,Blindness and Deaf Mutism,"Commonwealth of Australia, States",Part VII,0,,False
1911_census_volume_ii_part_vii_blindness_and_deaf_mutism,1911 Census - Volume II - Part VII Blindness and Deaf Mutism.pdf,2112.0 - Volume II - Part VII Blindness and Deaf Mutism,data\raw\abs_1911_census\1911 Census - Volume II - Part VII Blindness and Deaf Mutism.pdf,32,24,"Deaf Mute Males recorded in the Commonwealth of Australia, at the Census of 3rd April, 1911, Classified according to Occupation and Age",892,27,27,1,27,28,28,25,28,28,Blindness and Deaf Mutism,Commonwealth of Australia,Part VII,0,,False
1911_census_volume_ii_part_vii_blindness_and_deaf_mutism,1911 Census - Volume II - Part VII Blindness and Deaf Mutism.pdf,2112.0 - Volume II - Part VII Blindness and Deaf Mutism,data\raw\abs_1911_census\1911 Census - Volume II - Part VII Blindness and Deaf Mutism.pdf,32,25,"Deaf Mute Females recorded in the Commonwealth of Australia, at the Census of 3rd April, 1911, Classified according to Occupation and Age",893,28,28,1,28,29,29,26,29,29,Blindness and Deaf Mutism,Commonwealth of Australia,Part VII,0,,False
1911_census_volume_ii_part_vii_blindness_and_deaf_mutism,1911 Census - Volume II - Part VII Blindness and Deaf Mutism.pdf,2112.0 - Volume II - Part VII Blindness and Deaf Mutism,data\raw\abs_1911_census\1911 Census - Volume II - Part VII Blindness and Deaf Mutism.pdf,32,26,"Deaf Mute Males recorded in the Commonwealth of Australia, at the Census of 3rd April, 1911, Classified according to Occupation and Grade",894,29,29,1,29,30,30,27,30,30,Blindness and Deaf Mutism,Commonwealth of Australia,Part VII,0,,False
1911_census_volume_ii_part_vii_blindness_and_deaf_mutism,1911 Census - Volume II - Part VII Blindness and Deaf Mutism.pdf,2112.0 - Volume II - Part VII Blindness and Deaf Mutism,data\raw\abs_1911_census\1911 Census - Volume II - Part VII Blindness and Deaf Mutism.pdf,32,27,"Deaf Mute Females recorded in the Commonwealth of Australia, at the Census of 3rd April, 1911, Classified according to Occupation and Grade",895,30,31,2,30 | 31,31,32,,,,Blindness and Deaf Mutism,Commonwealth of Australia,Part VII,0,final_table_in_document,False
1911_census_volume_ii_part_viii_non_european_races,1911 Census - Volume II - Part VIII Non-European Races.pdf,2112.0 - Volume II - Part VIII Non-European Races,data\raw\abs_1911_census\1911 Census - Volume II - Part VIII Non-European Races.pdf,177,1,"Persons of Non-European Race enumerated in the Commonwealth of Australia, at the Census of 3rd April 1911. Summary by States",903,6,6,1,6,7,7,2,6,7,Summary by States,Commonwealth of Australia,"CENSUS OF THE COMMONWEALTH OF AUSTRALIA, 1911.-NON-EUROPEAN RACES.",0,same_page_as_next_table_start,True
1911_census_volume_ii_part_viii_non_european_races,1911 Census - Volume II - Part VIII Non-European Races.pdf,2112.0 - Volume II - Part VIII Non-European Races,data\raw\abs_1911_census\1911 Census - Volume II - Part VIII Non-European Races.pdf,177,2,"Persons of Non-European Race enumerated in the Commonwealth of Australia, at the Census of 3rd April, 1911. Summary by Races",903,6,6,1,6,7,7,3,7,7,Summary by Races,Commonwealth of Australia,"CENSUS OF THE COMMONWEALTH OF AUSTRALIA, 1911.-NON-EUROPEAN RACES.",0,same_page_as_previous_table_start,True
1911_census_volume_ii_part_viii_non_european_races,1911 Census - Volume II - Part VIII Non-European Races.pdf,2112.0 - Volume II - Part VIII Non-European Races,data\raw\abs_1911_census\1911 Census - Volume II - Part VIII Non-European Races.pdf,177,3,"Males of each Non-European Race enumerated in the several States and Territories of the Commonwealth of Australia, at the Census of 3rd April, 1911",904,7,7,1,7,8,8,4,7,8,Males of each Non-European Race,States and Territories of the Commonwealth of Australia,"CENSUS OF THE COMMONWEALTH OF AUSTRALIA, 1911.-NON-EUROPEAN RACES.",0,same_page_as_next_table_start,True
1911_census_volume_ii_part_viii_non_european_races,1911 Census - Volume II - Part VIII Non-European Races.pdf,2112.0 - Volume II - Part VIII Non-European Races,data\raw\abs_1911_census\1911 Census - Volume II - Part VIII Non-European Races.pdf,177,4,"Females of each Non-European Race enumerated in the several States and Territories of the Commonwealth of Australia, at the Census of 3rd April, 1911",904,7,7,1,7,8,8,5,8,8,Females of each Non-European Race,States and Territories of the Commonwealth of Australia,"CENSUS OF THE COMMONWEALTH OF AUSTRALIA, 1911.-NON-EUROPEAN RACES.",0,same_page_as_previous_table_start,True
1911_census_volume_ii_part_viii_non_european_races,1911 Census - Volume II - Part VIII Non-European Races.pdf,2112.0 - Volume II - Part VIII Non-European Races,data\raw\abs_1911_census\1911 Census - Volume II - Part VIII Non-European Races.pdf,177,5,"Persons of each Non-European Race enumerated in the several States and Territories of the Commonwealth of Australia, at the Census of 3rd April, 1911",905,8,8,1,8,9,9,6,9,9,Persons of each Non-European Race,States and Territories of the Commonwealth of Australia,"CENSUS OF THE COMMONWEALTH OF AUSTRALIA, 1911.-NON-EUROPEAN RACES.",0,,False
1911_census_volume_ii_part_viii_non_european_races,1911 Census - Volume II - Part VIII Non-European Races.pdf,2112.0 - Volume II - Part VIII Non-European Races,data\raw\abs_1911_census\1911 Census - Volume II - Part VIII Non-European Races.pdf,177,6,"Commonwealth of Australia.—Males of Non-European Race enumerated at the Census of 3rd April, 1911, Classified according to Race and Age",906,9,10,2,9 | 10,10,11,7,9,11,Ages,Commonwealth of Australia,AGES.,0,same_page_as_next_table_start,True
1911_census_volume_ii_part_viii_non_european_races,1911 Census - Volume II - Part VIII Non-European Races.pdf,2112.0 - Volume II - Part VIII Non-European Races,data\raw\abs_1911_census\1911 Census - Volume II - Part VIII Non-European Races.pdf,177,7,"Commonwealth of Australia.—Females of Non-European Race enumerated at the Census of 3rd April, 1911, Classified according to Race and Age",906,9,10,2,9 | 10,10,11,8,11,11,Ages,Commonwealth of Australia,AGES.,0,same_page_as_previous_table_start,True
1911_census_volume_ii_part_viii_non_european_races,1911 Census - Volume II - Part VIII Non-European Races.pdf,2112.0 - Volume II - Part VIII Non-European Races,data\raw\abs_1911_census\1911 Census - Volume II - Part VIII Non-European Races.pdf,177,8,"Commonwealth of Australia.—Persons of Non-European Race enumerated at the Census of 3rd April, 1911, Classified according to Race and Age",908,11,12,2,11 | 12,12,13,9,11,13,Ages,Commonwealth of Australia,AGES.,0,same_page_as_next_table_start,True
1911_census_volume_ii_part_viii_non_european_races,1911 Census - Volume II - Part VIII Non-European Races.pdf,2112.0 - Volume II - Part VIII Non-European Races,data\raw\abs_1911_census\1911 Census - Volume II - Part VIII Non-European Races.pdf,177,9,"Commonwealth of Australia.—Males of Non-European Race enumerated in the several States and Territories, at the Census of 3rd April, 1911, Classified according to Age",908,11,12,2,11 | 12,12,13,10,13,13,Ages,States and Territories of the Commonwealth of Australia,AGES.,0,same_page_as_previous_table_start,True
1911_census_volume_ii_part_viii_non_european_races,1911 Census - Volume II - Part VIII Non-European Races.pdf,2112.0 - Volume II - Part VIII Non-European Races,data\raw\abs_1911_census\1911 Census - Volume II - Part VIII Non-European Races.pdf,177,10,"Commonwealth of Australia.—Females of Non-European Race enumerated in the several States and Territories, at the Census of 3rd April, 1911, Classified according to Age",910,13,14,2,13 | 14,14,15,11,13,15,Ages,States and Territories of the Commonwealth of Australia,AGES.,0,same_page_as_next_table_start,True
1911_census_volume_ii_part_viii_non_european_races,1911 Census - Volume II - Part VIII Non-European Races.pdf,2112.0 - Volume II - Part VIII Non-European Races,data\raw\abs_1911_census\1911 Census - Volume II - Part VIII Non-European Races.pdf,177,11,"Commonwealth of Australia.—Persons of Non-European Race enumerated in the several States and Territories, at the Census of 3rd April, 1911, Classified according to Age",910,13,14,2,13 | 14,14,15,12,15,15,Ages,States and Territories of the Commonwealth of Australia,AGES.,0,same_page_as_previous_table_start,True
1911_census_volume_ii_part_viii_non_european_races,1911 Census - Volume II - Part VIII Non-European Races.pdf,2112.0 - Volume II - Part VIII Non-European Races,data\raw\abs_1911_census\1911 Census - Volume II - Part VIII Non-European Races.pdf,177,12,"New South Wales.—Males of Non-European Race enumerated at the Census of 3rd April, 1911, Classified according to Race and Age",912,15,16,2,15 | 16,16,17,13,15,17,Ages,New South Wales,AGES.,0,same_page_as_next_table_start,True
1911_census_volume_ii_part_viii_non_european_races,1911 Census - Volume II - Part VIII Non-European Races.pdf,2112.0 - Volume II - Part VIII Non-European Races,data\raw\abs_1911_census\1911 Census - Volume II - Part VIII Non-European Races.pdf,177,13,"New South Wales.—Females of Non-European Race enumerated at the Census of 3rd April, 1911, Classified according to Race and Age",912,15,16,2,15 | 16,16,17,14,17,17,Ages,New South Wales,AGES.,0,same_page_as_previous_table_start,True
1911_census_volume_ii_part_viii_non_european_races,1911 Census - Volume II - Part VIII Non-European Races.pdf,2112.0 - Volume II - Part VIII Non-European Races,data\raw\abs_1911_census\1911 Census - Volume II - Part VIII Non-European Races.pdf,177,14,"New South Wales.—Persons of Non-European Race enumerated at the Census of 3rd April, 1911, Classified according to Race and Age",914,17,18,2,17 | 18,18,19,15,17,19,Ages,New South Wales,AGES.,0,same_page_as_next_table_start,True
1911_census_volume_ii_part_viii_non_european_races,1911 Census - Volume II - Part VIII Non-European Races.pdf,2112.0 - Volume II - Part VIII Non-European Races,data\raw\abs_1911_census\1911 Census - Volume II - Part VIII Non-European Races.pdf,177,15,"Victoria.—Males of Non-European Race enumerated, at the Census of 3rd April, 1911. Classified according to Race and Age",914,17,18,2,17 | 18,18,19,16,19,19,Ages,Victoria,AGES.,0,same_page_as_previous_table_start,True
1911_census_volume_ii_part_viii_non_european_races,1911 Census - Volume II - Part VIII Non-European Races.pdf,2112.0 - Volume II - Part VIII Non-European Races,data\raw\abs_1911_census\1911 Census - Volume II - Part VIII Non-European Races.pdf,177,16,"Victoria.—Females of Non-European Race enumerated at the Census of 3rd April, 1911, Classified according to Race and Age",916,19,20,2,19 | 20,20,21,17,19,21,Ages,Victoria,AGES.,0,same_page_as_next_table_start,True
1911_census_volume_ii_part_viii_non_european_races,1911 Census - Volume II - Part VIII Non-European Races.pdf,2112.0 - Volume II - Part VIII Non-European Races,data\raw\abs_1911_census\1911 Census - Volume II - Part VIII Non-European Races.pdf,177,17,"Victoria.—Persons of Non-European Race enumerated at the Census of 3rd April, 1911, Classified according to Race and Age",916,19,20,2,19 | 20,20,21,18,21,21,Ages,Victoria,AGES.,0,same_page_as_previous_table_start,True
1911_census_volume_ii_part_viii_non_european_races,1911 Census - Volume II - Part VIII Non-European Races.pdf,2112.0 - Volume II - Part VIII Non-European Races,data\raw\abs_1911_census\1911 Census - Volume II - Part VIII Non-European Races.pdf,177,18,"Queensland.—Males of Non-European Race enumerated at the Census of 3rd April, 1911, Classified according to Race and Age",918,21,22,2,21 | 22,22,23,19,21,23,Ages,Queensland,AGES.,0,same_page_as_next_table_start,True
1911_census_volume_ii_part_viii_non_european_races,1911 Census - Volume II - Part VIII Non-European Races.pdf,2112.0 - Volume II - Part VIII Non-European Races,data\raw\abs_1911_census\1911 Census - Volume II - Part VIII Non-European Races.pdf,177,19,"Queensland.—Females of Non-European Race enumerated at the Census of 3rd April, 1911, Classified according to Race and Age",918,21,22,2,21 | 22,22,23,20,23,23,Ages,Queensland,AGES.,0,same_page_as_previous_table_start,True
1911_census_volume_ii_part_viii_non_european_races,1911 Census - Volume II - Part VIII Non-European Races.pdf,2112.0 - Volume II - Part VIII Non-European Races,data\raw\abs_1911_census\1911 Census - Volume II - Part VIII Non-European Races.pdf,177,20,"Queensland.—Persons of Non-European Race enumerated at the Census of 3rd April, 1911, Classified according to Race and Age",920,23,24,2,23 | 24,24,25,21,23,25,Ages,Queensland,AGES.,0,same_page_as_next_table_start,True
1911_census_volume_ii_part_viii_non_european_races,1911 Census - Volume II - Part VIII Non-European Races.pdf,2112.0 - Volume II - Part VIII Non-European Races,data\raw\abs_1911_census\1911 Census - Volume II - Part VIII Non-European Races.pdf,177,21,"South Australia.—Males of Non-European Race enumerated at the Census of 3rd April, 1911, Classified according to Race and Age",920,23,24,2,23 | 24,24,25,22,25,25,Ages,South Australia,AGES.,0,same_page_as_previous_table_start,True
1911_census_volume_ii_part_viii_non_european_races,1911 Census - Volume II - Part VIII Non-European Races.pdf,2112.0 - Volume II - Part VIII Non-European Races,data\raw\abs_1911_census\1911 Census - Volume II - Part VIII Non-European Races.pdf,177,22,"South Australia.—Females of Non-European Race enumerated at the Census of 3rd April, 1911, Classified according to Race and Age",922,25,26,2,25 | 26,26,27,23,25,27,Ages,South Australia,AGES.,0,same_page_as_next_table_start,True
1911_census_volume_ii_part_viii_non_european_races,1911 Census - Volume II - Part VIII Non-European Races.pdf,2112.0 - Volume II - Part VIII Non-European Races,data\raw\abs_1911_census\1911 Census - Volume II - Part VIII Non-European Races.pdf,177,23,"South Australia.—Persons of Non-European Race enumerated at the Census of 3rd April, 1911, Classified according to Race and Age",922,25,26,2,25 | 26,26,27,24,27,27,Ages,South Australia,AGES.,0,same_page_as_previous_table_start,True
1911_census_volume_ii_part_viii_non_european_races,1911 Census - Volume II - Part VIII Non-European Races.pdf,2112.0 - Volume II - Part VIII Non-European Races,data\raw\abs_1911_census\1911 Census - Volume II - Part VIII Non-European Races.pdf,177,24,"Western Australia.—Males of Non-European Race enumerated at the Census of 3rd April, 1911, Classified according to Race and Age",924,27,28,2,27 | 28,28,29,25,27,29,Ages,Western Australia,AGES.,0,same_page_as_next_table_start,True
1911_census_volume_ii_part_viii_non_european_races,1911 Census - Volume II - Part VIII Non-European Races.pdf,2112.0 - Volume II - Part VIII Non-European Races,data\raw\abs_1911_census\1911 Census - Volume II - Part VIII Non-European Races.pdf,177,25,"Western Australia.—Females of Non-European Race enumerated at the Census of 3rd April, 1911, Classified according to Race and Age",924,27,28,2,27 | 28,28,29,26,29,29,Ages,Western Australia,AGES.,0,same_page_as_previous_table_start,True
1911_census_volume_ii_part_viii_non_european_races,1911 Census - Volume II - Part VIII Non-European Races.pdf,2112.0 - Volume II - Part VIII Non-European Races,data\raw\abs_1911_census\1911 Census - Volume II - Part VIII Non-European Races.pdf,177,26,"Western Australia.—Persons of Non-European Race enumerated at the Census of 3rd April, 1911, Classified according to Race and Age",926,29,30,2,29 | 30,30,31,27,29,31,Ages,Western Australia,AGES.,0,same_page_as_next_table_start,True
1911_census_volume_ii_part_viii_non_european_races,1911 Census - Volume II - Part VIII Non-European Races.pdf,2112.0 - Volume II - Part VIII Non-European Races,data\raw\abs_1911_census\1911 Census - Volume II - Part VIII Non-European Races.pdf,177,27,"Tasmania.—Males of Non-European Race enumerated at the Census of 3rd April, 1911, Classified according to Race and Age",926,29,30,2,29 | 30,30,31,28,31,31,Ages,Tasmania,AGES.,0,same_page_as_previous_table_start,True
1911_census_volume_ii_part_viii_non_european_races,1911 Census - Volume II - Part VIII Non-European Races.pdf,2112.0 - Volume II - Part VIII Non-European Races,data\raw\abs_1911_census\1911 Census - Volume II - Part VIII Non-European Races.pdf,177,28,"Tasmania.—Females of Non-European Race enumerated at the Census of 3rd April, 1911, Classified according to Race and Age",928,31,32,2,31 | 32,32,33,29,31,33,Ages,Tasmania,AGES.,0,same_page_as_next_table_start,True
1911_census_volume_ii_part_viii_non_european_races,1911 Census - Volume II - Part VIII Non-European Races.pdf,2112.0 - Volume II - Part VIII Non-European Races,data\raw\abs_1911_census\1911 Census - Volume II - Part VIII Non-European Races.pdf,177,29,"Tasmania.—Persons of Non-European Race enumerated at the Census of 3rd April, 1911, Classified according to Race and Age",928,31,32,2,31 | 32,32,33,30,33,33,Ages,Tasmania,AGES.,0,same_page_as_previous_table_start,True
1911_census_volume_ii_part_viii_non_european_races,1911 Census - Volume II - Part VIII Non-European Races.pdf,2112.0 - Volume II - Part VIII Non-European Races,data\raw\abs_1911_census\1911 Census - Volume II - Part VIII Non-European Races.pdf,177,30,"Northern Territory.—Males of Non-European Race enumerated at the Census of 3rd April, 1911, Classified according to Race and Age",930,33,34,2,33 | 34,34,35,31,33,35,Ages,Northern Territory,AGES.,0,same_page_as_next_table_start,True
1911_census_volume_ii_part_viii_non_european_races,1911 Census - Volume II - Part VIII Non-European Races.pdf,2112.0 - Volume II - Part VIII Non-European Races,data\raw\abs_1911_census\1911 Census - Volume II - Part VIII Non-European Races.pdf,177,31,"Northern Territory.—Females of Non-European Race enumerated at the Census of 3rd April, 1911, Classified according to Race and Age",930,33,34,2,33 | 34,34,35,32,35,35,Ages,Northern Territory,AGES.,0,same_page_as_previous_table_start,True
1911_census_volume_ii_part_viii_non_european_races,1911 Census - Volume II - Part VIII Non-European Races.pdf,2112.0 - Volume II - Part VIII Non-European Races,data\raw\abs_1911_census\1911 Census - Volume II - Part VIII Non-European Races.pdf,177,32,"Northern Territory.—Persons of Non-European Race enumerated at the Census of 3rd April, 1911, Classified according to Race and Age",932,35,36,2,35 | 36,36,37,33,35,37,Ages,Northern Territory,AGES.,0,same_page_as_next_table_start,True
1911_census_volume_ii_part_viii_non_european_races,1911 Census - Volume II - Part VIII Non-European Races.pdf,2112.0 - Volume II - Part VIII Non-European Races,data\raw\abs_1911_census\1911 Census - Volume II - Part VIII Non-European Races.pdf,177,33,"Federal Capital Territory.—Persons of Non-European Race enumerated at the Census of 3rd April, 1911, Classified according to Race, Age and Sex",932,35,36,2,35 | 36,36,37,34,37,37,Ages,Federal Capital Territory,AGES.,0,same_page_as_previous_table_start,True
1911_census_volume_ii_part_viii_non_european_races,1911 Census - Volume II - Part VIII Non-European Races.pdf,2112.0 - Volume II - Part VIII Non-European Races,data\raw\abs_1911_census\1911 Census - Volume II - Part VIII Non-European Races.pdf,177,34,"Commonwealth of Australia.—Males of Non-European Race enumerated at the Census of 3rd April, 1911, Classified according to Race, Nationality, Length of Residence, Education and Conjugal Condition",934,37,38,2,37 | 38,38,39,35,39,39,"Race, Nationality, Length of Residence, Education and Conjugal Condition",Commonwealth of Australia,"RACE, NATIONALITY, LENGTH OF RESIDENCE, EDUCATION AND CONJUGAL CONDITION.",0,,False
1911_census_volume_ii_part_viii_non_european_races,1911 Census - Volume II - Part VIII Non-European Races.pdf,2112.0 - Volume II - Part VIII Non-European Races,data\raw\abs_1911_census\1911 Census - Volume II - Part VIII Non-European Races.pdf,177,35,"Commonwealth of Australia.—Females of Non-European Race enumerated at the Census of 3rd April, 1911, Classified according to Race, Nationality, Length of Residence, Education and Conjugal Condition",936,39,40,2,39 | 40,40,41,36,41,41,"Race, Nationality, Length of Residence, Education and Conjugal Condition",Commonwealth of Australia,"RACE, NATIONALITY, LENGTH OF RESIDENCE, EDUCATION AND CONJUGAL CONDITION.",0,,False
1911_census_volume_ii_part_viii_non_european_races,1911 Census - Volume II - Part VIII Non-European Races.pdf,2112.0 - Volume II - Part VIII Non-European Races,data\raw\abs_1911_census\1911 Census - Volume II - Part VIII Non-European Races.pdf,177,36,"Commonwealth of Australia.—Persons of Non-European Race enumerated at the Census of 3rd April, 1911, Classified according to Race, Nationality, Length of Residence, Education and Conjugal Condition",938,41,42,2,41 | 42,42,43,37,43,43,"Race, Nationality, Length of Residence, Education and Conjugal Condition",Commonwealth of Australia,"RACE, NATIONALITY, LENGTH OF RESIDENCE, EDUCATION AND CONJUGAL CONDITION.",0,,False
1911_census_volume_ii_part_viii_non_european_races,1911 Census - Volume II - Part VIII Non-European Races.pdf,2112.0 - Volume II - Part VIII Non-European Races,data\raw\abs_1911_census\1911 Census - Volume II - Part VIII Non-European Races.pdf,177,37,"Commonwealth of Australia.—Males of Non-European Race enumerated in the several States and Territories at the Census of 3rd April, 1911, Classified according to Nationality, Length of Residence, Education and Conjugal Condition",940,43,44,2,43 | 44,44,45,38,45,45,"Race, Nationality, Length of Residence, Education and Conjugal Condition",States and Territories of the Commonwealth of Australia,"RACE, NATIONALITY, LENGTH OF RESIDENCE, EDUCATION AND CONJUGAL CONDITION.",0,,False
1911_census_volume_ii_part_viii_non_european_races,1911 Census - Volume II - Part VIII Non-European Races.pdf,2112.0 - Volume II - Part VIII Non-European Races,data\raw\abs_1911_census\1911 Census - Volume II - Part VIII Non-European Races.pdf,177,38,"Commonwealth of Australia.—Females of Non-European Race enumerated in the several States and Territories at the Census of 3rd April, 1911, Classified according to Nationality, Length of Residence, Education and Conjugal Condition",942,45,46,2,45 | 46,46,47,39,47,47,"Race, Nationality, Length of Residence, Education and Conjugal Condition",States and Territories of the Commonwealth of Australia,"RACE, NATIONALITY, LENGTH OF RESIDENCE, EDUCATION AND CONJUGAL CONDITION.",0,,False
1911_census_volume_ii_part_viii_non_european_races,1911 Census - Volume II - Part VIII Non-European Races.pdf,2112.0 - Volume II - Part VIII Non-European Races,data\raw\abs_1911_census\1911 Census - Volume II - Part VIII Non-European Races.pdf,177,39,"Commonwealth of Australia.—Persons of Non-European Race enumerated in the several States and Territories at the Census of 3rd April, 1911, Classified according to Nationality, Length of Residence, Education and Conjugal Condition",944,47,48,2,47 | 48,48,49,40,49,49,"Race, Nationality, Length of Residence, Education and Conjugal Condition",States and Territories of the Commonwealth of Australia,"RACE, NATIONALITY, LENGTH OF RESIDENCE, EDUCATION AND CONJUGAL CONDITION.",0,,False
1911_census_volume_ii_part_viii_non_european_races,1911 Census - Volume II - Part VIII Non-European Races.pdf,2112.0 - Volume II - Part VIII Non-European Races,data\raw\abs_1911_census\1911 Census - Volume II - Part VIII Non-European Races.pdf,177,40,"New South Wales.—Males of Non-European Race enumerated at the Census of 3rd April, 1911, Classified according to Race, Nationality, Length of Residence, Education and Conjugal Condition",946,49,50,2,49 | 50,50,51,41,49,51,"Race, Nationality, Length of Residence, Education and Conjugal Condition",New South Wales,"RACE, NATIONALITY, LENGTH OF RESIDENCE, EDUCATION AND CONJUGAL CONDITION.",0,same_page_as_next_table_start,True
1911_census_volume_ii_part_viii_non_european_races,1911 Census - Volume II - Part VIII Non-European Races.pdf,2112.0 - Volume II - Part VIII Non-European Races,data\raw\abs_1911_census\1911 Census - Volume II - Part VIII Non-European Races.pdf,177,41,"New South Wales.—Females of Non-European Race enumerated at the Census of 3rd April, 1911, Classified according to Race, Nationality, Length of Residence, Education and Conjugal Condition",946,49,50,2,49 | 50,50,51,42,51,51,"Race, Nationality, Length of Residence, Education and Conjugal Condition",New South Wales,"RACE, NATIONALITY, LENGTH OF RESIDENCE, EDUCATION AND CONJUGAL CONDITION.",0,same_page_as_previous_table_start,True
1911_census_volume_ii_part_viii_non_european_races,1911 Census - Volume II - Part VIII Non-European Races.pdf,2112.0 - Volume II - Part VIII Non-European Races,data\raw\abs_1911_census\1911 Census - Volume II - Part VIII Non-European Races.pdf,177,42,"New South Wales.—Persons of Non-European Race enumerated at the Census of 3rd April, 1911, Classified according to Race, Nationality, Length of Residence, Education and Conjugal Condition",948,51,52,2,51 | 52,52,53,43,53,53,"Race, Nationality, Length of Residence, Education and Conjugal Condition",New South Wales,"RACE, NATIONALITY, LENGTH OF RESIDENCE, EDUCATION AND CONJUGAL CONDITION.",0,,False
1911_census_volume_ii_part_viii_non_european_races,1911 Census - Volume II - Part VIII Non-European Races.pdf,2112.0 - Volume II - Part VIII Non-European Races,data\raw\abs_1911_census\1911 Census - Volume II - Part VIII Non-European Races.pdf,177,43,"Victoria.—Males of Non-European Race enumerated at the Census of 3rd April, 1911, Classified according to Race, Nationality, Length of Residence, Education and Conjugal Condition",950,53,54,2,53 | 54,54,55,44,53,55,"Race, Nationality, Length of Residence, Education and Conjugal Condition",Victoria,"RACE, NATIONALITY, LENGTH OF RESIDENCE, EDUCATION AND CONJUGAL CONDITION.",0,same_page_as_next_table_start,True
1911_census_volume_ii_part_viii_non_european_races,1911 Census - Volume II - Part VIII Non-European Races.pdf,2112.0 - Volume II - Part VIII Non-European Races,data\raw\abs_1911_census\1911 Census - Volume II - Part VIII Non-European Races.pdf,177,44,"Victoria.—Females of Non-European Race enumerated at the Census of 3rd April, 1911, Classified according to Race, Nationality, Length of Residence, Education and Conjugal Condition",950,53,54,2,53 | 54,54,55,45,55,55,"Race, Nationality, Length of Residence, Education and Conjugal Condition",Victoria,"RACE, NATIONALITY, LENGTH OF RESIDENCE, EDUCATION AND CONJUGAL CONDITION.",0,same_page_as_previous_table_start,True
1911_census_volume_ii_part_viii_non_european_races,1911 Census - Volume II - Part VIII Non-European Races.pdf,2112.0 - Volume II - Part VIII Non-European Races,data\raw\abs_1911_census\1911 Census - Volume II - Part VIII Non-European Races.pdf,177,45,"Victoria.—Persons of Non-European Race enumerated at the Census of 3rd April, 1911, Classified according to Race, Nationality, Length of Residence, Education and Conjugal Condition",952,55,56,2,55 | 56,56,57,46,57,57,"Race, Nationality, Length of Residence, Education and Conjugal Condition",Victoria,"RACE, NATIONALITY, LENGTH OF RESIDENCE, EDUCATION AND CONJUGAL CONDITION.",0,,False
1911_census_volume_ii_part_viii_non_european_races,1911 Census - Volume II - Part VIII Non-European Races.pdf,2112.0 - Volume II - Part VIII Non-European Races,data\raw\abs_1911_census\1911 Census - Volume II - Part VIII Non-European Races.pdf,177,46,"Queensland.—Males of Non-European Race enumerated at the Census of 3rd April, 1911, Classified according to Race, Nationality, Length of Residence, Education and Conjugal Condition",954,57,58,2,57 | 58,58,59,47,57,59,"Race, Nationality, Length of Residence, Education and Conjugal Condition",Queensland,"RACE, NATIONALITY, LENGTH OF RESIDENCE, EDUCATION AND CONJUGAL CONDITION.",0,same_page_as_next_table_start,True
1911_census_volume_ii_part_viii_non_european_races,1911 Census - Volume II - Part VIII Non-European Races.pdf,2112.0 - Volume II - Part VIII Non-European Races,data\raw\abs_1911_census\1911 Census - Volume II - Part VIII Non-European Races.pdf,177,47,"Queensland.—Females of Non-European Race enumerated at the Census of 3rd April, 1911, Classified according to Race, Nationality, Length of Residence, Education and Conjugal Condition",954,57,58,2,57 | 58,58,59,48,59,59,"Race, Nationality, Length of Residence, Education and Conjugal Condition",Queensland,"RACE, NATIONALITY, LENGTH OF RESIDENCE, EDUCATION AND CONJUGAL CONDITION.",0,same_page_as_previous_table_start,True
1911_census_volume_ii_part_viii_non_european_races,1911 Census - Volume II - Part VIII Non-European Races.pdf,2112.0 - Volume II - Part VIII Non-European Races,data\raw\abs_1911_census\1911 Census - Volume II - Part VIII Non-European Races.pdf,177,48,"Queensland.—Persons of Non-European Race enumerated at the Census of 3rd April, 1911, Classified according to Race, Nationality, Length of Residence, Education and Conjugal Condition",956,59,60,2,59 | 60,60,61,49,61,61,"Race, Nationality, Length of Residence, Education and Conjugal Condition",Queensland,"RACE, NATIONALITY, LENGTH OF RESIDENCE, EDUCATION AND CONJUGAL CONDITION.",0,,False
1911_census_volume_ii_part_viii_non_european_races,1911 Census - Volume II - Part VIII Non-European Races.pdf,2112.0 - Volume II - Part VIII Non-European Races,data\raw\abs_1911_census\1911 Census - Volume II - Part VIII Non-European Races.pdf,177,49,"South Australia.—Males of Non-European Race enumerated at the Census of 3rd April, 1911, Classified according to Race, Nationality, Length of Residence, Education and Conjugal Condition",958,61,62,2,61 | 62,62,63,50,61,63,"Race, Nationality, Length of Residence, Education and Conjugal Condition",South Australia,"RACE, NATIONALITY, LENGTH OF RESIDENCE, EDUCATION AND CONJUGAL CONDITION.",0,same_page_as_next_table_start,True
1911_census_volume_ii_part_viii_non_european_races,1911 Census - Volume II - Part VIII Non-European Races.pdf,2112.0 - Volume II - Part VIII Non-European Races,data\raw\abs_1911_census\1911 Census - Volume II - Part VIII Non-European Races.pdf,177,50,"South Australia.—Females of Non-European Race enumerated at the Census of 3rd April, 1911, Classified according to Race, Nationality, Length of Residence, Education and Conjugal Condition",958,61,62,2,61 | 62,62,63,51,63,63,"Race, Nationality, Length of Residence, Education and Conjugal Condition",South Australia,"RACE, NATIONALITY, LENGTH OF RESIDENCE, EDUCATION AND CONJUGAL CONDITION.",0,same_page_as_previous_table_start,True
1911_census_volume_ii_part_viii_non_european_races,1911 Census - Volume II - Part VIII Non-European Races.pdf,2112.0 - Volume II - Part VIII Non-European Races,data\raw\abs_1911_census\1911 Census - Volume II - Part VIII Non-European Races.pdf,177,51,"South Australia.—Persons of Non-European Race enumerated at the Census of 3rd April, 1911, Classified according to Race, Nationality, Length of Residence, Education and Conjugal Condition",960,63,64,2,63 | 64,64,65,52,65,65,"Race, Nationality, Length of Residence, Education and Conjugal Condition",South Australia,"RACE, NATIONALITY, LENGTH OF RESIDENCE, EDUCATION AND CONJUGAL CONDITION.",0,,False
1911_census_volume_ii_part_viii_non_european_races,1911 Census - Volume II - Part VIII Non-European Races.pdf,2112.0 - Volume II - Part VIII Non-European Races,data\raw\abs_1911_census\1911 Census - Volume II - Part VIII Non-European Races.pdf,177,52,"Western Australia.—Males of Non-European Race enumerated at the Census of 3rd April, 1911, Classified according to Race, Nationality, Length of Residence, Education and Conjugal Condition",962,65,66,2,65 | 66,66,67,53,65,67,"Race, Nationality, Length of Residence, Education and Conjugal Condition",Western Australia,"RACE, NATIONALITY, LENGTH OF RESIDENCE, EDUCATION AND CONJUGAL CONDITION.",0,same_page_as_next_table_start,True
1911_census_volume_ii_part_viii_non_european_races,1911 Census - Volume II - Part VIII Non-European Races.pdf,2112.0 - Volume II - Part VIII Non-European Races,data\raw\abs_1911_census\1911 Census - Volume II - Part VIII Non-European Races.pdf,177,53,"Western Australia.—Females of Non-European Race enumerated at the Census of 3rd April, 1911, Classified according to Race, Nationality, Length of Residence, Education and Conjugal Condition",962,65,66,2,65 | 66,66,67,54,67,67,"Race, Nationality, Length of Residence, Education and Conjugal Condition",Western Australia,"RACE, NATIONALITY, LENGTH OF RESIDENCE, EDUCATION AND CONJUGAL CONDITION.",0,same_page_as_previous_table_start,True
1911_census_volume_ii_part_viii_non_european_races,1911 Census - Volume II - Part VIII Non-European Races.pdf,2112.0 - Volume II - Part VIII Non-European Races,data\raw\abs_1911_census\1911 Census - Volume II - Part VIII Non-European Races.pdf,177,54,"Western Australia.—Persons of Non-European Race enumerated at the Census of 3rd April, 1911, Classified according to Race, Nationality, Length of Residence, Education and Conjugal Condition",964,67,68,2,67 | 68,68,69,55,69,69,"Race, Nationality, Length of Residence, Education and Conjugal Condition",Western Australia,"RACE, NATIONALITY, LENGTH OF RESIDENCE, EDUCATION AND CONJUGAL CONDITION.",0,,False
1911_census_volume_ii_part_viii_non_european_races,1911 Census - Volume II - Part VIII Non-European Races.pdf,2112.0 - Volume II - Part VIII Non-European Races,data\raw\abs_1911_census\1911 Census - Volume II - Part VIII Non-European Races.pdf,177,55,"Tasmania.—Males of Non-European Race enumerated at the Census of 3rd April, 1911, Classified according to Race, Nationality, Length of Residence, Education and Conjugal Condition",966,69,70,2,69 | 70,70,71,56,69,71,"Race, Nationality, Length of Residence, Education and Conjugal Condition",Tasmania,"RACE, NATIONALITY, LENGTH OF RESIDENCE, EDUCATION AND CONJUGAL CONDITION.",0,same_page_as_next_table_start,True
1911_census_volume_ii_part_viii_non_european_races,1911 Census - Volume II - Part VIII Non-European Races.pdf,2112.0 - Volume II - Part VIII Non-European Races,data\raw\abs_1911_census\1911 Census - Volume II - Part VIII Non-European Races.pdf,177,56,"Tasmania.—Females of Non-European Race enumerated at the Census of 3rd April, 1911, Classified according to Race, Nationality, Length of Residence, Education and Conjugal Condition",966,69,70,2,69 | 70,70,71,57,71,71,"Race, Nationality, Length of Residence, Education and Conjugal Condition",Tasmania,"RACE, NATIONALITY, LENGTH OF RESIDENCE, EDUCATION AND CONJUGAL CONDITION.",0,same_page_as_previous_table_start,True
1911_census_volume_ii_part_viii_non_european_races,1911 Census - Volume II - Part VIII Non-European Races.pdf,2112.0 - Volume II - Part VIII Non-European Races,data\raw\abs_1911_census\1911 Census - Volume II - Part VIII Non-European Races.pdf,177,57,"Tasmania.—Persons of Non-European Race enumerated at the Census of 3rd April, 1911, Classified according to Race, Nationality, Length of Residence, Education and Conjugal Condition",968,71,72,2,71 | 72,72,73,58,71,73,"Race, Nationality, Length of Residence, Education and Conjugal Condition",Tasmania,"RACE, NATIONALITY, LENGTH OF RESIDENCE, EDUCATION AND CONJUGAL CONDITION.",0,same_page_as_next_table_start,True
1911_census_volume_ii_part_viii_non_european_races,1911 Census - Volume II - Part VIII Non-European Races.pdf,2112.0 - Volume II - Part VIII Non-European Races,data\raw\abs_1911_census\1911 Census - Volume II - Part VIII Non-European Races.pdf,177,58,"Northern Territory.—Males of Non-European Race enumerated at the Census of 3rd April, 1911, Classified according to Race, Nationality, Length of Residence, Education and Conjugal Condition",968,71,72,2,71 | 72,72,73,59,73,73,"Race, Nationality, Length of Residence, Education and Conjugal Condition",Northern Territory,"RACE, NATIONALITY, LENGTH OF RESIDENCE, EDUCATION AND CONJUGAL CONDITION.",0,same_page_as_previous_table_start,True
1911_census_volume_ii_part_viii_non_european_races,1911 Census - Volume II - Part VIII Non-European Races.pdf,2112.0 - Volume II - Part VIII Non-European Races,data\raw\abs_1911_census\1911 Census - Volume II - Part VIII Non-European Races.pdf,177,59,"Northern Territory.—Females of Non-European Race enumerated at the Census of 3rd April, 1911, Classified according to Race, Nationality, Length of Residence, Education and Conjugal Condition",970,73,74,2,73 | 74,74,75,60,73,75,"Race, Nationality, Length of Residence, Education and Conjugal Condition",Northern Territory,"RACE, NATIONALITY, LENGTH OF RESIDENCE, EDUCATION AND CONJUGAL CONDITION.",0,same_page_as_next_table_start,True
1911_census_volume_ii_part_viii_non_european_races,1911 Census - Volume II - Part VIII Non-European Races.pdf,2112.0 - Volume II - Part VIII Non-European Races,data\raw\abs_1911_census\1911 Census - Volume II - Part VIII Non-European Races.pdf,177,60,"Northern Territory.—Persons of Non-European Race enumerated at the Census of 3rd April, 1911, Classified according to Race, Nationality, Length of Residence, Education and Conjugal Condition",970,73,74,2,73 | 74,74,75,61,75,75,"Race, Nationality, Length of Residence, Education and Conjugal Condition",Northern Territory,"RACE, NATIONALITY, LENGTH OF RESIDENCE, EDUCATION AND CONJUGAL CONDITION.",0,same_page_as_previous_table_start,True
1911_census_volume_ii_part_viii_non_european_races,1911 Census - Volume II - Part VIII Non-European Races.pdf,2112.0 - Volume II - Part VIII Non-European Races,data\raw\abs_1911_census\1911 Census - Volume II - Part VIII Non-European Races.pdf,177,61,"Federal Capital Territory.—Persons of Non-European Race enumerated at the Census of 3rd April, 1911, Classified according to Race, Nationality, Length of Residence, Education, Conjugal Condition and Sex",972,75,76,2,75 | 76,76,77,62,77,77,"Race, Nationality, Length of Residence, Education and Conjugal Condition",Federal Capital Territory,"RACE, NATIONALITY, LENGTH OF RESIDENCE, EDUCATION AND CONJUGAL CONDITION.",0,,False
1911_census_volume_ii_part_viii_non_european_races,1911 Census - Volume II - Part VIII Non-European Races.pdf,2112.0 - Volume II - Part VIII Non-European Races,data\raw\abs_1911_census\1911 Census - Volume II - Part VIII Non-European Races.pdf,177,62,"Commonwealth of Australia.—Males of Non-European Race enumerated at the Census of 3rd April, 1911, Classified according to Birthplace and Race",974,77,78,2,77 | 78,78,79,63,79,79,Birthplaces,Commonwealth of Australia,BIRTHPLACES.,0,,False
1911_census_volume_ii_part_viii_non_european_races,1911 Census - Volume II - Part VIII Non-European Races.pdf,2112.0 - Volume II - Part VIII Non-European Races,data\raw\abs_1911_census\1911 Census - Volume II - Part VIII Non-European Races.pdf,177,63,"Commonwealth of Australia—Females of Non-European Race enumerated at the Census of 3rd April, 1911, Classified according to Birthplace and Race",976,79,80,2,79 | 80,80,81,64,81,81,Birthplaces,Commonwealth of Australia,BIRTHPLACES.,0,,False
1911_census_volume_ii_part_viii_non_european_races,1911 Census - Volume II - Part VIII Non-European Races.pdf,2112.0 - Volume II - Part VIII Non-European Races,data\raw\abs_1911_census\1911 Census - Volume II - Part VIII Non-European Races.pdf,177,64,"Commonwealth of Australia.—Persons of Non-European Race enumerated at the Census of 3rd April, 1911, Classified according to Birthplace and Race",978,81,82,2,81 | 82,82,83,65,83,83,Birthplaces,Commonwealth of Australia,BIRTHPLACES.,0,,False
1911_census_volume_ii_part_viii_non_european_races,1911 Census - Volume II - Part VIII Non-European Races.pdf,2112.0 - Volume II - Part VIII Non-European Races,data\raw\abs_1911_census\1911 Census - Volume II - Part VIII Non-European Races.pdf,177,65,"Commonwealth of Australia.—Full-blood Males of Non-European Race enumerated in the several States and Territories at the Census of 3rd April, 1911, Classified according to Birthplace",980,83,83,1,83,84,84,66,84,84,Birthplaces,States and Territories of the Commonwealth of Australia,BIRTHPLACES.,0,,False
1911_census_volume_ii_part_viii_non_european_races,1911 Census - Volume II - Part VIII Non-European Races.pdf,2112.0 - Volume II - Part VIII Non-European Races,data\raw\abs_1911_census\1911 Census - Volume II - Part VIII Non-European Races.pdf,177,66,"Commonwealth of Australia.—Half-caste Males of Non-European Race enumerated in the several States and Territories at the Census of 3rd April, 1911, Classified according to Birthplace",981,84,84,1,84,85,85,67,85,85,Birthplaces,States and Territories of the Commonwealth of Australia,BIRTHPLACES.,0,,False
1911_census_volume_ii_part_viii_non_european_races,1911 Census - Volume II - Part VIII Non-European Races.pdf,2112.0 - Volume II - Part VIII Non-European Races,data\raw\abs_1911_census\1911 Census - Volume II - Part VIII Non-European Races.pdf,177,67,"Commonwealth of Australia.—Full-blood and Half-caste Males of Non-European Race enumerated in the several States and Territories at the Census of 3rd April, 1911, Classified according to Birthplace",982,85,86,2,85 | 86,86,87,68,87,87,Birthplaces,States and Territories of the Commonwealth of Australia,BIRTHPLACES.,0,,False
1911_census_volume_ii_part_viii_non_european_races,1911 Census - Volume II - Part VIII Non-European Races.pdf,2112.0 - Volume II - Part VIII Non-European Races,data\raw\abs_1911_census\1911 Census - Volume II - Part VIII Non-European Races.pdf,177,68,"Commonwealth of Australia.—Full-blood Females of Non-European Race enumerated in the several States and Territories at the Census of 3rd April, 1911, Classified according to Birthplace",984,87,87,1,87,88,88,69,88,88,Birthplaces,States and Territories of the Commonwealth of Australia,BIRTHPLACES.,0,,False
1911_census_volume_ii_part_viii_non_european_races,1911 Census - Volume II - Part VIII Non-European Races.pdf,2112.0 - Volume II - Part VIII Non-European Races,data\raw\abs_1911_census\1911 Census - Volume II - Part VIII Non-European Races.pdf,177,69,"Commonwealth of Australia.—Half-caste Females of Non-European Race enumerated in the several States and Territories at the Census of 3rd April, 1911, Classified according to Birthplace",985,88,88,1,88,89,89,70,89,89,Birthplaces,States and Territories of the Commonwealth of Australia,BIRTHPLACES.,0,,False
1911_census_volume_ii_part_viii_non_european_races,1911 Census - Volume II - Part VIII Non-European Races.pdf,2112.0 - Volume II - Part VIII Non-European Races,data\raw\abs_1911_census\1911 Census - Volume II - Part VIII Non-European Races.pdf,177,70,"Commonwealth of Australia.—Full-blood and Half-caste Females of Non-European Race enumerated in the several States and Territories at the Census of 3rd April, 1911, Classified according to Birthplace",986,89,89,1,89,90,90,71,90,90,Birthplaces,States and Territories of the Commonwealth of Australia,BIRTHPLACES.,0,,False
1911_census_volume_ii_part_viii_non_european_races,1911 Census - Volume II - Part VIII Non-European Races.pdf,2112.0 - Volume II - Part VIII Non-European Races,data\raw\abs_1911_census\1911 Census - Volume II - Part VIII Non-European Races.pdf,177,71,"Commonwealth of Australia.—Full-blood Persons of Non-European Race enumerated in the several States and Territories at the Census of 3rd April, 1911, Classified according to Birthplace",987,90,90,1,90,91,91,72,91,91,Birthplaces,States and Territories of the Commonwealth of Australia,BIRTHPLACES.,0,,False
1911_census_volume_ii_part_viii_non_european_races,1911 Census - Volume II - Part VIII Non-European Races.pdf,2112.0 - Volume II - Part VIII Non-European Races,data\raw\abs_1911_census\1911 Census - Volume II - Part VIII Non-European Races.pdf,177,72,"Commonwealth of Australia.—Half-caste Persons of Non-European Race enumerated in the several States and Territories at the Census of 3rd April, 1911, Classified according to Birthplace",988,91,91,1,91,92,92,73,92,92,Birthplaces,States and Territories of the Commonwealth of Australia,BIRTHPLACES.,0,,False
1911_census_volume_ii_part_viii_non_european_races,1911 Census - Volume II - Part VIII Non-European Races.pdf,2112.0 - Volume II - Part VIII Non-European Races,data\raw\abs_1911_census\1911 Census - Volume II - Part VIII Non-European Races.pdf,177,73,"Commonwealth of Australia.—Full-blood and Half-caste Persons of Non-European Race, enumerated in the several States and Territories at the Census of 3rd April, 1911, Classified according to Birthplace",989,92,92,1,92,93,93,74,93,93,Birthplaces,States and Territories of the Commonwealth of Australia,BIRTHPLACES.,0,,False
1911_census_volume_ii_part_viii_non_european_races,1911 Census - Volume II - Part VIII Non-European Races.pdf,2112.0 - Volume II - Part VIII Non-European Races,data\raw\abs_1911_census\1911 Census - Volume II - Part VIII Non-European Races.pdf,177,74,"New South Wales.—Males of Non-European Race enumerated at the Census of 3rd April, 1911, Classified according to Birthplace, and Race",990,93,94,2,93 | 94,94,95,75,95,95,Birthplaces,New South Wales,BIRTHPLACES.,0,,False
1911_census_volume_ii_part_viii_non_european_races,1911 Census - Volume II - Part VIII Non-European Races.pdf,2112.0 - Volume II - Part VIII Non-European Races,data\raw\abs_1911_census\1911 Census - Volume II - Part VIII Non-European Races.pdf,177,75,"New South Wales.—Females of Non-European Race enumerated at the Census of 3rd April, 1911, Classified according to Birthplace and Race",992,95,96,2,95 | 96,96,97,76,97,97,Birthplaces,New South Wales,BIRTHPLACES.,0,,False
1911_census_volume_ii_part_viii_non_european_races,1911 Census - Volume II - Part VIII Non-European Races.pdf,2112.0 - Volume II - Part VIII Non-European Races,data\raw\abs_1911_census\1911 Census - Volume II - Part VIII Non-European Races.pdf,177,76,"Victoria.—Males of Non-European Race enumerated at the Census of 3rd April, 1911, Classified according to Birthplace and Race",994,97,98,2,97 | 98,98,99,77,99,99,Birthplaces,Victoria,BIRTHPLACES.,0,,False
1911_census_volume_ii_part_viii_non_european_races,1911 Census - Volume II - Part VIII Non-European Races.pdf,2112.0 - Volume II - Part VIII Non-European Races,data\raw\abs_1911_census\1911 Census - Volume II - Part VIII Non-European Races.pdf,177,77,"Victoria.—Females of Non-European Race enumerated at the Census of 3rd April, 1911, Classified according to Birthplace and Race",996,99,100,2,99 | 100,100,101,78,101,101,Birthplaces,Victoria,BIRTHPLACES.,0,,False
1911_census_volume_ii_part_viii_non_european_races,1911 Census - Volume II - Part VIII Non-European Races.pdf,2112.0 - Volume II - Part VIII Non-European Races,data\raw\abs_1911_census\1911 Census - Volume II - Part VIII Non-European Races.pdf,177,78,"Queensland.—Males of Non-European Race enumerated at the Census of 3rd April, 1911, Classified according to Birthplace and Race",998,101,102,2,101 | 102,102,103,79,103,103,Birthplaces,Queensland,BIRTHPLACES.,0,,False
1911_census_volume_ii_part_viii_non_european_races,1911 Census - Volume II - Part VIII Non-European Races.pdf,2112.0 - Volume II - Part VIII Non-European Races,data\raw\abs_1911_census\1911 Census - Volume II - Part VIII Non-European Races.pdf,177,79,"Queensland.—Females of Non-European Race enumerated at the Census of 3rd April, 1911, Classified according to Birthplace and Race",1000,103,104,2,103 | 104,104,105,80,105,105,Birthplaces,Queensland,BIRTHPLACES.,0,,False
1911_census_volume_ii_part_viii_non_european_races,1911 Census - Volume II - Part VIII Non-European Races.pdf,2112.0 - Volume II - Part VIII Non-European Races,data\raw\abs_1911_census\1911 Census - Volume II - Part VIII Non-European Races.pdf,177,80,"South Australia.—Males of Non-European Race enumerated at the Census of 3rd April, 1911, Classified according to Birthplace and Race",1002,105,105,1,105,106,106,81,107,106,Birthplaces,South Australia,BIRTHPLACES.,0,,False
1911_census_volume_ii_part_viii_non_european_races,1911 Census - Volume II - Part VIII Non-European Races.pdf,2112.0 - Volume II - Part VIII Non-European Races,data\raw\abs_1911_census\1911 Census - Volume II - Part VIII Non-European Races.pdf,177,81,"South Australia.—Females of Non-European Race enumerated at the Census of 3rd April, 1911, Classified according to Birthplace and Race",1004,107,108,2,107 | 108,108,109,82,109,109,Birthplaces,South Australia,BIRTHPLACES.,0,,False
1911_census_volume_ii_part_viii_non_european_races,1911 Census - Volume II - Part VIII Non-European Races.pdf,2112.0 - Volume II - Part VIII Non-European Races,data\raw\abs_1911_census\1911 Census - Volume II - Part VIII Non-European Races.pdf,177,82,"Western Australia.—Males of Non-European Race enumerated at the Census of 3rd April, 1911, Classified according to Birthplace and Race",1006,109,110,2,109 | 110,110,111,83,111,111,Birthplaces,Western Australia,BIRTHPLACES.,0,,False
1911_census_volume_ii_part_viii_non_european_races,1911 Census - Volume II - Part VIII Non-European Races.pdf,2112.0 - Volume II - Part VIII Non-European Races,data\raw\abs_1911_census\1911 Census - Volume II - Part VIII Non-European Races.pdf,177,83,"Western Australia.—Females of Non-European Race enumerated at the Census of 3rd April, 1911, Classified according to Birthplace and Race",1008,111,112,2,111 | 112,112,113,84,106,113,Birthplaces,Western Australia,BIRTHPLACES.,0,next_numbered_table_starts_before_this_table,True
1911_census_volume_ii_part_viii_non_european_races,1911 Census - Volume II - Part VIII Non-European Races.pdf,2112.0 - Volume II - Part VIII Non-European Races,data\raw\abs_1911_census\1911 Census - Volume II - Part VIII Non-European Races.pdf,177,84,"Tasmania.—Males of Non-European Race enumerated at the Census of 3rd April, 1911, Classified according to Birthplace and Race",1003,106,106,1,106,107,107,85,113,107,Birthplaces,Tasmania,BIRTHPLACES.,0,,False
1911_census_volume_ii_part_viii_non_european_races,1911 Census - Volume II - Part VIII Non-European Races.pdf,2112.0 - Volume II - Part VIII Non-European Races,data\raw\abs_1911_census\1911 Census - Volume II - Part VIII Non-European Races.pdf,177,85,"Tasmania.—Females of Non-European Race enumerated at the Census of 3rd April, 1911, Classified according to Birthplace and Race",1010,113,114,2,113 | 114,114,115,86,113,115,Birthplaces,Tasmania,BIRTHPLACES.,0,same_page_as_next_table_start,True
1911_census_volume_ii_part_viii_non_european_races,1911 Census - Volume II - Part VIII Non-European Races.pdf,2112.0 - Volume II - Part VIII Non-European Races,data\raw\abs_1911_census\1911 Census - Volume II - Part VIII Non-European Races.pdf,177,86,"Northern Territory.—Males of Non-European Race enumerated at the Census of 3rd April, 1911, Classified according to Birthplace and Race",1010,113,114,2,113 | 114,114,115,87,115,115,Birthplaces,Northern Territory,BIRTHPLACES.,0,same_page_as_previous_table_start,True
1911_census_volume_ii_part_viii_non_european_races,1911 Census - Volume II - Part VIII Non-European Races.pdf,2112.0 - Volume II - Part VIII Non-European Races,data\raw\abs_1911_census\1911 Census - Volume II - Part VIII Non-European Races.pdf,177,87,"Northern Territory.—Females of Non-European Race enumerated at the Census of 3rd April, 1911, Classified according to Birthplace and Race",1012,115,116,2,115 | 116,116,117,88,115,117,Birthplaces,Northern Territory,BIRTHPLACES.,0,same_page_as_next_table_start,True
1911_census_volume_ii_part_viii_non_european_races,1911 Census - Volume II - Part VIII Non-European Races.pdf,2112.0 - Volume II - Part VIII Non-European Races,data\raw\abs_1911_census\1911 Census - Volume II - Part VIII Non-European Races.pdf,177,88,"Federal Capital Territory.—Males and Females of Non-European Race enumerated at the Census of 3rd April, 1911, Classified according to Birthplace and Race",1012,115,116,2,115 | 116,116,117,89,117,117,Birthplaces,Federal Capital Territory,BIRTHPLACES.,0,same_page_as_previous_table_start,True
1911_census_volume_ii_part_viii_non_european_races,1911 Census - Volume II - Part VIII Non-European Races.pdf,2112.0 - Volume II - Part VIII Non-European Races,data\raw\abs_1911_census\1911 Census - Volume II - Part VIII Non-European Races.pdf,177,89,"Commonwealth of Australia.—Males of Non-European Race enumerated at the Census of 3rd April, 1911, Classified according to Occupation and Race",1014,117,130,14,117 | 118 | 119 | 120 | 121 | 122 | 123 | 124 | 125 | 126 | 127 | 128 | 129 | 130,118,131,90,131,131,Occupations,Commonwealth of Australia,OCCUPATIONS.,0,,False
1911_census_volume_ii_part_viii_non_european_races,1911 Census - Volume II - Part VIII Non-European Races.pdf,2112.0 - Volume II - Part VIII Non-European Races,data\raw\abs_1911_census\1911 Census - Volume II - Part VIII Non-European Races.pdf,177,90,"Commonwealth of Australia.—Females of Non-European Race enumerated at the Census of 3rd April, 1911, Classified according to Occupation and Race",1028,131,138,8,131 | 132 | 133 | 134 | 135 | 136 | 137 | 138,132,139,91,139,139,Occupations,Commonwealth of Australia,OCCUPATIONS.,0,,False
1911_census_volume_ii_part_viii_non_european_races,1911 Census - Volume II - Part VIII Non-European Races.pdf,2112.0 - Volume II - Part VIII Non-European Races,data\raw\abs_1911_census\1911 Census - Volume II - Part VIII Non-European Races.pdf,177,91,"Commonwealth of Australia.—Full-blood Males of Non-European Race enumerated in the several States and Territories at the Census of 3rd April, 1911, Classified according to Occupation",1036,139,139,1,139,140,140,92,140,140,Occupations,States and Territories of the Commonwealth of Australia,OCCUPATIONS.,0,,False
1911_census_volume_ii_part_viii_non_european_races,1911 Census - Volume II - Part VIII Non-European Races.pdf,2112.0 - Volume II - Part VIII Non-European Races,data\raw\abs_1911_census\1911 Census - Volume II - Part VIII Non-European Races.pdf,177,92,"Commonwealth of Australia.—Half-caste Males of Non-European Race enumerated in the several States and Territories at the Census of 3rd April, 1911, Classified according to Occupation",1037,140,140,1,140,141,141,93,141,141,Occupations,States and Territories of the Commonwealth of Australia,OCCUPATIONS.,0,,False
1911_census_volume_ii_part_viii_non_european_races,1911 Census - Volume II - Part VIII Non-European Races.pdf,2112.0 - Volume II - Part VIII Non-European Races,data\raw\abs_1911_census\1911 Census - Volume II - Part VIII Non-European Races.pdf,177,93,"Commonwealth of Australia.—Full-blood and Half-caste Males of Non-European Race enumerated in the several States and Territories at the Census of 3rd April, 1911, Classified according to Occupation",1038,141,141,1,141,142,142,94,142,142,Occupations,States and Territories of the Commonwealth of Australia,OCCUPATIONS.,0,,False
1911_census_volume_ii_part_viii_non_european_races,1911 Census - Volume II - Part VIII Non-European Races.pdf,2112.0 - Volume II - Part VIII Non-European Races,data\raw\abs_1911_census\1911 Census - Volume II - Part VIII Non-European Races.pdf,177,94,"Commonwealth of Australia.—Full-blood Females of Non-European Race enumerated in the several States and Territories at the Census of 3rd April, 1911, Classified according to Occupation",1039,142,142,1,142,143,143,95,143,143,Occupations,States and Territories of the Commonwealth of Australia,OCCUPATIONS.,0,,False
1911_census_volume_ii_part_viii_non_european_races,1911 Census - Volume II - Part VIII Non-European Races.pdf,2112.0 - Volume II - Part VIII Non-European Races,data\raw\abs_1911_census\1911 Census - Volume II - Part VIII Non-European Races.pdf,177,95,"Commonwealth of Australia.—Half-caste Females of Non-European Race enumerated in the several States and Territories at the Census of 3rd April, 1911, Classified according to Occupation",1040,143,143,1,143,144,144,96,144,144,Occupations,States and Territories of the Commonwealth of Australia,OCCUPATIONS.,0,,False
1911_census_volume_ii_part_viii_non_european_races,1911 Census - Volume II - Part VIII Non-European Races.pdf,2112.0 - Volume II - Part VIII Non-European Races,data\raw\abs_1911_census\1911 Census - Volume II - Part VIII Non-European Races.pdf,177,96,"Commonwealth of Australia.—Full-blood and Half-caste Females of Non-European Race enumerated in the several States and Territories at the Census of 3rd April, 1911, Classified according to Occupation",1041,144,144,1,144,145,145,97,145,145,Occupations,States and Territories of the Commonwealth of Australia,OCCUPATIONS.,0,,False
1911_census_volume_ii_part_viii_non_european_races,1911 Census - Volume II - Part VIII Non-European Races.pdf,2112.0 - Volume II - Part VIII Non-European Races,data\raw\abs_1911_census\1911 Census - Volume II - Part VIII Non-European Races.pdf,177,97,"New South Wales.—Males of Non-European Race enumerated at the Census of 3rd April, 1911, Classified according to Occupation and Race",1042,145,146,2,145 | 146,146,147,98,147,147,Occupations,New South Wales,OCCUPATIONS.,0,,False
1911_census_volume_ii_part_viii_non_european_races,1911 Census - Volume II - Part VIII Non-European Races.pdf,2112.0 - Volume II - Part VIII Non-European Races,data\raw\abs_1911_census\1911 Census - Volume II - Part VIII Non-European Races.pdf,177,98,"New South Wales.—Females of Non-European Race enumerated at the Census of 3rd April, 1911, Classified according to Occupation and Race",1044,147,148,2,147 | 148,148,149,99,149,149,Occupations,New South Wales,OCCUPATIONS.,0,,False
1911_census_volume_ii_part_viii_non_european_races,1911 Census - Volume II - Part VIII Non-European Races.pdf,2112.0 - Volume II - Part VIII Non-European Races,data\raw\abs_1911_census\1911 Census - Volume II - Part VIII Non-European Races.pdf,177,99,"Victoria.—Males of Non-European Race enumerated at the Census of 3rd April, 1911, Classified according to Occupation and Race",1046,149,150,2,149 | 150,150,151,100,151,151,Occupations,Victoria,OCCUPATIONS.,0,,False
1911_census_volume_ii_part_viii_non_european_races,1911 Census - Volume II - Part VIII Non-European Races.pdf,2112.0 - Volume II - Part VIII Non-European Races,data\raw\abs_1911_census\1911 Census - Volume II - Part VIII Non-European Races.pdf,177,100,"Victoria.—Females of Non-European Race enumerated at the Census of 3rd April, 1911, Classified according to Occupation and Race",1048,151,152,2,151 | 152,152,153,101,153,153,Occupations,Victoria,OCCUPATIONS.,0,,False
1911_census_volume_ii_part_viii_non_european_races,1911 Census - Volume II - Part VIII Non-European Races.pdf,2112.0 - Volume II - Part VIII Non-European Races,data\raw\abs_1911_census\1911 Census - Volume II - Part VIII Non-European Races.pdf,177,101,"Queensland.—Males of Non-European Race enumerated at the Census of 3rd April, 1911, Classified according to Occupation and Race",1050,153,154,2,153 | 154,154,155,102,155,155,Occupations,Queensland,OCCUPATIONS.,0,,False
1911_census_volume_ii_part_viii_non_european_races,1911 Census - Volume II - Part VIII Non-European Races.pdf,2112.0 - Volume II - Part VIII Non-European Races,data\raw\abs_1911_census\1911 Census - Volume II - Part VIII Non-European Races.pdf,177,102,"Queensland.—Females of Non-European Race enumerated at the Census of 3rd April, 1911, Classified according to Occupation and Race",1052,155,156,2,155 | 156,156,157,103,157,157,Occupations,Queensland,OCCUPATIONS.,0,,False
1911_census_volume_ii_part_viii_non_european_races,1911 Census - Volume II - Part VIII Non-European Races.pdf,2112.0 - Volume II - Part VIII Non-European Races,data\raw\abs_1911_census\1911 Census - Volume II - Part VIII Non-European Races.pdf,177,103,"South Australia.—Males of Non-European Race enumerated at the Census of 3rd April, 1911, Classified according to Occupation and Race",1054,157,158,2,157 | 158,158,159,104,159,159,Occupations,South Australia,OCCUPATIONS.,0,,False
1911_census_volume_ii_part_viii_non_european_races,1911 Census - Volume II - Part VIII Non-European Races.pdf,2112.0 - Volume II - Part VIII Non-European Races,data\raw\abs_1911_census\1911 Census - Volume II - Part VIII Non-European Races.pdf,177,104,"South Australia.—Females of Non-European Race enumerated at the Census of 3rd April, 1911, Classified according to Occupation and Race",1056,159,160,2,159 | 160,160,161,105,161,161,Occupations,South Australia,OCCUPATIONS.,0,,False
1911_census_volume_ii_part_viii_non_european_races,1911 Census - Volume II - Part VIII Non-European Races.pdf,2112.0 - Volume II - Part VIII Non-European Races,data\raw\abs_1911_census\1911 Census - Volume II - Part VIII Non-European Races.pdf,177,105,"Western Australia.—Males of Non-European Race enumerated at the Census of 3rd April, 1911, Classified according to Occupation and Race",1058,161,162,2,161 | 162,162,163,106,163,163,Occupations,Western Australia,OCCUPATIONS.,0,,False
1911_census_volume_ii_part_viii_non_european_races,1911 Census - Volume II - Part VIII Non-European Races.pdf,2112.0 - Volume II - Part VIII Non-European Races,data\raw\abs_1911_census\1911 Census - Volume II - Part VIII Non-European Races.pdf,177,106,"Western Australia.—Females of Non-European Race enumerated at the Census of 3rd April, 1911, Classified according to Occupation and Race",1060,163,164,2,163 | 164,164,165,107,165,165,Occupations,Western Australia,OCCUPATIONS.,0,,False
1911_census_volume_ii_part_viii_non_european_races,1911 Census - Volume II - Part VIII Non-European Races.pdf,2112.0 - Volume II - Part VIII Non-European Races,data\raw\abs_1911_census\1911 Census - Volume II - Part VIII Non-European Races.pdf,177,107,"Tasmania.—Males of Non-European Race enumerated at the Census of 3rd April, 1911, Classified according to Occupation and Race",1062,165,166,2,165 | 166,166,167,108,167,167,Occupations,Tasmania,OCCUPATIONS.,0,,False
1911_census_volume_ii_part_viii_non_european_races,1911 Census - Volume II - Part VIII Non-European Races.pdf,2112.0 - Volume II - Part VIII Non-European Races,data\raw\abs_1911_census\1911 Census - Volume II - Part VIII Non-European Races.pdf,177,108,"Tasmania.—Females of Non-European Race enumerated at the Census of 3rd April, 1911, Classified according to Occupation and Race",1064,167,168,2,167 | 168,168,169,109,169,169,Occupations,Tasmania,OCCUPATIONS.,0,,False
1911_census_volume_ii_part_viii_non_european_races,1911 Census - Volume II - Part VIII Non-European Races.pdf,2112.0 - Volume II - Part VIII Non-European Races,data\raw\abs_1911_census\1911 Census - Volume II - Part VIII Non-European Races.pdf,177,109,"Northern Territory.—Males of Non-European Race enumerated at the Census of 3rd April, 1911, Classified according to Occupation and Race",1066,169,170,2,169 | 170,170,171,110,171,171,Occupations,Northern Territory,OCCUPATIONS.,0,,False
1911_census_volume_ii_part_viii_non_european_races,1911 Census - Volume II - Part VIII Non-European Races.pdf,2112.0 - Volume II - Part VIII Non-European Races,data\raw\abs_1911_census\1911 Census - Volume II - Part VIII Non-European Races.pdf,177,110,"Northern Territory.—Females of Non-European Race enumerated at the Census of 3rd April, 1911, Classified according to Occupation and Race",1068,171,172,2,171 | 172,172,173,111,173,173,Occupations,Northern Territory,OCCUPATIONS.,0,,False
1911_census_volume_ii_part_viii_non_european_races,1911 Census - Volume II - Part VIII Non-European Races.pdf,2112.0 - Volume II - Part VIII Non-European Races,data\raw\abs_1911_census\1911 Census - Volume II - Part VIII Non-European Races.pdf,177,111,"Federal Capital Territory.—Males and Females of Non-European Race enumerated at the Census of 3rd April, 1911, Classified according to Occupation and Race",1070,173,174,2,173 | 174,174,175,112,175,175,Occupations,Federal Capital Territory,OCCUPATIONS.,0,,False
1911_census_volume_ii_part_viii_non_european_races,1911 Census - Volume II - Part VIII Non-European Races.pdf,2112.0 - Volume II - Part VIII Non-European Races,data\raw\abs_1911_census\1911 Census - Volume II - Part VIII Non-European Races.pdf,177,112,"Males of Non-European Race enumerated in the Metropolitan Areas of the several States of the Commonwealth at the Census of 3rd April, 1911",1072,175,175,1,175,176,176,113,175,176,Metropolitan Areas,Metropolitan Areas of the several States of the Commonwealth,OCCUPATIONS.,0,same_page_as_next_table_start,True
1911_census_volume_ii_part_viii_non_european_races,1911 Census - Volume II - Part VIII Non-European Races.pdf,2112.0 - Volume II - Part VIII Non-European Races,data\raw\abs_1911_census\1911 Census - Volume II - Part VIII Non-European Races.pdf,177,113,"Females of Non-European Race enumerated in the Metropolitan Areas of the several States of the Commonwealth at the Census of 3rd April, 1911",1072,175,175,1,175,176,176,114,176,176,Metropolitan Areas,Metropolitan Areas of the several States of the Commonwealth,OCCUPATIONS.,0,same_page_as_previous_table_start,True
1911_census_volume_ii_part_viii_non_european_races,1911 Census - Volume II - Part VIII Non-European Races.pdf,2112.0 - Volume II - Part VIII Non-European Races,data\raw\abs_1911_census\1911 Census - Volume II - Part VIII Non-European Races.pdf,177,114,"Persons of Non-European Race enumerated in the Metropolitan Areas of the several States of the Commonwealth at the Census of 3rd April, 1911",1073,176,176,1,176,177,177,,,,Metropolitan Areas,Metropolitan Areas of the several States of the Commonwealth,OCCUPATIONS.,0,final_table_in_document,False
1911_census_volume_iii_part_ix_conjugal_condition,1911 Census - Volume III - Part IX Conjugal Condition.pdf,2112.0 - Volume III - Part IX Conjugal Condition,data\raw\abs_1911_census\1911 Census - Volume III - Part IX Conjugal Condition.pdf,28,1,"Persons enumerated in each State and Territory of the Commonwealth of Australia, at the Census of 3rd April, 1911, classified according to Conjugal Condition and Sex",1077,2,2,1,2,3,3,2,2,3,Conjugal Condition,Commonwealth of Australia,Part IX Conjugal Condition,0,same_page_as_next_table_start,True
1911_census_volume_iii_part_ix_conjugal_condition,1911 Census - Volume III - Part IX Conjugal Condition.pdf,2112.0 - Volume III - Part IX Conjugal Condition,data\raw\abs_1911_census\1911 Census - Volume III - Part IX Conjugal Condition.pdf,28,2,"Persons enumerated in the Commonwealth of Australia, at the Censuses of 1881, 1891, 1901, and 1911, classified according to Conjugal Condition and Sex",1077,2,2,1,2,3,3,3,3,3,Conjugal Condition,Commonwealth of Australia,Part IX Conjugal Condition,0,same_page_as_previous_table_start,True
1911_census_volume_iii_part_ix_conjugal_condition,1911 Census - Volume III - Part IX Conjugal Condition.pdf,2112.0 - Volume III - Part IX Conjugal Condition,data\raw\abs_1911_census\1911 Census - Volume III - Part IX Conjugal Condition.pdf,28,3,"Males enumerated in each State and Territory of the Commonwealth of Australia, at the Census of 3rd April, 1911, classified according to Conjugal Condition and Age",1078,3,4,2,3 | 4,4,5,4,5,5,Conjugal Condition,Commonwealth of Australia,Part IX Conjugal Condition,0,,False
1911_census_volume_iii_part_ix_conjugal_condition,1911 Census - Volume III - Part IX Conjugal Condition.pdf,2112.0 - Volume III - Part IX Conjugal Condition,data\raw\abs_1911_census\1911 Census - Volume III - Part IX Conjugal Condition.pdf,28,4,"Females enumerated in each State and Territory of the Commonwealth of Australia, at the Census of 3rd April, 1911, classified according to Conjugal Condition and Age",1080,5,6,2,5 | 6,6,7,5,7,7,Conjugal Condition,Commonwealth of Australia,Part IX Conjugal Condition,0,,False
1911_census_volume_iii_part_ix_conjugal_condition,1911 Census - Volume III - Part IX Conjugal Condition.pdf,2112.0 - Volume III - Part IX Conjugal Condition,data\raw\abs_1911_census\1911 Census - Volume III - Part IX Conjugal Condition.pdf,28,5,"Persons enumerated in each State and Territory of the Commonwealth of Australia, at the Census of 3rd April, 1911, classified according to Conjugal Condition and Age",1082,7,8,2,7 | 8,8,9,6,9,9,Conjugal Condition,Commonwealth of Australia,Part IX Conjugal Condition,0,,False
1911_census_volume_iii_part_ix_conjugal_condition,1911 Census - Volume III - Part IX Conjugal Condition.pdf,2112.0 - Volume III - Part IX Conjugal Condition,data\raw\abs_1911_census\1911 Census - Volume III - Part IX Conjugal Condition.pdf,28,6,"Males enumerated in the Metropolitan Areas of the Commonwealth of Australia at the Census of 3rd April, 1911, classified according to Conjugal Condition and Age",1084,9,10,2,9 | 10,10,11,7,11,11,Conjugal Condition,Metropolitan Areas,Part IX Conjugal Condition,0,,False
1911_census_volume_iii_part_ix_conjugal_condition,1911 Census - Volume III - Part IX Conjugal Condition.pdf,2112.0 - Volume III - Part IX Conjugal Condition,data\raw\abs_1911_census\1911 Census - Volume III - Part IX Conjugal Condition.pdf,28,7,"Females enumerated in the Metropolitan Areas of the Commonwealth of Australia, at the Census of 3rd April, 1911, classified according to Conjugal Condition and Age",1086,11,12,2,11 | 12,12,13,8,13,13,Conjugal Condition,Metropolitan Areas,Part IX Conjugal Condition,0,,False
1911_census_volume_iii_part_ix_conjugal_condition,1911 Census - Volume III - Part IX Conjugal Condition.pdf,2112.0 - Volume III - Part IX Conjugal Condition,data\raw\abs_1911_census\1911 Census - Volume III - Part IX Conjugal Condition.pdf,28,8,"Persons enumerated in the Metropolitan Areas of the Commonwealth of Australia, at the Census of 3rd April, 1911, classified according to Conjugal Condition and Age",1088,13,14,2,13 | 14,14,15,9,15,15,Conjugal Condition,Metropolitan Areas,Part IX Conjugal Condition,0,,False
1911_census_volume_iii_part_ix_conjugal_condition,1911 Census - Volume III - Part IX Conjugal Condition.pdf,2112.0 - Volume III - Part IX Conjugal Condition,data\raw\abs_1911_census\1911 Census - Volume III - Part IX Conjugal Condition.pdf,28,9,"New South Wales.—Persons enumerated in each County, at the Census of 3rd April, 1911, classified according to Conjugal Condition and Sex",1090,15,15,1,15,16,16,10,16,16,Conjugal Condition,New South Wales,Part IX Conjugal Condition,0,,False
1911_census_volume_iii_part_ix_conjugal_condition,1911 Census - Volume III - Part IX Conjugal Condition.pdf,2112.0 - Volume III - Part IX Conjugal Condition,data\raw\abs_1911_census\1911 Census - Volume III - Part IX Conjugal Condition.pdf,28,10,"Victoria.—Persons enumerated in each County, at the Census of 3rd April, 1911, classified according to Conjugal Condition and Sex",1091,16,16,1,16,17,17,11,17,17,Conjugal Condition,Victoria,Part IX Conjugal Condition,0,,False
1911_census_volume_iii_part_ix_conjugal_condition,1911 Census - Volume III - Part IX Conjugal Condition.pdf,2112.0 - Volume III - Part IX Conjugal Condition,data\raw\abs_1911_census\1911 Census - Volume III - Part IX Conjugal Condition.pdf,28,11,"Queensland.—-Persons enumerated in each Census District, at the Census of 3rd April, 1911, classified according to Conjugal Condition and Sex",1092,17,17,1,17,18,18,12,18,18,Conjugal Condition,Queensland,Part IX Conjugal Condition,0,,False
1911_census_volume_iii_part_ix_conjugal_condition,1911 Census - Volume III - Part IX Conjugal Condition.pdf,2112.0 - Volume III - Part IX Conjugal Condition,data\raw\abs_1911_census\1911 Census - Volume III - Part IX Conjugal Condition.pdf,28,12,"South Australia.—Persons enumerated in each County and Division, at the Census of 3rd April, 1911, classified according to Conjugal Condition and Sex",1093,18,18,1,18,19,19,13,19,19,Conjugal Condition,South Australia,Part IX Conjugal Condition,0,,False
1911_census_volume_iii_part_ix_conjugal_condition,1911 Census - Volume III - Part IX Conjugal Condition.pdf,2112.0 - Volume III - Part IX Conjugal Condition,data\raw\abs_1911_census\1911 Census - Volume III - Part IX Conjugal Condition.pdf,28,13,"Western Australia.—Persons enumerated in each Statistical District, at the Census of 3rd April, 1911, classified according to Conjugal Condition and Sex",1094,19,19,1,19,20,20,14,19,20,Conjugal Condition,Western Australia,Part IX Conjugal Condition,0,same_page_as_next_table_start,True
1911_census_volume_iii_part_ix_conjugal_condition,1911 Census - Volume III - Part IX Conjugal Condition.pdf,2112.0 - Volume III - Part IX Conjugal Condition,data\raw\abs_1911_census\1911 Census - Volume III - Part IX Conjugal Condition.pdf,28,14,"Tasmania.—Persons enumerated in each Municipality at the Census of 3rd April, 1911, classified according to Conjugal Condition and Sex",1094,19,19,1,19,20,20,15,20,20,Conjugal Condition,Tasmania,Part IX Conjugal Condition,0,same_page_as_previous_table_start,True
1911_census_volume_iii_part_ix_conjugal_condition,1911 Census - Volume III - Part IX Conjugal Condition.pdf,2112.0 - Volume III - Part IX Conjugal Condition,data\raw\abs_1911_census\1911 Census - Volume III - Part IX Conjugal Condition.pdf,28,15,"Northern Territory.—-Persons enumerated in each County, at the Census of 3rd April, 1911, classified according to Conjugal Condition and Sex",1095,20,20,1,20,21,21,16,20,21,Conjugal Condition,Northern Territory,Part IX Conjugal Condition,0,same_page_as_next_table_start,True
1911_census_volume_iii_part_ix_conjugal_condition,1911 Census - Volume III - Part IX Conjugal Condition.pdf,2112.0 - Volume III - Part IX Conjugal Condition,data\raw\abs_1911_census\1911 Census - Volume III - Part IX Conjugal Condition.pdf,28,16,"Federal Capital Territory.—-Persons enumerated in each Division at the Census of 3rd April, 1911, classified according to Conjugal Condition and Sex",1095,20,20,1,20,21,21,17,21,21,Conjugal Condition,Federal Capital Territory,Part IX Conjugal Condition,0,same_page_as_previous_table_start,True
1911_census_volume_iii_part_ix_conjugal_condition,1911 Census - Volume III - Part IX Conjugal Condition.pdf,2112.0 - Volume III - Part IX Conjugal Condition,data\raw\abs_1911_census\1911 Census - Volume III - Part IX Conjugal Condition.pdf,28,17,"Aboriginal Males enumerated in each State and Territory of the Commonwealth of Australia at the Census of 3rd April, 1911, classified according to Conjugal Condition and Age",1096,21,22,2,21 | 22,22,23,18,23,23,Conjugal Condition,Commonwealth of Australia,Part IX Conjugal Condition,0,,False
1911_census_volume_iii_part_ix_conjugal_condition,1911 Census - Volume III - Part IX Conjugal Condition.pdf,2112.0 - Volume III - Part IX Conjugal Condition,data\raw\abs_1911_census\1911 Census - Volume III - Part IX Conjugal Condition.pdf,28,18,"Aboriginal Females enumerated in each State and Territory of the Commonwealth of Australia, at the Census of 3rd April, 1911, classified according to Conjugal Condition and Age",1098,23,24,2,23 | 24,24,25,19,25,25,Conjugal Condition,Commonwealth of Australia,Part IX Conjugal Condition,0,,False
1911_census_volume_iii_part_ix_conjugal_condition,1911 Census - Volume III - Part IX Conjugal Condition.pdf,2112.0 - Volume III - Part IX Conjugal Condition,data\raw\abs_1911_census\1911 Census - Volume III - Part IX Conjugal Condition.pdf,28,19,"Aboriginal Persons enumerated in each State and Territory of the Commonwealth of Australia, at the Census of 3rd April, 1911, classified according to Conjugal Condition and Age",1100,25,27,3,25 | 26 | 27,26,28,,,,Conjugal Condition,Commonwealth of Australia,Part IX Conjugal Condition,0,final_table_in_document,False
1911_census_volume_iii_part_x_families,1911 Census - Volume III - Part X Families.pdf,2112.0 - Volume III - Part X Families,data\raw\abs_1911_census\1911 Census - Volume III - Part X Families.pdf,104,1,"Relative Ages of Husbands and Wives in the Commonwealth of Australia, at the Census of 3rd April, 1911",1106,3,4,2,3 | 4,4,5,2,3,5,Relative Ages of Husbands and Wives,Commonwealth of Australia,Part X Families,0,same_page_as_next_table_start,True
1911_census_volume_iii_part_x_families,1911 Census - Volume III - Part X Families.pdf,2112.0 - Volume III - Part X Families,data\raw\abs_1911_census\1911 Census - Volume III - Part X Families.pdf,104,2,"Relative Religions of Husbands and Wives in the Commonwealth of Australia, at the Census of 3rd April, 1911",1106,3,4,2,3 | 4,4,5,3,5,5,Relative Religions of Husbands and Wives,Commonwealth of Australia,Part X Families,0,same_page_as_previous_table_start,True
1911_census_volume_iii_part_x_families,1911 Census - Volume III - Part X Families.pdf,2112.0 - Volume III - Part X Families,data\raw\abs_1911_census\1911 Census - Volume III - Part X Families.pdf,104,3,"Relative Birthplaces of Husbands and Wives in the Commonwealth of Australia, at the Census of 3rd April, 1911",1108,5,8,4,5 | 6 | 7 | 8,6,9,4,9,9,Relative Birthplaces of Husbands and Wives,Commonwealth of Australia,Part X Families,0,,False
1911_census_volume_iii_part_x_families,1911 Census - Volume III - Part X Families.pdf,2112.0 - Volume III - Part X Families,data\raw\abs_1911_census\1911 Census - Volume III - Part X Families.pdf,104,4,"Relative Ages of Husbands and Wives in the States and Territories of the Commonwealth of Australia, at the Census of 3rd April, 1911",1112,9,16,8,9 | 10 | 11 | 12 | 13 | 14 | 15 | 16,10,17,5,17,17,Relative Ages of Husbands and Wives,States and Territories of Australia,Part X Families,8,,False
1911_census_volume_iii_part_x_families,1911 Census - Volume III - Part X Families.pdf,2112.0 - Volume III - Part X Families,data\raw\abs_1911_census\1911 Census - Volume III - Part X Families.pdf,104,5,"Relative Religions of Husbands and Wives in the States and Territories of the Commonwealth of Australia, at the Census of 3rd April, 1911",1120,17,24,8,17 | 18 | 19 | 20 | 21 | 22 | 23 | 24,18,25,6,25,25,Relative Religions of Husbands and Wives,States and Territories of Australia,Part X Families,8,,False
1911_census_volume_iii_part_x_families,1911 Census - Volume III - Part X Families.pdf,2112.0 - Volume III - Part X Families,data\raw\abs_1911_census\1911 Census - Volume III - Part X Families.pdf,104,6,"Relative Birthplaces of Husbands and Wives in the States and Territories of the Commonwealth of Australia, at the Census of 3rd April, 1911",1128,25,32,8,25 | 26 | 27 | 28 | 29 | 30 | 31 | 32,26,33,7,33,33,Relative Birthplaces of Husbands and Wives,States and Territories of Australia,Part X Families,8,,False
1911_census_volume_iii_part_x_families,1911 Census - Volume III - Part X Families.pdf,2112.0 - Volume III - Part X Families,data\raw\abs_1911_census\1911 Census - Volume III - Part X Families.pdf,104,7,"Ages and Issue of Husbands in the Commonwealth of Australia, at the Census of 3rd April, 1911",1136,33,34,2,33 | 34,34,35,8,33,35,Ages and Issue of Husbands,Commonwealth of Australia,Part X Families,0,same_page_as_next_table_start,True
1911_census_volume_iii_part_x_families,1911 Census - Volume III - Part X Families.pdf,2112.0 - Volume III - Part X Families,data\raw\abs_1911_census\1911 Census - Volume III - Part X Families.pdf,104,8,"Ages and Issue of Wives in the Commonwealth of Australia, at the Census of 3rd April, 1911",1136,33,34,2,33 | 34,34,35,9,35,35,Ages and Issue of Wives,Commonwealth of Australia,Part X Families,0,same_page_as_previous_table_start,True
1911_census_volume_iii_part_x_families,1911 Census - Volume III - Part X Families.pdf,2112.0 - Volume III - Part X Families,data\raw\abs_1911_census\1911 Census - Volume III - Part X Families.pdf,104,9,"Religions and Issue of Wives in the Commonwealth of Australia, at the Census of 3rd April, 1911",1138,35,36,2,35 | 36,36,37,10,35,37,Religions and Issue of Wives,Commonwealth of Australia,Part X Families,0,same_page_as_next_table_start,True
1911_census_volume_iii_part_x_families,1911 Census - Volume III - Part X Families.pdf,2112.0 - Volume III - Part X Families,data\raw\abs_1911_census\1911 Census - Volume III - Part X Families.pdf,104,10,"Birthplaces and Issue of Wives in the Commonwealth of Australia, at the Census of 3rd April, 1911",1138,35,36,2,35 | 36,36,37,11,37,37,Birthplaces and Issue of Wives,Commonwealth of Australia,Part X Families,0,same_page_as_previous_table_start,True
1911_census_volume_iii_part_x_families,1911 Census - Volume III - Part X Families.pdf,2112.0 - Volume III - Part X Families,data\raw\abs_1911_census\1911 Census - Volume III - Part X Families.pdf,104,11,"Duration of Existing Marriage and Issue of Wives in the Commonwealth of Australia, at the Census of 3rd April, 1911",1140,37,38,2,37 | 38,38,39,12,39,39,Duration of Existing Marriage and Issue of Wives,Commonwealth of Australia,Part X Families,0,,False
1911_census_volume_iii_part_x_families,1911 Census - Volume III - Part X Families.pdf,2112.0 - Volume III - Part X Families,data\raw\abs_1911_census\1911 Census - Volume III - Part X Families.pdf,104,12,"Ages and Average Issue of Husbands in the States and Territories of the Commonwealth of Australia, at the Census of 3rd April, 1911",1142,39,39,1,39,40,40,13,40,40,Ages and Average Issue of Husbands,States and Territories of Australia,Part X Families,0,,False
1911_census_volume_iii_part_x_families,1911 Census - Volume III - Part X Families.pdf,2112.0 - Volume III - Part X Families,data\raw\abs_1911_census\1911 Census - Volume III - Part X Families.pdf,104,13,"Ages and Average Issue of Wives in the States and Territories of the Commonwealth of Australia, at the Census of 3rd April, 1911",1143,40,40,1,40,41,41,14,41,41,Ages and Average Issue of Wives,States and Territories of Australia,Part X Families,0,,False
1911_census_volume_iii_part_x_families,1911 Census - Volume III - Part X Families.pdf,2112.0 - Volume III - Part X Families,data\raw\abs_1911_census\1911 Census - Volume III - Part X Families.pdf,104,14,"Average Issue of Wives in the Commonwealth of Australia, at the Census of 3rd April, 1911, classified according to Religion and Age",1144,41,42,2,41 | 42,42,43,15,43,43,Average Issue of Wives,Commonwealth of Australia,Part X Families,0,,False
1911_census_volume_iii_part_x_families,1911 Census - Volume III - Part X Families.pdf,2112.0 - Volume III - Part X Families,data\raw\abs_1911_census\1911 Census - Volume III - Part X Families.pdf,104,15,"Average Issue of Wives in the States and Territories of the Commonwealth of Australia, at the Census of 3rd April, 1911, classified according to Religion and Age",1146,43,56,14,43 | 44 | 45 | 46 | 47 | 48 | 49 | 50 | 51 | 52 | 53 | 54 | 55 | 56,44,57,16,57,57,Average Issue of Wives,States and Territories of Australia,Part X Families,8,,False
1911_census_volume_iii_part_x_families,1911 Census - Volume III - Part X Families.pdf,2112.0 - Volume III - Part X Families,data\raw\abs_1911_census\1911 Census - Volume III - Part X Families.pdf,104,16,"Average Issue of Wives in the Commonwealth of Australia, at the Census of 3rd April, 1911, classified according to Birthplace and Age",1160,57,58,2,57 | 58,58,59,17,59,59,Average Issue of Wives,Commonwealth of Australia,Part X Families,0,,False
1911_census_volume_iii_part_x_families,1911 Census - Volume III - Part X Families.pdf,2112.0 - Volume III - Part X Families,data\raw\abs_1911_census\1911 Census - Volume III - Part X Families.pdf,104,17,"Average Issue of Wives in the States and Territories of the Commonwealth of Australia, at the Census of 3rd April, 1911, classified according to Birthplace and Age",1162,59,80,22,59 | 60 | 61 | 62 | 63 | 64 | 65 | 66 | 67 | 68 | 69 | 70 | 71 | 72 | 73 | 74 | 75 | 76 | 77 | 78 | 79 | 80,60,81,18,81,81,Average Issue of Wives,States and Territories of Australia,Part X Families,8,,False
1911_census_volume_iii_part_x_families,1911 Census - Volume III - Part X Families.pdf,2112.0 - Volume III - Part X Families,data\raw\abs_1911_census\1911 Census - Volume III - Part X Families.pdf,104,18,"Average Issue of Wives in the Commonwealth of Australia, at the Census of 3rd April, 1911, classified according to Duration of Marriage and Age",1184,81,84,4,81 | 82 | 83 | 84,82,85,19,81,85,Average Issue of Wives,Commonwealth of Australia,Part X Families,0,same_page_as_next_table_start,True
1911_census_volume_iii_part_x_families,1911 Census - Volume III - Part X Families.pdf,2112.0 - Volume III - Part X Families,data\raw\abs_1911_census\1911 Census - Volume III - Part X Families.pdf,104,19,"Average Issue of Wives in the States and Territories of the Commonwealth of Australia, at the Census of 3rd April, 1911, classified according to Duration of Marriage and Age",1184,81,84,4,81 | 82 | 83 | 84,82,85,20,85,85,Average Issue of Wives,States and Territories of Australia,Part X Families,8,same_page_as_previous_table_start,True
1911_census_volume_iii_part_x_families,1911 Census - Volume III - Part X Families.pdf,2112.0 - Volume III - Part X Families,data\raw\abs_1911_census\1911 Census - Volume III - Part X Families.pdf,104,20,"Average Issue of Husbands in the Commonwealth of Australia, at the Census of 3rd April, 1911, classified according to Occupation, Grade and Age",1188,85,92,8,85 | 86 | 87 | 88 | 89 | 90 | 91 | 92,86,93,21,93,93,Average Issue of Husbands,Commonwealth of Australia,Part X Families,8,,False
1911_census_volume_iii_part_x_families,1911 Census - Volume III - Part X Families.pdf,2112.0 - Volume III - Part X Families,data\raw\abs_1911_census\1911 Census - Volume III - Part X Families.pdf,104,21,"Average Issue of Husbands in the States and Territories of the Commonwealth of Australia, at the Census of 3rd April, 1911, classified according to Occupation and Age",1196,93,100,8,93 | 94 | 95 | 96 | 97 | 98 | 99 | 100,94,101,22,101,101,Average Issue of Husbands,States and Territories of Australia,Part X Families,8,,False
1911_census_volume_iii_part_x_families,1911 Census - Volume III - Part X Families.pdf,2112.0 - Volume III - Part X Families,data\raw\abs_1911_census\1911 Census - Volume III - Part X Families.pdf,104,22,"Ages and Average Issue of Widowers and Divorced Males in the States and Territories of the Commonwealth of Australia, at the Census of 3rd April, 1911",1204,101,101,1,101,102,102,23,102,102,Ages and Average Issue of Widowers and Divorced Males,States and Territories of Australia,Part X Families,0,,False
1911_census_volume_iii_part_x_families,1911 Census - Volume III - Part X Families.pdf,2112.0 - Volume III - Part X Families,data\raw\abs_1911_census\1911 Census - Volume III - Part X Families.pdf,104,23,"Ages and Average Issue of Widows and Divorced Females in the States and Territories of the Commonwealth of Australia, at the Census of 3rd April, 1911",1205,102,103,2,102 | 103,103,104,,,,Ages and Average Issue of Widows and Divorced Females,States and Territories of Australia,Part X Families,0,final_table_in_document,False
1911_census_volume_iii_part_xi_life_tables,1911 Census - Volume III - Part XI Life Tables.pdf,2112.0 - Volume III - Part XI Life Tables,data\raw\abs_1911_census\1911 Census - Volume III - Part XI Life Tables.pdf,72,1,"Commonwealth.—Male Life Table, 1881–1890",1209,2,2,1,2,3,3,2,3,3,Life Tables,Commonwealth,Part XI Life Tables,0,,False
1911_census_volume_iii_part_xi_life_tables,1911 Census - Volume III - Part XI Life Tables.pdf,2112.0 - Volume III - Part XI Life Tables,data\raw\abs_1911_census\1911 Census - Volume III - Part XI Life Tables.pdf,72,2,"Commonwealth.—Female Life Table, 1881–1890",1210,3,4,2,3 | 4,4,5,3,5,5,Life Tables,Commonwealth,Part XI Life Tables,0,,False
1911_census_volume_iii_part_xi_life_tables,1911 Census - Volume III - Part XI Life Tables.pdf,2112.0 - Volume III - Part XI Life Tables,data\raw\abs_1911_census\1911 Census - Volume III - Part XI Life Tables.pdf,72,3,"Commonwealth.—Male Life Table, 1891–1900",1212,5,6,2,5 | 6,6,7,4,7,7,Life Tables,Commonwealth,Part XI Life Tables,0,,False
1911_census_volume_iii_part_xi_life_tables,1911 Census - Volume III - Part XI Life Tables.pdf,2112.0 - Volume III - Part XI Life Tables,data\raw\abs_1911_census\1911 Census - Volume III - Part XI Life Tables.pdf,72,4,"Commonwealth.—Female Life Table, 1891–1900",1214,7,7,1,7,8,8,5,8,8,Life Tables,Commonwealth,Part XI Life Tables,0,,False
1911_census_volume_iii_part_xi_life_tables,1911 Census - Volume III - Part XI Life Tables.pdf,2112.0 - Volume III - Part XI Life Tables,data\raw\abs_1911_census\1911 Census - Volume III - Part XI Life Tables.pdf,72,5,"Commonwealth.—Male Life Table, 1901–1910",1215,8,9,2,8 | 9,9,10,6,10,10,Life Tables,Commonwealth,Part XI Life Tables,0,,False
1911_census_volume_iii_part_xi_life_tables,1911 Census - Volume III - Part XI Life Tables.pdf,2112.0 - Volume III - Part XI Life Tables,data\raw\abs_1911_census\1911 Census - Volume III - Part XI Life Tables.pdf,72,6,"Commonwealth.—Female Life Table, 1901–1910",1217,10,11,2,10 | 11,11,12,7,12,12,Life Tables,Commonwealth,Part XI Life Tables,0,,False
1911_census_volume_iii_part_xi_life_tables,1911 Census - Volume III - Part XI Life Tables.pdf,2112.0 - Volume III - Part XI Life Tables,data\raw\abs_1911_census\1911 Census - Volume III - Part XI Life Tables.pdf,72,7,"New South Wales.—Male Life Table, 1881–1890",1219,12,12,1,12,13,13,8,13,13,Life Tables,New South Wales,Part XI Life Tables,0,,False
1911_census_volume_iii_part_xi_life_tables,1911 Census - Volume III - Part XI Life Tables.pdf,2112.0 - Volume III - Part XI Life Tables,data\raw\abs_1911_census\1911 Census - Volume III - Part XI Life Tables.pdf,72,8,"New South Wales.—Female Life Table, 1881–1890",1220,13,14,2,13 | 14,14,15,9,15,15,Life Tables,New South Wales,Part XI Life Tables,0,,False
1911_census_volume_iii_part_xi_life_tables,1911 Census - Volume III - Part XI Life Tables.pdf,2112.0 - Volume III - Part XI Life Tables,data\raw\abs_1911_census\1911 Census - Volume III - Part XI Life Tables.pdf,72,9,"New South Wales.—Male Life Table, 1891–1900",1222,15,16,2,15 | 16,16,17,10,17,17,Life Tables,New South Wales,Part XI Life Tables,0,,False
1911_census_volume_iii_part_xi_life_tables,1911 Census - Volume III - Part XI Life Tables.pdf,2112.0 - Volume III - Part XI Life Tables,data\raw\abs_1911_census\1911 Census - Volume III - Part XI Life Tables.pdf,72,10,"New South Wales.—Female Life Table, 1891–1900",1224,17,17,1,17,18,18,11,18,18,Life Tables,New South Wales,Part XI Life Tables,0,,False
1911_census_volume_iii_part_xi_life_tables,1911 Census - Volume III - Part XI Life Tables.pdf,2112.0 - Volume III - Part XI Life Tables,data\raw\abs_1911_census\1911 Census - Volume III - Part XI Life Tables.pdf,72,11,"New South Wales.—Male Life Table, 1901–1910",1225,18,19,2,18 | 19,19,20,12,20,20,Life Tables,New South Wales,Part XI Life Tables,0,,False
1911_census_volume_iii_part_xi_life_tables,1911 Census - Volume III - Part XI Life Tables.pdf,2112.0 - Volume III - Part XI Life Tables,data\raw\abs_1911_census\1911 Census - Volume III - Part XI Life Tables.pdf,72,12,"New South Wales.—Female Life Table, 1901–1910",1227,20,21,2,20 | 21,21,22,13,22,22,Life Tables,New South Wales,Part XI Life Tables,0,,False
1911_census_volume_iii_part_xi_life_tables,1911 Census - Volume III - Part XI Life Tables.pdf,2112.0 - Volume III - Part XI Life Tables,data\raw\abs_1911_census\1911 Census - Volume III - Part XI Life Tables.pdf,72,13,"Victoria.—Male Life Table, 1881–1890",1229,22,22,1,22,23,23,14,23,23,Life Tables,Victoria,Part XI Life Tables,0,,False
1911_census_volume_iii_part_xi_life_tables,1911 Census - Volume III - Part XI Life Tables.pdf,2112.0 - Volume III - Part XI Life Tables,data\raw\abs_1911_census\1911 Census - Volume III - Part XI Life Tables.pdf,72,14,"Victoria.—Female Life Table, 1881–1890",1230,23,24,2,23 | 24,24,25,15,25,25,Life Tables,Victoria,Part XI Life Tables,0,,False
1911_census_volume_iii_part_xi_life_tables,1911 Census - Volume III - Part XI Life Tables.pdf,2112.0 - Volume III - Part XI Life Tables,data\raw\abs_1911_census\1911 Census - Volume III - Part XI Life Tables.pdf,72,15,"Victoria.—Male Life Table, 1891–1900",1232,25,26,2,25 | 26,26,27,16,27,27,Life Tables,Victoria,Part XI Life Tables,0,,False
1911_census_volume_iii_part_xi_life_tables,1911 Census - Volume III - Part XI Life Tables.pdf,2112.0 - Volume III - Part XI Life Tables,data\raw\abs_1911_census\1911 Census - Volume III - Part XI Life Tables.pdf,72,16,"Victoria.—Female Life Table, 1891–1900",1234,27,27,1,27,28,28,17,28,28,Life Tables,Victoria,Part XI Life Tables,0,,False
1911_census_volume_iii_part_xi_life_tables,1911 Census - Volume III - Part XI Life Tables.pdf,2112.0 - Volume III - Part XI Life Tables,data\raw\abs_1911_census\1911 Census - Volume III - Part XI Life Tables.pdf,72,17,"Victoria.—Male Life Table, 1900–1910",1235,28,29,2,28 | 29,29,30,18,30,30,Life Tables,Victoria,Part XI Life Tables,0,,False
1911_census_volume_iii_part_xi_life_tables,1911 Census - Volume III - Part XI Life Tables.pdf,2112.0 - Volume III - Part XI Life Tables,data\raw\abs_1911_census\1911 Census - Volume III - Part XI Life Tables.pdf,72,18,"Victoria.—Female Life Table, 1901–1910",1237,30,31,2,30 | 31,31,32,19,32,32,Life Tables,Victoria,Part XI Life Tables,0,,False
1911_census_volume_iii_part_xi_life_tables,1911 Census - Volume III - Part XI Life Tables.pdf,2112.0 - Volume III - Part XI Life Tables,data\raw\abs_1911_census\1911 Census - Volume III - Part XI Life Tables.pdf,72,19,"Queensland.—Male Life Table, 1881–1890",1239,32,32,1,32,33,33,20,33,33,Life Tables,Queensland,Part XI Life Tables,0,,False
1911_census_volume_iii_part_xi_life_tables,1911 Census - Volume III - Part XI Life Tables.pdf,2112.0 - Volume III - Part XI Life Tables,data\raw\abs_1911_census\1911 Census - Volume III - Part XI Life Tables.pdf,72,20,"Queensland.—Female Life Table, 1881–1890",1240,33,34,2,33 | 34,34,35,21,35,35,Life Tables,Queensland,Part XI Life Tables,0,,False
1911_census_volume_iii_part_xi_life_tables,1911 Census - Volume III - Part XI Life Tables.pdf,2112.0 - Volume III - Part XI Life Tables,data\raw\abs_1911_census\1911 Census - Volume III - Part XI Life Tables.pdf,72,21,"Queensland.—Male Life Table, 1891–1900",1242,35,36,2,35 | 36,36,37,22,37,37,Life Tables,Queensland,Part XI Life Tables,0,,False
1911_census_volume_iii_part_xi_life_tables,1911 Census - Volume III - Part XI Life Tables.pdf,2112.0 - Volume III - Part XI Life Tables,data\raw\abs_1911_census\1911 Census - Volume III - Part XI Life Tables.pdf,72,22,"Queensland.—Female Life Table, 1891–1900",1244,37,37,1,37,38,38,23,38,38,Life Tables,Queensland,Part XI Life Tables,0,,False
1911_census_volume_iii_part_xi_life_tables,1911 Census - Volume III - Part XI Life Tables.pdf,2112.0 - Volume III - Part XI Life Tables,data\raw\abs_1911_census\1911 Census - Volume III - Part XI Life Tables.pdf,72,23,"Queensland.—Male Life Table, 1901–1910",1245,38,39,2,38 | 39,39,40,24,40,40,Life Tables,Queensland,Part XI Life Tables,0,,False
1911_census_volume_iii_part_xi_life_tables,1911 Census - Volume III - Part XI Life Tables.pdf,2112.0 - Volume III - Part XI Life Tables,data\raw\abs_1911_census\1911 Census - Volume III - Part XI Life Tables.pdf,72,24,"Queensland.—Female Life Table, 1901–1910",1247,40,41,2,40 | 41,41,42,25,42,42,Life Tables,Queensland,Part XI Life Tables,0,,False
1911_census_volume_iii_part_xi_life_tables,1911 Census - Volume III - Part XI Life Tables.pdf,2112.0 - Volume III - Part XI Life Tables,data\raw\abs_1911_census\1911 Census - Volume III - Part XI Life Tables.pdf,72,25,"South Australia.—Male Life Table, 1881–1890",1249,42,42,1,42,43,43,26,43,43,Life Tables,South Australia,Part XI Life Tables,0,,False
1911_census_volume_iii_part_xi_life_tables,1911 Census - Volume III - Part XI Life Tables.pdf,2112.0 - Volume III - Part XI Life Tables,data\raw\abs_1911_census\1911 Census - Volume III - Part XI Life Tables.pdf,72,26,"South Australia.—Female Life Table, 1881–1890",1250,43,44,2,43 | 44,44,45,27,45,45,Life Tables,South Australia,Part XI Life Tables,0,,False
1911_census_volume_iii_part_xi_life_tables,1911 Census - Volume III - Part XI Life Tables.pdf,2112.0 - Volume III - Part XI Life Tables,data\raw\abs_1911_census\1911 Census - Volume III - Part XI Life Tables.pdf,72,27,"South Australia.—Male Life Table, 1891–1900",1252,45,46,2,45 | 46,46,47,28,47,47,Life Tables,South Australia,Part XI Life Tables,0,,False
1911_census_volume_iii_part_xi_life_tables,1911 Census - Volume III - Part XI Life Tables.pdf,2112.0 - Volume III - Part XI Life Tables,data\raw\abs_1911_census\1911 Census - Volume III - Part XI Life Tables.pdf,72,28,"South Australia.—Female Life Table, 1891–1900",1254,47,47,1,47,48,48,29,48,48,Life Tables,South Australia,Part XI Life Tables,0,,False
1911_census_volume_iii_part_xi_life_tables,1911 Census - Volume III - Part XI Life Tables.pdf,2112.0 - Volume III - Part XI Life Tables,data\raw\abs_1911_census\1911 Census - Volume III - Part XI Life Tables.pdf,72,29,"South Australia.—Male Life Table, 1901–1910",1255,48,49,2,48 | 49,49,50,30,50,50,Life Tables,South Australia,Part XI Life Tables,0,,False
1911_census_volume_iii_part_xi_life_tables,1911 Census - Volume III - Part XI Life Tables.pdf,2112.0 - Volume III - Part XI Life Tables,data\raw\abs_1911_census\1911 Census - Volume III - Part XI Life Tables.pdf,72,30,"South Australia.—Female Life Table, 1901–1910",1257,50,51,2,50 | 51,51,52,31,52,52,Life Tables,South Australia,Part XI Life Tables,0,,False
1911_census_volume_iii_part_xi_life_tables,1911 Census - Volume III - Part XI Life Tables.pdf,2112.0 - Volume III - Part XI Life Tables,data\raw\abs_1911_census\1911 Census - Volume III - Part XI Life Tables.pdf,72,31,"Western Australia.—Male Life Table, 1881–1890",1259,52,52,1,52,53,53,32,53,53,Life Tables,Western Australia,Part XI Life Tables,0,,False
1911_census_volume_iii_part_xi_life_tables,1911 Census - Volume III - Part XI Life Tables.pdf,2112.0 - Volume III - Part XI Life Tables,data\raw\abs_1911_census\1911 Census - Volume III - Part XI Life Tables.pdf,72,32,"Western Australia.—Female Life Table, 1881–1890",1260,53,54,2,53 | 54,54,55,33,55,55,Life Tables,Western Australia,Part XI Life Tables,0,,False
1911_census_volume_iii_part_xi_life_tables,1911 Census - Volume III - Part XI Life Tables.pdf,2112.0 - Volume III - Part XI Life Tables,data\raw\abs_1911_census\1911 Census - Volume III - Part XI Life Tables.pdf,72,33,"Western Australia.—Male Life Table, 1891–1900",1262,55,56,2,55 | 56,56,57,34,57,57,Life Tables,Western Australia,Part XI Life Tables,0,,False
1911_census_volume_iii_part_xi_life_tables,1911 Census - Volume III - Part XI Life Tables.pdf,2112.0 - Volume III - Part XI Life Tables,data\raw\abs_1911_census\1911 Census - Volume III - Part XI Life Tables.pdf,72,34,"Western Australia.—Female Life Table, 1891–1900",1264,57,57,1,57,58,58,35,58,58,Life Tables,Western Australia,Part XI Life Tables,0,,False
1911_census_volume_iii_part_xi_life_tables,1911 Census - Volume III - Part XI Life Tables.pdf,2112.0 - Volume III - Part XI Life Tables,data\raw\abs_1911_census\1911 Census - Volume III - Part XI Life Tables.pdf,72,35,"Western Australia.—Male Life Table, 1901–1910",1265,58,59,2,58 | 59,59,60,36,60,60,Life Tables,Western Australia,Part XI Life Tables,0,,False
1911_census_volume_iii_part_xi_life_tables,1911 Census - Volume III - Part XI Life Tables.pdf,2112.0 - Volume III - Part XI Life Tables,data\raw\abs_1911_census\1911 Census - Volume III - Part XI Life Tables.pdf,72,36,"Western Australia.—Female Life Table, 1901–1910",1267,60,61,2,60 | 61,61,62,37,62,62,Life Tables,Western Australia,Part XI Life Tables,0,,False
1911_census_volume_iii_part_xi_life_tables,1911 Census - Volume III - Part XI Life Tables.pdf,2112.0 - Volume III - Part XI Life Tables,data\raw\abs_1911_census\1911 Census - Volume III - Part XI Life Tables.pdf,72,37,"Tasmania.—Male Life Table, 1881–1890",1269,62,62,1,62,63,63,38,63,63,Life Tables,Tasmania,Part XI Life Tables,0,,False
1911_census_volume_iii_part_xi_life_tables,1911 Census - Volume III - Part XI Life Tables.pdf,2112.0 - Volume III - Part XI Life Tables,data\raw\abs_1911_census\1911 Census - Volume III - Part XI Life Tables.pdf,72,38,"Tasmania.—Female Life Table, 1881–1890",1270,63,64,2,63 | 64,64,65,39,65,65,Life Tables,Tasmania,Part XI Life Tables,0,,False
1911_census_volume_iii_part_xi_life_tables,1911 Census - Volume III - Part XI Life Tables.pdf,2112.0 - Volume III - Part XI Life Tables,data\raw\abs_1911_census\1911 Census - Volume III - Part XI Life Tables.pdf,72,39,"Tasmania.—Male Life Table, 1891–1900",1272,65,66,2,65 | 66,66,67,40,67,67,Life Tables,Tasmania,Part XI Life Tables,0,,False
1911_census_volume_iii_part_xi_life_tables,1911 Census - Volume III - Part XI Life Tables.pdf,2112.0 - Volume III - Part XI Life Tables,data\raw\abs_1911_census\1911 Census - Volume III - Part XI Life Tables.pdf,72,40,"Tasmania.—Female Life Table, 1891–1900",1274,67,67,1,67,68,68,41,68,68,Life Tables,Tasmania,Part XI Life Tables,0,,False
1911_census_volume_iii_part_xi_life_tables,1911 Census - Volume III - Part XI Life Tables.pdf,2112.0 - Volume III - Part XI Life Tables,data\raw\abs_1911_census\1911 Census - Volume III - Part XI Life Tables.pdf,72,41,"Tasmania.—Male Life Table, 1901–1910",1275,68,69,2,68 | 69,69,70,42,70,70,Life Tables,Tasmania,Part XI Life Tables,0,,False
1911_census_volume_iii_part_xi_life_tables,1911 Census - Volume III - Part XI Life Tables.pdf,2112.0 - Volume III - Part XI Life Tables,data\raw\abs_1911_census\1911 Census - Volume III - Part XI Life Tables.pdf,72,42,"Tasmania.—Female Life Table, 1901–1910",1277,70,71,2,70 | 71,71,72,,,,Life Tables,Tasmania,Part XI Life Tables,0,final_table_in_document,False
1911_census_volume_iii_part_xii_occupations,1911 Census - Volume III - Part XII Occupations.pdf,2112.0 - Volume III - Part XII Occupations,data\raw\abs_1911_census\1911 Census - Volume III - Part XII Occupations.pdf,570,1,"Summary of Occupations of the Population of the Commonwealth of Australia, at the Census of 3rd April, 1911",1283,4,4,1,4,5,5,2,5,5,Occupations,Australia,Part XII,0,,False
1911_census_volume_iii_part_xii_occupations,1911 Census - Volume III - Part XII Occupations.pdf,2112.0 - Volume III - Part XII Occupations,data\raw\abs_1911_census\1911 Census - Volume III - Part XII Occupations.pdf,570,2,"Comparative Statement of Occupations of the Population of the Commonwealth of Australia, at the Censuses of 1891, 1901 and 1911",1284,5,5,1,5,6,6,3,6,6,Occupations,Australia,Part XII,0,,False
1911_census_volume_iii_part_xii_occupations,1911 Census - Volume III - Part XII Occupations.pdf,2112.0 - Volume III - Part XII Occupations,data\raw\abs_1911_census\1911 Census - Volume III - Part XII Occupations.pdf,570,3,"Centesimal Comparison of Occupations of the Population of the Commonwealth of Australia, at the Censuses of 1891, 1901 and 1911",1285,6,6,1,6,7,7,4,7,7,Occupations,Australia,Part XII,0,,False
1911_census_volume_iii_part_xii_occupations,1911 Census - Volume III - Part XII Occupations.pdf,2112.0 - Volume III - Part XII Occupations,data\raw\abs_1911_census\1911 Census - Volume III - Part XII Occupations.pdf,570,4,"Comparative Statement of Occupations of the Population of the State of New South Wales (including Federal Capital Territory), at the Censuses of 1891, 1901 and 1911",1286,7,7,1,7,8,8,5,8,8,Occupations,New South Wales,Part XII,0,,False
1911_census_volume_iii_part_xii_occupations,1911 Census - Volume III - Part XII Occupations.pdf,2112.0 - Volume III - Part XII Occupations,data\raw\abs_1911_census\1911 Census - Volume III - Part XII Occupations.pdf,570,5,"Comparative Statement of Occupations of the Population of the State of Victoria, at the Censuses of 1891, 1901 and 1911",1287,8,8,1,8,9,9,6,9,9,Occupations,Victoria,Part XII,0,,False
1911_census_volume_iii_part_xii_occupations,1911 Census - Volume III - Part XII Occupations.pdf,2112.0 - Volume III - Part XII Occupations,data\raw\abs_1911_census\1911 Census - Volume III - Part XII Occupations.pdf,570,6,"Comparative Statement of Occupations of the Population of the State of Queensland, at the Censuses of 1891, 1901 and 1911",1288,9,9,1,9,10,10,7,10,10,Occupations,Queensland,Part XII,0,,False
1911_census_volume_iii_part_xii_occupations,1911 Census - Volume III - Part XII Occupations.pdf,2112.0 - Volume III - Part XII Occupations,data\raw\abs_1911_census\1911 Census - Volume III - Part XII Occupations.pdf,570,7,"Comparative Statement of Occupations of the Population of the State of South Australia (including Northern Territory), at the Censuses of 1891, 1901 and 1911",1289,10,10,1,10,11,11,8,11,11,Occupations,South Australia,Part XII,0,,False
1911_census_volume_iii_part_xii_occupations,1911 Census - Volume III - Part XII Occupations.pdf,2112.0 - Volume III - Part XII Occupations,data\raw\abs_1911_census\1911 Census - Volume III - Part XII Occupations.pdf,570,8,"Comparative Statement of Occupations of the Population of the State of Western Australia, at the Censuses of 1891, 1901 and 1911",1290,11,11,1,11,12,12,9,12,12,Occupations,Western Australia,Part XII,0,,False
1911_census_volume_iii_part_xii_occupations,1911 Census - Volume III - Part XII Occupations.pdf,2112.0 - Volume III - Part XII Occupations,data\raw\abs_1911_census\1911 Census - Volume III - Part XII Occupations.pdf,570,9,"Comparative Statement of Occupations of the Population of the State of Tasmania, at the Censuses of 1891, 1901 and 1911",1291,12,12,1,12,13,13,10,13,13,Occupations,Tasmania,Part XII,0,,False
1911_census_volume_iii_part_xii_occupations,1911 Census - Volume III - Part XII Occupations.pdf,2112.0 - Volume III - Part XII Occupations,data\raw\abs_1911_census\1911 Census - Volume III - Part XII Occupations.pdf,570,10,"Centesimal Comparison of Occupations of the Population of the State of New South Wales (including Federal Capital Territory), at the Censuses of 1891, 1901 and 1911",1292,13,13,1,13,14,14,11,14,14,Occupations,New South Wales,Part XII,0,,False
1911_census_volume_iii_part_xii_occupations,1911 Census - Volume III - Part XII Occupations.pdf,2112.0 - Volume III - Part XII Occupations,data\raw\abs_1911_census\1911 Census - Volume III - Part XII Occupations.pdf,570,11,"Centesimal Comparison of Occupations of the Population of the State of Victoria, at the Censuses of 1891, 1901 and 1911",1293,14,14,1,14,15,15,12,15,15,Occupations,Victoria,Part XII,0,,False
1911_census_volume_iii_part_xii_occupations,1911 Census - Volume III - Part XII Occupations.pdf,2112.0 - Volume III - Part XII Occupations,data\raw\abs_1911_census\1911 Census - Volume III - Part XII Occupations.pdf,570,12,"Centesimal Comparison of Occupations of the Population of the State of Queensland, at the Censuses of 1891, 1901 and 1911",1294,15,15,1,15,16,16,13,16,16,Occupations,Queensland,Part XII,0,,False
1911_census_volume_iii_part_xii_occupations,1911 Census - Volume III - Part XII Occupations.pdf,2112.0 - Volume III - Part XII Occupations,data\raw\abs_1911_census\1911 Census - Volume III - Part XII Occupations.pdf,570,13,"Centesimal Comparison of Occupations of the Population of the State of South Australia (including Northern Territory), at the Censuses of 1891, 1901 and 1911",1295,16,16,1,16,17,17,14,17,17,Occupations,South Australia,Part XII,0,,False
1911_census_volume_iii_part_xii_occupations,1911 Census - Volume III - Part XII Occupations.pdf,2112.0 - Volume III - Part XII Occupations,data\raw\abs_1911_census\1911 Census - Volume III - Part XII Occupations.pdf,570,14,"Centesimal Comparison of Occupations of the Population of the State of Western Australia, at the Censuses of 1891, 1901 and 1911",1296,17,17,1,17,18,18,15,18,18,Occupations,Western Australia,Part XII,0,,False
1911_census_volume_iii_part_xii_occupations,1911 Census - Volume III - Part XII Occupations.pdf,2112.0 - Volume III - Part XII Occupations,data\raw\abs_1911_census\1911 Census - Volume III - Part XII Occupations.pdf,570,15,"Centesimal Comparison of Occupations of the Population of the State of Tasmania, at the Censuses of 1891, 1901 and 1911",1297,18,18,1,18,19,19,16,19,19,Occupations,Tasmania,Part XII,0,,False
1911_census_volume_iii_part_xii_occupations,1911 Census - Volume III - Part XII Occupations.pdf,2112.0 - Volume III - Part XII Occupations,data\raw\abs_1911_census\1911 Census - Volume III - Part XII Occupations.pdf,570,16,"Male Population of the several States and Territories of the Commonwealth of Australia, at the Census of 3rd April, 1911, classified according to Occupation",1298,19,33,15,19 | 20 | 21 | 22 | 23 | 24 | 25 | 26 | 27 | 28 | 29 | 30 | 31 | 32 | 33,20,34,17,34,34,Occupations,Australia,Part XII,0,,False
1911_census_volume_iii_part_xii_occupations,1911 Census - Volume III - Part XII Occupations.pdf,2112.0 - Volume III - Part XII Occupations,data\raw\abs_1911_census\1911 Census - Volume III - Part XII Occupations.pdf,570,17,"Female Population of the several States and Territories of the Commonwealth of Australia, at the Census of 3rd April, 1911, classified according to Occupation",1313,34,46,13,34 | 35 | 36 | 37 | 38 | 39 | 40 | 41 | 42 | 43 | 44 | 45 | 46,35,47,18,47,47,Occupations,Australia,Part XII,0,,False
1911_census_volume_iii_part_xii_occupations,1911 Census - Volume III - Part XII Occupations.pdf,2112.0 - Volume III - Part XII Occupations,data\raw\abs_1911_census\1911 Census - Volume III - Part XII Occupations.pdf,570,18,"Male Population of the Commonwealth of Australia, at the Census of 3rd April, 1911, classified according to Occupation, Grade and Age. (Details).",1326,47,170,124,47 | 48 | 49 | 50 | 51 | 52 | 53 | 54 | 55 | 56 | 57 | 58 | 59 | 60 | 61 | 62 | 63 | 64 | 65 | 66 | 67 | 68 | 69 | 70 | 71 | 72 | 73 | 74 | 75 | 76 | 77 | 78 | 79 | 80 | 81 | 82 | 83 | 84 | 85 | 86 | 87 | 88 | 89 | 90 | 91 | 92 | 93 | 94 | 95 | 96 | 97 | 98 | 99 | 100 | 101 | 102 | 103 | 104 | 105 | 106 | 107 | 108 | 109 | 110 | 111 | 112 | 113 | 114 | 115 | 116 | 117 | 118 | 119 | 120 | 121 | 122 | 123 | 124 | 125 | 126 | 127 | 128 | 129 | 130 | 131 | 132 | 133 | 134 | 135 | 136 | 137 | 138 | 139 | 140 | 141 | 142 | 143 | 144 | 145 | 146 | 147 | 148 | 149 | 150 | 151 | 152 | 153 | 154 | 155 | 156 | 157 | 158 | 159 | 160 | 161 | 162 | 163 | 164 | 165 | 166 | 167 | 168 | 169 | 170,48,171,19,171,171,Occupations,Australia,Part XII,0,,False
1911_census_volume_iii_part_xii_occupations,1911 Census - Volume III - Part XII Occupations.pdf,2112.0 - Volume III - Part XII Occupations,data\raw\abs_1911_census\1911 Census - Volume III - Part XII Occupations.pdf,570,19,"Female Population of the Commonwealth of Australia, at the Census of 3rd April, 1911, classified according to Occupation, Grade and Age. (Details)",1450,171,248,78,171 | 172 | 173 | 174 | 175 | 176 | 177 | 178 | 179 | 180 | 181 | 182 | 183 | 184 | 185 | 186 | 187 | 188 | 189 | 190 | 191 | 192 | 193 | 194 | 195 | 196 | 197 | 198 | 199 | 200 | 201 | 202 | 203 | 204 | 205 | 206 | 207 | 208 | 209 | 210 | 211 | 212 | 213 | 214 | 215 | 216 | 217 | 218 | 219 | 220 | 221 | 222 | 223 | 224 | 225 | 226 | 227 | 228 | 229 | 230 | 231 | 232 | 233 | 234 | 235 | 236 | 237 | 238 | 239 | 240 | 241 | 242 | 243 | 244 | 245 | 246 | 247 | 248,172,249,20,249,249,Occupations,Australia,Part XII,0,,False
1911_census_volume_iii_part_xii_occupations,1911 Census - Volume III - Part XII Occupations.pdf,2112.0 - Volume III - Part XII Occupations,data\raw\abs_1911_census\1911 Census - Volume III - Part XII Occupations.pdf,570,20,"Male Population of the Commonwealth of Australia, at the Census of 3rd April, 1911, classified according to Occupation, Grade and Age. (Summary)",1528,249,256,8,249 | 250 | 251 | 252 | 253 | 254 | 255 | 256,250,257,21,257,257,Occupations,Australia,Part XII,0,,False
1911_census_volume_iii_part_xii_occupations,1911 Census - Volume III - Part XII Occupations.pdf,2112.0 - Volume III - Part XII Occupations,data\raw\abs_1911_census\1911 Census - Volume III - Part XII Occupations.pdf,570,21,"Female Population of the Commonwealth of Australia, at the Census of 3rd April, 1911, classified according to Occupation, Grade and Age. (Summary)",1536,257,264,8,257 | 258 | 259 | 260 | 261 | 262 | 263 | 264,258,265,22,265,265,Occupations,Australia,Part XII,0,,False
1911_census_volume_iii_part_xii_occupations,1911 Census - Volume III - Part XII Occupations.pdf,2112.0 - Volume III - Part XII Occupations,data\raw\abs_1911_census\1911 Census - Volume III - Part XII Occupations.pdf,570,22,"Male Population of the State of New South Wales, at the Census of 3rd April, 1911, classified according to Occupation, Grade and Age",1544,265,272,8,265 | 266 | 267 | 268 | 269 | 270 | 271 | 272,266,273,23,273,273,Occupations,New South Wales,Part XII,0,,False
1911_census_volume_iii_part_xii_occupations,1911 Census - Volume III - Part XII Occupations.pdf,2112.0 - Volume III - Part XII Occupations,data\raw\abs_1911_census\1911 Census - Volume III - Part XII Occupations.pdf,570,23,"Female Population of the State of New South Wales, at the Census of 3rd April, 1911, classified according to Occupation, Grade and Age",1552,273,280,8,273 | 274 | 275 | 276 | 277 | 278 | 279 | 280,274,281,24,281,281,Occupations,New South Wales,Part XII,0,,False
1911_census_volume_iii_part_xii_occupations,1911 Census - Volume III - Part XII Occupations.pdf,2112.0 - Volume III - Part XII Occupations,data\raw\abs_1911_census\1911 Census - Volume III - Part XII Occupations.pdf,570,24,"Male Population of the State of Victoria, at the Census of 3rd April, 1911, classified according to Occupation, Grade and Age",1560,281,288,8,281 | 282 | 283 | 284 | 285 | 286 | 287 | 288,282,289,25,289,289,Occupations,Victoria,Part XII,0,,False
1911_census_volume_iii_part_xii_occupations,1911 Census - Volume III - Part XII Occupations.pdf,2112.0 - Volume III - Part XII Occupations,data\raw\abs_1911_census\1911 Census - Volume III - Part XII Occupations.pdf,570,25,"Female Population of the State of Victoria, at the Census of 3rd April, 1911, classified according to Occupation, Grade and Age",1568,289,294,6,289 | 290 | 291 | 292 | 293 | 294,290,295,26,295,295,Occupations,Victoria,Part XII,0,,False
1911_census_volume_iii_part_xii_occupations,1911 Census - Volume III - Part XII Occupations.pdf,2112.0 - Volume III - Part XII Occupations,data\raw\abs_1911_census\1911 Census - Volume III - Part XII Occupations.pdf,570,26,"Male Population of the State of Queensland, at the Census of 3rd April, 1911, classified according to Occupation, Grade and Age",1574,295,304,10,295 | 296 | 297 | 298 | 299 | 300 | 301 | 302 | 303 | 304,296,305,27,305,305,Occupations,Queensland,Part XII,0,,False
1911_census_volume_iii_part_xii_occupations,1911 Census - Volume III - Part XII Occupations.pdf,2112.0 - Volume III - Part XII Occupations,data\raw\abs_1911_census\1911 Census - Volume III - Part XII Occupations.pdf,570,27,"Female Population of the State of Queensland, at the Census of 3rd April, 1911, classified according to Occupation, Grade and Age",1584,305,310,6,305 | 306 | 307 | 308 | 309 | 310,306,311,28,311,311,Occupations,Queensland,Part XII,0,,False
1911_census_volume_iii_part_xii_occupations,1911 Census - Volume III - Part XII Occupations.pdf,2112.0 - Volume III - Part XII Occupations,data\raw\abs_1911_census\1911 Census - Volume III - Part XII Occupations.pdf,570,28,"Male Population of the State of South Australia, at the Census of 3rd April, 1911, classified according to Occupation, Grade and Age",1590,311,320,10,311 | 312 | 313 | 314 | 315 | 316 | 317 | 318 | 319 | 320,312,321,29,321,321,Occupations,South Australia,Part XII,0,,False
1911_census_volume_iii_part_xii_occupations,1911 Census - Volume III - Part XII Occupations.pdf,2112.0 - Volume III - Part XII Occupations,data\raw\abs_1911_census\1911 Census - Volume III - Part XII Occupations.pdf,570,29,"Female Population of the State of South Australia, at the Census of 3rd April, 1911, classified according to Occupation, Grade and Age",1600,321,326,6,321 | 322 | 323 | 324 | 325 | 326,322,327,30,327,327,Occupations,South Australia,Part XII,0,,False
1911_census_volume_iii_part_xii_occupations,1911 Census - Volume III - Part XII Occupations.pdf,2112.0 - Volume III - Part XII Occupations,data\raw\abs_1911_census\1911 Census - Volume III - Part XII Occupations.pdf,570,30,"Male Population of the State of Western Australia, at the Census of 3rd April, 1911, classified according to Occupation, Grade and Age",1606,327,334,8,327 | 328 | 329 | 330 | 331 | 332 | 333 | 334,328,335,31,335,335,Occupations,Western Australia,Part XII,0,,False
1911_census_volume_iii_part_xii_occupations,1911 Census - Volume III - Part XII Occupations.pdf,2112.0 - Volume III - Part XII Occupations,data\raw\abs_1911_census\1911 Census - Volume III - Part XII Occupations.pdf,570,31,"Female Population of the State of Western Australia, at the Census of 3rd April, 1911, classified according to Occupation, Grade and Age",1614,335,340,6,335 | 336 | 337 | 338 | 339 | 340,336,341,32,341,341,Occupations,Western Australia,Part XII,0,,False
1911_census_volume_iii_part_xii_occupations,1911 Census - Volume III - Part XII Occupations.pdf,2112.0 - Volume III - Part XII Occupations,data\raw\abs_1911_census\1911 Census - Volume III - Part XII Occupations.pdf,570,32,"Male Population of the State of Tasmania, at the Census of 3rd April, 1911, classified according to Occupation, Grade and Age",1620,341,348,8,341 | 342 | 343 | 344 | 345 | 346 | 347 | 348,342,349,33,349,349,Occupations,Tasmania,Part XII,0,,False
1911_census_volume_iii_part_xii_occupations,1911 Census - Volume III - Part XII Occupations.pdf,2112.0 - Volume III - Part XII Occupations,data\raw\abs_1911_census\1911 Census - Volume III - Part XII Occupations.pdf,570,33,"Female Population of the State of Tasmania, at the Census of 3rd April, 1911, classified according to Occupation, Grade and Age",1628,349,354,6,349 | 350 | 351 | 352 | 353 | 354,350,355,34,355,355,Occupations,Tasmania,Part XII,0,,False
1911_census_volume_iii_part_xii_occupations,1911 Census - Volume III - Part XII Occupations.pdf,2112.0 - Volume III - Part XII Occupations,data\raw\abs_1911_census\1911 Census - Volume III - Part XII Occupations.pdf,570,34,"Male Population of the Northern Territory, at the Census of 3rd April, 1911, classified according to Occupation, Grade and Age",1634,355,360,6,355 | 356 | 357 | 358 | 359 | 360,356,361,35,361,361,Occupations,Northern Territory,Part XII,0,,False
1911_census_volume_iii_part_xii_occupations,1911 Census - Volume III - Part XII Occupations.pdf,2112.0 - Volume III - Part XII Occupations,data\raw\abs_1911_census\1911 Census - Volume III - Part XII Occupations.pdf,570,35,"Female Population of the Northern Territory, at the Census of 3rd April, 1911, classified according to Occupation, Grade and Age",1640,361,362,2,361 | 362,362,363,36,363,363,Occupations,Northern Territory,Part XII,0,,False
1911_census_volume_iii_part_xii_occupations,1911 Census - Volume III - Part XII Occupations.pdf,2112.0 - Volume III - Part XII Occupations,data\raw\abs_1911_census\1911 Census - Volume III - Part XII Occupations.pdf,570,36,"Male Population of the Federal Capital Territory, at the Census of 3rd April, 1911, classified according to Occupation, Grade and Age",1642,363,366,4,363 | 364 | 365 | 366,364,367,37,367,367,Occupations,Federal Capital Territory,Part XII,0,,False
1911_census_volume_iii_part_xii_occupations,1911 Census - Volume III - Part XII Occupations.pdf,2112.0 - Volume III - Part XII Occupations,data\raw\abs_1911_census\1911 Census - Volume III - Part XII Occupations.pdf,570,37,"Female Population of the Federal Capital Territory, at the Census of 3rd April, 1911, classified according to Occupation, Grade and Age",1646,367,368,2,367 | 368,368,369,38,369,369,Occupations,Federal Capital Territory,Part XII,0,,False
1911_census_volume_iii_part_xii_occupations,1911 Census - Volume III - Part XII Occupations.pdf,2112.0 - Volume III - Part XII Occupations,data\raw\abs_1911_census\1911 Census - Volume III - Part XII Occupations.pdf,570,38,"Female Population of the Commonwealth of Australia, at the Census of 3rd April, 1911, classified according to Occupation, Grade and Conjugal Condition",1648,369,372,4,369 | 370 | 371 | 372,370,373,39,373,373,Occupations,Australia,Part XII,0,,False
1911_census_volume_iii_part_xii_occupations,1911 Census - Volume III - Part XII Occupations.pdf,2112.0 - Volume III - Part XII Occupations,data\raw\abs_1911_census\1911 Census - Volume III - Part XII Occupations.pdf,570,39,"Female Population of the State of New South Wales, at the Census of 3rd April, 1911, classified according to Occupation, Grade and Conjugal Condition",1652,373,376,4,373 | 374 | 375 | 376,374,377,40,377,377,Occupations,New South Wales,Part XII,0,,False
1911_census_volume_iii_part_xii_occupations,1911 Census - Volume III - Part XII Occupations.pdf,2112.0 - Volume III - Part XII Occupations,data\raw\abs_1911_census\1911 Census - Volume III - Part XII Occupations.pdf,570,40,"Female Population of the State of Victoria, at the Census of 3rd April, 1911, classified according to Occupation, Grade and Conjugal Condition",1656,377,380,4,377 | 378 | 379 | 380,378,381,41,381,381,Occupations,Victoria,Part XII,0,,False
1911_census_volume_iii_part_xii_occupations,1911 Census - Volume III - Part XII Occupations.pdf,2112.0 - Volume III - Part XII Occupations,data\raw\abs_1911_census\1911 Census - Volume III - Part XII Occupations.pdf,570,41,"Female Population of the State of Queensland, at the Census of 3rd April, 1911, classified according to Occupation, Grade and Conjugal Condition",1660,381,384,4,381 | 382 | 383 | 384,382,385,42,385,385,Occupations,Queensland,Part XII,0,,False
1911_census_volume_iii_part_xii_occupations,1911 Census - Volume III - Part XII Occupations.pdf,2112.0 - Volume III - Part XII Occupations,data\raw\abs_1911_census\1911 Census - Volume III - Part XII Occupations.pdf,570,42,"Female Population of the State of South Australia, at the Census of 3rd April, 1911, classified according to Occupation, Grade and Conjugal Condition",1664,385,388,4,385 | 386 | 387 | 388,386,389,43,389,389,Occupations,South Australia,Part XII,0,,False
1911_census_volume_iii_part_xii_occupations,1911 Census - Volume III - Part XII Occupations.pdf,2112.0 - Volume III - Part XII Occupations,data\raw\abs_1911_census\1911 Census - Volume III - Part XII Occupations.pdf,570,43,"Female Population of the State of Western Australia, at the Census of 3rd April, 1911, classified according to Occupation, Grade and Conjugal Condition",1668,389,392,4,389 | 390 | 391 | 392,390,393,44,393,393,Occupations,Western Australia,Part XII,0,,False
1911_census_volume_iii_part_xii_occupations,1911 Census - Volume III - Part XII Occupations.pdf,2112.0 - Volume III - Part XII Occupations,data\raw\abs_1911_census\1911 Census - Volume III - Part XII Occupations.pdf,570,44,"Female Population of the State of Tasmania, at the Census of 3rd April, 1911, classified according to Occupation, Grade and Conjugal Condition",1672,393,396,4,393 | 394 | 395 | 396,394,397,45,397,397,Occupations,Tasmania,Part XII,0,,False
1911_census_volume_iii_part_xii_occupations,1911 Census - Volume III - Part XII Occupations.pdf,2112.0 - Volume III - Part XII Occupations,data\raw\abs_1911_census\1911 Census - Volume III - Part XII Occupations.pdf,570,45,"Female Population of the Northern Territory, at the Census of 3rd April, 1911, classified according to Occupation, Grade and Conjugal Condition",1676,397,398,2,397 | 398,398,399,46,399,399,Occupations,Northern Territory,Part XII,0,,False
1911_census_volume_iii_part_xii_occupations,1911 Census - Volume III - Part XII Occupations.pdf,2112.0 - Volume III - Part XII Occupations,data\raw\abs_1911_census\1911 Census - Volume III - Part XII Occupations.pdf,570,46,"Female Population of the Federal Capital Territory, at the Census of 3rd April, 1911, classified according to Occupation, Grade and Conjugal Condition",1678,399,400,2,399 | 400,400,401,47,401,401,Occupations,Federal Capital Territory,Part XII,0,,False
1911_census_volume_iii_part_xii_occupations,1911 Census - Volume III - Part XII Occupations.pdf,2112.0 - Volume III - Part XII Occupations,data\raw\abs_1911_census\1911 Census - Volume III - Part XII Occupations.pdf,570,47,"Male Population of Sydney and Suburbs, at the Census of 3rd April, 1911, classified according to Occupation and Age",1680,401,402,2,401 | 402,402,403,48,403,403,Occupations,Sydney,Part XII,0,,False
1911_census_volume_iii_part_xii_occupations,1911 Census - Volume III - Part XII Occupations.pdf,2112.0 - Volume III - Part XII Occupations,data\raw\abs_1911_census\1911 Census - Volume III - Part XII Occupations.pdf,570,48,"Female Population of Sydney and Suburbs, at the Census of 3rd April, 1911, classified according to Occupation and Age",1682,403,404,2,403 | 404,404,405,49,405,405,Occupations,Sydney,Part XII,0,,False
1911_census_volume_iii_part_xii_occupations,1911 Census - Volume III - Part XII Occupations.pdf,2112.0 - Volume III - Part XII Occupations,data\raw\abs_1911_census\1911 Census - Volume III - Part XII Occupations.pdf,570,49,"Population of Sydney and Suburbs, at the Census of 3rd April, 1911, classified according to Occupation and Grade",1684,405,406,2,405 | 406,406,407,50,407,407,Occupations,Sydney,Part XII,0,,False
1911_census_volume_iii_part_xii_occupations,1911 Census - Volume III - Part XII Occupations.pdf,2112.0 - Volume III - Part XII Occupations,data\raw\abs_1911_census\1911 Census - Volume III - Part XII Occupations.pdf,570,50,"Male Population of Melbourne and Suburbs, at the Census of 3rd April, 1911, classified according to Occupation and Age",1686,407,408,2,407 | 408,408,409,51,409,409,Occupations,Melbourne,Part XII,0,,False
1911_census_volume_iii_part_xii_occupations,1911 Census - Volume III - Part XII Occupations.pdf,2112.0 - Volume III - Part XII Occupations,data\raw\abs_1911_census\1911 Census - Volume III - Part XII Occupations.pdf,570,51,"Female Population of Melbourne and Suburbs, at the Census of 3rd April, 1911, classified according to Occupation and Age",1688,409,410,2,409 | 410,410,411,52,411,411,Occupations,Melbourne,Part XII,0,,False
1911_census_volume_iii_part_xii_occupations,1911 Census - Volume III - Part XII Occupations.pdf,2112.0 - Volume III - Part XII Occupations,data\raw\abs_1911_census\1911 Census - Volume III - Part XII Occupations.pdf,570,52,"Population of Melbourne and Suburbs, at the Census of 3rd April, 1911, classified according to Occupation and Grade",1690,411,412,2,411 | 412,412,413,53,413,413,Occupations,Melbourne,Part XII,0,,False
1911_census_volume_iii_part_xii_occupations,1911 Census - Volume III - Part XII Occupations.pdf,2112.0 - Volume III - Part XII Occupations,data\raw\abs_1911_census\1911 Census - Volume III - Part XII Occupations.pdf,570,53,"Male Population of Brisbane and Suburbs, at the Census of 3rd April, 1911, classified according to Occupation and Age",1692,413,414,2,413 | 414,414,415,54,415,415,Occupations,Brisbane,Part XII,0,,False
1911_census_volume_iii_part_xii_occupations,1911 Census - Volume III - Part XII Occupations.pdf,2112.0 - Volume III - Part XII Occupations,data\raw\abs_1911_census\1911 Census - Volume III - Part XII Occupations.pdf,570,54,"Female Population of Brisbane and Suburbs, at the Census of 3rd April, 1911, classified according to Occupation and Age",1694,415,416,2,415 | 416,416,417,55,417,417,Occupations,Brisbane,Part XII,0,,False
1911_census_volume_iii_part_xii_occupations,1911 Census - Volume III - Part XII Occupations.pdf,2112.0 - Volume III - Part XII Occupations,data\raw\abs_1911_census\1911 Census - Volume III - Part XII Occupations.pdf,570,55,"Population of Brisbane and Suburbs, at the Census of 3rd April, 1911, classified according to Occupation and Grade",1696,417,418,2,417 | 418,418,419,56,419,419,Occupations,Brisbane,Part XII,0,,False
1911_census_volume_iii_part_xii_occupations,1911 Census - Volume III - Part XII Occupations.pdf,2112.0 - Volume III - Part XII Occupations,data\raw\abs_1911_census\1911 Census - Volume III - Part XII Occupations.pdf,570,56,"Male Population of Adelaide and Suburbs, at the Census of 3rd April, 1911, classified according to Occupation and Age",1698,419,420,2,419 | 420,420,421,57,421,421,Occupations,Adelaide,Part XII,0,,False
1911_census_volume_iii_part_xii_occupations,1911 Census - Volume III - Part XII Occupations.pdf,2112.0 - Volume III - Part XII Occupations,data\raw\abs_1911_census\1911 Census - Volume III - Part XII Occupations.pdf,570,57,"Female Population of Adelaide and Suburbs, at the Census of 3rd April, 1911, classified according to Occupation and Age",1700,421,422,2,421 | 422,422,423,58,423,423,Occupations,Adelaide,Part XII,0,,False
1911_census_volume_iii_part_xii_occupations,1911 Census - Volume III - Part XII Occupations.pdf,2112.0 - Volume III - Part XII Occupations,data\raw\abs_1911_census\1911 Census - Volume III - Part XII Occupations.pdf,570,58,"Population of Adelaide and Suburbs, at the Census of 3rd April, 1911, classified according to Occupation and Grade",1702,423,424,2,423 | 424,424,425,59,425,425,Occupations,Adelaide,Part XII,0,,False
1911_census_volume_iii_part_xii_occupations,1911 Census - Volume III - Part XII Occupations.pdf,2112.0 - Volume III - Part XII Occupations,data\raw\abs_1911_census\1911 Census - Volume III - Part XII Occupations.pdf,570,59,"Male Population of Perth and Suburbs, at the Census of 3rd April, 1911, classified according to Occupation and Age",1704,425,426,2,425 | 426,426,427,60,427,427,Occupations,Perth,Part XII,0,,False
1911_census_volume_iii_part_xii_occupations,1911 Census - Volume III - Part XII Occupations.pdf,2112.0 - Volume III - Part XII Occupations,data\raw\abs_1911_census\1911 Census - Volume III - Part XII Occupations.pdf,570,60,"Female Population of Perth and Suburbs, at the Census of 3rd April, 1911, classified according to Occupation and Age",1706,427,428,2,427 | 428,428,429,61,429,429,Occupations,Perth,Part XII,0,,False
1911_census_volume_iii_part_xii_occupations,1911 Census - Volume III - Part XII Occupations.pdf,2112.0 - Volume III - Part XII Occupations,data\raw\abs_1911_census\1911 Census - Volume III - Part XII Occupations.pdf,570,61,"Population of Perth and Suburbs at the Census of 3rd April, 1911, classified according to Occupation and Grade",1708,429,430,2,429 | 430,430,431,62,431,431,Occupations,Perth,Part XII,0,,False
1911_census_volume_iii_part_xii_occupations,1911 Census - Volume III - Part XII Occupations.pdf,2112.0 - Volume III - Part XII Occupations,data\raw\abs_1911_census\1911 Census - Volume III - Part XII Occupations.pdf,570,62,"Male Population of Hobart and Suburbs, at the Census of 3rd April, 1911, classified according to Occupation and Age",1710,431,432,2,431 | 432,432,433,63,433,433,Occupations,Hobart,Part XII,0,,False
1911_census_volume_iii_part_xii_occupations,1911 Census - Volume III - Part XII Occupations.pdf,2112.0 - Volume III - Part XII Occupations,data\raw\abs_1911_census\1911 Census - Volume III - Part XII Occupations.pdf,570,63,"Female Population of Hobart and Suburbs, at the Census of 3rd April, 1911, classified according to Occupation and Age",1712,433,434,2,433 | 434,434,435,64,435,435,Occupations,Hobart,Part XII,0,,False
1911_census_volume_iii_part_xii_occupations,1911 Census - Volume III - Part XII Occupations.pdf,2112.0 - Volume III - Part XII Occupations,data\raw\abs_1911_census\1911 Census - Volume III - Part XII Occupations.pdf,570,64,"Population of Hobart and Suburbs, at the Census of 3rd April, 1911, classified according to Occupation and Grade",1714,435,436,2,435 | 436,436,437,65,437,437,Occupations,Hobart,Part XII,0,,False
1911_census_volume_iii_part_xii_occupations,1911 Census - Volume III - Part XII Occupations.pdf,2112.0 - Volume III - Part XII Occupations,data\raw\abs_1911_census\1911 Census - Volume III - Part XII Occupations.pdf,570,65,"Population of Counties in the State of New South Wales, at the Census of 3rd April, 1911, classified according to Occupation and Sex",1716,437,472,36,437 | 438 | 439 | 440 | 441 | 442 | 443 | 444 | 445 | 446 | 447 | 448 | 449 | 450 | 451 | 452 | 453 | 454 | 455 | 456 | 457 | 458 | 459 | 460 | 461 | 462 | 463 | 464 | 465 | 466 | 467 | 468 | 469 | 470 | 471 | 472,438,473,66,473,473,Occupations,New South Wales,Part XII,0,,False
1911_census_volume_iii_part_xii_occupations,1911 Census - Volume III - Part XII Occupations.pdf,2112.0 - Volume III - Part XII Occupations,data\raw\abs_1911_census\1911 Census - Volume III - Part XII Occupations.pdf,570,66,"Population of Counties in the State of Victoria, at the Census of 3rd April, 1911, classified according to Occupation and Sex",1752,473,482,10,473 | 474 | 475 | 476 | 477 | 478 | 479 | 480 | 481 | 482,474,483,67,483,483,Occupations,Victoria,Part XII,0,,False
1911_census_volume_iii_part_xii_occupations,1911 Census - Volume III - Part XII Occupations.pdf,2112.0 - Volume III - Part XII Occupations,data\raw\abs_1911_census\1911 Census - Volume III - Part XII Occupations.pdf,570,67,"Population of Census Districts in the State of Queensland, at the Census of 3rd April, 1911, classified according to Occupation and Sex",1762,483,498,16,483 | 484 | 485 | 486 | 487 | 488 | 489 | 490 | 491 | 492 | 493 | 494 | 495 | 496 | 497 | 498,484,499,68,499,499,Occupations,Queensland,Part XII,0,,False
1911_census_volume_iii_part_xii_occupations,1911 Census - Volume III - Part XII Occupations.pdf,2112.0 - Volume III - Part XII Occupations,data\raw\abs_1911_census\1911 Census - Volume III - Part XII Occupations.pdf,570,68,"Population of Counties and Divisions in the State of South Australia, at the Census of 3rd April, 1911, classified according to Occupation and Sex",1778,499,512,14,499 | 500 | 501 | 502 | 503 | 504 | 505 | 506 | 507 | 508 | 509 | 510 | 511 | 512,500,513,69,513,513,Occupations,South Australia,Part XII,0,,False
1911_census_volume_iii_part_xii_occupations,1911 Census - Volume III - Part XII Occupations.pdf,2112.0 - Volume III - Part XII Occupations,data\raw\abs_1911_census\1911 Census - Volume III - Part XII Occupations.pdf,570,69,"Population of Statistical Districts in the State of Western Australia, at the Census of 3rd April, 1911, classified according to Occupation and Sex",1792,513,520,8,513 | 514 | 515 | 516 | 517 | 518 | 519 | 520,514,521,70,521,521,Occupations,Western Australia,Part XII,0,,False
1911_census_volume_iii_part_xii_occupations,1911 Census - Volume III - Part XII Occupations.pdf,2112.0 - Volume III - Part XII Occupations,data\raw\abs_1911_census\1911 Census - Volume III - Part XII Occupations.pdf,570,70,"Population of Local Government Areas (Municipalities) in the State of Tasmania, at the Census of 3rd April, 1911, classified according to Occupation and Sex",1800,521,534,14,521 | 522 | 523 | 524 | 525 | 526 | 527 | 528 | 529 | 530 | 531 | 532 | 533 | 534,522,535,71,535,535,Occupations,Tasmania,Part XII,0,,False
1911_census_volume_iii_part_xii_occupations,1911 Census - Volume III - Part XII Occupations.pdf,2112.0 - Volume III - Part XII Occupations,data\raw\abs_1911_census\1911 Census - Volume III - Part XII Occupations.pdf,570,71,"Population of Counties in the Northern Territory, at the Census of 3rd April, 1911, classified according to Occupation and Sex",1814,535,536,2,535 | 536,536,537,72,537,537,Occupations,Northern Territory,Part XII,0,,False
1911_census_volume_iii_part_xii_occupations,1911 Census - Volume III - Part XII Occupations.pdf,2112.0 - Volume III - Part XII Occupations,data\raw\abs_1911_census\1911 Census - Volume III - Part XII Occupations.pdf,570,72,"Population of the Federal Capital Territory, at the Census of 3rd April, 1911, classified according to Occupation and Sex",1816,537,537,1,537,538,538,73,538,538,Occupations,Federal Capital Territory,Part XII,0,,False
1911_census_volume_iii_part_xii_occupations,1911 Census - Volume III - Part XII Occupations.pdf,2112.0 - Volume III - Part XII Occupations,data\raw\abs_1911_census\1911 Census - Volume III - Part XII Occupations.pdf,570,73,"Grades of Occupation in Counties within the State of New South Wales, at the Census of 3rd April, 1911",1817,538,539,2,538 | 539,539,540,74,540,540,Occupations,New South Wales,Part XII,0,,False
1911_census_volume_iii_part_xii_occupations,1911 Census - Volume III - Part XII Occupations.pdf,2112.0 - Volume III - Part XII Occupations,data\raw\abs_1911_census\1911 Census - Volume III - Part XII Occupations.pdf,570,74,"Grades of Occupation in Counties within the State of Victoria, at the Census of 3rd April, 1911",1819,540,540,1,540,541,541,75,540,541,Occupations,Victoria,Part XII,0,same_page_as_next_table_start,True
1911_census_volume_iii_part_xii_occupations,1911 Census - Volume III - Part XII Occupations.pdf,2112.0 - Volume III - Part XII Occupations,data\raw\abs_1911_census\1911 Census - Volume III - Part XII Occupations.pdf,570,75,"Grades of Occupation in Census Districts within the State of Queensland, at the Census of 3rd April, 1911",1819,540,540,1,540,541,541,76,541,541,Occupations,Queensland,Part XII,0,same_page_as_previous_table_start,True
1911_census_volume_iii_part_xii_occupations,1911 Census - Volume III - Part XII Occupations.pdf,2112.0 - Volume III - Part XII Occupations,data\raw\abs_1911_census\1911 Census - Volume III - Part XII Occupations.pdf,570,76,"Grades of Occupation in Counties and Divisions within the State of South Australia, at the Census of 3rd April, 1911",1820,541,541,1,541,542,542,77,542,542,Occupations,South Australia,Part XII,0,,False
1911_census_volume_iii_part_xii_occupations,1911 Census - Volume III - Part XII Occupations.pdf,2112.0 - Volume III - Part XII Occupations,data\raw\abs_1911_census\1911 Census - Volume III - Part XII Occupations.pdf,570,77,"Grades of Occupation in Statistical Districts, within the State of Western Australia, at the Census of 3rd April, 1911",1821,542,542,1,542,543,543,78,543,543,Occupations,Western Australia,Part XII,0,,False
1911_census_volume_iii_part_xii_occupations,1911 Census - Volume III - Part XII Occupations.pdf,2112.0 - Volume III - Part XII Occupations,data\raw\abs_1911_census\1911 Census - Volume III - Part XII Occupations.pdf,570,78,"Grades of Occupation in Local Government Areas (Municipalities) within the State of Tasmania, at the Census of 3rd April, 1911",1822,543,543,1,543,544,544,79,544,544,Occupations,Tasmania,Part XII,0,,False
1911_census_volume_iii_part_xii_occupations,1911 Census - Volume III - Part XII Occupations.pdf,2112.0 - Volume III - Part XII Occupations,data\raw\abs_1911_census\1911 Census - Volume III - Part XII Occupations.pdf,570,79,"Grades of Occupation in Counties within the Northern Territory, at the Census of 3rd April, 1911",1823,544,544,1,544,545,545,80,544,545,Occupations,Northern Territory,Part XII,0,same_page_as_next_table_start,True
1911_census_volume_iii_part_xii_occupations,1911 Census - Volume III - Part XII Occupations.pdf,2112.0 - Volume III - Part XII Occupations,data\raw\abs_1911_census\1911 Census - Volume III - Part XII Occupations.pdf,570,80,"Grades of Occupation within the Federal Capital Territory, at the Census of 3rd April, 1911",1823,544,544,1,544,545,545,81,545,545,Occupations,Federal Capital Territory,Part XII,0,same_page_as_previous_table_start,True
1911_census_volume_iii_part_xii_occupations,1911 Census - Volume III - Part XII Occupations.pdf,2112.0 - Volume III - Part XII Occupations,data\raw\abs_1911_census\1911 Census - Volume III - Part XII Occupations.pdf,570,81,"Unemployed Persons in the Commonwealth of Australia, at the Census of 3rd April, 1911, classified according to Occupation and Period of Unemployment",1824,545,546,2,545 | 546,546,547,82,547,547,Unemployment,Australia,Part XII,0,,False
1911_census_volume_iii_part_xii_occupations,1911 Census - Volume III - Part XII Occupations.pdf,2112.0 - Volume III - Part XII Occupations,data\raw\abs_1911_census\1911 Census - Volume III - Part XII Occupations.pdf,570,82,"Unemployed Persons in the State of New South Wales, at the Census of 3rd April, 1911, classified according to Occupation and Period of Unemployment",1826,547,550,4,547 | 548 | 549 | 550,548,551,83,551,551,Unemployment,New South Wales,Part XII,0,,False
1911_census_volume_iii_part_xii_occupations,1911 Census - Volume III - Part XII Occupations.pdf,2112.0 - Volume III - Part XII Occupations,data\raw\abs_1911_census\1911 Census - Volume III - Part XII Occupations.pdf,570,83,"Unemployed Persons in the State of Victoria, at the Census of 3rd April, 1911, classified according to Occupation and Period of Unemployment",1830,551,552,2,551 | 552,552,553,84,553,553,Unemployment,Victoria,Part XII,0,,False
1911_census_volume_iii_part_xii_occupations,1911 Census - Volume III - Part XII Occupations.pdf,2112.0 - Volume III - Part XII Occupations,data\raw\abs_1911_census\1911 Census - Volume III - Part XII Occupations.pdf,570,84,"Unemployed Persons in the State of Queensland, at the Census of 3rd April, 1911, classified according to Occupation and Period of Unemployment",1832,553,556,4,553 | 554 | 555 | 556,554,557,85,557,557,Unemployment,Queensland,Part XII,0,,False
1911_census_volume_iii_part_xii_occupations,1911 Census - Volume III - Part XII Occupations.pdf,2112.0 - Volume III - Part XII Occupations,data\raw\abs_1911_census\1911 Census - Volume III - Part XII Occupations.pdf,570,85,"Unemployed Persons in the State of South Australia, at the Census of 3rd April, 1911, classified according to Occupation and Period of Unemployment",1836,557,558,2,557 | 558,558,559,86,559,559,Unemployment,South Australia,Part XII,0,,False
1911_census_volume_iii_part_xii_occupations,1911 Census - Volume III - Part XII Occupations.pdf,2112.0 - Volume III - Part XII Occupations,data\raw\abs_1911_census\1911 Census - Volume III - Part XII Occupations.pdf,570,86,"Unemployed Persons in the State of Western Australia, at the Census of 3rd April, 1911, classified according to Occupation and Period of Unemployment",1838,559,560,2,559 | 560,560,561,87,561,561,Unemployment,Western Australia,Part XII,0,,False
1911_census_volume_iii_part_xii_occupations,1911 Census - Volume III - Part XII Occupations.pdf,2112.0 - Volume III - Part XII Occupations,data\raw\abs_1911_census\1911 Census - Volume III - Part XII Occupations.pdf,570,87,"Unemployed Persons in the State of Tasmania, at the Census of 3rd April, 1911, classified according to Occupation and Period of Unemployment",1840,561,562,2,561 | 562,562,563,88,563,563,Unemployment,Tasmania,Part XII,0,,False
1911_census_volume_iii_part_xii_occupations,1911 Census - Volume III - Part XII Occupations.pdf,2112.0 - Volume III - Part XII Occupations,data\raw\abs_1911_census\1911 Census - Volume III - Part XII Occupations.pdf,570,88,"Unemployed Persons in the Northern and Federal Capital Territories, at the Census of 3rd April, 1911, classified according to Occupation and Period of Unemployment",1842,563,564,2,563 | 564,564,565,89,565,565,Unemployment,Northern Territory and Federal Capital Territory,Part XII,0,,False
1911_census_volume_iii_part_xii_occupations,1911 Census - Volume III - Part XII Occupations.pdf,2112.0 - Volume III - Part XII Occupations,data\raw\abs_1911_census\1911 Census - Volume III - Part XII Occupations.pdf,570,89,"Unemployed Males in the Commonwealth of Australia, at the Census of 3rd April, 1911, classified according to Period of Unemployment and Age",1844,565,566,2,565 | 566,566,567,90,565,567,Unemployment,Australia,Part XII,0,same_page_as_next_table_start,True
1911_census_volume_iii_part_xii_occupations,1911 Census - Volume III - Part XII Occupations.pdf,2112.0 - Volume III - Part XII Occupations,data\raw\abs_1911_census\1911 Census - Volume III - Part XII Occupations.pdf,570,90,"Unemployed Males in the States and Territories of the Commonwealth of Australia, at the Census of 3rd April, 1911, classified according to Period of Unemployment and Age",1844,565,566,2,565 | 566,566,567,91,567,567,Unemployment,Australia,Part XII,8,same_page_as_previous_table_start,True
1911_census_volume_iii_part_xii_occupations,1911 Census - Volume III - Part XII Occupations.pdf,2112.0 - Volume III - Part XII Occupations,data\raw\abs_1911_census\1911 Census - Volume III - Part XII Occupations.pdf,570,91,"Unemployed Females in the Commonwealth of Australia, at the Census of 3rd April, 1911, classified according to Period of Unemployment and Age",1846,567,567,1,567,568,568,92,568,568,Unemployment,Australia,Part XII,0,,False
1911_census_volume_iii_part_xii_occupations,1911 Census - Volume III - Part XII Occupations.pdf,2112.0 - Volume III - Part XII Occupations,data\raw\abs_1911_census\1911 Census - Volume III - Part XII Occupations.pdf,570,92,"Unemployed Females in the States and Territories of the Commonwealth of Australia, at the Census of 3rd April, 1911, classified according to Period of Unemployment and Age",1847,568,569,2,568 | 569,569,570,,,,Unemployment,Australia,Part XII,8,final_table_in_document,False
1911_census_volume_iii_part_xiii_dwellings,1911 Census - Volume III - Part XIII Dwellings.pdf,2112.0 - Volume III - Part XIII Dwellings,data\raw\abs_1911_census\1911 Census - Volume III - Part XIII Dwellings.pdf,200,1,"Dwellings Occupied, Unoccupied and Being Built in the several States and Territories of the Commonwealth of Australia, at the Census of 3rd April, 1911",1853,4,4,1,4,5,5,2,4,5,"Dwellings Occupied, Unoccupied and Being Built",Commonwealth of Australia,Part XIII Dwellings,0,same_page_as_next_table_start,True
1911_census_volume_iii_part_xiii_dwellings,1911 Census - Volume III - Part XIII Dwellings.pdf,2112.0 - Volume III - Part XIII Dwellings,data\raw\abs_1911_census\1911 Census - Volume III - Part XIII Dwellings.pdf,200,2,"Metropolitan and Extra-Metropolitan Area, Population, Density, etc., in the several States and Territories of the Commonwealth of Australia, at the Census of 3rd April, 1911",1853,4,4,1,4,5,5,3,5,5,"Metropolitan and Extra-Metropolitan Area, Population, Density, etc.",Commonwealth of Australia,Part XIII Dwellings,0,same_page_as_previous_table_start,True
1911_census_volume_iii_part_xiii_dwellings,1911 Census - Volume III - Part XIII Dwellings.pdf,2112.0 - Volume III - Part XIII Dwellings,data\raw\abs_1911_census\1911 Census - Volume III - Part XIII Dwellings.pdf,200,3,"Occupied Dwellings in the several States and Territories of the Commonwealth of Australia, at the Census of 3rd April, 1911, classified according to Nature of Dwelling",1854,5,6,2,5 | 6,6,7,4,5,7,Occupied Dwellings classified according to Nature of Dwelling,Commonwealth of Australia,Part XIII Dwellings,0,same_page_as_next_table_start,True
1911_census_volume_iii_part_xiii_dwellings,1911 Census - Volume III - Part XIII Dwellings.pdf,2112.0 - Volume III - Part XIII Dwellings,data\raw\abs_1911_census\1911 Census - Volume III - Part XIII Dwellings.pdf,200,4,"Occupied Dwellings in the several States and Territories of the Commonwealth of Australia, at the Census of 3rd April, 1911, classified according to Number of Rooms",1854,5,6,2,5 | 6,6,7,5,7,7,Occupied Dwellings classified according to Number of Rooms,Commonwealth of Australia,Part XIII Dwellings,0,same_page_as_previous_table_start,True
1911_census_volume_iii_part_xiii_dwellings,1911 Census - Volume III - Part XIII Dwellings.pdf,2112.0 - Volume III - Part XIII Dwellings,data\raw\abs_1911_census\1911 Census - Volume III - Part XIII Dwellings.pdf,200,5,"Occupied Dwellings of 20 rooms and upwards in the several States and Territories of the Commonwealth of Australia at the Census of 3rd April, 1911",1856,7,7,1,7,8,8,6,8,8,Occupied Dwellings of 20 rooms and upwards,Commonwealth of Australia,Part XIII Dwellings,0,,False
1911_census_volume_iii_part_xiii_dwellings,1911 Census - Volume III - Part XIII Dwellings.pdf,2112.0 - Volume III - Part XIII Dwellings,data\raw\abs_1911_census\1911 Census - Volume III - Part XIII Dwellings.pdf,200,6,"Occupied Dwellings in the several States and Territories of the Commonwealth of Australia, at the Census of 3rd April, 1911, classified according to Materials of which outer walls were built",1857,8,8,1,8,9,9,7,9,9,Occupied Dwellings classified according to Materials of outer walls,Commonwealth of Australia,Part XIII Dwellings,0,,False
1911_census_volume_iii_part_xiii_dwellings,1911 Census - Volume III - Part XIII Dwellings.pdf,2112.0 - Volume III - Part XIII Dwellings,data\raw\abs_1911_census\1911 Census - Volume III - Part XIII Dwellings.pdf,200,7,"Occupied Dwellings in the several States and Territories of the Commonwealth of Australia, at the Census of 3rd April, 1911, classified according to Weekly Rental Value",1858,9,11,3,9 | 10 | 11,10,12,8,12,12,Occupied Dwellings classified according to Weekly Rental Value,Commonwealth of Australia,Part XIII Dwellings,0,,False
1911_census_volume_iii_part_xiii_dwellings,1911 Census - Volume III - Part XIII Dwellings.pdf,2112.0 - Volume III - Part XIII Dwellings,data\raw\abs_1911_census\1911 Census - Volume III - Part XIII Dwellings.pdf,200,8,"Inmates of Dwellings (classified according to Number of Rooms) in the several States and Territories of the Commonwealth of Australia, at the Census of 3rd April, 1911",1861,12,12,1,12,13,13,9,13,13,Inmates of Dwellings classified according to Number of Rooms,Commonwealth of Australia,Part XIII Dwellings,0,,False
1911_census_volume_iii_part_xiii_dwellings,1911 Census - Volume III - Part XIII Dwellings.pdf,2112.0 - Volume III - Part XIII Dwellings,data\raw\abs_1911_census\1911 Census - Volume III - Part XIII Dwellings.pdf,200,9,"Inmates of Dwellings (classified according to Materials of which outer walls were built) in the several States and Territories of the Commonwealth of Australia, at the Census of 3rd April, 1911",1862,13,14,2,13 | 14,14,15,10,15,15,Inmates of Dwellings classified according to Materials of outer walls,Commonwealth of Australia,Part XIII Dwellings,0,,False
1911_census_volume_iii_part_xiii_dwellings,1911 Census - Volume III - Part XIII Dwellings.pdf,2112.0 - Volume III - Part XIII Dwellings,data\raw\abs_1911_census\1911 Census - Volume III - Part XIII Dwellings.pdf,200,10,"Occupied Dwellings in the Commonwealth of Australia, at the Census of 3rd April, 1911, classified according to Nature of Dwelling and Number of Rooms",1864,15,20,6,15 | 16 | 17 | 18 | 19 | 20,16,21,11,15,21,Occupied Dwellings classified according to Nature of Dwelling and Number of Rooms,Commonwealth of Australia,Part XIII Dwellings,0,same_page_as_next_table_start,True
1911_census_volume_iii_part_xiii_dwellings,1911 Census - Volume III - Part XIII Dwellings.pdf,2112.0 - Volume III - Part XIII Dwellings,data\raw\abs_1911_census\1911 Census - Volume III - Part XIII Dwellings.pdf,200,11,"Occupied Dwellings in the several States and Territories of the Commonwealth of Australia, at the Census of 3rd April, 1911, classified according to Nature of Dwelling and Number of Rooms",1864,15,20,6,15 | 16 | 17 | 18 | 19 | 20,16,21,12,21,21,Occupied Dwellings classified according to Nature of Dwelling and Number of Rooms,Commonwealth of Australia,Part XIII Dwellings,8,same_page_as_previous_table_start,True
1911_census_volume_iii_part_xiii_dwellings,1911 Census - Volume III - Part XIII Dwellings.pdf,2112.0 - Volume III - Part XIII Dwellings,data\raw\abs_1911_census\1911 Census - Volume III - Part XIII Dwellings.pdf,200,12,"Occupied Dwellings in the Commonwealth of Australia, at the Census of 3rd April, 1911, classified according to Materials of which outer walls were built and Number of Rooms",1870,21,22,2,21 | 22,22,23,13,23,23,Occupied Dwellings classified according to Materials of outer walls and Number of Rooms,Commonwealth of Australia,Part XIII Dwellings,0,,False
1911_census_volume_iii_part_xiii_dwellings,1911 Census - Volume III - Part XIII Dwellings.pdf,2112.0 - Volume III - Part XIII Dwellings,data\raw\abs_1911_census\1911 Census - Volume III - Part XIII Dwellings.pdf,200,13,"Occupied Dwellings in the State of New South Wales, at the Census of 3rd April, 1911, classified according to Materials of which outer walls were built and Number of Rooms",1872,23,24,2,23 | 24,24,25,14,25,25,Occupied Dwellings classified according to Materials of outer walls and Number of Rooms,New South Wales,Part XIII Dwellings,0,,False
1911_census_volume_iii_part_xiii_dwellings,1911 Census - Volume III - Part XIII Dwellings.pdf,2112.0 - Volume III - Part XIII Dwellings,data\raw\abs_1911_census\1911 Census - Volume III - Part XIII Dwellings.pdf,200,14,"Occupied Dwellings in the State of Victoria, at the Census of 3rd April, 1911, classified according to Materials of which outer walls were built and Number of Rooms",1874,25,26,2,25 | 26,26,27,15,27,27,Occupied Dwellings classified according to Materials of outer walls and Number of Rooms,Victoria,Part XIII Dwellings,0,,False
1911_census_volume_iii_part_xiii_dwellings,1911 Census - Volume III - Part XIII Dwellings.pdf,2112.0 - Volume III - Part XIII Dwellings,data\raw\abs_1911_census\1911 Census - Volume III - Part XIII Dwellings.pdf,200,15,"Occupied Dwellings in the State of Queensland, at the Census of 3rd April, 1911, classified according to Materials of which outer walls were built and Number of Rooms",1876,27,28,2,27 | 28,28,29,16,29,29,Occupied Dwellings classified according to Materials of outer walls and Number of Rooms,Queensland,Part XIII Dwellings,0,,False
1911_census_volume_iii_part_xiii_dwellings,1911 Census - Volume III - Part XIII Dwellings.pdf,2112.0 - Volume III - Part XIII Dwellings,data\raw\abs_1911_census\1911 Census - Volume III - Part XIII Dwellings.pdf,200,16,"Occupied Dwellings in the State of South Australia, at the Census of 3rd April, 1911, classified according to Materials of which outer walls were built, and Number of Rooms",1878,29,30,2,29 | 30,30,31,17,31,31,Occupied Dwellings classified according to Materials of outer walls and Number of Rooms,South Australia,Part XIII Dwellings,0,,False
1911_census_volume_iii_part_xiii_dwellings,1911 Census - Volume III - Part XIII Dwellings.pdf,2112.0 - Volume III - Part XIII Dwellings,data\raw\abs_1911_census\1911 Census - Volume III - Part XIII Dwellings.pdf,200,17,"Occupied Dwellings in the State of Western Australia, at the Census of 3rd April, 1911, classified according to Materials of which outer walls were built and Number of Rooms",1880,31,32,2,31 | 32,32,33,18,33,33,Occupied Dwellings classified according to Materials of outer walls and Number of Rooms,Western Australia,Part XIII Dwellings,0,,False
1911_census_volume_iii_part_xiii_dwellings,1911 Census - Volume III - Part XIII Dwellings.pdf,2112.0 - Volume III - Part XIII Dwellings,data\raw\abs_1911_census\1911 Census - Volume III - Part XIII Dwellings.pdf,200,18,"Occupied Dwellings in the State of Tasmania, at the Census of 3rd April, 1911, classified according to Materials of which outer walls were built and Number of Rooms",1882,33,34,2,33 | 34,34,35,19,33,35,Occupied Dwellings classified according to Materials of outer walls and Number of Rooms,Tasmania,Part XIII Dwellings,0,same_page_as_next_table_start,True
1911_census_volume_iii_part_xiii_dwellings,1911 Census - Volume III - Part XIII Dwellings.pdf,2112.0 - Volume III - Part XIII Dwellings,data\raw\abs_1911_census\1911 Census - Volume III - Part XIII Dwellings.pdf,200,19,"Occupied Dwellings in the Northern Territory, at the Census of 3rd April, 1911, classified according to Materials of which outer walls were built and Number of Rooms",1882,33,34,2,33 | 34,34,35,20,35,35,Occupied Dwellings classified according to Materials of outer walls and Number of Rooms,Northern Territory,Part XIII Dwellings,0,same_page_as_previous_table_start,True
1911_census_volume_iii_part_xiii_dwellings,1911 Census - Volume III - Part XIII Dwellings.pdf,2112.0 - Volume III - Part XIII Dwellings,data\raw\abs_1911_census\1911 Census - Volume III - Part XIII Dwellings.pdf,200,20,"Occupied Dwellings in the Federal Territory, at the Census of 3rd April, 1911, classified according to Materials of which outer walls were built and Number of Rooms",1884,35,36,2,35 | 36,36,37,21,37,37,Occupied Dwellings classified according to Materials of outer walls and Number of Rooms,Federal Territory,Part XIII Dwellings,0,,False
1911_census_volume_iii_part_xiii_dwellings,1911 Census - Volume III - Part XIII Dwellings.pdf,2112.0 - Volume III - Part XIII Dwellings,data\raw\abs_1911_census\1911 Census - Volume III - Part XIII Dwellings.pdf,200,21,"Occupied Dwellings in the Commonwealth of Australia, at the Census of 3rd April, 1911, classified according to Materials of which outer walls were built and Number of Inmates",1886,37,38,2,37 | 38,38,39,22,39,39,Occupied Dwellings classified according to Materials of outer walls and Number of Inmates,Commonwealth of Australia,Part XIII Dwellings,0,,False
1911_census_volume_iii_part_xiii_dwellings,1911 Census - Volume III - Part XIII Dwellings.pdf,2112.0 - Volume III - Part XIII Dwellings,data\raw\abs_1911_census\1911 Census - Volume III - Part XIII Dwellings.pdf,200,22,"Occupied Dwellings in the State of New South Wales, at the Census of 3rd April, 1911, classified according to Materials of which outer walls were built and Number of Inmates",1888,39,40,2,39 | 40,40,41,23,41,41,Occupied Dwellings classified according to Materials of outer walls and Number of Inmates,New South Wales,Part XIII Dwellings,0,,False
1911_census_volume_iii_part_xiii_dwellings,1911 Census - Volume III - Part XIII Dwellings.pdf,2112.0 - Volume III - Part XIII Dwellings,data\raw\abs_1911_census\1911 Census - Volume III - Part XIII Dwellings.pdf,200,23,"Occupied Dwellings in the State of Victoria, at the Census of 3rd April, 1911, classified according to Materials of which outer walls were built and Number of Inmates",1890,41,42,2,41 | 42,42,43,24,43,43,Occupied Dwellings classified according to Materials of outer walls and Number of Inmates,Victoria,Part XIII Dwellings,0,,False
1911_census_volume_iii_part_xiii_dwellings,1911 Census - Volume III - Part XIII Dwellings.pdf,2112.0 - Volume III - Part XIII Dwellings,data\raw\abs_1911_census\1911 Census - Volume III - Part XIII Dwellings.pdf,200,24,"Occupied Dwellings in the State of Queensland, at the Census of 3rd April, 1911, classified according to Materials of which outer walls were built and Number of Inmates",1892,43,44,2,43 | 44,44,45,25,45,45,Occupied Dwellings classified according to Materials of outer walls and Number of Inmates,Queensland,Part XIII Dwellings,0,,False
1911_census_volume_iii_part_xiii_dwellings,1911 Census - Volume III - Part XIII Dwellings.pdf,2112.0 - Volume III - Part XIII Dwellings,data\raw\abs_1911_census\1911 Census - Volume III - Part XIII Dwellings.pdf,200,25,"Occupied Dwellings in the State of South Australia, at the Census of 3rd April, 1911, classified according to Materials of which outer walls were built and Number of Inmates",1894,45,46,2,45 | 46,46,47,26,47,47,Occupied Dwellings classified according to Materials of outer walls and Number of Inmates,South Australia,Part XIII Dwellings,0,,False
1911_census_volume_iii_part_xiii_dwellings,1911 Census - Volume III - Part XIII Dwellings.pdf,2112.0 - Volume III - Part XIII Dwellings,data\raw\abs_1911_census\1911 Census - Volume III - Part XIII Dwellings.pdf,200,26,"Occupied Dwellings in the State of Western Australia, at the Census of 3rd April, 1911, classified according to Materials of which outer walls were built and Number of Inmates",1896,47,48,2,47 | 48,48,49,27,49,49,Occupied Dwellings classified according to Materials of outer walls and Number of Inmates,Western Australia,Part XIII Dwellings,0,,False
1911_census_volume_iii_part_xiii_dwellings,1911 Census - Volume III - Part XIII Dwellings.pdf,2112.0 - Volume III - Part XIII Dwellings,data\raw\abs_1911_census\1911 Census - Volume III - Part XIII Dwellings.pdf,200,27,"Occupied Dwellings in the State of Tasmania, at the Census of 3rd April, 1911, classified according to Materials of which outer walls were built and Number of Inmates",1898,49,50,2,49 | 50,50,51,28,49,51,Occupied Dwellings classified according to Materials of outer walls and Number of Inmates,Tasmania,Part XIII Dwellings,0,same_page_as_next_table_start,True
1911_census_volume_iii_part_xiii_dwellings,1911 Census - Volume III - Part XIII Dwellings.pdf,2112.0 - Volume III - Part XIII Dwellings,data\raw\abs_1911_census\1911 Census - Volume III - Part XIII Dwellings.pdf,200,28,"Occupied Dwellings in the Northern Territory, at the Census of 3rd April, 1911, classified according to Materials of which outer walls were built and Number of Inmates",1898,49,50,2,49 | 50,50,51,29,51,51,Occupied Dwellings classified according to Materials of outer walls and Number of Inmates,Northern Territory,Part XIII Dwellings,0,same_page_as_previous_table_start,True
1911_census_volume_iii_part_xiii_dwellings,1911 Census - Volume III - Part XIII Dwellings.pdf,2112.0 - Volume III - Part XIII Dwellings,data\raw\abs_1911_census\1911 Census - Volume III - Part XIII Dwellings.pdf,200,29,"Occupied Dwellings in the Federal Territory, at the Census of 3rd April, 1911, classified according to Materials of which outer walls were built and Number of Inmates",1900,51,52,2,51 | 52,52,53,30,53,53,Occupied Dwellings classified according to Materials of outer walls and Number of Inmates,Federal Territory,Part XIII Dwellings,0,,False
1911_census_volume_iii_part_xiii_dwellings,1911 Census - Volume III - Part XIII Dwellings.pdf,2112.0 - Volume III - Part XIII Dwellings,data\raw\abs_1911_census\1911 Census - Volume III - Part XIII Dwellings.pdf,200,30,"Occupied Dwellings in the Commonwealth of Australia, at the Census of 3rd April, 1911, classified according to Number of Rooms and Number of Inmates",1902,53,54,2,53 | 54,54,55,31,55,55,Occupied Dwellings classified according to Number of Rooms and Number of Inmates,Commonwealth of Australia,Part XIII Dwellings,0,,False
1911_census_volume_iii_part_xiii_dwellings,1911 Census - Volume III - Part XIII Dwellings.pdf,2112.0 - Volume III - Part XIII Dwellings,data\raw\abs_1911_census\1911 Census - Volume III - Part XIII Dwellings.pdf,200,31,"Occupied Dwellings in the State of New South Wales, at the Census of 3rd April, 1911, classified according to Number of Rooms and Number of Inmates",1904,55,56,2,55 | 56,56,57,32,57,57,Occupied Dwellings classified according to Number of Rooms and Number of Inmates,New South Wales,Part XIII Dwellings,0,,False
1911_census_volume_iii_part_xiii_dwellings,1911 Census - Volume III - Part XIII Dwellings.pdf,2112.0 - Volume III - Part XIII Dwellings,data\raw\abs_1911_census\1911 Census - Volume III - Part XIII Dwellings.pdf,200,32,"Occupied Dwellings in the State of Victoria, at the Census of 3rd April, 1911, classified according to Number of Rooms and Number of Inmates",1906,57,58,2,57 | 58,58,59,33,59,59,Occupied Dwellings classified according to Number of Rooms and Number of Inmates,Victoria,Part XIII Dwellings,0,,False
1911_census_volume_iii_part_xiii_dwellings,1911 Census - Volume III - Part XIII Dwellings.pdf,2112.0 - Volume III - Part XIII Dwellings,data\raw\abs_1911_census\1911 Census - Volume III - Part XIII Dwellings.pdf,200,33,"Occupied Dwellings in the State of Queensland, at the Census of 3rd April, 1911, classified according to Number of Rooms and Number of Inmates",1908,59,60,2,59 | 60,60,61,34,61,61,Occupied Dwellings classified according to Number of Rooms and Number of Inmates,Queensland,Part XIII Dwellings,0,,False
1911_census_volume_iii_part_xiii_dwellings,1911 Census - Volume III - Part XIII Dwellings.pdf,2112.0 - Volume III - Part XIII Dwellings,data\raw\abs_1911_census\1911 Census - Volume III - Part XIII Dwellings.pdf,200,34,"Occupied Dwellings in the State of South Australia, at the Census of 3rd April, 1911, classified according to Number of Rooms and Number of Inmates",1910,61,62,2,61 | 62,62,63,35,63,63,Occupied Dwellings classified according to Number of Rooms and Number of Inmates,South Australia,Part XIII Dwellings,0,,False
1911_census_volume_iii_part_xiii_dwellings,1911 Census - Volume III - Part XIII Dwellings.pdf,2112.0 - Volume III - Part XIII Dwellings,data\raw\abs_1911_census\1911 Census - Volume III - Part XIII Dwellings.pdf,200,35,"Occupied Dwellings in the State of Western Australia, at the Census of 3rd April, 1911, classified according to Number of Rooms and Number of Inmates",1912,63,64,2,63 | 64,64,65,36,65,65,Occupied Dwellings classified according to Number of Rooms and Number of Inmates,Western Australia,Part XIII Dwellings,0,,False
1911_census_volume_iii_part_xiii_dwellings,1911 Census - Volume III - Part XIII Dwellings.pdf,2112.0 - Volume III - Part XIII Dwellings,data\raw\abs_1911_census\1911 Census - Volume III - Part XIII Dwellings.pdf,200,36,"Occupied Dwellings in the State of Tasmania, at the Census of 3rd April, 1911, classified according to Number of Rooms and Number of Inmates",1914,65,66,2,65 | 66,66,67,37,67,67,Occupied Dwellings classified according to Number of Rooms and Number of Inmates,Tasmania,Part XIII Dwellings,0,,False
1911_census_volume_iii_part_xiii_dwellings,1911 Census - Volume III - Part XIII Dwellings.pdf,2112.0 - Volume III - Part XIII Dwellings,data\raw\abs_1911_census\1911 Census - Volume III - Part XIII Dwellings.pdf,200,37,"Occupied Dwellings in the Northern Territory, at the Census of 3rd April, 1911, classified according to Number of Rooms and Number of Inmates",1916,67,68,2,67 | 68,68,69,38,69,69,Occupied Dwellings classified according to Number of Rooms and Number of Inmates,Northern Territory,Part XIII Dwellings,0,,False
1911_census_volume_iii_part_xiii_dwellings,1911 Census - Volume III - Part XIII Dwellings.pdf,2112.0 - Volume III - Part XIII Dwellings,data\raw\abs_1911_census\1911 Census - Volume III - Part XIII Dwellings.pdf,200,38,"Occupied Dwellings in the Federal Territory, at the Census of 3rd April, 1911, classified according to Number of Rooms and Number of Inmates",1918,69,70,2,69 | 70,70,71,39,71,71,Occupied Dwellings classified according to Number of Rooms and Number of Inmates,Federal Territory,Part XIII Dwellings,0,,False
1911_census_volume_iii_part_xiii_dwellings,1911 Census - Volume III - Part XIII Dwellings.pdf,2112.0 - Volume III - Part XIII Dwellings,data\raw\abs_1911_census\1911 Census - Volume III - Part XIII Dwellings.pdf,200,39,"Occupied Dwellings in the Commonwealth of Australia, at the Census of 3rd April, 1911, classified according to Weekly Rental Value and Number of Rooms",1920,71,74,4,71 | 72 | 73 | 74,72,75,40,75,75,Occupied Dwellings classified according to Weekly Rental Value and Number of Rooms,Commonwealth of Australia,Part XIII Dwellings,0,,False
1911_census_volume_iii_part_xiii_dwellings,1911 Census - Volume III - Part XIII Dwellings.pdf,2112.0 - Volume III - Part XIII Dwellings,data\raw\abs_1911_census\1911 Census - Volume III - Part XIII Dwellings.pdf,200,40,"Occupied Dwellings in the State of New South Wales, at the Census of 3rd April, 1911, classified according to Weekly Rental Value and Number of Rooms",1924,75,78,4,75 | 76 | 77 | 78,76,79,41,79,79,Occupied Dwellings classified according to Weekly Rental Value and Number of Rooms,New South Wales,Part XIII Dwellings,0,,False
1911_census_volume_iii_part_xiii_dwellings,1911 Census - Volume III - Part XIII Dwellings.pdf,2112.0 - Volume III - Part XIII Dwellings,data\raw\abs_1911_census\1911 Census - Volume III - Part XIII Dwellings.pdf,200,41,"Occupied Dwellings in the State of Victoria, at the Census of 3rd April, 1911, classified according to Weekly Rental Value and Number of Rooms",1928,79,82,4,79 | 80 | 81 | 82,80,83,42,83,83,Occupied Dwellings classified according to Weekly Rental Value and Number of Rooms,Victoria,Part XIII Dwellings,0,,False
1911_census_volume_iii_part_xiii_dwellings,1911 Census - Volume III - Part XIII Dwellings.pdf,2112.0 - Volume III - Part XIII Dwellings,data\raw\abs_1911_census\1911 Census - Volume III - Part XIII Dwellings.pdf,200,42,"Occupied Dwellings in the State of Queensland, at the Census of 3rd April, 1911, classified according to Weekly Rental Value and Number of Rooms",1932,83,86,4,83 | 84 | 85 | 86,84,87,43,87,87,Occupied Dwellings classified according to Weekly Rental Value and Number of Rooms,Queensland,Part XIII Dwellings,0,,False
1911_census_volume_iii_part_xiii_dwellings,1911 Census - Volume III - Part XIII Dwellings.pdf,2112.0 - Volume III - Part XIII Dwellings,data\raw\abs_1911_census\1911 Census - Volume III - Part XIII Dwellings.pdf,200,43,"Occupied Dwellings in the State of South Australia, at the Census of 3rd April, 1911, classified according to Weekly Rental Value and Number of Rooms",1936,87,90,4,87 | 88 | 89 | 90,88,91,44,91,91,Occupied Dwellings classified according to Weekly Rental Value and Number of Rooms,South Australia,Part XIII Dwellings,0,,False
1911_census_volume_iii_part_xiii_dwellings,1911 Census - Volume III - Part XIII Dwellings.pdf,2112.0 - Volume III - Part XIII Dwellings,data\raw\abs_1911_census\1911 Census - Volume III - Part XIII Dwellings.pdf,200,44,"Occupied Dwellings in the State of Western Australia, at the Census of 3rd April, 1911, classified according to Weekly Rental Value and Number of Rooms",1940,91,94,4,91 | 92 | 93 | 94,92,95,45,95,95,Occupied Dwellings classified according to Weekly Rental Value and Number of Rooms,Western Australia,Part XIII Dwellings,0,,False
1911_census_volume_iii_part_xiii_dwellings,1911 Census - Volume III - Part XIII Dwellings.pdf,2112.0 - Volume III - Part XIII Dwellings,data\raw\abs_1911_census\1911 Census - Volume III - Part XIII Dwellings.pdf,200,45,"Occupied Dwellings in the State of Tasmania, at the Census of 3rd April, 1911, classified according to Weekly Rental Value and Number of Rooms",1944,95,98,4,95 | 96 | 97 | 98,96,99,46,99,99,Occupied Dwellings classified according to Weekly Rental Value and Number of Rooms,Tasmania,Part XIII Dwellings,0,,False
1911_census_volume_iii_part_xiii_dwellings,1911 Census - Volume III - Part XIII Dwellings.pdf,2112.0 - Volume III - Part XIII Dwellings,data\raw\abs_1911_census\1911 Census - Volume III - Part XIII Dwellings.pdf,200,46,"Occupied Dwellings in the Northern Territory, at the Census of 3rd April, 1911, classified according to Weekly Rental Value and Number of Rooms",1948,99,100,2,99 | 100,100,101,47,99,101,Occupied Dwellings classified according to Weekly Rental Value and Number of Rooms,Northern Territory,Part XIII Dwellings,0,same_page_as_next_table_start,True
1911_census_volume_iii_part_xiii_dwellings,1911 Census - Volume III - Part XIII Dwellings.pdf,2112.0 - Volume III - Part XIII Dwellings,data\raw\abs_1911_census\1911 Census - Volume III - Part XIII Dwellings.pdf,200,47,"Occupied Dwellings in the Federal Territory, at the Census of 3rd April, 1911, classified according to Weekly Rental Value and Number of Rooms",1948,99,100,2,99 | 100,100,101,48,101,101,Occupied Dwellings classified according to Weekly Rental Value and Number of Rooms,Federal Territory,Part XIII Dwellings,0,same_page_as_previous_table_start,True
1911_census_volume_iii_part_xiii_dwellings,1911 Census - Volume III - Part XIII Dwellings.pdf,2112.0 - Volume III - Part XIII Dwellings,data\raw\abs_1911_census\1911 Census - Volume III - Part XIII Dwellings.pdf,200,48,"Occupied Private Dwellings in the Commonwealth of Australia, at the Census of 3rd April, 1911, classified according to Weekly Rental Value, Number of Rooms and Method of Occupancy",1950,101,108,8,101 | 102 | 103 | 104 | 105 | 106 | 107 | 108,102,109,49,109,109,"Occupied Private Dwellings classified according to Weekly Rental Value, Number of Rooms and Method of Occupancy",Commonwealth of Australia,Part XIII Dwellings,0,,False
1911_census_volume_iii_part_xiii_dwellings,1911 Census - Volume III - Part XIII Dwellings.pdf,2112.0 - Volume III - Part XIII Dwellings,data\raw\abs_1911_census\1911 Census - Volume III - Part XIII Dwellings.pdf,200,49,"Occupied Private Dwellings in the several States and Territories of the Commonwealth of Australia, at the Census of 3rd April, 1911, classified according to Weekly Rental Value and Method of Occupancy",1958,109,112,4,109 | 110 | 111 | 112,110,113,50,113,113,Occupied Private Dwellings classified according to Weekly Rental Value and Method of Occupancy,Commonwealth of Australia,Part XIII Dwellings,0,,False
1911_census_volume_iii_part_xiii_dwellings,1911 Census - Volume III - Part XIII Dwellings.pdf,2112.0 - Volume III - Part XIII Dwellings,data\raw\abs_1911_census\1911 Census - Volume III - Part XIII Dwellings.pdf,200,50,"Dwellings, Occupied, Unoccupied and Being Built in the Metropolitan Areas of the several States of the Commonwealth of Australia, at the Census of 3rd April, 1911",1962,113,113,1,113,114,114,51,113,114,"Dwellings, Occupied, Unoccupied and Being Built in Metropolitan Areas",Metropolitan Areas of Australia,Part XIII Dwellings,0,same_page_as_next_table_start,True
1911_census_volume_iii_part_xiii_dwellings,1911 Census - Volume III - Part XIII Dwellings.pdf,2112.0 - Volume III - Part XIII Dwellings,data\raw\abs_1911_census\1911 Census - Volume III - Part XIII Dwellings.pdf,200,51,"Occupied Dwellings in the Metropolitan Areas of the several States of the Commonwealth of Australia, at the Census of 3rd April, 1911, classified according to Nature of Dwelling",1962,113,113,1,113,114,114,52,114,114,Occupied Dwellings in Metropolitan Areas classified according to Nature of Dwelling,Metropolitan Areas of Australia,Part XIII Dwellings,0,same_page_as_previous_table_start,True
1911_census_volume_iii_part_xiii_dwellings,1911 Census - Volume III - Part XIII Dwellings.pdf,2112.0 - Volume III - Part XIII Dwellings,data\raw\abs_1911_census\1911 Census - Volume III - Part XIII Dwellings.pdf,200,52,"Occupied Dwellings in the Metropolitan Areas of the several States of the Commonwealth of Australia, at the Census of 3rd April, 1911, classified according to Number of Rooms",1963,114,114,1,114,115,115,53,115,115,Occupied Dwellings in Metropolitan Areas classified according to Number of Rooms,Metropolitan Areas of Australia,Part XIII Dwellings,0,,False
1911_census_volume_iii_part_xiii_dwellings,1911 Census - Volume III - Part XIII Dwellings.pdf,2112.0 - Volume III - Part XIII Dwellings,data\raw\abs_1911_census\1911 Census - Volume III - Part XIII Dwellings.pdf,200,53,"Occupied Dwellings of 20 rooms and upwards, in the Metropolitan Areas of the several States of the Commonwealth of Australia, at the Census of 3rd April, 1911",1964,115,115,1,115,116,116,54,116,116,Occupied Dwellings of 20 rooms and upwards in Metropolitan Areas,Metropolitan Areas of Australia,Part XIII Dwellings,0,,False
1911_census_volume_iii_part_xiii_dwellings,1911 Census - Volume III - Part XIII Dwellings.pdf,2112.0 - Volume III - Part XIII Dwellings,data\raw\abs_1911_census\1911 Census - Volume III - Part XIII Dwellings.pdf,200,54,"Occupied Dwellings in the Metropolitan Areas of the several States of the Commonwealth of Australia, at the Census of 3rd April, 1911, classified according to Materials of which outer walls were built",1965,116,116,1,116,117,117,55,117,117,Occupied Dwellings in Metropolitan Areas classified according to Materials of outer walls,Metropolitan Areas of Australia,Part XIII Dwellings,0,,False
1911_census_volume_iii_part_xiii_dwellings,1911 Census - Volume III - Part XIII Dwellings.pdf,2112.0 - Volume III - Part XIII Dwellings,data\raw\abs_1911_census\1911 Census - Volume III - Part XIII Dwellings.pdf,200,55,"Occupied Dwellings in the Metropolitan Areas of the several States of the Commonwealth of Australia, at the Census of 3rd April, 1911, classified according to Weekly Rental Value",1966,117,119,3,117 | 118 | 119,118,120,56,120,120,Occupied Dwellings in Metropolitan Areas classified according to Weekly Rental Value,Metropolitan Areas of Australia,Part XIII Dwellings,0,,False
1911_census_volume_iii_part_xiii_dwellings,1911 Census - Volume III - Part XIII Dwellings.pdf,2112.0 - Volume III - Part XIII Dwellings,data\raw\abs_1911_census\1911 Census - Volume III - Part XIII Dwellings.pdf,200,56,"Occupied Private Dwellings in the Metropolitan Areas of the several States of the Commonwealth of Australia, at the Census of 3rd April, 1911, classified according to Weekly Rental Value and Method of Occupancy",1969,120,122,3,120 | 121 | 122,121,123,57,123,123,Occupied Private Dwellings in Metropolitan Areas classified according to Weekly Rental Value and Method of Occupancy,Metropolitan Areas of Australia,Part XIII Dwellings,0,,False
1911_census_volume_iii_part_xiii_dwellings,1911 Census - Volume III - Part XIII Dwellings.pdf,2112.0 - Volume III - Part XIII Dwellings,data\raw\abs_1911_census\1911 Census - Volume III - Part XIII Dwellings.pdf,200,57,"Inmates of Dwellings (classified according to Number of Rooms) in the Metropolitan Areas of the several States of the Commonwealth of Australia, at the Census of 3rd April, 1911",1972,123,123,1,123,124,124,58,124,124,Inmates of Dwellings in Metropolitan Areas classified according to Number of Rooms,Metropolitan Areas of Australia,Part XIII Dwellings,0,,False
1911_census_volume_iii_part_xiii_dwellings,1911 Census - Volume III - Part XIII Dwellings.pdf,2112.0 - Volume III - Part XIII Dwellings,data\raw\abs_1911_census\1911 Census - Volume III - Part XIII Dwellings.pdf,200,58,"Inmates of Dwellings (classified according to Materials of which outer walls were built) in the Metropolitan Areas of the several States of the Commonwealth of Australia, at the Census of 3rd April, 1911",1973,124,124,1,124,125,125,59,125,125,Inmates of Dwellings in Metropolitan Areas classified according to Materials of outer walls,Metropolitan Areas of Australia,Part XIII Dwellings,0,,False
1911_census_volume_iii_part_xiii_dwellings,1911 Census - Volume III - Part XIII Dwellings.pdf,2112.0 - Volume III - Part XIII Dwellings,data\raw\abs_1911_census\1911 Census - Volume III - Part XIII Dwellings.pdf,200,59,"Average Number of Inmates per Occupied Private Dwelling (classified according to Number of Rooms) in the several States and Territories of the Commonwealth of Australia, at the Census of 3rd April, 1911",1974,125,126,2,125 | 126,126,127,60,125,127,Average Number of Inmates per Occupied Private Dwelling,Commonwealth of Australia,Part XIII Dwellings,0,same_page_as_next_table_start,True
1911_census_volume_iii_part_xiii_dwellings,1911 Census - Volume III - Part XIII Dwellings.pdf,2112.0 - Volume III - Part XIII Dwellings,data\raw\abs_1911_census\1911 Census - Volume III - Part XIII Dwellings.pdf,200,60,"Average Number of Inmates per Room in Occupied Private Dwellings (classified according to Number of Rooms) in the several States and Territories of the Commonwealth of Australia, at the Census of 3rd April, 1911",1974,125,126,2,125 | 126,126,127,61,125,127,Average Number of Inmates per Room in Occupied Private Dwellings,Commonwealth of Australia,Part XIII Dwellings,0,same_page_as_next_table_start | same_page_as_previous_table_start,True
1911_census_volume_iii_part_xiii_dwellings,1911 Census - Volume III - Part XIII Dwellings.pdf,2112.0 - Volume III - Part XIII Dwellings,data\raw\abs_1911_census\1911 Census - Volume III - Part XIII Dwellings.pdf,200,61,"Average Weekly Rental Value of Occupied Private Dwellings (classified according to Number of Rooms) in the several States and Territories of the Commonwealth of Australia, at the Census of 3rd April, 1911",1974,125,126,2,125 | 126,126,127,62,127,127,Average Weekly Rental Value of Occupied Private Dwellings,Commonwealth of Australia,Part XIII Dwellings,0,same_page_as_previous_table_start,True
1911_census_volume_iii_part_xiii_dwellings,1911 Census - Volume III - Part XIII Dwellings.pdf,2112.0 - Volume III - Part XIII Dwellings,data\raw\abs_1911_census\1911 Census - Volume III - Part XIII Dwellings.pdf,200,62,"Average Weekly Rental Value per Room in Occupied Private Dwellings (classified according to Number of Rooms) in the several States and Territories of the Commonwealth of Australia, at the Census of 3rd April, 1911",1976,127,128,2,127 | 128,128,129,63,127,129,Average Weekly Rental Value per Room in Occupied Private Dwellings,Commonwealth of Australia,Part XIII Dwellings,0,same_page_as_next_table_start,True
1911_census_volume_iii_part_xiii_dwellings,1911 Census - Volume III - Part XIII Dwellings.pdf,2112.0 - Volume III - Part XIII Dwellings,data\raw\abs_1911_census\1911 Census - Volume III - Part XIII Dwellings.pdf,200,63,"Average Weekly Rental Value per Inmate in Occupied Private Dwellings (classified according to Number of Rooms) in the several States and Territories of the Commonwealth of Australia, at the Census of 3rd April, 1911",1976,127,128,2,127 | 128,128,129,64,129,129,Average Weekly Rental Value per Inmate in Occupied Private Dwellings,Commonwealth of Australia,Part XIII Dwellings,0,same_page_as_previous_table_start,True
1911_census_volume_iii_part_xiii_dwellings,1911 Census - Volume III - Part XIII Dwellings.pdf,2112.0 - Volume III - Part XIII Dwellings,data\raw\abs_1911_census\1911 Census - Volume III - Part XIII Dwellings.pdf,200,64,"Occupied Dwellings in each County, etc., of the several States and Territories of the Commonwealth of Australia, at the Census of 3rd April, 1911, classified according to Number of Rooms",1978,129,147,19,129 | 130 | 131 | 132 | 133 | 134 | 135 | 136 | 137 | 138 | 139 | 140 | 141 | 142 | 143 | 144 | 145 | 146 | 147,130,148,65,148,148,Occupied Dwellings in each County classified according to Number of Rooms,Commonwealth of Australia,Part XIII Dwellings,8,,False
1911_census_volume_iii_part_xiii_dwellings,1911 Census - Volume III - Part XIII Dwellings.pdf,2112.0 - Volume III - Part XIII Dwellings,data\raw\abs_1911_census\1911 Census - Volume III - Part XIII Dwellings.pdf,200,65,"Occupied Dwellings in each County, etc., of the several States and Territories of the Commonwealth of Australia, at the Census of 3rd April, 1911, classified according to Materials of which outer walls were built",1997,148,166,19,148 | 149 | 150 | 151 | 152 | 153 | 154 | 155 | 156 | 157 | 158 | 159 | 160 | 161 | 162 | 163 | 164 | 165 | 166,149,167,66,167,167,Occupied Dwellings in each County classified according to Materials of outer walls,Commonwealth of Australia,Part XIII Dwellings,8,,False
1911_census_volume_iii_part_xiii_dwellings,1911 Census - Volume III - Part XIII Dwellings.pdf,2112.0 - Volume III - Part XIII Dwellings,data\raw\abs_1911_census\1911 Census - Volume III - Part XIII Dwellings.pdf,200,66,"Average Weekly Rental Value of Private Dwellings in each County, etc., of the several States and Territories of the Commonwealth of Australia, at the Census of 3rd April, 1911, classified according to Number of Rooms",2016,167,176,10,167 | 168 | 169 | 170 | 171 | 172 | 173 | 174 | 175 | 176,168,177,67,177,177,Average Weekly Rental Value of Private Dwellings in each County classified according to Number of Rooms,Commonwealth of Australia,Part XIII Dwellings,8,,False
1911_census_volume_iii_part_xiii_dwellings,1911 Census - Volume III - Part XIII Dwellings.pdf,2112.0 - Volume III - Part XIII Dwellings,data\raw\abs_1911_census\1911 Census - Volume III - Part XIII Dwellings.pdf,200,67,"Area, Population, Density, Occupied Dwellings and Rental Values in each County, etc., of the several States and Territories of the Commonwealth of Australia, at the Census of 3rd April, 1911",2026,177,181,5,177 | 178 | 179 | 180 | 181,178,182,68,182,182,"Area, Population, Density, Occupied Dwellings and Rental Values in each County",Commonwealth of Australia,Part XIII Dwellings,8,,False
1911_census_volume_iii_part_xiii_dwellings,1911 Census - Volume III - Part XIII Dwellings.pdf,2112.0 - Volume III - Part XIII Dwellings,data\raw\abs_1911_census\1911 Census - Volume III - Part XIII Dwellings.pdf,200,68,"Area, Population, Density, Occupied Dwellings, etc., in each Local Government Area of the several States of the Commonwealth of Australia, at the Census of 3rd April, 1911",2031,182,199,18,182 | 183 | 184 | 185 | 186 | 187 | 188 | 189 | 190 | 191 | 192 | 193 | 194 | 195 | 196 | 197 | 198 | 199,183,200,,,,"Area, Population, Density, Occupied Dwellings, etc., in each Local Government Area",Commonwealth of Australia,Part XIII Dwellings,5,final_table_in_document,False
1911_census_volume_iii_part_xiv_summary,1911 Census - Volume III - Part XIV Summary.pdf,2112.0 - Volume III - Part XIV Summary,data\raw\abs_1911_census\1911 Census - Volume III - Part XIV Summary.pdf,244,1,Population of States and Territories,2054,5,5,1,5,6,6,2,5,6,Population,States and Territories,Introductory Section.-POPULATION,0,same_page_as_next_table_start,True
1911_census_volume_iii_part_xiv_summary,1911 Census - Volume III - Part XIV Summary.pdf,2112.0 - Volume III - Part XIV Summary,data\raw\abs_1911_census\1911 Census - Volume III - Part XIV Summary.pdf,244,2,Full-blooded Aboriginals enumerated in States and Territories,2054,5,5,1,5,6,6,3,5,6,Population,States and Territories,Introductory Section.-POPULATION,0,same_page_as_next_table_start | same_page_as_previous_table_start,True
1911_census_volume_iii_part_xiv_summary,1911 Census - Volume III - Part XIV Summary.pdf,2112.0 - Volume III - Part XIV Summary,data\raw\abs_1911_census\1911 Census - Volume III - Part XIV Summary.pdf,244,3,"Comparison of Population, 1881, 1891, 1901 and 1911",2054,5,5,1,5,6,6,4,6,6,Population,Australia,Introductory Section.-POPULATION,0,same_page_as_previous_table_start,True
1911_census_volume_iii_part_xiv_summary,1911 Census - Volume III - Part XIV Summary.pdf,2112.0 - Volume III - Part XIV Summary,data\raw\abs_1911_census\1911 Census - Volume III - Part XIV Summary.pdf,244,4,"Increase of Population, 1881-1891, 1891-1901, and 1901-1911",2055,6,6,1,6,7,7,5,7,7,Population,Australia,Introductory Section.-POPULATION,0,,False
1911_census_volume_iii_part_xiv_summary,1911 Census - Volume III - Part XIV Summary.pdf,2112.0 - Volume III - Part XIV Summary,data\raw\abs_1911_census\1911 Census - Volume III - Part XIV Summary.pdf,244,5,Adjusted Population of States and Northern Territory,2056,7,7,1,7,8,8,6,8,8,Population,States and Northern Territory,Introductory Section.-POPULATION,0,,False
1911_census_volume_iii_part_xiv_summary,1911 Census - Volume III - Part XIV Summary.pdf,2112.0 - Volume III - Part XIV Summary,data\raw\abs_1911_census\1911 Census - Volume III - Part XIV Summary.pdf,244,6,Adjusted Mean Population of States and Northern Territory,2057,8,8,1,8,9,9,7,9,9,Population,States and Northern Territory,Introductory Section.-POPULATION,0,,False
1911_census_volume_iii_part_xiv_summary,1911 Census - Volume III - Part XIV Summary.pdf,2112.0 - Volume III - Part XIV Summary,data\raw\abs_1911_census\1911 Census - Volume III - Part XIV Summary.pdf,244,7,Male Population of States and Territories,2058,9,9,1,9,10,10,8,10,10,Ages,States and Territories,Section 1.-AGES,0,,False
1911_census_volume_iii_part_xiv_summary,1911 Census - Volume III - Part XIV Summary.pdf,2112.0 - Volume III - Part XIV Summary,data\raw\abs_1911_census\1911 Census - Volume III - Part XIV Summary.pdf,244,8,Female Population of States and Territories,2059,10,10,1,10,11,11,9,11,11,Ages,States and Territories,Section 1.-AGES,0,,False
1911_census_volume_iii_part_xiv_summary,1911 Census - Volume III - Part XIV Summary.pdf,2112.0 - Volume III - Part XIV Summary,data\raw\abs_1911_census\1911 Census - Volume III - Part XIV Summary.pdf,244,9,Total Population of States and Territories,2060,11,11,1,11,12,12,10,12,12,Ages,States and Territories,Section 1.-AGES,0,,False
1911_census_volume_iii_part_xiv_summary,1911 Census - Volume III - Part XIV Summary.pdf,2112.0 - Volume III - Part XIV Summary,data\raw\abs_1911_census\1911 Census - Volume III - Part XIV Summary.pdf,244,10,"Comparative Statement of the Population of the Commonwealth, 1901 and 1911",2061,12,12,1,12,13,13,11,13,13,Ages,Commonwealth,Section 1.-AGES,0,,False
1911_census_volume_iii_part_xiv_summary,1911 Census - Volume III - Part XIV Summary.pdf,2112.0 - Volume III - Part XIV Summary,data\raw\abs_1911_census\1911 Census - Volume III - Part XIV Summary.pdf,244,11,Metropolitan and Extra-Metropolitan Population of New South Wales,2062,13,13,1,13,14,14,12,14,14,Ages,New South Wales,Section 1.-AGES,0,,False
1911_census_volume_iii_part_xiv_summary,1911 Census - Volume III - Part XIV Summary.pdf,2112.0 - Volume III - Part XIV Summary,data\raw\abs_1911_census\1911 Census - Volume III - Part XIV Summary.pdf,244,12,Metropolitan and Extra-Metropolitan Population of Victoria,2063,14,14,1,14,15,15,13,15,15,Ages,Victoria,Section 1.-AGES,0,,False
1911_census_volume_iii_part_xiv_summary,1911 Census - Volume III - Part XIV Summary.pdf,2112.0 - Volume III - Part XIV Summary,data\raw\abs_1911_census\1911 Census - Volume III - Part XIV Summary.pdf,244,13,Metropolitan and Extra-Metropolitan Population of Queensland,2064,15,15,1,15,16,16,14,16,16,Ages,Queensland,Section 1.-AGES,0,,False
1911_census_volume_iii_part_xiv_summary,1911 Census - Volume III - Part XIV Summary.pdf,2112.0 - Volume III - Part XIV Summary,data\raw\abs_1911_census\1911 Census - Volume III - Part XIV Summary.pdf,244,14,Metropolitan and Extra-Metropolitan Population of South Australia,2065,16,16,1,16,17,17,15,17,17,Ages,South Australia,Section 1.-AGES,0,,False
1911_census_volume_iii_part_xiv_summary,1911 Census - Volume III - Part XIV Summary.pdf,2112.0 - Volume III - Part XIV Summary,data\raw\abs_1911_census\1911 Census - Volume III - Part XIV Summary.pdf,244,15,Metropolitan and Extra-Metropolitan Population of Western Australia,2066,17,17,1,17,18,18,16,18,18,Ages,Western Australia,Section 1.-AGES,0,,False
1911_census_volume_iii_part_xiv_summary,1911 Census - Volume III - Part XIV Summary.pdf,2112.0 - Volume III - Part XIV Summary,data\raw\abs_1911_census\1911 Census - Volume III - Part XIV Summary.pdf,244,16,Metropolitan and Extra-Metropolitan Population of Tasmania,2067,18,18,1,18,19,19,17,19,19,Ages,Tasmania,Section 1.-AGES,0,,False
1911_census_volume_iii_part_xiv_summary,1911 Census - Volume III - Part XIV Summary.pdf,2112.0 - Volume III - Part XIV Summary,data\raw\abs_1911_census\1911 Census - Volume III - Part XIV Summary.pdf,244,17,"Male Population, classified according to Age",2068,19,20,2,19 | 20,20,21,18,21,21,Birthplaces,Australia,Section 2.-BIRTHPLACES,0,,False
1911_census_volume_iii_part_xiv_summary,1911 Census - Volume III - Part XIV Summary.pdf,2112.0 - Volume III - Part XIV Summary,data\raw\abs_1911_census\1911 Census - Volume III - Part XIV Summary.pdf,244,18,"Female Population, classified according to Age",2070,21,22,2,21 | 22,22,23,19,23,23,Birthplaces,Australia,Section 2.-BIRTHPLACES,0,,False
1911_census_volume_iii_part_xiv_summary,1911 Census - Volume III - Part XIV Summary.pdf,2112.0 - Volume III - Part XIV Summary,data\raw\abs_1911_census\1911 Census - Volume III - Part XIV Summary.pdf,244,19,"Total Population, classified according to Age",2072,23,24,2,23 | 24,24,25,20,25,25,Birthplaces,Australia,Section 2.-BIRTHPLACES,0,,False
1911_census_volume_iii_part_xiv_summary,1911 Census - Volume III - Part XIV Summary.pdf,2112.0 - Volume III - Part XIV Summary,data\raw\abs_1911_census\1911 Census - Volume III - Part XIV Summary.pdf,244,20,Male Population of States and Territories,2074,25,25,1,25,26,26,21,26,26,Birthplaces,States and Territories,Section 2.-BIRTHPLACES,0,,False
1911_census_volume_iii_part_xiv_summary,1911 Census - Volume III - Part XIV Summary.pdf,2112.0 - Volume III - Part XIV Summary,data\raw\abs_1911_census\1911 Census - Volume III - Part XIV Summary.pdf,244,21,Female Population of States and Territories,2075,26,26,1,26,27,27,22,27,27,Birthplaces,States and Territories,Section 2.-BIRTHPLACES,0,,False
1911_census_volume_iii_part_xiv_summary,1911 Census - Volume III - Part XIV Summary.pdf,2112.0 - Volume III - Part XIV Summary,data\raw\abs_1911_census\1911 Census - Volume III - Part XIV Summary.pdf,244,22,Total Population of States and Territories,2076,27,27,1,27,28,28,23,28,28,Birthplaces,States and Territories,Section 2.-BIRTHPLACES,0,,False
1911_census_volume_iii_part_xiv_summary,1911 Census - Volume III - Part XIV Summary.pdf,2112.0 - Volume III - Part XIV Summary,data\raw\abs_1911_census\1911 Census - Volume III - Part XIV Summary.pdf,244,23,"Comparative Statement of the Population, Censuses 1901 and 1911",2077,28,28,1,28,29,29,24,29,29,Birthplaces,Australia,Section 2.-BIRTHPLACES,0,,False
1911_census_volume_iii_part_xiv_summary,1911 Census - Volume III - Part XIV Summary.pdf,2112.0 - Volume III - Part XIV Summary,data\raw\abs_1911_census\1911 Census - Volume III - Part XIV Summary.pdf,244,24,Metropolitan and Extra-Metropolitan Population of New South Wales,2078,29,29,1,29,30,30,25,30,30,Birthplaces,New South Wales,Section 2.-BIRTHPLACES,0,,False
1911_census_volume_iii_part_xiv_summary,1911 Census - Volume III - Part XIV Summary.pdf,2112.0 - Volume III - Part XIV Summary,data\raw\abs_1911_census\1911 Census - Volume III - Part XIV Summary.pdf,244,25,Metropolitan and Extra-Metropolitan Population of Victoria,2079,30,30,1,30,31,31,26,31,31,Birthplaces,Victoria,Section 2.-BIRTHPLACES,0,,False
1911_census_volume_iii_part_xiv_summary,1911 Census - Volume III - Part XIV Summary.pdf,2112.0 - Volume III - Part XIV Summary,data\raw\abs_1911_census\1911 Census - Volume III - Part XIV Summary.pdf,244,26,Metropolitan and Extra-Metropolitan Population of Queensland,2080,31,31,1,31,32,32,27,32,32,Birthplaces,Queensland,Section 2.-BIRTHPLACES,0,,False
1911_census_volume_iii_part_xiv_summary,1911 Census - Volume III - Part XIV Summary.pdf,2112.0 - Volume III - Part XIV Summary,data\raw\abs_1911_census\1911 Census - Volume III - Part XIV Summary.pdf,244,27,Metropolitan and Extra-Metropolitan Population of South Australia,2081,32,32,1,32,33,33,28,33,33,Birthplaces,South Australia,Section 2.-BIRTHPLACES,0,,False
1911_census_volume_iii_part_xiv_summary,1911 Census - Volume III - Part XIV Summary.pdf,2112.0 - Volume III - Part XIV Summary,data\raw\abs_1911_census\1911 Census - Volume III - Part XIV Summary.pdf,244,28,Metropolitan and Extra-Metropolitan Population of Western Australia,2082,33,33,1,33,34,34,29,34,34,Birthplaces,Western Australia,Section 2.-BIRTHPLACES,0,,False
1911_census_volume_iii_part_xiv_summary,1911 Census - Volume III - Part XIV Summary.pdf,2112.0 - Volume III - Part XIV Summary,data\raw\abs_1911_census\1911 Census - Volume III - Part XIV Summary.pdf,244,29,Metropolitan and Extra-Metropolitan Population of Tasmania,2083,34,34,1,34,35,35,30,35,35,Birthplaces,Tasmania,Section 2.-BIRTHPLACES,0,,False
1911_census_volume_iii_part_xiv_summary,1911 Census - Volume III - Part XIV Summary.pdf,2112.0 - Volume III - Part XIV Summary,data\raw\abs_1911_census\1911 Census - Volume III - Part XIV Summary.pdf,244,30,Population of States and Territories,2084,35,36,2,35 | 36,36,37,31,37,37,Length of Residence,States and Territories,Section 3.-LENGTH OF RESIDENCE,0,,False
1911_census_volume_iii_part_xiv_summary,1911 Census - Volume III - Part XIV Summary.pdf,2112.0 - Volume III - Part XIV Summary,data\raw\abs_1911_census\1911 Census - Volume III - Part XIV Summary.pdf,244,31,Population of the Commonwealth in Age Groups,2086,37,38,2,37 | 38,38,39,32,39,39,Length of Residence,Commonwealth,Section 3.-LENGTH OF RESIDENCE,0,,False
1911_census_volume_iii_part_xiv_summary,1911 Census - Volume III - Part XIV Summary.pdf,2112.0 - Volume III - Part XIV Summary,data\raw\abs_1911_census\1911 Census - Volume III - Part XIV Summary.pdf,244,32,Metropolitan and Extra-Metropolitan Population of New South Wales,2088,39,39,1,39,40,40,33,40,40,Length of Residence,New South Wales,Section 3.-LENGTH OF RESIDENCE,0,,False
1911_census_volume_iii_part_xiv_summary,1911 Census - Volume III - Part XIV Summary.pdf,2112.0 - Volume III - Part XIV Summary,data\raw\abs_1911_census\1911 Census - Volume III - Part XIV Summary.pdf,244,33,Metropolitan and Extra-Metropolitan Population of Victoria,2089,40,40,1,40,41,41,34,41,41,Length of Residence,Victoria,Section 3.-LENGTH OF RESIDENCE,0,,False
1911_census_volume_iii_part_xiv_summary,1911 Census - Volume III - Part XIV Summary.pdf,2112.0 - Volume III - Part XIV Summary,data\raw\abs_1911_census\1911 Census - Volume III - Part XIV Summary.pdf,244,34,Metropolitan and Extra-Metropolitan Population of Queensland,2090,41,41,1,41,42,42,35,41,42,Length of Residence,Queensland,Section 3.-LENGTH OF RESIDENCE,0,same_page_as_next_table_start,True
1911_census_volume_iii_part_xiv_summary,1911 Census - Volume III - Part XIV Summary.pdf,2112.0 - Volume III - Part XIV Summary,data\raw\abs_1911_census\1911 Census - Volume III - Part XIV Summary.pdf,244,35,Metropolitan and Extra-Metropolitan Population of South Australia,2090,41,41,1,41,42,42,36,42,42,Length of Residence,South Australia,Section 3.-LENGTH OF RESIDENCE,0,same_page_as_previous_table_start,True
1911_census_volume_iii_part_xiv_summary,1911 Census - Volume III - Part XIV Summary.pdf,2112.0 - Volume III - Part XIV Summary,data\raw\abs_1911_census\1911 Census - Volume III - Part XIV Summary.pdf,244,36,Metropolitan and Extra-Metropolitan Population of Western Australia,2091,42,42,1,42,43,43,37,42,43,Length of Residence,Western Australia,Section 3.-LENGTH OF RESIDENCE,0,same_page_as_next_table_start,True
1911_census_volume_iii_part_xiv_summary,1911 Census - Volume III - Part XIV Summary.pdf,2112.0 - Volume III - Part XIV Summary,data\raw\abs_1911_census\1911 Census - Volume III - Part XIV Summary.pdf,244,37,Metropolitan and Extra-Metropolitan Population of Tasmania,2091,42,42,1,42,43,43,38,43,43,Length of Residence,Tasmania,Section 3.-LENGTH OF RESIDENCE,0,same_page_as_previous_table_start,True
1911_census_volume_iii_part_xiv_summary,1911 Census - Volume III - Part XIV Summary.pdf,2112.0 - Volume III - Part XIV Summary,data\raw\abs_1911_census\1911 Census - Volume III - Part XIV Summary.pdf,244,38,Population of States and Territories,2092,43,43,1,43,44,44,39,44,44,Education,States and Territories,Section 4.-EDUCATION,0,,False
1911_census_volume_iii_part_xiv_summary,1911 Census - Volume III - Part XIV Summary.pdf,2112.0 - Volume III - Part XIV Summary,data\raw\abs_1911_census\1911 Census - Volume III - Part XIV Summary.pdf,244,39,"Population of the Commonwealth, in Age Groups",2093,44,44,1,44,45,45,40,44,45,Education,Commonwealth,Section 4.-EDUCATION,0,same_page_as_next_table_start,True
1911_census_volume_iii_part_xiv_summary,1911 Census - Volume III - Part XIV Summary.pdf,2112.0 - Volume III - Part XIV Summary,data\raw\abs_1911_census\1911 Census - Volume III - Part XIV Summary.pdf,244,40,"Population of the State of New South Wales, in Age Groups",2093,44,44,1,44,45,45,41,45,45,Education,New South Wales,Section 4.-EDUCATION,0,same_page_as_previous_table_start,True
1911_census_volume_iii_part_xiv_summary,1911 Census - Volume III - Part XIV Summary.pdf,2112.0 - Volume III - Part XIV Summary,data\raw\abs_1911_census\1911 Census - Volume III - Part XIV Summary.pdf,244,41,"Population of the State of Victoria, in Age Groups",2094,45,45,1,45,46,46,42,45,46,Education,Victoria,Section 4.-EDUCATION,0,same_page_as_next_table_start,True
1911_census_volume_iii_part_xiv_summary,1911 Census - Volume III - Part XIV Summary.pdf,2112.0 - Volume III - Part XIV Summary,data\raw\abs_1911_census\1911 Census - Volume III - Part XIV Summary.pdf,244,42,"Population of the State of Queensland, in Age Groups",2094,45,45,1,45,46,46,43,46,46,Education,Queensland,Section 4.-EDUCATION,0,same_page_as_previous_table_start,True
1911_census_volume_iii_part_xiv_summary,1911 Census - Volume III - Part XIV Summary.pdf,2112.0 - Volume III - Part XIV Summary,data\raw\abs_1911_census\1911 Census - Volume III - Part XIV Summary.pdf,244,43,"Population of the State of South Australia, in Age Groups",2095,46,46,1,46,47,47,44,46,47,Education,South Australia,Section 4.-EDUCATION,0,same_page_as_next_table_start,True
1911_census_volume_iii_part_xiv_summary,1911 Census - Volume III - Part XIV Summary.pdf,2112.0 - Volume III - Part XIV Summary,data\raw\abs_1911_census\1911 Census - Volume III - Part XIV Summary.pdf,244,44,"Population of the State of Western Australia, in Age Groups",2095,46,46,1,46,47,47,45,47,47,Education,Western Australia,Section 4.-EDUCATION,0,same_page_as_previous_table_start,True
1911_census_volume_iii_part_xiv_summary,1911 Census - Volume III - Part XIV Summary.pdf,2112.0 - Volume III - Part XIV Summary,data\raw\abs_1911_census\1911 Census - Volume III - Part XIV Summary.pdf,244,45,"Population of the State of Tasmania, in Age Groups",2096,47,47,1,47,48,48,46,47,48,Education,Tasmania,Section 4.-EDUCATION,0,same_page_as_next_table_start,True
1911_census_volume_iii_part_xiv_summary,1911 Census - Volume III - Part XIV Summary.pdf,2112.0 - Volume III - Part XIV Summary,data\raw\abs_1911_census\1911 Census - Volume III - Part XIV Summary.pdf,244,46,"Population of the Northern Territory, in Age Groups",2096,47,47,1,47,48,48,47,48,48,Education,Northern Territory,Section 4.-EDUCATION,0,same_page_as_previous_table_start,True
1911_census_volume_iii_part_xiv_summary,1911 Census - Volume III - Part XIV Summary.pdf,2112.0 - Volume III - Part XIV Summary,data\raw\abs_1911_census\1911 Census - Volume III - Part XIV Summary.pdf,244,47,"Population of the Federal Territory, in Age Groups",2097,48,48,1,48,49,49,48,49,49,Education,Federal Territory,Section 4.-EDUCATION,0,,False
1911_census_volume_iii_part_xiv_summary,1911 Census - Volume III - Part XIV Summary.pdf,2112.0 - Volume III - Part XIV Summary,data\raw\abs_1911_census\1911 Census - Volume III - Part XIV Summary.pdf,244,48,School Attendance of Children Aged last Birthday from 6 to 13 years,2098,49,49,1,49,50,50,49,50,50,Schooling,Australia,Section 5.-SCHOOLING,0,,False
1911_census_volume_iii_part_xiv_summary,1911 Census - Volume III - Part XIV Summary.pdf,2112.0 - Volume III - Part XIV Summary,data\raw\abs_1911_census\1911 Census - Volume III - Part XIV Summary.pdf,244,49,"Population of the Commonwealth, in Ages",2099,50,50,1,50,51,51,50,51,51,Schooling,Commonwealth,Section 5.-SCHOOLING,0,,False
1911_census_volume_iii_part_xiv_summary,1911 Census - Volume III - Part XIV Summary.pdf,2112.0 - Volume III - Part XIV Summary,data\raw\abs_1911_census\1911 Census - Volume III - Part XIV Summary.pdf,244,50,"Population of the State of New South Wales, in Ages",2100,51,51,1,51,52,52,51,52,52,Schooling,New South Wales,Section 5.-SCHOOLING,0,,False
1911_census_volume_iii_part_xiv_summary,1911 Census - Volume III - Part XIV Summary.pdf,2112.0 - Volume III - Part XIV Summary,data\raw\abs_1911_census\1911 Census - Volume III - Part XIV Summary.pdf,244,51,"Population of the State of Victoria, in Ages",2101,52,52,1,52,53,53,52,53,53,Schooling,Victoria,Section 5.-SCHOOLING,0,,False
1911_census_volume_iii_part_xiv_summary,1911 Census - Volume III - Part XIV Summary.pdf,2112.0 - Volume III - Part XIV Summary,data\raw\abs_1911_census\1911 Census - Volume III - Part XIV Summary.pdf,244,52,"Population of the State of Queensland, in Ages",2102,53,53,1,53,54,54,53,54,54,Schooling,Queensland,Section 5.-SCHOOLING,0,,False
1911_census_volume_iii_part_xiv_summary,1911 Census - Volume III - Part XIV Summary.pdf,2112.0 - Volume III - Part XIV Summary,data\raw\abs_1911_census\1911 Census - Volume III - Part XIV Summary.pdf,244,53,"Population of the State of South Australia, in Ages",2103,54,54,1,54,55,55,54,55,55,Schooling,South Australia,Section 5.-SCHOOLING,0,,False
1911_census_volume_iii_part_xiv_summary,1911 Census - Volume III - Part XIV Summary.pdf,2112.0 - Volume III - Part XIV Summary,data\raw\abs_1911_census\1911 Census - Volume III - Part XIV Summary.pdf,244,54,"Population of the State of Western Australia, in Ages",2104,55,55,1,55,56,56,55,56,56,Schooling,Western Australia,Section 5.-SCHOOLING,0,,False
1911_census_volume_iii_part_xiv_summary,1911 Census - Volume III - Part XIV Summary.pdf,2112.0 - Volume III - Part XIV Summary,data\raw\abs_1911_census\1911 Census - Volume III - Part XIV Summary.pdf,244,55,"Population of the State of Tasmania, in Ages",2105,56,56,1,56,57,57,56,57,57,Schooling,Tasmania,Section 5.-SCHOOLING,0,,False
1911_census_volume_iii_part_xiv_summary,1911 Census - Volume III - Part XIV Summary.pdf,2112.0 - Volume III - Part XIV Summary,data\raw\abs_1911_census\1911 Census - Volume III - Part XIV Summary.pdf,244,56,"Population of the Northern Territory, in Ages",2106,57,57,1,57,58,58,57,58,58,Schooling,Northern Territory,Section 5.-SCHOOLING,0,,False
1911_census_volume_iii_part_xiv_summary,1911 Census - Volume III - Part XIV Summary.pdf,2112.0 - Volume III - Part XIV Summary,data\raw\abs_1911_census\1911 Census - Volume III - Part XIV Summary.pdf,244,57,"Population of the Federal Territory, in Ages",2107,58,58,1,58,59,59,58,59,59,Schooling,Federal Territory,Section 5.-SCHOOLING,0,,False
1911_census_volume_iii_part_xiv_summary,1911 Census - Volume III - Part XIV Summary.pdf,2112.0 - Volume III - Part XIV Summary,data\raw\abs_1911_census\1911 Census - Volume III - Part XIV Summary.pdf,244,58,Metropolitan and Extra-Metropolitan Attendance of Male Children,2108,59,59,1,59,60,60,59,60,60,Schooling,Australia,Section 5.-SCHOOLING,0,,False
1911_census_volume_iii_part_xiv_summary,1911 Census - Volume III - Part XIV Summary.pdf,2112.0 - Volume III - Part XIV Summary,data\raw\abs_1911_census\1911 Census - Volume III - Part XIV Summary.pdf,244,59,Metropolitan and Extra-Metropolitan Attendance of Female Children,2109,60,60,1,60,61,61,60,61,61,Schooling,Australia,Section 5.-SCHOOLING,0,,False
1911_census_volume_iii_part_xiv_summary,1911 Census - Volume III - Part XIV Summary.pdf,2112.0 - Volume III - Part XIV Summary,data\raw\abs_1911_census\1911 Census - Volume III - Part XIV Summary.pdf,244,60,Metropolitan and Extra-Metropolitan Attendance of Children of both Sexes,2110,61,61,1,61,62,62,61,62,62,Schooling,Australia,Section 5.-SCHOOLING,0,,False
1911_census_volume_iii_part_xiv_summary,1911 Census - Volume III - Part XIV Summary.pdf,2112.0 - Volume III - Part XIV Summary,data\raw\abs_1911_census\1911 Census - Volume III - Part XIV Summary.pdf,244,61,Population of States and Territories,2111,62,63,2,62 | 63,63,64,62,64,64,Religion,States and Territories,Section 6.-RELIGION,3,,False
1911_census_volume_iii_part_xiv_summary,1911 Census - Volume III - Part XIV Summary.pdf,2112.0 - Volume III - Part XIV Summary,data\raw\abs_1911_census\1911 Census - Volume III - Part XIV Summary.pdf,244,62,Comparative Statement of Population at the Censuses of 1901 and 1911,2113,64,68,5,64 | 65 | 66 | 67 | 68,65,69,63,64,69,Religion,Australia,Section 6.-RELIGION,0,same_page_as_next_table_start,True
1911_census_volume_iii_part_xiv_summary,1911 Census - Volume III - Part XIV Summary.pdf,2112.0 - Volume III - Part XIV Summary,data\raw\abs_1911_census\1911 Census - Volume III - Part XIV Summary.pdf,244,63,Metropolitan and Extra-Metropolitan Population in States of-,2113,64,68,5,64 | 65 | 66 | 67 | 68,65,69,64,69,69,Religion,States,Section 6.-RELIGION,6,same_page_as_previous_table_start,True
1911_census_volume_iii_part_xiv_summary,1911 Census - Volume III - Part XIV Summary.pdf,2112.0 - Volume III - Part XIV Summary,data\raw\abs_1911_census\1911 Census - Volume III - Part XIV Summary.pdf,244,64,"Number of Blind Persons and Deaf Mutes in States, at the Censuses of 1901 and 1911",2118,69,69,1,69,70,70,65,70,70,Blindness and Deaf Mutism,States,Section 7.-BLINDNESS AND DEAF MUTISM,0,,False
1911_census_volume_iii_part_xiv_summary,1911 Census - Volume III - Part XIV Summary.pdf,2112.0 - Volume III - Part XIV Summary,data\raw\abs_1911_census\1911 Census - Volume III - Part XIV Summary.pdf,244,65,Ages of Blind Persons in States,2119,70,70,1,70,71,71,66,71,71,Blindness and Deaf Mutism,States,Section 7.-BLINDNESS AND DEAF MUTISM,0,,False
1911_census_volume_iii_part_xiv_summary,1911 Census - Volume III - Part XIV Summary.pdf,2112.0 - Volume III - Part XIV Summary,data\raw\abs_1911_census\1911 Census - Volume III - Part XIV Summary.pdf,244,66,Ages of Deaf Mutes in States,2120,71,71,1,71,72,72,67,72,72,Blindness and Deaf Mutism,States,Section 7.-BLINDNESS AND DEAF MUTISM,0,,False
1911_census_volume_iii_part_xiv_summary,1911 Census - Volume III - Part XIV Summary.pdf,2112.0 - Volume III - Part XIV Summary,data\raw\abs_1911_census\1911 Census - Volume III - Part XIV Summary.pdf,244,67,Birthplaces of the Blind in States,2121,72,73,2,72 | 73,73,74,68,74,74,Blindness and Deaf Mutism,States,Section 7.-BLINDNESS AND DEAF MUTISM,0,,False
1911_census_volume_iii_part_xiv_summary,1911 Census - Volume III - Part XIV Summary.pdf,2112.0 - Volume III - Part XIV Summary,data\raw\abs_1911_census\1911 Census - Volume III - Part XIV Summary.pdf,244,68,Birthplaces of Deaf Mutes in States,2123,74,74,1,74,75,75,69,75,75,Blindness and Deaf Mutism,States,Section 7.-BLINDNESS AND DEAF MUTISM,0,,False
1911_census_volume_iii_part_xiv_summary,1911 Census - Volume III - Part XIV Summary.pdf,2112.0 - Volume III - Part XIV Summary,data\raw\abs_1911_census\1911 Census - Volume III - Part XIV Summary.pdf,244,69,Conjugal Condition of Blind Persons in States,2124,75,75,1,75,76,76,70,76,76,Blindness and Deaf Mutism,States,Section 7.-BLINDNESS AND DEAF MUTISM,0,,False
1911_census_volume_iii_part_xiv_summary,1911 Census - Volume III - Part XIV Summary.pdf,2112.0 - Volume III - Part XIV Summary,data\raw\abs_1911_census\1911 Census - Volume III - Part XIV Summary.pdf,244,70,Conjugal Condition of Deaf Mute Persons in States,2125,76,76,1,76,77,77,71,77,77,Blindness and Deaf Mutism,States,Section 7.-BLINDNESS AND DEAF MUTISM,0,,False
1911_census_volume_iii_part_xiv_summary,1911 Census - Volume III - Part XIV Summary.pdf,2112.0 - Volume III - Part XIV Summary,data\raw\abs_1911_census\1911 Census - Volume III - Part XIV Summary.pdf,244,71,Summary by States and Territories,2126,77,77,1,77,78,78,72,77,78,Persons of Non-European Race,States and Territories,Section 8.-PERSONS OF NON-EUROPEAN RACE,0,same_page_as_next_table_start,True
1911_census_volume_iii_part_xiv_summary,1911 Census - Volume III - Part XIV Summary.pdf,2112.0 - Volume III - Part XIV Summary,data\raw\abs_1911_census\1911 Census - Volume III - Part XIV Summary.pdf,244,72,Summary by Races,2126,77,77,1,77,78,78,73,78,78,Persons of Non-European Race,Australia,Section 8.-PERSONS OF NON-EUROPEAN RACE,0,same_page_as_previous_table_start,True
1911_census_volume_iii_part_xiv_summary,1911 Census - Volume III - Part XIV Summary.pdf,2112.0 - Volume III - Part XIV Summary,data\raw\abs_1911_census\1911 Census - Volume III - Part XIV Summary.pdf,244,73,"Summary by Races, States and Territories",2127,78,78,1,78,79,79,74,79,79,Persons of Non-European Race,States and Territories,Section 8.-PERSONS OF NON-EUROPEAN RACE,0,,False
1911_census_volume_iii_part_xiv_summary,1911 Census - Volume III - Part XIV Summary.pdf,2112.0 - Volume III - Part XIV Summary,data\raw\abs_1911_census\1911 Census - Volume III - Part XIV Summary.pdf,244,74,"Chinese in Australia, Censuses 1891, 1901 and 1911",2128,79,79,1,79,80,80,75,79,80,Persons of Non-European Race,Australia,Section 8.-PERSONS OF NON-EUROPEAN RACE,0,same_page_as_next_table_start,True
1911_census_volume_iii_part_xiv_summary,1911 Census - Volume III - Part XIV Summary.pdf,2112.0 - Volume III - Part XIV Summary,data\raw\abs_1911_census\1911 Census - Volume III - Part XIV Summary.pdf,244,75,"Japanese, Hindus and Cingalese, and Polynesians in Australia, Censuses 1901 and 1911",2128,79,79,1,79,80,80,76,80,80,Persons of Non-European Race,Australia,Section 8.-PERSONS OF NON-EUROPEAN RACE,0,same_page_as_previous_table_start,True
1911_census_volume_iii_part_xiv_summary,1911 Census - Volume III - Part XIV Summary.pdf,2112.0 - Volume III - Part XIV Summary,data\raw\abs_1911_census\1911 Census - Volume III - Part XIV Summary.pdf,244,76,Population of States and Territories,2129,80,80,1,80,81,81,77,80,81,Conjugal Condition,States and Territories,Section 9.-CONJUGAL CONDITION,0,same_page_as_next_table_start,True
1911_census_volume_iii_part_xiv_summary,1911 Census - Volume III - Part XIV Summary.pdf,2112.0 - Volume III - Part XIV Summary,data\raw\abs_1911_census\1911 Census - Volume III - Part XIV Summary.pdf,244,77,Comparative Statement of Population at the Censuses of 1901 and 1911,2129,80,80,1,80,81,81,78,81,81,Conjugal Condition,Australia,Section 9.-CONJUGAL CONDITION,0,same_page_as_previous_table_start,True
1911_census_volume_iii_part_xiv_summary,1911 Census - Volume III - Part XIV Summary.pdf,2112.0 - Volume III - Part XIV Summary,data\raw\abs_1911_census\1911 Census - Volume III - Part XIV Summary.pdf,244,78,"Population of the Commonwealth, in Age Groups",2130,81,84,4,81 | 82 | 83 | 84,82,85,79,81,85,Conjugal Condition,Commonwealth,Section 9.-CONJUGAL CONDITION,0,same_page_as_next_table_start,True
1911_census_volume_iii_part_xiv_summary,1911 Census - Volume III - Part XIV Summary.pdf,2112.0 - Volume III - Part XIV Summary,data\raw\abs_1911_census\1911 Census - Volume III - Part XIV Summary.pdf,244,79,"Population of States and Territories, in Age Groups-",2130,81,84,4,81 | 82 | 83 | 84,82,85,80,85,85,Conjugal Condition,States and Territories,Section 9.-CONJUGAL CONDITION,8,same_page_as_previous_table_start,True
1911_census_volume_iii_part_xiv_summary,1911 Census - Volume III - Part XIV Summary.pdf,2112.0 - Volume III - Part XIV Summary,data\raw\abs_1911_census\1911 Census - Volume III - Part XIV Summary.pdf,244,80,"Population of Metropolitan Areas, in Age Groups-",2134,85,88,4,85 | 86 | 87 | 88,86,89,81,89,89,Conjugal Condition,Metropolitan Areas,Section 9.-CONJUGAL CONDITION,6,,False
1911_census_volume_iii_part_xiv_summary,1911 Census - Volume III - Part XIV Summary.pdf,2112.0 - Volume III - Part XIV Summary,data\raw\abs_1911_census\1911 Census - Volume III - Part XIV Summary.pdf,244,81,Relative Ages of Husbands and Wives,2138,89,90,2,89 | 90,90,91,82,89,91,Families,Australia,Section 10.-FAMILIES,0,same_page_as_next_table_start,True
1911_census_volume_iii_part_xiv_summary,1911 Census - Volume III - Part XIV Summary.pdf,2112.0 - Volume III - Part XIV Summary,data\raw\abs_1911_census\1911 Census - Volume III - Part XIV Summary.pdf,244,82,Relative Religions of Husbands and Wives,2138,89,90,2,89 | 90,90,91,83,91,91,Families,Australia,Section 10.-FAMILIES,0,same_page_as_previous_table_start,True
1911_census_volume_iii_part_xiv_summary,1911 Census - Volume III - Part XIV Summary.pdf,2112.0 - Volume III - Part XIV Summary,data\raw\abs_1911_census\1911 Census - Volume III - Part XIV Summary.pdf,244,83,Relative Birthplaces of Husbands and Wives,2140,91,94,4,91 | 92 | 93 | 94,92,95,84,95,95,Families,Australia,Section 10.-FAMILIES,0,,False
1911_census_volume_iii_part_xiv_summary,1911 Census - Volume III - Part XIV Summary.pdf,2112.0 - Volume III - Part XIV Summary,data\raw\abs_1911_census\1911 Census - Volume III - Part XIV Summary.pdf,244,84,Ages and Issue of Husbands,2144,95,96,2,95 | 96,96,97,85,95,97,Families,Australia,Section 10.-FAMILIES,0,same_page_as_next_table_start,True
1911_census_volume_iii_part_xiv_summary,1911 Census - Volume III - Part XIV Summary.pdf,2112.0 - Volume III - Part XIV Summary,data\raw\abs_1911_census\1911 Census - Volume III - Part XIV Summary.pdf,244,85,Ages and Issue of Wives,2144,95,96,2,95 | 96,96,97,86,97,97,Families,Australia,Section 10.-FAMILIES,0,same_page_as_previous_table_start,True
1911_census_volume_iii_part_xiv_summary,1911 Census - Volume III - Part XIV Summary.pdf,2112.0 - Volume III - Part XIV Summary,data\raw\abs_1911_census\1911 Census - Volume III - Part XIV Summary.pdf,244,86,Birthplaces and Issue of Wives,2146,97,98,2,97 | 98,98,99,87,99,99,Families,Australia,Section 10.-FAMILIES,0,,False
1911_census_volume_iii_part_xiv_summary,1911 Census - Volume III - Part XIV Summary.pdf,2112.0 - Volume III - Part XIV Summary,data\raw\abs_1911_census\1911 Census - Volume III - Part XIV Summary.pdf,244,87,Religions and Issue of Wives,2148,99,99,1,99,100,100,88,100,100,Families,Australia,Section 10.-FAMILIES,0,,False
1911_census_volume_iii_part_xiv_summary,1911 Census - Volume III - Part XIV Summary.pdf,2112.0 - Volume III - Part XIV Summary,data\raw\abs_1911_census\1911 Census - Volume III - Part XIV Summary.pdf,244,88,"Annual Rates of Mortality for each Age and Sex, 1881-1890, 1891-1900, and 1901-1910",2149,100,100,1,100,101,101,89,101,101,Life Tables,Australia,Section 11.-LIFE TABLES,0,,False
1911_census_volume_iii_part_xiv_summary,1911 Census - Volume III - Part XIV Summary.pdf,2112.0 - Volume III - Part XIV Summary,data\raw\abs_1911_census\1911 Census - Volume III - Part XIV Summary.pdf,244,89,"Numbers who survive each Age out of 100,000 of each Sex at Birth, 1881-1890, 1891-1900, and 1901-1910",2150,101,102,2,101 | 102,102,103,90,103,103,Life Tables,Australia,Section 11.-LIFE TABLES,0,,False
1911_census_volume_iii_part_xiv_summary,1911 Census - Volume III - Part XIV Summary.pdf,2112.0 - Volume III - Part XIV Summary,data\raw\abs_1911_census\1911 Census - Volume III - Part XIV Summary.pdf,244,90,"Expectation of Life at each Age in each Sex, 1881-1890, 1891-1900, and 1901-1910",2152,103,104,2,103 | 104,104,105,91,105,105,Life Tables,Australia,Section 11.-LIFE TABLES,0,,False
1911_census_volume_iii_part_xiv_summary,1911 Census - Volume III - Part XIV Summary.pdf,2112.0 - Volume III - Part XIV Summary,data\raw\abs_1911_census\1911 Census - Volume III - Part XIV Summary.pdf,244,91,"Male Rates of Mortality, 1881-1890",2154,105,105,1,105,106,106,92,106,106,Life Tables,Australia,Section 11.-LIFE TABLES,0,,False
1911_census_volume_iii_part_xiv_summary,1911 Census - Volume III - Part XIV Summary.pdf,2112.0 - Volume III - Part XIV Summary,data\raw\abs_1911_census\1911 Census - Volume III - Part XIV Summary.pdf,244,92,"Female Rates of Mortality, 1881-1890",2155,106,107,2,106 | 107,107,108,93,108,108,Life Tables,Australia,Section 11.-LIFE TABLES,0,,False
1911_census_volume_iii_part_xiv_summary,1911 Census - Volume III - Part XIV Summary.pdf,2112.0 - Volume III - Part XIV Summary,data\raw\abs_1911_census\1911 Census - Volume III - Part XIV Summary.pdf,244,93,"Male Rates of Mortality, 1891-1900",2157,108,109,2,108 | 109,109,110,94,110,110,Life Tables,Australia,Section 11.-LIFE TABLES,0,,False
1911_census_volume_iii_part_xiv_summary,1911 Census - Volume III - Part XIV Summary.pdf,2112.0 - Volume III - Part XIV Summary,data\raw\abs_1911_census\1911 Census - Volume III - Part XIV Summary.pdf,244,94,"Female Rates of Mortality, 1891-1900",2159,110,110,1,110,111,111,95,111,111,Life Tables,Australia,Section 11.-LIFE TABLES,0,,False
1911_census_volume_iii_part_xiv_summary,1911 Census - Volume III - Part XIV Summary.pdf,2112.0 - Volume III - Part XIV Summary,data\raw\abs_1911_census\1911 Census - Volume III - Part XIV Summary.pdf,244,95,"Male Rates of Mortality, 1901-1910",2160,111,112,2,111 | 112,112,113,96,113,113,Life Tables,Australia,Section 11.-LIFE TABLES,0,,False
1911_census_volume_iii_part_xiv_summary,1911 Census - Volume III - Part XIV Summary.pdf,2112.0 - Volume III - Part XIV Summary,data\raw\abs_1911_census\1911 Census - Volume III - Part XIV Summary.pdf,244,96,"Female Rates of Mortality, 1901-1910",2162,113,114,2,113 | 114,114,115,97,115,115,Life Tables,Australia,Section 11.-LIFE TABLES,0,,False
1911_census_volume_iii_part_xiv_summary,1911 Census - Volume III - Part XIV Summary.pdf,2112.0 - Volume III - Part XIV Summary,data\raw\abs_1911_census\1911 Census - Volume III - Part XIV Summary.pdf,244,97,"Males who survive each Age out of 100,000 at Birth, 1881-1890",2164,115,115,1,115,116,116,98,116,116,Life Tables,Australia,Section 11.-LIFE TABLES,0,,False
1911_census_volume_iii_part_xiv_summary,1911 Census - Volume III - Part XIV Summary.pdf,2112.0 - Volume III - Part XIV Summary,data\raw\abs_1911_census\1911 Census - Volume III - Part XIV Summary.pdf,244,98,"Females who survive each Age out of 100,000 at Birth, 1881-1890",2165,116,117,2,116 | 117,117,118,99,118,118,Life Tables,Australia,Section 11.-LIFE TABLES,0,,False
1911_census_volume_iii_part_xiv_summary,1911 Census - Volume III - Part XIV Summary.pdf,2112.0 - Volume III - Part XIV Summary,data\raw\abs_1911_census\1911 Census - Volume III - Part XIV Summary.pdf,244,99,"Males who Survive each Age out of 100,000 at Birth, 1891-1900",2167,118,119,2,118 | 119,119,120,100,120,120,Life Tables,Australia,Section 11.-LIFE TABLES,0,,False
1911_census_volume_iii_part_xiv_summary,1911 Census - Volume III - Part XIV Summary.pdf,2112.0 - Volume III - Part XIV Summary,data\raw\abs_1911_census\1911 Census - Volume III - Part XIV Summary.pdf,244,100,"Females who Survive each Age out of 100,000 at Birth, 1891-1900",2169,120,120,1,120,121,121,101,121,121,Life Tables,Australia,Section 11.-LIFE TABLES,0,,False
1911_census_volume_iii_part_xiv_summary,1911 Census - Volume III - Part XIV Summary.pdf,2112.0 - Volume III - Part XIV Summary,data\raw\abs_1911_census\1911 Census - Volume III - Part XIV Summary.pdf,244,101,"Males who Survive each Age out of 100,000 at Birth, 1901-1910",2170,121,122,2,121 | 122,122,123,102,123,123,Life Tables,Australia,Section 11.-LIFE TABLES,0,,False
1911_census_volume_iii_part_xiv_summary,1911 Census - Volume III - Part XIV Summary.pdf,2112.0 - Volume III - Part XIV Summary,data\raw\abs_1911_census\1911 Census - Volume III - Part XIV Summary.pdf,244,102,"Females who Survive each Age out of 100,000 at Birth, 1901-1910",2172,123,124,2,123 | 124,124,125,103,125,125,Life Tables,Australia,Section 11.-LIFE TABLES,0,,False
1911_census_volume_iii_part_xiv_summary,1911 Census - Volume III - Part XIV Summary.pdf,2112.0 - Volume III - Part XIV Summary,data\raw\abs_1911_census\1911 Census - Volume III - Part XIV Summary.pdf,244,103,"Male Expectation of Life at each Age, 1881-1890",2174,125,125,1,125,126,126,104,126,126,Life Tables,Australia,Section 11.-LIFE TABLES,0,,False
1911_census_volume_iii_part_xiv_summary,1911 Census - Volume III - Part XIV Summary.pdf,2112.0 - Volume III - Part XIV Summary,data\raw\abs_1911_census\1911 Census - Volume III - Part XIV Summary.pdf,244,104,"Female Expectation of Life at each Age, 1881-1890",2175,126,127,2,126 | 127,127,128,105,128,128,Life Tables,Australia,Section 11.-LIFE TABLES,0,,False
1911_census_volume_iii_part_xiv_summary,1911 Census - Volume III - Part XIV Summary.pdf,2112.0 - Volume III - Part XIV Summary,data\raw\abs_1911_census\1911 Census - Volume III - Part XIV Summary.pdf,244,105,"Male Expectation of Life at each Age, 1891-1900",2177,128,129,2,128 | 129,129,130,106,130,130,Life Tables,Australia,Section 11.-LIFE TABLES,0,,False
1911_census_volume_iii_part_xiv_summary,1911 Census - Volume III - Part XIV Summary.pdf,2112.0 - Volume III - Part XIV Summary,data\raw\abs_1911_census\1911 Census - Volume III - Part XIV Summary.pdf,244,106,"Female Expectation of Life at each Age, 1891-1900",2179,130,130,1,130,131,131,107,131,131,Life Tables,Australia,Section 11.-LIFE TABLES,0,,False
1911_census_volume_iii_part_xiv_summary,1911 Census - Volume III - Part XIV Summary.pdf,2112.0 - Volume III - Part XIV Summary,data\raw\abs_1911_census\1911 Census - Volume III - Part XIV Summary.pdf,244,107,"Male Expectation of Life at each Age, 1901-1910",2180,131,132,2,131 | 132,132,133,108,133,133,Life Tables,Australia,Section 11.-LIFE TABLES,0,,False
1911_census_volume_iii_part_xiv_summary,1911 Census - Volume III - Part XIV Summary.pdf,2112.0 - Volume III - Part XIV Summary,data\raw\abs_1911_census\1911 Census - Volume III - Part XIV Summary.pdf,244,108,"Female Expectation of Life at each Age, 1901-1910",2182,133,134,2,133 | 134,134,135,109,135,135,Life Tables,Australia,Section 11.-LIFE TABLES,0,,False
1911_census_volume_iii_part_xiv_summary,1911 Census - Volume III - Part XIV Summary.pdf,2112.0 - Volume III - Part XIV Summary,data\raw\abs_1911_census\1911 Census - Volume III - Part XIV Summary.pdf,244,109,"Male Population of the Commonwealth, in Age Groups",2184,135,136,2,135 | 136,136,137,110,137,137,Occupations,Commonwealth,Section 12.-OCCUPATIONS,0,,False
1911_census_volume_iii_part_xiv_summary,1911 Census - Volume III - Part XIV Summary.pdf,2112.0 - Volume III - Part XIV Summary,data\raw\abs_1911_census\1911 Census - Volume III - Part XIV Summary.pdf,244,110,"Female Population of the Commonwealth, in Age Groups",2186,137,138,2,137 | 138,138,139,111,139,139,Occupations,Commonwealth,Section 12.-OCCUPATIONS,0,,False
1911_census_volume_iii_part_xiv_summary,1911 Census - Volume III - Part XIV Summary.pdf,2112.0 - Volume III - Part XIV Summary,data\raw\abs_1911_census\1911 Census - Volume III - Part XIV Summary.pdf,244,111,"Total Population of the Commonwealth, in Age Groups",2188,139,140,2,139 | 140,140,141,112,141,141,Occupations,Commonwealth,Section 12.-OCCUPATIONS,0,,False
1911_census_volume_iii_part_xiv_summary,1911 Census - Volume III - Part XIV Summary.pdf,2112.0 - Volume III - Part XIV Summary,data\raw\abs_1911_census\1911 Census - Volume III - Part XIV Summary.pdf,244,112,Male Population of States and Territories,2190,141,141,1,141,142,142,113,142,142,Occupations,States and Territories,Section 12.-OCCUPATIONS,0,,False
1911_census_volume_iii_part_xiv_summary,1911 Census - Volume III - Part XIV Summary.pdf,2112.0 - Volume III - Part XIV Summary,data\raw\abs_1911_census\1911 Census - Volume III - Part XIV Summary.pdf,244,113,Female Population of States and Territories,2191,142,142,1,142,143,143,114,143,143,Occupations,States and Territories,Section 12.-OCCUPATIONS,0,,False
1911_census_volume_iii_part_xiv_summary,1911 Census - Volume III - Part XIV Summary.pdf,2112.0 - Volume III - Part XIV Summary,data\raw\abs_1911_census\1911 Census - Volume III - Part XIV Summary.pdf,244,114,Total Population of States and Territories,2192,143,143,1,143,144,144,115,144,144,Occupations,States and Territories,Section 12.-OCCUPATIONS,0,,False
1911_census_volume_iii_part_xiv_summary,1911 Census - Volume III - Part XIV Summary.pdf,2112.0 - Volume III - Part XIV Summary,data\raw\abs_1911_census\1911 Census - Volume III - Part XIV Summary.pdf,244,115,"Male Population of the Commonwealth, in Grades",2193,144,144,1,144,145,145,116,145,145,Occupations,Commonwealth,Section 12.-OCCUPATIONS,0,,False
1911_census_volume_iii_part_xiv_summary,1911 Census - Volume III - Part XIV Summary.pdf,2112.0 - Volume III - Part XIV Summary,data\raw\abs_1911_census\1911 Census - Volume III - Part XIV Summary.pdf,244,116,"Female Population of the Commonwealth, in Grades",2194,145,145,1,145,146,146,117,146,146,Occupations,Commonwealth,Section 12.-OCCUPATIONS,0,,False
1911_census_volume_iii_part_xiv_summary,1911 Census - Volume III - Part XIV Summary.pdf,2112.0 - Volume III - Part XIV Summary,data\raw\abs_1911_census\1911 Census - Volume III - Part XIV Summary.pdf,244,117,"Total Population of the Commonwealth, in Grades",2195,146,146,1,146,147,147,118,147,147,Occupations,Commonwealth,Section 12.-OCCUPATIONS,0,,False
1911_census_volume_iii_part_xiv_summary,1911 Census - Volume III - Part XIV Summary.pdf,2112.0 - Volume III - Part XIV Summary,data\raw\abs_1911_census\1911 Census - Volume III - Part XIV Summary.pdf,244,118,"Male Population of New South Wales, in Grades",2196,147,147,1,147,148,148,119,148,148,Occupations,New South Wales,Section 12.-OCCUPATIONS,0,,False
1911_census_volume_iii_part_xiv_summary,1911 Census - Volume III - Part XIV Summary.pdf,2112.0 - Volume III - Part XIV Summary,data\raw\abs_1911_census\1911 Census - Volume III - Part XIV Summary.pdf,244,119,"Female Population of New South Wales, in Grades",2197,148,148,1,148,149,149,120,149,149,Occupations,New South Wales,Section 12.-OCCUPATIONS,0,,False
1911_census_volume_iii_part_xiv_summary,1911 Census - Volume III - Part XIV Summary.pdf,2112.0 - Volume III - Part XIV Summary,data\raw\abs_1911_census\1911 Census - Volume III - Part XIV Summary.pdf,244,120,"Total Population of New South Wales, in Grades",2198,149,149,1,149,150,150,121,150,150,Occupations,New South Wales,Section 12.-OCCUPATIONS,0,,False
1911_census_volume_iii_part_xiv_summary,1911 Census - Volume III - Part XIV Summary.pdf,2112.0 - Volume III - Part XIV Summary,data\raw\abs_1911_census\1911 Census - Volume III - Part XIV Summary.pdf,244,121,"Male Population of Victoria, in Grades",2199,150,150,1,150,151,151,122,151,151,Occupations,Victoria,Section 12.-OCCUPATIONS,0,,False
1911_census_volume_iii_part_xiv_summary,1911 Census - Volume III - Part XIV Summary.pdf,2112.0 - Volume III - Part XIV Summary,data\raw\abs_1911_census\1911 Census - Volume III - Part XIV Summary.pdf,244,122,"Female Population of Victoria, in Grades",2200,151,151,1,151,152,152,123,152,152,Occupations,Victoria,Section 12.-OCCUPATIONS,0,,False
1911_census_volume_iii_part_xiv_summary,1911 Census - Volume III - Part XIV Summary.pdf,2112.0 - Volume III - Part XIV Summary,data\raw\abs_1911_census\1911 Census - Volume III - Part XIV Summary.pdf,244,123,"Total Population of Victoria, in Grades",2201,152,152,1,152,153,153,124,153,153,Occupations,Victoria,Section 12.-OCCUPATIONS,0,,False
1911_census_volume_iii_part_xiv_summary,1911 Census - Volume III - Part XIV Summary.pdf,2112.0 - Volume III - Part XIV Summary,data\raw\abs_1911_census\1911 Census - Volume III - Part XIV Summary.pdf,244,124,"Male Population of Queensland, in Grades",2202,153,153,1,153,154,154,125,154,154,Occupations,Queensland,Section 12.-OCCUPATIONS,0,,False
1911_census_volume_iii_part_xiv_summary,1911 Census - Volume III - Part XIV Summary.pdf,2112.0 - Volume III - Part XIV Summary,data\raw\abs_1911_census\1911 Census - Volume III - Part XIV Summary.pdf,244,125,"Female Population of Queensland, in Grades",2203,154,154,1,154,155,155,126,155,155,Occupations,Queensland,Section 12.-OCCUPATIONS,0,,False
1911_census_volume_iii_part_xiv_summary,1911 Census - Volume III - Part XIV Summary.pdf,2112.0 - Volume III - Part XIV Summary,data\raw\abs_1911_census\1911 Census - Volume III - Part XIV Summary.pdf,244,126,"Total Population of Queensland, in Grades",2204,155,155,1,155,156,156,127,156,156,Occupations,Queensland,Section 12.-OCCUPATIONS,0,,False
1911_census_volume_iii_part_xiv_summary,1911 Census - Volume III - Part XIV Summary.pdf,2112.0 - Volume III - Part XIV Summary,data\raw\abs_1911_census\1911 Census - Volume III - Part XIV Summary.pdf,244,127,"Male Population of South Australia, in Grades",2205,156,156,1,156,157,157,128,157,157,Occupations,South Australia,Section 12.-OCCUPATIONS,0,,False
1911_census_volume_iii_part_xiv_summary,1911 Census - Volume III - Part XIV Summary.pdf,2112.0 - Volume III - Part XIV Summary,data\raw\abs_1911_census\1911 Census - Volume III - Part XIV Summary.pdf,244,128,"Female Population of South Australia, in Grades",2206,157,157,1,157,158,158,129,158,158,Occupations,South Australia,Section 12.-OCCUPATIONS,0,,False
1911_census_volume_iii_part_xiv_summary,1911 Census - Volume III - Part XIV Summary.pdf,2112.0 - Volume III - Part XIV Summary,data\raw\abs_1911_census\1911 Census - Volume III - Part XIV Summary.pdf,244,129,"Total Population of South Australia, in Grades",2207,158,158,1,158,159,159,130,159,159,Occupations,South Australia,Section 12.-OCCUPATIONS,0,,False
1911_census_volume_iii_part_xiv_summary,1911 Census - Volume III - Part XIV Summary.pdf,2112.0 - Volume III - Part XIV Summary,data\raw\abs_1911_census\1911 Census - Volume III - Part XIV Summary.pdf,244,130,"Male Population of Western Australia, in Grades",2208,159,159,1,159,160,160,131,160,160,Occupations,Western Australia,Section 12.-OCCUPATIONS,0,,False
1911_census_volume_iii_part_xiv_summary,1911 Census - Volume III - Part XIV Summary.pdf,2112.0 - Volume III - Part XIV Summary,data\raw\abs_1911_census\1911 Census - Volume III - Part XIV Summary.pdf,244,131,"Female Population of Western Australia, in Grades",2209,160,160,1,160,161,161,132,161,161,Occupations,Western Australia,Section 12.-OCCUPATIONS,0,,False
1911_census_volume_iii_part_xiv_summary,1911 Census - Volume III - Part XIV Summary.pdf,2112.0 - Volume III - Part XIV Summary,data\raw\abs_1911_census\1911 Census - Volume III - Part XIV Summary.pdf,244,132,"Total Population of Western Australia, in Grades",2210,161,161,1,161,162,162,133,162,162,Occupations,Western Australia,Section 12.-OCCUPATIONS,0,,False
1911_census_volume_iii_part_xiv_summary,1911 Census - Volume III - Part XIV Summary.pdf,2112.0 - Volume III - Part XIV Summary,data\raw\abs_1911_census\1911 Census - Volume III - Part XIV Summary.pdf,244,133,"Male Population of Tasmania, in Grades",2211,162,162,1,162,163,163,134,163,163,Occupations,Tasmania,Section 12.-OCCUPATIONS,0,,False
1911_census_volume_iii_part_xiv_summary,1911 Census - Volume III - Part XIV Summary.pdf,2112.0 - Volume III - Part XIV Summary,data\raw\abs_1911_census\1911 Census - Volume III - Part XIV Summary.pdf,244,134,"Female Population of Tasmania, in Grades",2212,163,163,1,163,164,164,135,164,164,Occupations,Tasmania,Section 12.-OCCUPATIONS,0,,False
1911_census_volume_iii_part_xiv_summary,1911 Census - Volume III - Part XIV Summary.pdf,2112.0 - Volume III - Part XIV Summary,data\raw\abs_1911_census\1911 Census - Volume III - Part XIV Summary.pdf,244,135,"Total Population of Tasmania, in Grades",2213,164,164,1,164,165,165,136,165,165,Occupations,Tasmania,Section 12.-OCCUPATIONS,0,,False
1911_census_volume_iii_part_xiv_summary,1911 Census - Volume III - Part XIV Summary.pdf,2112.0 - Volume III - Part XIV Summary,data\raw\abs_1911_census\1911 Census - Volume III - Part XIV Summary.pdf,244,136,"Male Population of the Northern Territory, in Grades",2214,165,165,1,165,166,166,137,166,166,Occupations,Northern Territory,Section 12.-OCCUPATIONS,0,,False
1911_census_volume_iii_part_xiv_summary,1911 Census - Volume III - Part XIV Summary.pdf,2112.0 - Volume III - Part XIV Summary,data\raw\abs_1911_census\1911 Census - Volume III - Part XIV Summary.pdf,244,137,"Female Population of the Northern Territory, in Grades",2215,166,166,1,166,167,167,138,167,167,Occupations,Northern Territory,Section 12.-OCCUPATIONS,0,,False
1911_census_volume_iii_part_xiv_summary,1911 Census - Volume III - Part XIV Summary.pdf,2112.0 - Volume III - Part XIV Summary,data\raw\abs_1911_census\1911 Census - Volume III - Part XIV Summary.pdf,244,138,"Total Population of the Northern Territory, in Grades",2216,167,167,1,167,168,168,139,168,168,Occupations,Northern Territory,Section 12.-OCCUPATIONS,0,,False
1911_census_volume_iii_part_xiv_summary,1911 Census - Volume III - Part XIV Summary.pdf,2112.0 - Volume III - Part XIV Summary,data\raw\abs_1911_census\1911 Census - Volume III - Part XIV Summary.pdf,244,139,"Male Population of the Federal Territory, in Grades",2217,168,168,1,168,169,169,140,169,169,Occupations,Federal Territory,Section 12.-OCCUPATIONS,0,,False
1911_census_volume_iii_part_xiv_summary,1911 Census - Volume III - Part XIV Summary.pdf,2112.0 - Volume III - Part XIV Summary,data\raw\abs_1911_census\1911 Census - Volume III - Part XIV Summary.pdf,244,140,"Female Population of the Federal Territory, in Grades",2218,169,169,1,169,170,170,141,170,170,Occupations,Federal Territory,Section 12.-OCCUPATIONS,0,,False
1911_census_volume_iii_part_xiv_summary,1911 Census - Volume III - Part XIV Summary.pdf,2112.0 - Volume III - Part XIV Summary,data\raw\abs_1911_census\1911 Census - Volume III - Part XIV Summary.pdf,244,141,"Total Population of the Federal Territory, in Grades",2219,170,170,1,170,171,171,142,171,171,Occupations,Federal Territory,Section 12.-OCCUPATIONS,0,,False
1911_census_volume_iii_part_xiv_summary,1911 Census - Volume III - Part XIV Summary.pdf,2112.0 - Volume III - Part XIV Summary,data\raw\abs_1911_census\1911 Census - Volume III - Part XIV Summary.pdf,244,142,Nature of Dwellings and Number of Rooms,2220,171,172,2,171 | 172,172,173,143,171,173,Occupied Dwellings,Australia,Section 13.-OCCUPIED DWELLINGS,0,same_page_as_next_table_start,True
1911_census_volume_iii_part_xiv_summary,1911 Census - Volume III - Part XIV Summary.pdf,2112.0 - Volume III - Part XIV Summary,data\raw\abs_1911_census\1911 Census - Volume III - Part XIV Summary.pdf,244,143,*Materials and Number of Rooms-Private Dwellings,2220,171,172,2,171 | 172,172,173,144,173,173,Occupied Dwellings,Australia,Section 13.-OCCUPIED DWELLINGS,0,same_page_as_previous_table_start,True
1911_census_volume_iii_part_xiv_summary,1911 Census - Volume III - Part XIV Summary.pdf,2112.0 - Volume III - Part XIV Summary,data\raw\abs_1911_census\1911 Census - Volume III - Part XIV Summary.pdf,244,144,Materials and Number of Rooms-Dwellings other than Private,2222,173,174,2,173 | 174,174,175,145,173,175,Occupied Dwellings,Australia,Section 13.-OCCUPIED DWELLINGS,0,same_page_as_next_table_start,True
1911_census_volume_iii_part_xiv_summary,1911 Census - Volume III - Part XIV Summary.pdf,2112.0 - Volume III - Part XIV Summary,data\raw\abs_1911_census\1911 Census - Volume III - Part XIV Summary.pdf,244,145,Materials and Number of Rooms-All Dwellings,2222,173,174,2,173 | 174,174,175,146,175,175,Occupied Dwellings,Australia,Section 13.-OCCUPIED DWELLINGS,0,same_page_as_previous_table_start,True
1911_census_volume_iii_part_xiv_summary,1911 Census - Volume III - Part XIV Summary.pdf,2112.0 - Volume III - Part XIV Summary,data\raw\abs_1911_census\1911 Census - Volume III - Part XIV Summary.pdf,244,146,Nature of Dwelling-States and Territories,2224,175,175,1,175,176,176,147,175,176,Occupied Dwellings,States and Territories,Section 13.-OCCUPIED DWELLINGS,0,same_page_as_next_table_start,True
1911_census_volume_iii_part_xiv_summary,1911 Census - Volume III - Part XIV Summary.pdf,2112.0 - Volume III - Part XIV Summary,data\raw\abs_1911_census\1911 Census - Volume III - Part XIV Summary.pdf,244,147,"Materials, States and Territories-Private Dwellings",2224,175,175,1,175,176,176,148,176,176,Occupied Dwellings,States and Territories,Section 13.-OCCUPIED DWELLINGS,0,same_page_as_previous_table_start,True
1911_census_volume_iii_part_xiv_summary,1911 Census - Volume III - Part XIV Summary.pdf,2112.0 - Volume III - Part XIV Summary,data\raw\abs_1911_census\1911 Census - Volume III - Part XIV Summary.pdf,244,148,"Materials, States and Territories-Dwellings other than Private",2225,176,176,1,176,177,177,149,176,177,Occupied Dwellings,States and Territories,Section 13.-OCCUPIED DWELLINGS,0,same_page_as_next_table_start,True
1911_census_volume_iii_part_xiv_summary,1911 Census - Volume III - Part XIV Summary.pdf,2112.0 - Volume III - Part XIV Summary,data\raw\abs_1911_census\1911 Census - Volume III - Part XIV Summary.pdf,244,149,"Materials, States and Territories-All Dwellings",2225,176,176,1,176,177,177,150,177,177,Occupied Dwellings,States and Territories,Section 13.-OCCUPIED DWELLINGS,0,same_page_as_previous_table_start,True
1911_census_volume_iii_part_xiv_summary,1911 Census - Volume III - Part XIV Summary.pdf,2112.0 - Volume III - Part XIV Summary,data\raw\abs_1911_census\1911 Census - Volume III - Part XIV Summary.pdf,244,150,Weekly Rental Value and Number of Rooms-Private Dwellings,2226,177,178,2,177 | 178,178,179,151,179,179,Occupied Dwellings,Australia,Section 13.-OCCUPIED DWELLINGS,0,,False
1911_census_volume_iii_part_xiv_summary,1911 Census - Volume III - Part XIV Summary.pdf,2112.0 - Volume III - Part XIV Summary,data\raw\abs_1911_census\1911 Census - Volume III - Part XIV Summary.pdf,244,151,"Materials, and Number of Inmates-Private Dwellings",2228,179,180,2,179 | 180,180,181,152,179,181,Occupied Dwellings,Australia,Section 13.-OCCUPIED DWELLINGS,0,same_page_as_next_table_start,True
1911_census_volume_iii_part_xiv_summary,1911 Census - Volume III - Part XIV Summary.pdf,2112.0 - Volume III - Part XIV Summary,data\raw\abs_1911_census\1911 Census - Volume III - Part XIV Summary.pdf,244,152,"Materials, and Number of Inmates-Dwellings other than Private",2228,179,180,2,179 | 180,180,181,153,179,181,Occupied Dwellings,Australia,Section 13.-OCCUPIED DWELLINGS,0,same_page_as_next_table_start | same_page_as_previous_table_start,True
1911_census_volume_iii_part_xiv_summary,1911 Census - Volume III - Part XIV Summary.pdf,2112.0 - Volume III - Part XIV Summary,data\raw\abs_1911_census\1911 Census - Volume III - Part XIV Summary.pdf,244,153,"Materials, and Number of Inmates-All Dwellings",2228,179,180,2,179 | 180,180,181,154,181,181,Occupied Dwellings,Australia,Section 13.-OCCUPIED DWELLINGS,0,same_page_as_previous_table_start,True
1911_census_volume_iii_part_xiv_summary,1911 Census - Volume III - Part XIV Summary.pdf,2112.0 - Volume III - Part XIV Summary,data\raw\abs_1911_census\1911 Census - Volume III - Part XIV Summary.pdf,244,154,"Weekly Rental Value, States and Territories-Private Dwellings",2230,181,181,1,181,182,182,155,182,182,Occupied Dwellings,States and Territories,Section 13.-OCCUPIED DWELLINGS,0,,False
1911_census_volume_iii_part_xiv_summary,1911 Census - Volume III - Part XIV Summary.pdf,2112.0 - Volume III - Part XIV Summary,data\raw\abs_1911_census\1911 Census - Volume III - Part XIV Summary.pdf,244,155,"Materials, and Number of Inmates, States and Territories-Private Dwellings",2231,182,182,1,182,183,183,156,182,183,Occupied Dwellings,States and Territories,Section 13.-OCCUPIED DWELLINGS,0,same_page_as_next_table_start,True
1911_census_volume_iii_part_xiv_summary,1911 Census - Volume III - Part XIV Summary.pdf,2112.0 - Volume III - Part XIV Summary,data\raw\abs_1911_census\1911 Census - Volume III - Part XIV Summary.pdf,244,156,"Materials, and Number of Inmates, States and Territories-Dwellings other than Private",2231,182,182,1,182,183,183,157,182,183,Occupied Dwellings,States and Territories,Section 13.-OCCUPIED DWELLINGS,0,same_page_as_next_table_start | same_page_as_previous_table_start,True
1911_census_volume_iii_part_xiv_summary,1911 Census - Volume III - Part XIV Summary.pdf,2112.0 - Volume III - Part XIV Summary,data\raw\abs_1911_census\1911 Census - Volume III - Part XIV Summary.pdf,244,157,"Materials, and Number of Inmates, States and Territories-All Dwellings",2231,182,182,1,182,183,183,158,183,183,Occupied Dwellings,States and Territories,Section 13.-OCCUPIED DWELLINGS,0,same_page_as_previous_table_start,True
1911_census_volume_iii_part_xiv_summary,1911 Census - Volume III - Part XIV Summary.pdf,2112.0 - Volume III - Part XIV Summary,data\raw\abs_1911_census\1911 Census - Volume III - Part XIV Summary.pdf,244,158,Number of Rooms and Number of Inmates-Private Dwellings,2232,183,184,2,183 | 184,184,185,159,183,185,Occupied Dwellings,Australia,Section 13.-OCCUPIED DWELLINGS,0,same_page_as_next_table_start,True
1911_census_volume_iii_part_xiv_summary,1911 Census - Volume III - Part XIV Summary.pdf,2112.0 - Volume III - Part XIV Summary,data\raw\abs_1911_census\1911 Census - Volume III - Part XIV Summary.pdf,244,159,Number of Rooms and Number of Inmates-Dwellings other than Private,2232,183,184,2,183 | 184,184,185,160,185,185,Occupied Dwellings,Australia,Section 13.-OCCUPIED DWELLINGS,0,same_page_as_previous_table_start,True
1911_census_volume_iii_part_xiv_summary,1911 Census - Volume III - Part XIV Summary.pdf,2112.0 - Volume III - Part XIV Summary,data\raw\abs_1911_census\1911 Census - Volume III - Part XIV Summary.pdf,244,160,Number of Rooms and Number of Inmates-All Dwellings,2234,185,185,1,185,186,186,161,185,186,Occupied Dwellings,Australia,Section 13.-OCCUPIED DWELLINGS,0,same_page_as_next_table_start,True
1911_census_volume_iii_part_xiv_summary,1911 Census - Volume III - Part XIV Summary.pdf,2112.0 - Volume III - Part XIV Summary,data\raw\abs_1911_census\1911 Census - Volume III - Part XIV Summary.pdf,244,161,"Inmates and Number of Rooms, States and Territories-Private Dwellings",2234,185,185,1,185,186,186,162,186,186,Occupied Dwellings,States and Territories,Section 13.-OCCUPIED DWELLINGS,0,same_page_as_previous_table_start,True
1911_census_volume_iii_part_xiv_summary,1911 Census - Volume III - Part XIV Summary.pdf,2112.0 - Volume III - Part XIV Summary,data\raw\abs_1911_census\1911 Census - Volume III - Part XIV Summary.pdf,244,162,"Inmates and Number of Rooms, States and Territories-Dwellings other than Private",2235,186,186,1,186,187,187,163,187,187,Occupied Dwellings,States and Territories,Section 13.-OCCUPIED DWELLINGS,0,,False
1911_census_volume_iii_part_xiv_summary,1911 Census - Volume III - Part XIV Summary.pdf,2112.0 - Volume III - Part XIV Summary,data\raw\abs_1911_census\1911 Census - Volume III - Part XIV Summary.pdf,244,163,"Inmates and Number of Rooms, States and Territories-All Dwellings",2236,187,187,1,187,188,188,164,188,188,Occupied Dwellings,States and Territories,Section 13.-OCCUPIED DWELLINGS,0,,False
1911_census_volume_iii_part_xiv_summary,1911 Census - Volume III - Part XIV Summary.pdf,2112.0 - Volume III - Part XIV Summary,data\raw\abs_1911_census\1911 Census - Volume III - Part XIV Summary.pdf,244,164,Counties :,2237,188,192,5,188 | 189 | 190 | 191 | 192,189,193,165,193,193,"Population in Counties, Local Government Areas, etc.",States and Territories,"Section 14.-POPULATION IN COUNTIES, LOCAL GOVERNMENT AREAS, ETC.",8,,False
1911_census_volume_iii_part_xiv_summary,1911 Census - Volume III - Part XIV Summary.pdf,2112.0 - Volume III - Part XIV Summary,data\raw\abs_1911_census\1911 Census - Volume III - Part XIV Summary.pdf,244,165,Local Government Areas :,2242,193,199,7,193 | 194 | 195 | 196 | 197 | 198 | 199,194,200,166,200,200,"Population in Counties, Local Government Areas, etc.",States and Territories,"Section 14.-POPULATION IN COUNTIES, LOCAL GOVERNMENT AREAS, ETC.",7,,False
1911_census_volume_iii_part_xiv_summary,1911 Census - Volume III - Part XIV Summary.pdf,2112.0 - Volume III - Part XIV Summary,data\raw\abs_1911_census\1911 Census - Volume III - Part XIV Summary.pdf,244,166,Census Districts : Queensland,2249,200,200,1,200,201,201,167,200,201,"Population in Counties, Local Government Areas, etc.",Queensland,"Section 14.-POPULATION IN COUNTIES, LOCAL GOVERNMENT AREAS, ETC.",0,same_page_as_next_table_start,True
1911_census_volume_iii_part_xiv_summary,1911 Census - Volume III - Part XIV Summary.pdf,2112.0 - Volume III - Part XIV Summary,data\raw\abs_1911_census\1911 Census - Volume III - Part XIV Summary.pdf,244,167,Statistical Districts : Western Australia,2249,200,200,1,200,201,201,168,201,201,"Population in Counties, Local Government Areas, etc.",Western Australia,"Section 14.-POPULATION IN COUNTIES, LOCAL GOVERNMENT AREAS, ETC.",0,same_page_as_previous_table_start,True
1911_census_volume_iii_part_xiv_summary,1911 Census - Volume III - Part XIV Summary.pdf,2112.0 - Volume III - Part XIV Summary,data\raw\abs_1911_census\1911 Census - Volume III - Part XIV Summary.pdf,244,168,"LOCALITIES, containing 50 Inhabitants or over, with Population and Occupied Dwellings therein",2250,201,243,43,201 | 202 | 203 | 204 | 205 | 206 | 207 | 208 | 209 | 210 | 211 | 212 | 213 | 214 | 215 | 216 | 217 | 218 | 219 | 220 | 221 | 222 | 223 | 224 | 225 | 226 | 227 | 228 | 229 | 230 | 231 | 232 | 233 | 234 | 235 | 236 | 237 | 238 | 239 | 240 | 241 | 242 | 243,202,244,,,,Localities,Australia,Section 15.,0,final_table_in_document,False
