{"type":"FeatureCollection","crs":{"type":"name","properties":{"name":"EPSG:4326"}},"features":[{"type":"Feature","id":9,"geometry":{"type":"Polygon","coordinates":[[[151.208370750744,-33.8535764670829],[151.208424260369,-33.853583201947],[151.208427264172,-33.8535685453706],[151.208518475444,-33.8535819150738],[151.208525166802,-33.8535559834799],[151.208741372497,-33.8535883004764],[151.208740741469,-33.853591605217],[151.208734703673,-33.8536232489587],[151.208737960266,-33.8536383572397],[151.208765367983,-33.8536552052538],[151.208778025073,-33.8536626203207],[151.208798652271,-33.8536738556008],[151.208832122726,-33.8536925456163],[151.208948190948,-33.8537573574411],[151.209116694322,-33.8538514497709],[151.20929680046,-33.8539520208879],[151.209743328428,-33.8542048797864],[151.209751431572,-33.8542099426744],[151.209768780508,-33.8542207829991],[151.209793923393,-33.854233479618],[151.209807459389,-33.8542432239327],[151.209820250205,-33.8542534064898],[151.209832424014,-33.8542641003894],[151.209843951623,-33.8542753061095],[151.209854779452,-33.8542869498304],[151.209864918456,-33.8542990244975],[151.209874330647,-33.8543115376749],[151.20988297139,-33.854324401245],[151.209890743031,-33.8543374262266],[151.209956050222,-33.8544361033106],[151.210118589457,-33.8546817775898],[151.210127589634,-33.8547246068449],[151.210162647575,-33.8547251088234],[151.210161571457,-33.8548317443896],[151.210214692212,-33.8548333851969],[151.210219148103,-33.8547245173008],[151.210251068265,-33.8547249745836],[151.210249373598,-33.8547515974412],[151.210225430904,-33.8547512479044],[151.210221218032,-33.8548369174285],[151.210329028718,-33.8549836524332],[151.210386326764,-33.8550752884806],[151.210404450653,-33.855098677837],[151.210410817967,-33.8551085136605],[151.210483948508,-33.8552214786182],[151.210538562492,-33.855305841821],[151.210548736628,-33.8553232886396],[151.210564934959,-33.8553510631523],[151.210583817144,-33.8553834421704],[151.210597313828,-33.8554065857626],[151.210600818977,-33.8554125953916],[151.210622147737,-33.8554592962776],[151.210627453195,-33.8554783279978],[151.210631286009,-33.8555052096669],[151.21063238258,-33.8555312418372],[151.210631923997,-33.8555424997779],[151.210631826281,-33.8555449042149],[151.210631261272,-33.8555495544258],[151.210630131386,-33.8555588485372],[151.21062861662,-33.8555712561961],[151.210625545341,-33.8555866224228],[151.210621754279,-33.8556010016077],[151.210617324664,-33.8556147484143],[151.210606016898,-33.8556419521804],[151.210588730533,-33.8556729096628],[151.210578073373,-33.8556859194868],[151.210567117129,-33.8556992252479],[151.21055537413,-33.8557125781967],[151.210543061578,-33.8557252032811],[151.210528223512,-33.8557374463218],[151.210516909718,-33.8557485655647],[151.210503212569,-33.8557591199703],[151.21048877301,-33.8557693056003],[151.210473840322,-33.855778934003],[151.21045871535,-33.8557878319033],[151.210439601905,-33.8557980335155],[151.210419888437,-33.8558075690387],[151.210391938419,-33.8558191518367],[151.210322362934,-33.8558437996566],[151.210286745729,-33.8558566110717],[151.210268103904,-33.855862286434],[151.210207870025,-33.8558550786549],[151.210205866342,-33.8558723702705],[151.21019174265,-33.8559941658175],[151.210103921718,-33.8559870947432],[151.210100662385,-33.8560151448717],[151.210099628231,-33.8560240435992],[151.210099430544,-33.856025747731],[151.21008722049,-33.8561308301615],[151.210071955468,-33.856129601186],[151.21006981144,-33.8561294284696],[151.210067670654,-33.8561292558002],[151.209741237394,-33.8561029828881],[151.209757788214,-33.8559595420153],[151.209380987873,-33.8559292144042],[151.209297700311,-33.8560183274095],[151.209295815372,-33.856020344274],[151.209294241097,-33.8560220284003],[151.20927042787,-33.8560475074246],[151.209268538495,-33.8560495296346],[151.209266831546,-33.8560513561117],[151.209236705687,-33.8560835894417],[151.20931950474,-33.8563178530863],[151.209250775726,-33.8563354699602],[151.209245592379,-33.8563367977509],[151.209272898819,-33.8564269830886],[151.209270422882,-33.8564425527028],[151.209281818647,-33.8564522659759],[151.209290927557,-33.8564759474064],[151.209304397201,-33.8564874338868],[151.209302043214,-33.8565066365996],[151.209310112525,-33.8565303101357],[151.209312800753,-33.8565365667293],[151.20936137765,-33.8566366250404],[151.209387868688,-33.8566425016059],[151.209397908118,-33.856666655538],[151.209429193695,-33.8566920569052],[151.209467072549,-33.8567095844469],[151.20948553361,-33.8567374325509],[151.209523698659,-33.8567860392586],[151.209576301185,-33.8568100261824],[151.209611760891,-33.8568390626679],[151.209638382482,-33.8568812525341],[151.209679582716,-33.8568935079742],[151.20968246877,-33.8568958295149],[151.209734868469,-33.8569379799752],[151.209755748862,-33.8569543199541],[151.209772232504,-33.8569688403576],[151.210272245183,-33.8569937226203],[151.210303186651,-33.8569681900287],[151.210325347404,-33.85694990257],[151.210322850027,-33.856946720112],[151.210322116982,-33.8569456950028],[151.210321767926,-33.8569451741353],[151.210321417809,-33.8569446523506],[151.21032108623,-33.8569441227195],[151.210320755713,-33.8569435940055],[151.210319931818,-33.856942157283],[151.210318470265,-33.8569392162066],[151.210316870967,-33.8569354173737],[151.210315769239,-33.8569314968178],[151.210314915376,-33.856927507722],[151.210314604172,-33.8569234633854],[151.210314445809,-33.8569209001301],[151.210314541871,-33.8569190935268],[151.210315091198,-33.85691550715],[151.210315833795,-33.8569115159914],[151.21031713957,-33.8569076258918],[151.210318671905,-33.8569038076151],[151.210320728037,-33.8569001646703],[151.210322993657,-33.8568966347807],[151.210325729836,-33.8568933452771],[151.210328714035,-33.856890135122],[151.210332116673,-33.8568872286198],[151.210335647889,-33.8568845313862],[151.210339516738,-33.8568821772102],[151.210343561418,-33.8568799951158],[151.210347867229,-33.8568781964482],[151.210352705483,-33.8568764695372],[151.210353950451,-33.8568761151973],[151.210354366888,-33.8568759968044],[151.210357740713,-33.856875196359],[151.210362413752,-33.8568743426423],[151.210365552549,-33.8568739797366],[151.210365745259,-33.8568739645004],[151.21036709849,-33.8568738606143],[151.210368462264,-33.8568737695057],[151.210368810775,-33.856873746613],[151.210372238932,-33.8568736575311],[151.210375244216,-33.8568737363446],[151.210375298186,-33.8568737398337],[151.210376662594,-33.8568738254762],[151.210378036465,-33.8568739238805],[151.210378194033,-33.8568739351863],[151.21038213619,-33.8568743874019],[151.210382813789,-33.8568744955327],[151.210383490326,-33.8568746027464],[151.210383827345,-33.8568746644508],[151.210386177288,-33.8568751223987],[151.210388499926,-33.8568756457773],[151.210391355661,-33.8568764167621],[151.210391989277,-33.8568766126251],[151.210392622892,-33.8568768084881],[151.210392938478,-33.856876913165],[151.210395121104,-33.856877671669],[151.210397376216,-33.8568785304177],[151.210397695673,-33.8568786567926],[151.210403839694,-33.8568815874183],[151.210411285531,-33.8568864639782],[151.21041767394,-33.8568922900482],[151.210422834137,-33.8568989107533],[151.21041203675,-33.8569037649439],[151.210415106155,-33.8569096807804],[151.210416926401,-33.8569159445842],[151.210417445044,-33.8569223761466],[151.210416695765,-33.8569286044379],[151.210414725808,-33.8569346445719],[151.210411589434,-33.856940330514],[151.2104073731,-33.8569455075176],[151.210402191088,-33.856950033865],[151.210401861721,-33.856950278865],[151.210407754276,-33.8569566108272],[151.210409491409,-33.8569583105952],[151.210402012867,-33.8569628234293],[151.210393766205,-33.8569662826906],[151.210384964023,-33.8569686003904],[151.210375831327,-33.8569697157724],[151.210363715888,-33.8570138587759],[151.21032777778,-33.8571447986119],[151.210324694315,-33.8571381061669],[151.210323117424,-33.8571346836872],[151.21029121489,-33.8572553778807],[151.210282407864,-33.8572886947827],[151.210292994618,-33.8572913995774],[151.210295008329,-33.8572919139625],[151.210296976883,-33.8572924168707],[151.21032223374,-33.8572988686627],[151.210326449569,-33.8573008136357],[151.210328084301,-33.8573015677908],[151.210339269916,-33.8573061343645],[151.210340354442,-33.8573007784216],[151.210341399159,-33.8573010082096],[151.210341922058,-33.8573011231114],[151.210342440447,-33.8573012469652],[151.210343480465,-33.8573014947198],[151.210343999934,-33.8573016185892],[151.210344513775,-33.8573017531979],[151.21034554684,-33.8573020233951],[151.210346062842,-33.8573021580351],[151.210346573234,-33.8573023025128],[151.210347596142,-33.8573025933026],[151.210348107596,-33.8573027386975],[151.210348613441,-33.8573028939302],[151.210349628334,-33.8573032062454],[151.21035013632,-33.8573033624109],[151.210350637654,-33.8573035265955],[151.210351644607,-33.8573038568303],[151.210352642577,-33.857304203166],[151.210353141563,-33.8573043763339],[151.210353634957,-33.8573045584381],[151.210354623907,-33.8573049226777],[151.210355118381,-33.8573051047975],[151.210355607247,-33.8573052967551],[151.210356584959,-33.8573056815716],[151.210357073824,-33.8573058735292],[151.210357555999,-33.8573060753087],[151.210358521411,-33.857306479785],[151.210359004648,-33.8573066824817],[151.210359481214,-33.857306894099],[151.210360435407,-33.8573073182507],[151.210360911954,-33.8573075307695],[151.210361380749,-33.8573077521931],[151.210362321543,-33.8573081968904],[151.210362792481,-33.8573084192468],[151.210363255666,-33.8573086505082],[151.210364183099,-33.857309113948],[151.210364646266,-33.8573093461108],[151.210365103879,-33.8573095854069],[151.210366020168,-33.8573100649163],[151.210366923152,-33.8573105604638],[151.210367374114,-33.857310807779],[151.210367819503,-33.857311063129],[151.210368710281,-33.8573115738289],[151.210369155671,-33.8573118291789],[151.210369592228,-33.857312093418],[151.210370467484,-33.8573126228291],[151.210370905121,-33.857312887084],[151.210371336125,-33.8573131584564],[151.210372198095,-33.8573137030042],[151.210373046798,-33.8573142617873],[151.210373470069,-33.8573145411631],[151.210373886706,-33.8573148276566],[151.210374721042,-33.8573154015607],[151.210375137679,-33.8573156880541],[151.210375547683,-33.8573159816652],[151.210376367671,-33.8573165697888],[151.21037717225,-33.8573171712147],[151.210377574539,-33.8573174719277],[151.210377969114,-33.8573177797426],[151.210378759345,-33.8573183953881],[151.210379153921,-33.857318703203],[151.2103795408,-33.8573190172184],[151.210380314523,-33.857319647052],[151.210381072854,-33.8573202892866],[151.21038145202,-33.8573206104039],[151.21038182349,-33.8573209377216],[151.210382565331,-33.8573215932428],[151.210382936802,-33.8573219205605],[151.210383299477,-33.8573222549645],[151.210384025928,-33.8573229228866],[151.210384734827,-33.8573236031783],[151.210385089826,-33.8573239428812],[151.21038543603,-33.8573242896704],[151.210386127377,-33.8573249823316],[151.21038647252,-33.8573253282036],[151.210386807787,-33.8573256811461],[151.210387479365,-33.8573263888499],[151.210387814632,-33.8573267417924],[151.210388141143,-33.8573271000182],[151.210388795187,-33.85732781919],[151.210389430656,-33.8573285480112],[151.210389748391,-33.8573289124218],[151.210390056287,-33.8573292820999],[151.210390674205,-33.8573300232907],[151.210390982101,-33.8573303929688],[151.210391279061,-33.8573307688004],[151.210391875105,-33.8573315222978],[151.210392172046,-33.8573318990309],[151.21039245805,-33.8573322819173],[151.210393030096,-33.8573330458872],[151.210393316119,-33.8573334278721],[151.210393591186,-33.8573338169119],[151.210394140258,-33.8573345940743],[151.210394414283,-33.8573349812954],[151.21039467737,-33.85733537467],[151.210395203526,-33.8573361623205],[151.210395466613,-33.857336555695],[151.210395717683,-33.8573369552072],[151.210396219822,-33.8573377542316],[151.210396470911,-33.8573381528424],[151.210396712162,-33.8573385567207],[151.210397193602,-33.8573393635602],[151.210397656486,-33.8573401791477],[151.210397886875,-33.8573405855735],[151.210398107446,-33.8573409963654],[151.210398549611,-33.8573418206694],[151.210398770181,-33.8573422314614],[151.210398978734,-33.857342648391],[151.210399394835,-33.8573434786287],[151.210399603407,-33.8573438946569],[151.210399799999,-33.8573443150198],[151.210400192121,-33.8573451548284],[151.210400388713,-33.8573455751913],[151.210400574424,-33.8573459990032],[151.210400944785,-33.8573468457098],[151.210401294485,-33.8573476984285],[151.210401469335,-33.8573481247879],[151.210401634365,-33.8573485555133],[151.210401963403,-33.8573494142442],[151.21040212741,-33.8573498422496],[151.210402279418,-33.8573502754912],[151.210402582373,-33.8573511410572],[151.210402733319,-33.8573515733816],[151.210402872304,-33.8573520091393],[151.210403149176,-33.8573528815405],[151.210403287099,-33.857353316381],[151.210403414161,-33.8573537537691],[151.210403669347,-33.8573546294623],[151.210403903871,-33.8573555111677],[151.210404020071,-33.8573559511032],[151.21040412649,-33.8573563936019],[151.210404338266,-33.8573572776821],[151.210404443642,-33.8573577183622],[151.210404538138,-33.8573581624912],[151.210404727129,-33.8573590507493],[151.210404895533,-33.8573599414136],[151.210404979205,-33.8573603862872],[151.210405052033,-33.8573608328068],[151.210405196591,-33.8573617267318],[151.21040526942,-33.8573621732514],[151.210405329263,-33.8573626204841],[151.210405447832,-33.8573635167369],[151.210405506576,-33.8573639648555],[151.210405554496,-33.8573644137186],[151.210405650317,-33.8573653123462],[151.210405724508,-33.8573662115615],[151.210405761604,-33.8573666611692],[151.210405787876,-33.8573671115213],[151.210405839339,-33.8573680122101],[151.21040586453,-33.8573684625465],[151.210405876755,-33.8573689126947],[151.210405902247,-33.8573698148098],[151.210405914472,-33.8573702649579],[151.210405913712,-33.8573707158193],[151.21040591111,-33.8573716175263],[151.210405909269,-33.857372068372],[151.210405896623,-33.8573725190607],[151.210405872411,-33.8573734204539],[151.210405825508,-33.8573743215175],[151.210405802245,-33.8573747630346],[151.210405768899,-33.8573752215385],[151.210405703646,-33.8573761214339],[151.210405616801,-33.857377020114],[151.210405572857,-33.8573774685447],[151.210405518108,-33.8573779168185],[151.210405408591,-33.8573788142675],[151.210405353842,-33.8573792625414],[151.210405285064,-33.8573797097097],[151.210405148571,-33.8573806049635],[151.210405080875,-33.8573810521475],[151.210404999168,-33.8573814973246],[151.210404836818,-33.8573823885959],[151.210404755112,-33.857382833773],[151.210404660458,-33.8573832778603],[151.210404471151,-33.8573841660349],[151.210404376516,-33.8573846092207],[151.210404270014,-33.8573850513325],[151.210404058091,-33.8573859355716],[151.210403824633,-33.8573868158911],[151.210403708444,-33.8573872560586],[151.210403581506,-33.8573876933649],[151.210403325431,-33.8573885697488],[151.210403197394,-33.8573890079409],[151.210403056447,-33.8573894432402],[151.210402775633,-33.8573903138544],[151.210402634686,-33.8573907491537],[151.210402481909,-33.8573911815759],[151.210402101589,-33.8573922626551],[151.210443747875,-33.8573979208456],[151.210454952705,-33.8573994433977],[151.210460940972,-33.8574002571675],[151.210470973176,-33.8574016193115],[151.210471282499,-33.8574016616769],[151.210460784936,-33.8574580892061],[151.210460687509,-33.8574586144102],[151.210299941246,-33.8582974895856],[151.210261809502,-33.858496481931],[151.210239663202,-33.8586120542939],[151.210205339817,-33.8587911733666],[151.21012682142,-33.8592009190965],[151.210120755246,-33.859232576898],[151.210114794664,-33.8592636807582],[151.210109621242,-33.8592906795882],[151.210107308089,-33.8593027501046],[151.210105487429,-33.8593122496872],[151.210097156666,-33.8593557217113],[151.210080577266,-33.8593537414184],[151.210061785585,-33.8593517993239],[151.210061711501,-33.8593523970061],[151.210061600915,-33.8593532935373],[151.210061545082,-33.859353741795],[151.210061470917,-33.8593541879829],[151.210061322549,-33.8593550821617],[151.210061139716,-33.8593559704294],[151.2100610483,-33.8593564145633],[151.21006093857,-33.8593568557259],[151.210060720173,-33.8593577389683],[151.210060611524,-33.8593581801466],[151.210060484563,-33.8593586183537],[151.210060231719,-33.8593594947835],[151.210059944449,-33.8593603634993],[151.210059800274,-33.8593607978493],[151.210059638885,-33.8593612283423],[151.210059317168,-33.8593620902455],[151.210059156878,-33.8593625198527],[151.210058976152,-33.8593629446544],[151.210058613619,-33.859363794242],[151.210058432912,-33.8593642181422],[151.210058231768,-33.8593646372368],[151.210057830599,-33.8593654736388],[151.210057629474,-33.8593658918319],[151.210057412253,-33.8593663043807],[151.210056976713,-33.8593671303642],[151.210056509019,-33.8593679432563],[151.210056275722,-33.8593683492594],[151.210056029552,-33.8593687505668],[151.210055536132,-33.8593695531659],[151.210055011659,-33.8593703417878],[151.210054750512,-33.8593707356636],[151.210054473307,-33.8593711220923],[151.210053917798,-33.8593718958354],[151.210053640593,-33.8593722822641],[151.210053345188,-33.8593726603127],[151.210052753317,-33.8593734154927],[151.21005245903,-33.8593737917541],[151.210052145462,-33.8593741596197],[151.210051518346,-33.8593748944494],[151.210051205897,-33.8593752605277],[151.210050875267,-33.8593756173245],[151.210050214006,-33.859376330918],[151.210049884456,-33.8593766877305],[151.210049539966,-33.8593770353085],[151.210048850987,-33.8593777304645],[151.210048135389,-33.8593784062973],[151.210047778158,-33.8593787428693],[151.21004740705,-33.859379071124],[151.210046664852,-33.8593797267319],[151.210046293763,-33.8593800540852],[151.21004590779,-33.8593803694995],[151.210045134764,-33.8593810003125],[151.21004474881,-33.8593813148254],[151.210044350096,-33.8593816192337],[151.21004355373,-33.8593822289676],[151.210042734063,-33.8593828158194],[151.210042323689,-33.8593831092374],[151.210041901673,-33.8593833907636],[151.210041057624,-33.8593839547176],[151.210040636689,-33.8593842362595],[151.210040204093,-33.8593845068111],[151.210039338921,-33.8593850470129],[151.210038453689,-33.8593855643796],[151.210038011632,-33.8593858221694],[151.210037559015,-33.859386068083],[151.210036651618,-33.859386559879],[151.210036200099,-33.8593868049068],[151.210035735896,-33.8593870362243],[151.210034807509,-33.8593874979577],[151.210034343325,-33.8593877283737],[151.210033867556,-33.8593879441935],[151.210032918216,-33.8593883740614],[151.210032444626,-33.8593885890112],[151.210031959471,-33.8593887884632],[151.21003099024,-33.8593891873829],[151.210030506165,-33.8593893868506],[151.210030012704,-33.8593895699506],[151.210029024682,-33.8593899370362],[151.21002853122,-33.8593901201362],[151.210028029453,-33.8593902868841],[151.2100270259,-33.8593906212814],[151.210026524133,-33.8593907880293],[151.21002601514,-33.8593909384408],[151.210024996094,-33.8593912383467],[151.21002448712,-33.8593913878567],[151.210023970921,-33.8593915210305],[151.210022938505,-33.8593917882793],[151.210022422306,-33.859391921453],[151.210021900987,-33.8593920410261],[151.210020858367,-33.8593922792709],[151.210019806624,-33.8593924885274],[151.210019282383,-33.8593925927284],[151.210018752964,-33.8593926860333],[151.210017695227,-33.8593928717573],[151.210016631609,-33.8593930285401],[151.210016100331,-33.85939310739],[151.210015565031,-33.8593931717536],[151.210014494451,-33.8593932995794],[151.210013960251,-33.8593933630573],[151.210013423167,-33.85939340936],[151.210012347918,-33.8593935019499],[151.210011810833,-33.8593935482527],[151.210011270884,-33.859393576479],[151.210010192065,-33.8593936329472],[151.210009653196,-33.8593936611892],[151.210009113547,-33.8593936749919],[151.210008033169,-33.8593937025817],[151.210006952351,-33.8593936995057],[151.210006413022,-33.8593936979834],[151.210005872857,-33.8593936847263],[151.210004792509,-33.8593936591135],[151.2100037128,-33.8593936028507],[151.210003174017,-33.8593935751858],[151.210002635554,-33.8593935321958],[151.21000156077,-33.8593934471487],[151.210001023387,-33.8593934041744],[151.210000487461,-33.8593933431864],[151.209999415591,-33.8593932221118],[151.209998880726,-33.8593931620409],[151.20999834948,-33.8593930839877],[151.209997284827,-33.8593929278499],[151.2099967525,-33.859392849781],[151.209996223716,-33.8593927573357],[151.209995166148,-33.859392572445],[151.209994116765,-33.8593923579156],[151.209993602291,-33.8593922530537],[151.209993072005,-33.8593921290255],[151.209992029688,-33.8593918866446],[151.209991518757,-33.8593917674063],[151.209990995255,-33.8593916290487],[151.209989965427,-33.8593913579934],[151.209988944845,-33.8593910582166],[151.209988435635,-33.8593909083439],[151.209987930972,-33.8593907477164],[151.209986921666,-33.8593904255598],[151.20998592483,-33.8593900756302],[151.209985428032,-33.859389900689],[151.20998493692,-33.8593897123042],[151.209983954695,-33.8593893355345],[151.209983464644,-33.8593891480669],[151.209982982515,-33.8593889435812],[151.209982019337,-33.8593885346254],[151.209981538288,-33.8593883301553],[151.209981067284,-33.8593881105016],[151.209980123134,-33.8593876702612],[151.20997965213,-33.8593874506074],[151.20997919119,-33.8593872148684],[151.209978269309,-33.8593867433904],[151.209977809431,-33.8593865085686],[151.209977359597,-33.859386258563],[151.209976459967,-33.8593857567489],[151.209976011214,-33.859385506759],[151.20997557245,-33.8593852442898],[151.209974694939,-33.8593847184499],[151.209973837368,-33.8593841694544],[151.209973409654,-33.859383895423],[151.209972991927,-33.8593836089123],[151.209972157537,-33.8593830368081],[151.209971739811,-33.8593827502974],[151.209971333116,-33.859382453126],[151.209970520826,-33.8593818578974],[151.209969732779,-33.8593812404774],[151.209969339295,-33.8593809317753],[151.209968955706,-33.8593806151012],[151.209968187466,-33.8593799808358],[151.209967444512,-33.8593793261975],[151.209967073034,-33.8593789988784],[151.209966715811,-33.8593786618472],[151.209965999242,-33.8593779859504],[151.209965640938,-33.8593776489034],[151.209965299106,-33.8593772994714],[151.209964615424,-33.8593766015087],[151.209964273573,-33.8593762529781],[151.209963944896,-33.8593758947196],[151.209963288623,-33.8593751782184],[151.20996266082,-33.859374444096],[151.209962347459,-33.8593740770426],[151.209962049395,-33.8593737020957],[151.209961451143,-33.8593729503677],[151.209961151999,-33.8593725754051],[151.209960871431,-33.8593721907932],[151.209960309233,-33.8593714206522],[151.209960027603,-33.8593710351231],[151.209959762332,-33.8593706426177],[151.209959230709,-33.8593698575912],[151.209958730724,-33.8593690585964],[151.209958480731,-33.859368659099],[151.209958246017,-33.8593682526096],[151.209957777669,-33.8593674396465],[151.209957544016,-33.8593670340742],[151.209957326722,-33.8593666215257],[151.209956891035,-33.8593657973143],[151.209956488047,-33.8593649600518],[151.209956287074,-33.8593645423299],[151.209956101361,-33.8593641185174],[151.209955731016,-33.8593632709082],[151.209955546364,-33.8593628480128],[151.209955382375,-33.8593624191055],[151.209955053335,-33.8593615603736],[151.209954888284,-33.8593611305491],[151.209954743858,-33.8593606965154],[151.209954455024,-33.8593598275466],[151.209954310598,-33.859359393513],[151.209954186797,-33.8593589552702],[151.209953940311,-33.8593580769975],[151.209953816529,-33.8593576378532],[151.209953713352,-33.8593571954014],[151.209953508078,-33.8593563105133],[151.209953405982,-33.8593558680772],[151.209953324491,-33.8593554223334],[151.20995316151,-33.8593545308457],[151.209953080019,-33.8593540851019],[151.209953019097,-33.8593536378534],[151.20995289837,-33.8593527415691],[151.209952837467,-33.8593522934191],[151.209952800354,-33.859351844713],[151.209952672437,-33.8593503089875],[151.209940842495,-33.859353815351],[151.209939178559,-33.8593546658712],[151.209936760012,-33.859351847052],[151.209934873333,-33.8593496978396],[151.209930071233,-33.8593533622033],[151.209927224262,-33.8593555337261],[151.209922693479,-33.859358990121],[151.209917252147,-33.8593631411574],[151.20991280484,-33.859366533839],[151.209910404879,-33.8593683655854],[151.209907061655,-33.8593721485298],[151.209904094813,-33.8593755059082],[151.209900110593,-33.859380015364],[151.209896289128,-33.8593843396213],[151.209894370653,-33.8593865102039],[151.209891298297,-33.8593907281168],[151.209887020814,-33.8593966003564],[151.209883683627,-33.8594011814317],[151.209880514439,-33.8594055331992],[151.209878876708,-33.85940813168],[151.209875122794,-33.8594140872718],[151.209867954797,-33.8594254596401],[151.209861158842,-33.8594384785875],[151.209857564935,-33.8594453643983],[151.209854307982,-33.8594525743215],[151.209850459488,-33.8594610930996],[151.20984360792,-33.8594762582915],[151.209838303566,-33.8594903133695],[151.209831617033,-33.8595080319931],[151.20982242483,-33.8595383422427],[151.209821791002,-33.859540434099],[151.209820294233,-33.8595459625908],[151.209819175781,-33.8595500925628],[151.209815375414,-33.8595641244022],[151.2098007665,-33.8596180655208],[151.20976615306,-33.8596122775241],[151.209738952698,-33.8597143818225],[151.209773493404,-33.8597211706088],[151.209764313096,-33.8597582098416],[151.209741902415,-33.8597540464233],[151.209715013567,-33.8598617803201],[151.209737491332,-33.8598653721107],[151.209735898143,-33.8598723086266],[151.209733074248,-33.8598846097739],[151.209720267722,-33.8599403832589],[151.209715064699,-33.8599630442463],[151.209714010078,-33.8599676368374],[151.209708821336,-33.8599902349099],[151.209704512411,-33.8600090025305],[151.209704048725,-33.8600110211114],[151.209703707163,-33.8600126780636],[151.209703092537,-33.8600156620231],[151.209695943614,-33.8600503492554],[151.209675640688,-33.8601488565909],[151.209674962391,-33.8601521462181],[151.20966918196,-33.8601844465754],[151.209652834116,-33.8602758010214],[151.209649399403,-33.8602949925361],[151.209634650201,-33.8602934066839],[151.209626871169,-33.8602925704585],[151.209608337652,-33.8604009604523],[151.209615350978,-33.8604017143157],[151.209622163713,-33.8604024463275],[151.209631936866,-33.8604034963849],[151.209630686895,-33.860411905925],[151.209629155374,-33.8604222041354],[151.209627360996,-33.8604342722575],[151.209625647065,-33.8604458005019],[151.209623974795,-33.8604580254982],[151.209623129144,-33.8604642054888],[151.209620075592,-33.8604865216734],[151.209615872858,-33.8605172344341],[151.209615448175,-33.8605203356742],[151.209612207113,-33.8605440224903],[151.20961155124,-33.8605500690749],[151.209610919654,-33.860555884264],[151.209604263575,-33.8606172333051],[151.209602670837,-33.8606319131022],[151.209602155392,-33.8606366695274],[151.209600705845,-33.8606500303498],[151.209599305972,-33.8606629274955],[151.20959883628,-33.8606672526501],[151.209597427618,-33.8606833147902],[151.209596695656,-33.8606916597167],[151.209595230352,-33.8607083639774],[151.209594990709,-33.8607114552814],[151.209594942045,-33.8607120776796],[151.209594768063,-33.8607182367698],[151.209594447632,-33.8607295985996],[151.209594028922,-33.8607444253061],[151.209594042661,-33.860745009836],[151.209594133164,-33.8607487515859],[151.209594411361,-33.8607573267067],[151.209594574533,-33.8607623508911],[151.209594690375,-33.8607659144638],[151.209595067787,-33.860777555153],[151.209595249206,-33.8607801521071],[151.20959542747,-33.8607826931072],[151.209596022146,-33.8607911754381],[151.2095965311,-33.860798431053],[151.209597399108,-33.8608108029711],[151.209598640184,-33.8608223389825],[151.209600113001,-33.8608360290209],[151.209600644314,-33.8608409710851],[151.209600990112,-33.8608441854172],[151.209601669491,-33.8608479375269],[151.20960252238,-33.8608526462031],[151.209603576918,-33.8608584651511],[151.20960533015,-33.8608681465022],[151.209606875055,-33.8608766751025],[151.209611786587,-33.8608923150801],[151.209612272056,-33.8608938614112],[151.209617048795,-33.8609090720033],[151.209622732869,-33.8609208953014],[151.209626985321,-33.860929740077],[151.20963256451,-33.8609377339466],[151.209640136749,-33.8609485819389],[151.209652371426,-33.8609626159055],[151.209655023161,-33.8609656572422],[151.209655307117,-33.8609659832907],[151.209656539034,-33.8609673961881],[151.20965800379,-33.860968839521],[151.209659981194,-33.8609707862617],[151.209662626891,-33.8609733919681],[151.209672909937,-33.8609835200765],[151.209680031104,-33.8609893622428],[151.209692521063,-33.8609996080804],[151.20971746754,-33.8610084469276],[151.209736917164,-33.8610103697839],[151.209744558524,-33.8610111246498],[151.209751874932,-33.861011860366],[151.20975761112,-33.8610124378617],[151.209770725196,-33.8610137573759],[151.209773029165,-33.8610139892332],[151.209798878714,-33.8610165902937],[151.209810086765,-33.8610177216017],[151.20986284377,-33.8606732543786],[151.209869856887,-33.860673242644],[151.209877390401,-33.8606258265592],[151.209880210253,-33.8606080752089],[151.20987894196,-33.8606071622532],[151.209873636283,-33.8606057424767],[151.209922271311,-33.8603240353336],[151.210045428586,-33.8603346966743],[151.210092108083,-33.8603387373495],[151.210099590566,-33.8603393852822],[151.210099398588,-33.8603417991684],[151.210097529061,-33.8603653950086],[151.210089412932,-33.8604678189718],[151.210084560143,-33.8605290643892],[151.210079867441,-33.8605882841082],[151.210079369819,-33.8605945701532],[151.210076477522,-33.8606230449016],[151.210073671024,-33.860623068158],[151.210067572608,-33.8606231193419],[151.210059025124,-33.860690068724],[151.210065146198,-33.8606915733786],[151.210015358705,-33.8610404158183],[151.210021661044,-33.8610410051329],[151.210023343977,-33.8610411621366],[151.210025921202,-33.8610414042709],[151.210077342077,-33.8610462144893],[151.210320019745,-33.8610689177238],[151.210370260015,-33.8607192457995],[151.21037698181,-33.8607190539649],[151.210387216101,-33.8606558451436],[151.210387797985,-33.8606522538312],[151.210379030521,-33.8606512319656],[151.210431884857,-33.8603676065443],[151.210603950173,-33.8603818641014],[151.210603791104,-33.8603844110229],[151.210603706475,-33.8603857732316],[151.21059184041,-33.8605756850322],[151.210588000479,-33.8606371516829],[151.210587562442,-33.8606441581879],[151.21058539765,-33.860669633493],[151.210582655949,-33.8606695558048],[151.210576697246,-33.860669386312],[151.210567680629,-33.8607343351663],[151.210573973732,-33.8607354698736],[151.210524708644,-33.861089522303],[151.210530837714,-33.8610900757109],[151.210532971709,-33.8610902690157],[151.210535103562,-33.8610904613878],[151.210643594861,-33.8611002599069],[151.21081983071,-33.8611161765431],[151.210852626437,-33.8608934953452],[151.210857187613,-33.8608625235297],[151.210871761315,-33.8607635684974],[151.210881587699,-33.8607642459072],[151.210887208703,-33.8607179625276],[151.210888436906,-33.8607078447529],[151.210888996156,-33.8606973583711],[151.210882771928,-33.8606967044079],[151.210939303567,-33.8604104575597],[151.210990064915,-33.8604150540215],[151.211110711483,-33.8604259781299],[151.211110501002,-33.8604285549653],[151.211110387609,-33.8604299492196],[151.211091804664,-33.8606574907595],[151.211089923341,-33.8606805246604],[151.211087064993,-33.8607155231505],[151.211085315652,-33.8607153372432],[151.211079141221,-33.8607146795042],[151.211071199542,-33.8607813311715],[151.211079057363,-33.8607818131632],[151.2110262611,-33.8611364232393],[151.211032465311,-33.8611370020603],[151.211034591632,-33.8611372006556],[151.211036708247,-33.8611373982082],[151.211328287846,-33.8611646039726],[151.211381442676,-33.8607777651912],[151.211406001246,-33.8605990415142],[151.211425931588,-33.8604539921256],[151.211635086155,-33.8604727560754],[151.211634792479,-33.8604749692032],[151.211634609045,-33.8604763534242],[151.211540650276,-33.8611840323719],[151.211547286238,-33.861184640879],[151.211548997272,-33.8611847982698],[151.211551136619,-33.8611849943401],[151.211564310341,-33.8611862036153],[151.211889488201,-33.8612160490669],[151.21190427047,-33.8608651476788],[151.211914620193,-33.8608637955597],[151.211915858458,-33.8608314679488],[151.211916759872,-33.8608079346738],[151.211916719611,-33.8607937947337],[151.211910966682,-33.8607936571472],[151.211939372927,-33.8604979914155],[151.212112599702,-33.8605056638569],[151.212112595141,-33.8605090453334],[151.212112303079,-33.8607019287939],[151.212112217817,-33.8607581251867],[151.212112205291,-33.8607666068153],[151.212112153212,-33.8608013538887],[151.212110464688,-33.8608014132511],[151.212108268848,-33.8608014905014],[151.212102470956,-33.8608016949344],[151.212100254406,-33.8608712035175],[151.212105194691,-33.8608719542132],[151.212108059746,-33.8608723889448],[151.212093544236,-33.8612389467253],[151.212099510409,-33.8612385526635],[151.21210170875,-33.8612384078189],[151.212103961214,-33.861238259251],[151.212105804542,-33.8612381372093],[151.212107485501,-33.8612380263379],[151.212109506345,-33.861237892444],[151.212115973653,-33.8612374659759],[151.212122794419,-33.8612335657053],[151.212318733783,-33.8611216065363],[151.212378256219,-33.8610874751648],[151.212406937101,-33.8610710295252],[151.212437227233,-33.8610536603921],[151.212485734276,-33.8610258463981],[151.21248868278,-33.8610238854941],[151.212494900944,-33.8610197501225],[151.212505973735,-33.8610123856902],[151.212524303895,-33.8609970261617],[151.212529149707,-33.8609911602708],[151.212557744426,-33.8609565458938],[151.212575993974,-33.8609231160267],[151.212590733743,-33.860892386468],[151.212604563978,-33.8608618357853],[151.212616634029,-33.8608309962591],[151.212625614251,-33.8608046458848],[151.212629953555,-33.8607830958096],[151.212661616863,-33.8604724107589],[151.212661779974,-33.8604708080191],[151.212662023258,-33.8604684183172],[151.212663573606,-33.8604532058264],[151.212680294002,-33.8603052366737],[151.212695923943,-33.8601572562064],[151.212705653979,-33.8601581457857],[151.212706684254,-33.8601392060524],[151.21269804377,-33.8601383160455],[151.212703286741,-33.8600869385309],[151.212711754404,-33.8600039556414],[151.212721484404,-33.8600048461203],[151.212723604219,-33.8599859059582],[151.212714113839,-33.8599857060846],[151.212723864027,-33.8598980256692],[151.212724874027,-33.8598763758975],[151.21272279396,-33.8598438765985],[151.212718744086,-33.8598113460232],[151.212718165129,-33.8598081111824],[151.212710994144,-33.8597680364259],[151.21270525369,-33.8597298562441],[151.212697444049,-33.8597095357666],[151.212687333653,-33.8596781463626],[151.212679544125,-33.8596464362356],[151.212672913679,-33.8596087959125],[151.21266863388,-33.8595763557814],[151.212665973567,-33.8595437966647],[151.212664914023,-33.8595145061468],[151.212657484502,-33.8594748063692],[151.212668223425,-33.8593954363467],[151.21267407425,-33.8593976664628],[151.212677603831,-33.8593768963673],[151.212686363778,-33.8593388561701],[151.212697083583,-33.8593027759365],[151.21269852215,-33.8592997200483],[151.212717613858,-33.859259156031],[151.212694094022,-33.8592510057772],[151.21269710792,-33.8592444514244],[151.212717744328,-33.8591995760252],[151.212739464003,-33.8592059859473],[151.212745563626,-33.8591815460514],[151.212754973772,-33.8591493360419],[151.212765913493,-33.8591170156597],[151.212777764156,-33.8590855362904],[151.212791563571,-33.8590539562342],[151.212806663722,-33.8590232363696],[151.212822594272,-33.8589926060965],[151.212840414014,-33.858962606488],[151.212859614534,-33.8589335160229],[151.212880124088,-33.858904576194],[151.21288412828,-33.8589066731122],[151.212885091697,-33.8589054111152],[151.212901571403,-33.8588838008351],[151.212918911147,-33.8588626214351],[151.212936930891,-33.8588418504655],[151.212955641176,-33.8588215007032],[151.212975001609,-33.8588015914005],[151.212995021746,-33.8587821308115],[151.213015661343,-33.8587631309766],[151.213036931685,-33.8587446209151],[151.213059161737,-33.8587265305522],[151.213081991209,-33.858708980907],[151.2131054106,-33.8586919610205],[151.213112577621,-33.8586870449347],[151.213129390972,-33.8586755110513],[151.213153920645,-33.8586596209105],[151.213162349615,-33.8586544697305],[151.213178971093,-33.8586443109243],[151.213204521579,-33.8586295907108],[151.213230560866,-33.8586154808471],[151.213257071666,-33.858601981082],[151.213283841291,-33.8585891316152],[151.213313321139,-33.8585752213098],[151.213315573114,-33.8585741069422],[151.213342591278,-33.8585607407589],[151.213371450631,-33.8585456915558],[151.21339989064,-33.8585301213694],[151.213427910824,-33.8585140013369],[151.213455470564,-33.8584973615292],[151.21348258089,-33.8584801912856],[151.213497015489,-33.8584706130146],[151.213509031997,-33.8584623405801],[151.2135341276,-33.8584450644673],[151.213536045546,-33.8584437441636],[151.213537932804,-33.8584424441552],[151.213562315337,-33.8584244263832],[151.213577058386,-33.8584135306156],[151.213577644579,-33.8584130981603],[151.213581785677,-33.8584098154249],[151.213588189677,-33.8584047376573],[151.213589180983,-33.8584039521803],[151.213611183328,-33.8583865094721],[151.213613582488,-33.8583846073037],[151.213615301357,-33.858383244436],[151.213616100338,-33.8583826112708],[151.213616733029,-33.8583820739853],[151.213616965192,-33.8583818771635],[151.213638187822,-33.8583638307001],[151.213650662569,-33.8583532239633],[151.213652319685,-33.8583518160144],[151.21365325499,-33.8583510207076],[151.21365418272,-33.8583501738915],[151.213662375682,-33.858342702671],[151.21368323276,-33.8583236797205],[151.213684850203,-33.8583222044668],[151.213686010396,-33.8583211464049],[151.213686147031,-33.8583210212395],[151.213688223904,-33.8583191279238],[151.213688643702,-33.8583187444553],[151.213689061264,-33.8583183645614],[151.213689975942,-33.8583174697633],[151.213708847825,-33.8582989996561],[151.213722484245,-33.8582856540177],[151.213723379078,-33.8582847778683],[151.213723476156,-33.8582846836906],[151.213724318211,-33.8582837986604],[151.213725011089,-33.8582830701749],[151.213725416641,-33.8582826441178],[151.213731237016,-33.8582765253837],[151.21375300668,-33.8582536444569],[151.213754518395,-33.8582520558531],[151.213754923966,-33.8582516288945],[151.213755641141,-33.8582508755121],[151.21375645668,-33.8582500180515],[151.213757320081,-33.8582490422542],[151.213773960419,-33.8582302377037],[151.213787150486,-33.8582153318804],[151.213787555615,-33.8582148742558],[151.213787965178,-33.858214411285],[151.213788314523,-33.8582139853147],[151.213794439369,-33.8582065328008],[151.213814304484,-33.8581823554993],[151.213817201111,-33.8581788310838],[151.213817959651,-33.8581779078708],[151.213818668618,-33.858176977627],[151.213819945475,-33.8581752999523],[151.213835639814,-33.8581546890106],[151.213845745613,-33.8581414175236],[151.213846405722,-33.8581405496936],[151.213846984932,-33.8581397257783],[151.213856143887,-33.8581267137947],[151.213861464645,-33.8581191531352],[151.213867066071,-33.8581111943653],[151.213870677077,-33.8581060643755],[151.213873266719,-33.8581023849173],[151.213875877635,-33.8580983585955],[151.213891233738,-33.8580746804162],[151.213894586124,-33.8580695124106],[151.213898511431,-33.8580634590796],[151.21391232389,-33.8580402553845],[151.213922107511,-33.8580238204067],[151.213929611259,-33.858010670806],[151.213932899774,-33.8580045730758],[151.213944100997,-33.8579838014094],[151.213946683104,-33.8579787187245],[151.213957830775,-33.8579567812254],[151.213961362603,-33.8579493280906],[151.213970760911,-33.8579294915505],[151.213982870895,-33.8579019311859],[151.213994160962,-33.8578741407139],[151.214004631095,-33.8578461210361],[151.214011125083,-33.8578270638882],[151.214014250645,-33.8578178906453],[151.214023031049,-33.8577894713492],[151.214027671356,-33.8577730610091],[151.214141910847,-33.8573682711355],[151.214145197772,-33.857364583741],[151.214148925487,-33.8573615808471],[151.214152251662,-33.8573595902046],[151.214154908341,-33.8573583996269],[151.214157450534,-33.8573573606866],[151.214162410886,-33.8573561006952],[151.2141675404,-33.8573555411061],[151.214172721487,-33.8573556711978],[151.214177811047,-33.85735651144],[151.214182660773,-33.8573580209085],[151.21418715021,-33.8573601708053],[151.21419117057,-33.8573628910211],[151.214194610491,-33.8573661312481],[151.214197370467,-33.857369790852],[151.214199381211,-33.8573737714404],[151.214200590798,-33.8573779712653],[151.214200971243,-33.85738228081],[151.214200684208,-33.8573849575397],[151.214200510978,-33.8573865808765],[151.214199890662,-33.8573886008143],[151.214199220749,-33.8573907706248],[151.214265141125,-33.8574033909014],[151.214270614689,-33.8573833991691],[151.214271067483,-33.8573817420103],[151.214611272284,-33.856139049627],[151.214635247802,-33.8561198759979],[151.214664657677,-33.8561176879278],[151.214833945296,-33.8561436750969],[151.21493006068,-33.8561182621418],[151.215041385454,-33.8560941037195],[151.215170983868,-33.8560786763599],[151.215279415552,-33.8560776128131],[151.21536351968,-33.8560848590273],[151.215480516629,-33.8561074017127],[151.215532580076,-33.8561233870371],[151.215559457567,-33.8561316394676],[151.215578446652,-33.8561374700969],[151.215585371791,-33.8561408906046],[151.215597817358,-33.8561470376739],[151.215679073593,-33.8561871714925],[151.215681944858,-33.8561891716596],[151.215764694015,-33.8562468064834],[151.215766575676,-33.8562489411082],[151.215843049355,-33.8563356844539],[151.215891457968,-33.8564362996763],[151.215907968628,-33.8565044410884],[151.215910535682,-33.8565666915099],[151.215915966413,-33.8565678603461],[151.215918195957,-33.856568339891],[151.215920518031,-33.8565688397122],[151.215945135713,-33.8565745425712],[151.215944715635,-33.8565761875862],[151.215916776455,-33.856685534588],[151.215875791694,-33.8568459425309],[151.215803493999,-33.856926144875],[151.215721835041,-33.8570167313943],[151.215669253195,-33.8572112755445],[151.215496692789,-33.8578497186849],[151.215503253136,-33.8578509895648],[151.215505258697,-33.8578513784047],[151.215507189982,-33.8578517526428],[151.215528696792,-33.8578559199546],[151.21552897979,-33.8578573316778],[151.215529244153,-33.8578586520548],[151.215554196442,-33.8579831540164],[151.215568983817,-33.8580617027997],[151.215584564943,-33.8581356100673],[151.215588571926,-33.85815461467],[151.215607800686,-33.8582505656264],[151.215619938886,-33.8582440179795],[151.215621920756,-33.8582429483519],[151.215624108113,-33.8582417689816],[151.215657855453,-33.8582235644691],[151.215674193101,-33.8581923770082],[151.215708801425,-33.8581374090538],[151.215756655678,-33.85806140128],[151.215724323119,-33.8578901812551],[151.21580425312,-33.857882178655],[151.215805216215,-33.8578868528217],[151.215840378397,-33.8580575132351],[151.215790687122,-33.858138594718],[151.215774304976,-33.858165325124],[151.215756171985,-33.8581997887962],[151.215712249848,-33.8582634833562],[151.215645700635,-33.8583193360055],[151.215682581584,-33.8583781733177],[151.215751001856,-33.8584473774834],[151.215802577182,-33.8584987951529],[151.215821390848,-33.8585175524417],[151.215898570056,-33.8585973895871],[151.215997544193,-33.8586842926942],[151.216002389771,-33.8586882412546],[151.216030931744,-33.8587115029015],[151.21606617189,-33.8587402223902],[151.216094356803,-33.8587631397973],[151.216094702245,-33.8587634207324],[151.216188593019,-33.8588268525041],[151.216193769454,-33.8588294974137],[151.216283315192,-33.8588752614347],[151.216329665631,-33.8588989494228],[151.216425541108,-33.8589446110897],[151.216565056151,-33.859036896027],[151.216570520663,-33.8590416461581],[151.216642940702,-33.859104595512],[151.216731862818,-33.8591947250972],[151.21680796145,-33.8592870415435],[151.216893433717,-33.8594103928054],[151.216910029737,-33.8594370054128],[151.217069145467,-33.8596921491648],[151.217113986927,-33.8597700496287],[151.217157101498,-33.8598742975473],[151.217188963553,-33.8599990055727],[151.217204218737,-33.8601126433544],[151.217213144737,-33.8602003626638],[151.217216454801,-33.860232895041],[151.217220860408,-33.8603678842835],[151.217216861682,-33.8604877595058],[151.217200501268,-33.8606418718987],[151.217184262774,-33.8607606349154],[151.217183788555,-33.8607641042836],[151.217157147246,-33.8608958209481],[151.217152745389,-33.8609136749441],[151.217116250867,-33.8610616968707],[151.21708076772,-33.8611911682777],[151.217058499041,-33.8612724215711],[151.217024458598,-33.8614270617086],[151.216980977799,-33.8616136520366],[151.216937825866,-33.8618538693918],[151.216939722942,-33.8620400288207],[151.21698443483,-33.8622457038706],[151.217006027779,-33.8622991760196],[151.217039160996,-33.8623812264438],[151.217143639776,-33.8625827931164],[151.217297135718,-33.8627779180471],[151.217471560161,-33.8629279616139],[151.217485375886,-33.8629375639776],[151.217532060123,-33.8629700141239],[151.217654671262,-33.8630552415909],[151.217660280874,-33.863058018051],[151.217781962473,-33.863118238271],[151.217835581874,-33.8631447739733],[151.217892239883,-33.8631728144281],[151.217894622463,-33.863173584712],[151.217965831306,-33.8631966144771],[151.218089700625,-33.8632366759581],[151.218111662429,-33.8632437791925],[151.218313456795,-33.8632869953551],[151.218316383915,-33.8632876220116],[151.21856054573,-33.8633117941378],[151.218798788478,-33.8633074499826],[151.219034208574,-33.863272986842],[151.219255502569,-33.8632083991751],[151.219460376868,-33.8631177307028],[151.219670517905,-33.8629909914982],[151.219682518416,-33.8629837534402],[151.219841688085,-33.8628641244493],[151.219987409928,-33.8627223948628],[151.22011106493,-33.8625770883307],[151.220224247967,-33.862419989768],[151.220318872329,-33.8622829393817],[151.220483518397,-33.8620411875874],[151.220613109183,-33.8618049169221],[151.220785365407,-33.8614346278525],[151.220862408067,-33.8612458280044],[151.220903325278,-33.8611455575651],[151.221007879553,-33.8608893371898],[151.221053379427,-33.8607769259105],[151.221101828548,-33.8606339979048],[151.221138782384,-33.8605058052853],[151.221162195993,-33.8604028725837],[151.221186367763,-33.8602670839658],[151.221210960829,-33.8601521488971],[151.221257591734,-33.8600008579129],[151.221302241684,-33.8598730477433],[151.221354121767,-33.8597450713911],[151.221413133918,-33.8596257735649],[151.221476600992,-33.8595156647783],[151.221554150781,-33.8593976317636],[151.221646501634,-33.8592862354431],[151.221732732173,-33.8592031512361],[151.221795370775,-33.8591489692645],[151.221811338916,-33.8591429091086],[151.221826653646,-33.8591478236983],[151.221829888811,-33.8591488623042],[151.22188243986,-33.8591686393623],[151.221884455071,-33.8591688785485],[151.221912925624,-33.8591722624313],[151.22195575746,-33.8591608069862],[151.221988032337,-33.8591586305685],[151.222012464599,-33.8591492460393],[151.222034044332,-33.8591444012204],[151.222061636357,-33.859136615982],[151.222109192484,-33.859138883798],[151.22214349968,-33.8591366942797],[151.222171122668,-33.8591323162625],[151.222193951173,-33.8591383518737],[151.222222944464,-33.8591374797679],[151.222247666561,-33.8591399230767],[151.222274678468,-33.8591377013143],[151.222333679593,-33.859156366501],[151.22236015121,-33.8591623770878],[151.222399969517,-33.8591644790607],[151.222407892207,-33.8591675646066],[151.222466663235,-33.8591904501932],[151.222473469279,-33.8591939055748],[151.222526493981,-33.8592208256178],[151.222530540331,-33.8592242907846],[151.222544867065,-33.8592364609172],[151.222552255907,-33.8592412628934],[151.222568041659,-33.8592516163089],[151.222569319329,-33.8592529170225],[151.22260694029,-33.8592912131094],[151.222610048145,-33.8592933364636],[151.222613853027,-33.8592959360749],[151.222627998245,-33.8593056003307],[151.222629557876,-33.8593077428335],[151.222638634036,-33.8593202096432],[151.222644569902,-33.8593283631897],[151.22266719221,-33.8593584354091],[151.222678707806,-33.8593817574616],[151.222695987595,-33.8594022193505],[151.222710828003,-33.8594407720664],[151.222741981514,-33.8594764914209],[151.222751454978,-33.859499987808],[151.222762838888,-33.8595221555211],[151.222756898215,-33.8595485018425],[151.22276449378,-33.8595646633874],[151.222765660461,-33.8595892113348],[151.222771295176,-33.8595927039114],[151.222777367431,-33.8595964679119],[151.222787995337,-33.8596035321825],[151.222788842352,-33.8596313010676],[151.222763826755,-33.8596614779296],[151.222727364012,-33.8596825515683],[151.222738240742,-33.8596908052292],[151.222745190767,-33.8596960778894],[151.222748631203,-33.8596986875699],[151.222755624352,-33.8597279590391],[151.22273239542,-33.8597597009443],[151.222696171525,-33.8597853634],[151.222739565375,-33.8603401027399],[151.222902722494,-33.8614384351767],[151.222922493268,-33.8615605029923],[151.222929218845,-33.8616153188726],[151.222940114836,-33.8617041330313],[151.222952543392,-33.8618287920745],[151.222960537655,-33.8619775693017],[151.222964269816,-33.8621286440276],[151.22295518387,-33.8622917417344],[151.222884688856,-33.8624507489752],[151.222808677666,-33.8625538404681],[151.222708133795,-33.8626532704483],[151.222571289761,-33.8627575078389],[151.222531623981,-33.8627858267029],[151.222500219665,-33.8628204056233],[151.222464801107,-33.8628818230136],[151.222449715938,-33.8628869716872],[151.222446522686,-33.862885781305],[151.222436669411,-33.8628821079218],[151.222418946821,-33.8629203144369],[151.222389269921,-33.8629499306881],[151.222346536327,-33.8629910758556],[151.222318759699,-33.8630281462861],[151.222390341161,-33.8631086561952],[151.222385301215,-33.8631155179147],[151.222391252371,-33.8631222144718],[151.222324484181,-33.8631870823005],[151.22192121436,-33.8635788678357],[151.221841050871,-33.8636567472534],[151.221725403875,-33.8637691004623],[151.22166211186,-33.8638305896378],[151.221656966676,-33.8638355886023],[151.221655556837,-33.8638369578452],[151.221615814441,-33.863811703459],[151.221608173436,-33.8638068481882],[151.221584814194,-33.863829473101],[151.221537944506,-33.8638748713216],[151.221536193872,-33.8638765674867],[151.221504568916,-33.8638572762487],[151.22149728701,-33.8638527228288],[151.221482328896,-33.8638651286614],[151.221479566951,-33.8638922358588],[151.221486701275,-33.863905259955],[151.221479019658,-33.8639351438549],[151.221449372444,-33.863934944962],[151.221412818343,-33.8639788706918],[151.221341442736,-33.8640646397461],[151.22134044281,-33.8640658408654],[151.221300500123,-33.8640437801761],[151.221299116483,-33.8640430000305],[151.22129153483,-33.8640387227144],[151.221274301762,-33.8640697600173],[151.221267763052,-33.8641033746921],[151.221283463546,-33.8641188624905],[151.221273553874,-33.8641698574482],[151.221251635365,-33.864207124],[151.221190500441,-33.8643096644783],[151.221195440174,-33.864343491747],[151.221181988854,-33.8643700144829],[151.221157132757,-33.8643918322777],[151.221149707211,-33.8644292169642],[151.221108223211,-33.8644655544675],[151.221048448072,-33.8645840230968],[151.221004050334,-33.8646387222245],[151.220976989655,-33.8646520146059],[151.220961154672,-33.8646721311622],[151.220933838959,-33.8646831790131],[151.220916743912,-33.8646979128837],[151.220910912766,-33.86470293798],[151.220824357445,-33.8647593169517],[151.22079574013,-33.8648058459035],[151.220768644253,-33.864818382066],[151.220694017389,-33.8649571543647],[151.220658044253,-33.8650058602769],[151.220639255028,-33.8650460241183],[151.220600712358,-33.8650745208537],[151.220601097197,-33.8651025959511],[151.220574571203,-33.8651430348989],[151.220553195588,-33.8651942212836],[151.220586644709,-33.8652190181179],[151.220572559198,-33.8652348306034],[151.220555020618,-33.8652398840868],[151.22054030844,-33.8652563593186],[151.220377881017,-33.8654382463652],[151.220377380518,-33.8654534028903],[151.220382843951,-33.865457036482],[151.220427243482,-33.8654865624685],[151.220478747417,-33.8655208142955],[151.220467536655,-33.8655405070169],[151.220424338006,-33.8655827529909],[151.22037211534,-33.8656209929082],[151.220286475473,-33.8656679930138],[151.220279798505,-33.8656717876021],[151.220229384208,-33.8657004436746],[151.220167807742,-33.8657450391529],[151.220132968218,-33.8657806066067],[151.220105568807,-33.8658159208296],[151.220080409623,-33.8658483475562],[151.220057204875,-33.8658693151754],[151.220051303759,-33.8658768713183],[151.220042550935,-33.8658880780104],[151.220035625972,-33.8658969440258],[151.220049631881,-33.865907263041],[151.22001987477,-33.8659404439196],[151.219927823569,-33.8660430853236],[151.219936836973,-33.8660471850251],[151.219949431321,-33.8660529136127],[151.219951237863,-33.8660537350513],[151.219967385336,-33.8660617558066],[151.219966083024,-33.8660632014268],[151.219916404032,-33.8661183838106],[151.219904442921,-33.8661316695546],[151.219897743166,-33.8661391104503],[151.219881651019,-33.8661601329997],[151.219884028447,-33.8661611042612],[151.219888180901,-33.866162800922],[151.21988969118,-33.8661634178938],[151.219896106369,-33.8661660390714],[151.219898566334,-33.866167043988],[151.220002591221,-33.866201469565],[151.220281537871,-33.8660757568469],[151.22035485037,-33.8660923672781],[151.220426779269,-33.8661086646152],[151.220439271661,-33.8661114952742],[151.220584477676,-33.8661443951335],[151.220583818421,-33.8661464199505],[151.22053555524,-33.8662946561221],[151.220402570263,-33.8662645261355],[151.220357614548,-33.8664026031421],[151.220349893897,-33.8664263157416],[151.2203565764,-33.8664278298063],[151.220358400075,-33.8664282429959],[151.220360259243,-33.8664286648138],[151.220381011648,-33.8664339313689],[151.220380283111,-33.8664361688977],[151.22035877455,-33.8665022267004],[151.220365317192,-33.8665037089871],[151.220367273208,-33.8665041520421],[151.220369131316,-33.8665045729429],[151.220380895362,-33.8665072388902],[151.220418526567,-33.8665157655676],[151.22042125243,-33.8665167202096],[151.220420630162,-33.8665186292347],[151.220417360388,-33.86652867254],[151.220416581048,-33.8665310662389],[151.220391580982,-33.8666078503773],[151.220398068763,-33.8666093201473],[151.220400023701,-33.8666097631863],[151.220401881811,-33.8666101840866],[151.220408173774,-33.8666116095475],[151.220433159836,-33.8666177370911],[151.220432470604,-33.8666198516487],[151.220397862078,-33.8667261482029],[151.220314419271,-33.8667072426061],[151.220306641994,-33.8667311293218],[151.220229036377,-33.8669694830597],[151.220208175349,-33.8669647568571],[151.220185484141,-33.8670344487032],[151.220154192049,-33.8670273589279],[151.220035039627,-33.8673933116684],[151.220014178509,-33.8673885854303],[151.219956430729,-33.8675659459284],[151.219843630529,-33.8679123826521],[151.219792300625,-33.8680700271387],[151.219591463893,-33.868024523097],[151.219588631537,-33.8680332236856],[151.219595265705,-33.8680347280774],[151.219597242191,-33.8680351759497],[151.21959913582,-33.8680356054915],[151.219649489209,-33.8680470250933],[151.21965915318,-33.8680492171079],[151.219673710321,-33.8680525781521],[151.21970647602,-33.8680601420233],[151.219725313927,-33.8680644910082],[151.219738970613,-33.8680676433552],[151.219757619187,-33.8680719481192],[151.219759449041,-33.8680745120695],[151.219785951606,-33.8681116402143],[151.219765342941,-33.8681734636643],[151.219716946381,-33.8681966479963],[151.21966129316,-33.8681833357245],[151.219653911829,-33.8682109919936],[151.219649735232,-33.8682309639095],[151.219646487964,-33.8682510556599],[151.219644173884,-33.868271237543],[151.219642796873,-33.8682914789555],[151.219642359728,-33.8683117492787],[151.219642860907,-33.8683320187327],[151.219644302128,-33.8683522566829],[151.219646679686,-33.8683724333182],[151.219649990976,-33.8683925179417],[151.219654231214,-33.8684124807265],[151.219655368593,-33.8684168453763],[151.219659393453,-33.8684322918146],[151.219665469647,-33.8684519222337],[151.219672450707,-33.8684713411931],[151.21968032747,-33.8684905215079],[151.219689086523,-33.8685094323248],[151.219693153936,-33.8685176762374],[151.219697393408,-33.8685258595138],[151.219701802813,-33.8685339803199],[151.219706382227,-33.8685420350497],[151.219711128445,-33.8685500218536],[151.219716041506,-33.8685579389284],[151.219721120402,-33.8685657826526],[151.21972636085,-33.8685735511609],[151.219731765047,-33.8685812426815],[151.219737327647,-33.8685888544319],[151.219743049786,-33.8685963837232],[151.219748927179,-33.86860382869],[151.219754960945,-33.8686111875449],[151.219761146835,-33.8686184566197],[151.219767484868,-33.8686256350127],[151.219773970778,-33.8686327199571],[151.219780604621,-33.8686397087484],[151.219787383173,-33.8686466004383],[151.219794306491,-33.8686533923224],[151.219801369209,-33.8686600825195],[151.219808571383,-33.8686666683253],[151.219815909789,-33.8686731487914],[151.219823383385,-33.8686795220992],[151.219830988984,-33.8686857854975],[151.219838724501,-33.868691935349],[151.219846586655,-33.8686979734099],[151.21984885214,-33.8686996536308],[151.21985457444,-33.8687038960586],[151.219862685753,-33.8687097005595],[151.219874995791,-33.868717634327],[151.219876021729,-33.8687158609895],[151.220105065111,-33.8683202091275],[151.220107327657,-33.8683163029898],[151.220073216269,-33.8683020603948],[151.220061706262,-33.868297404326],[151.220058112948,-33.8682959502012],[151.220054355601,-33.8682944305843],[151.220044076921,-33.8682697248657],[151.220033112564,-33.8682433689659],[151.220067910682,-33.8681834493451],[151.22012471495,-33.8681669907134],[151.220121392626,-33.8681653448265],[151.220121534981,-33.8681651007065],[151.220581423814,-33.8673756664225],[151.220587922891,-33.8673645110094],[151.220614675884,-33.8673185864381],[151.220627187574,-33.8672971090088],[151.220628012557,-33.8672956934601],[151.220618114693,-33.8672911274559],[151.220616258012,-33.8672903765404],[151.220610502584,-33.8672880453699],[151.220807325503,-33.8669499972693],[151.220808113508,-33.8669486443074],[151.220788149494,-33.8669400193838],[151.220785588533,-33.8669389832685],[151.220779512589,-33.8669365230369],[151.220803775207,-33.8668948484515],[151.220821496049,-33.866864409829],[151.220853773309,-33.8668089676907],[151.220925424327,-33.8666858923565],[151.220926343477,-33.8666843140474],[151.220859854127,-33.8666567849451],[151.220853235786,-33.866654104975],[151.220850763815,-33.8666531044125],[151.220845025564,-33.8666507807154],[151.220862247619,-33.8666211942458],[151.220909911962,-33.8665393105587],[151.22091935133,-33.8665230946025],[151.220896285782,-33.8665091704424],[151.220966306635,-33.8664280207392],[151.220886432959,-33.8663798044271],[151.220880854746,-33.8663764370179],[151.220937663724,-33.8663106101852],[151.220993600971,-33.8662457915135],[151.220978922553,-33.8662369300332],[151.220973818354,-33.8662338490135],[151.2209952305,-33.8662090373469],[151.221050948373,-33.8661444706728],[151.220975357059,-33.8660988384318],[151.220971714411,-33.8660966396821],[151.220986402315,-33.8660796184952],[151.221048842141,-33.8660072613057],[151.221033760211,-33.8659981559455],[151.221030899039,-33.8659964292727],[151.221042682783,-33.8659827738442],[151.221099945576,-33.8659164160377],[151.220993730592,-33.8658522905277],[151.220988056328,-33.8658488649267],[151.221073992376,-33.8657492851108],[151.221105600861,-33.8657126580747],[151.221113502052,-33.8657174314684],[151.221168485863,-33.8657506493553],[151.221210646952,-33.8657761200613],[151.221265594546,-33.8658093157411],[151.221299086887,-33.8658295492762],[151.221305204168,-33.8658332445681],[151.221561909165,-33.865988328851],[151.221565009458,-33.8659902014389],[151.221600090101,-33.8660106850595],[151.221601026339,-33.8660090637077],[151.221605280376,-33.8660016947237],[151.221800193274,-33.8656640329862],[151.22180097145,-33.8656626834823],[151.221736662642,-33.8656366778155],[151.221733394186,-33.8656353564768],[151.221731004769,-33.8656343895865],[151.221725113205,-33.8656320069082],[151.221761743236,-33.8655689678954],[151.221771412386,-33.8655728803467],[151.221799626582,-33.8655842969494],[151.221995612525,-33.8656636014092],[151.221994897335,-33.8656648327928],[151.22196730996,-33.8657122732145],[151.221973777149,-33.8657148905262],[151.221975408689,-33.8657155507027],[151.222001507957,-33.8657261116432],[151.222356281604,-33.8658696666527],[151.222355295183,-33.8658713630332],[151.22234213093,-33.865894002607],[151.22234859386,-33.8658966180344],[151.222350213612,-33.8658972735273],[151.222354567978,-33.8658990352391],[151.222419925231,-33.8659254813388],[151.222419217909,-33.8659266984105],[151.222193897338,-33.8663144905066],[151.221847926061,-33.8669099218326],[151.221440232665,-33.8676115686214],[151.22140595438,-33.867670561952],[151.221357504212,-33.8677539439927],[151.221209711481,-33.8680082947321],[151.221209563521,-33.8680085486917],[151.221209464868,-33.8680087185991],[151.220864717107,-33.8686020173796],[151.220577052815,-33.8690970719784],[151.220584690368,-33.8690975294557],[151.220586639168,-33.8690976459723],[151.220588354766,-33.8690977482998],[151.220675275501,-33.869102949655],[151.220955427631,-33.869135805984],[151.220987558084,-33.8691395739215],[151.221171456732,-33.8691507912092],[151.221179989135,-33.8691513120671],[151.221254287954,-33.8691558438409],[151.22125711755,-33.8691434667578],[151.221285802525,-33.8690179810072],[151.221544187982,-33.869027154826],[151.221544379845,-33.8689800729624],[151.222655441265,-33.8676641607155],[151.222681290853,-33.8676742832777],[151.222686838851,-33.8676764562602],[151.222688678329,-33.8676731887178],[151.222693142961,-33.8676652555376],[151.222719124411,-33.8676754313935],[151.222752661797,-33.8676882239905],[151.222776539097,-33.8676973315737],[151.222969531534,-33.8673002757205],[151.223146881674,-33.8669286612255],[151.223519030545,-33.866148856494],[151.223631021631,-33.865908098009],[151.223785429128,-33.8655823354838],[151.223843541149,-33.8654597331579],[151.224367579246,-33.8643541190264],[151.224374266298,-33.8643400101795],[151.225481188558,-33.8619696568658],[151.225518810201,-33.8619288986458],[151.225562532478,-33.8619064778228],[151.225612530985,-33.8618995510057],[151.225657988655,-33.861904373471],[151.225665351316,-33.8619068555952],[151.225696692283,-33.8619174208884],[151.225700885101,-33.8619202451176],[151.22572271064,-33.8619349431592],[151.225734213582,-33.8619428935753],[151.225760162143,-33.8619780007045],[151.226146764448,-33.8630261568188],[151.226272281411,-33.863366454279],[151.226275760983,-33.8633658776537],[151.226277955234,-33.8633655142749],[151.226280406542,-33.8633651086074],[151.226505763687,-33.8633277801271],[151.226506540249,-33.8633309988184],[151.226538413817,-33.8634630224672],[151.226542812906,-33.8634622543724],[151.226545006488,-33.8634618711409],[151.226547396426,-33.8634614537638],[151.227022976811,-33.8633784270099],[151.226991473355,-33.8632440471222],[151.227594747176,-33.8631358156806],[151.227270150549,-33.8622498261789],[151.22726627722,-33.8622321710519],[151.227275361475,-33.8622138610126],[151.227401913546,-33.8621463579896],[151.227442349126,-33.862124790057],[151.227278053128,-33.8619201952205],[151.226919989951,-33.8615517943015],[151.227608607474,-33.859030551554],[151.228733641674,-33.858010443846],[151.228882310197,-33.8581224416042],[151.22902413059,-33.858080545814],[151.229230127681,-33.8580734038846],[151.229548135286,-33.8581150143655],[151.229748464848,-33.8581869239661],[151.229948100011,-33.8582924972593],[151.230278162894,-33.8586488178842],[151.230616329799,-33.8590138828495],[151.230646830751,-33.8590468089976],[151.230668677399,-33.8590703941055],[151.230727085725,-33.859133447977],[151.230800639463,-33.8592128515512],[151.230821915628,-33.8592912908124],[151.230811046457,-33.8593137064225],[151.230792178091,-33.8593203807854],[151.2307364313,-33.8592987445858],[151.230634087053,-33.8593163741096],[151.229897565939,-33.8600107378973],[151.229725103448,-33.8601717202215],[151.229040213245,-33.86081101201],[151.22892298115,-33.8609447587775],[151.228840617668,-33.8611033150379],[151.228799688124,-33.8612711488467],[151.228665892449,-33.8623075374652],[151.228547335767,-33.8631097445871],[151.228538332962,-33.8631732009748],[151.22852053984,-33.8632986162931],[151.228327810809,-33.864060959865],[151.22829506094,-33.8642861007134],[151.228384234706,-33.8642766394839],[151.22841961952,-33.864465203125],[151.228328640983,-33.8644778261027],[151.228372803612,-33.8645603144916],[151.228835325448,-33.8665061477288],[151.228776205548,-33.8668155177738],[151.228657433741,-33.8670568933345],[151.22845035951,-33.8672738486115],[151.228397924722,-33.867304475471],[151.228214391198,-33.86741167544],[151.227923698426,-33.8675116727817],[151.227797079907,-33.867595509439],[151.227671751035,-33.8677511318228],[151.227538890961,-33.8680461305943],[151.227514484505,-33.8681940410501],[151.227493898753,-33.8683744476954],[151.227482130956,-33.8684738465468],[151.227473894758,-33.868470764017],[151.227457344784,-33.868497526917],[151.227476749632,-33.8685963065607],[151.227498120467,-33.8687050923088],[151.227528559528,-33.8688645108202],[151.227587725028,-33.8690041299255],[151.227590101841,-33.8690097405175],[151.22764046225,-33.8690828679984],[151.227710668659,-33.8691614506509],[151.227784081089,-33.8692438171194],[151.227909166386,-33.8693307168103],[151.227995675168,-33.8693872164583],[151.228012061585,-33.8693979178023],[151.228036694004,-33.8694140048401],[151.228164314967,-33.869501052563],[151.228263166207,-33.8695684242379],[151.228345030004,-33.8696242075932],[151.22865214005,-33.8698328653115],[151.228903130538,-33.8700027926185],[151.228931630028,-33.8700207674204],[151.228934392932,-33.8700172181854],[151.228937565042,-33.8700131698545],[151.22904177023,-33.8698801893686],[151.22906018563,-33.8698896500815],[151.229182594873,-33.8697334298062],[151.22919616761,-33.8697408343481],[151.229073166725,-33.8698978036001],[151.229094954706,-33.8699096816729],[151.229155115065,-33.8698326201354],[151.229149767044,-33.8698297000609],[151.229163220313,-33.8698125348019],[151.229166869804,-33.8698078783348],[151.229190119266,-33.8698193923506],[151.229172379002,-33.8698420372293],[151.229166650311,-33.8698389151034],[151.229161024501,-33.8698449949769],[151.22915718179,-33.8698498993522],[151.229199699188,-33.8698730919879],[151.229163625002,-33.8699191216617],[151.229370810812,-33.8700320881118],[151.229358628717,-33.8700459090483],[151.229164482322,-33.8699410987286],[151.229097053212,-33.8700271562175],[151.229104080331,-33.8700599978379],[151.229082480339,-33.8700945939798],[151.229078220688,-33.8701014175882],[151.229072933589,-33.8701098865436],[151.229100569493,-33.8701254502483],[151.229129184803,-33.8701397060638],[151.229158715238,-33.870152626013],[151.229189063735,-33.8701641464796],[151.229220122541,-33.8701742505847],[151.229251813508,-33.8701829011347],[151.229284020421,-33.8701900721116],[151.22931666599,-33.8701957371554],[151.229349632751,-33.8701998783461],[151.229382821278,-33.8702024942545],[151.229416135686,-33.8702035690744],[151.229449478875,-33.8702030932947],[151.229482730682,-33.8702010751078],[151.22951579468,-33.8701975248506],[151.229547414046,-33.8701912188276],[151.229584699657,-33.8701816379172],[151.229617656593,-33.8701665202909],[151.229663097637,-33.870147349241],[151.229696550105,-33.8701313198335],[151.22972371722,-33.8701172407587],[151.229747347957,-33.8701023930757],[151.2297609565,-33.8700891174119],[151.229762042099,-33.8700880581278],[151.229780230315,-33.8700592633743],[151.229795067376,-33.8700340274558],[151.22980829448,-33.8700086493732],[151.229821693708,-33.869983416238],[151.229836390202,-33.8699620026022],[151.229856478009,-33.8699401569365],[151.229871738004,-33.869927785993],[151.229888777676,-33.8699177554002],[151.22991427373,-33.8699131909503],[151.230178386284,-33.869933042547],[151.230207700285,-33.8699333581272],[151.230294287598,-33.8699457294366],[151.230322243305,-33.8699519887313],[151.230347380713,-33.8699628605531],[151.230389682769,-33.8699864491649],[151.230435940876,-33.8700137809232],[151.230478985121,-33.8700516403898],[151.230507279027,-33.8700670229648],[151.230524090217,-33.8700884861185],[151.230546133436,-33.8701063416772],[151.23058190429,-33.8701446376978],[151.230604939428,-33.870181686746],[151.230619187866,-33.8702228811775],[151.230627241004,-33.8702556932699],[151.230628830149,-33.8702875892366],[151.230624174147,-33.8703288638575],[151.230628425007,-33.8703699147099],[151.230636726513,-33.8703982360618],[151.230665331192,-33.8704364372607],[151.230697802036,-33.8704657152804],[151.230765360272,-33.8705034568743],[151.230830592515,-33.8705689983506],[151.230855891461,-33.8705955222084],[151.230890185435,-33.8706513927223],[151.23090792656,-33.8706852690995],[151.230921203438,-33.8707265649701],[151.230943712341,-33.8707446534854],[151.230961168309,-33.8707530604294],[151.231006987929,-33.8707897782798],[151.231031276941,-33.8708071520045],[151.23105061008,-33.8707943704898],[151.23105730981,-33.8707899417174],[151.231229582606,-33.8706760536295],[151.231546790944,-33.8709302350838],[151.231548086146,-33.8709312771577],[151.231449161998,-33.8710044226318],[151.231447824896,-33.8710054115912],[151.231442610418,-33.8710092683556],[151.231435408974,-33.8710145934973],[151.231455433763,-33.8710303278713],[151.231486701186,-33.8710657193917],[151.231498757565,-33.871088324309],[151.231508308777,-33.8711062330374],[151.231518931504,-33.8711334595669],[151.231525669763,-33.8711469715773],[151.231539137677,-33.8711474778018],[151.23154715198,-33.8711612840618],[151.231571943676,-33.871172012711],[151.231602267466,-33.8712022678342],[151.23160368671,-33.871223289891],[151.23162213604,-33.8712512049666],[151.231619487511,-33.8712627859606],[151.231640110286,-33.8713028327716],[151.23165340547,-33.8713152774375],[151.231663209037,-33.8713589499805],[151.231670574113,-33.8713647691595],[151.231679923685,-33.8713728035574],[151.231679880886,-33.8714211014095],[151.231661403617,-33.8714630334529],[151.231661476615,-33.8714826583166],[151.23166148241,-33.8714840020027],[151.231661497492,-33.871488249447],[151.231661688017,-33.8715391233308],[151.231661794943,-33.8715676895017],[151.231657471161,-33.8715914633176],[151.23164498095,-33.8716131523076],[151.231628355298,-33.8716526284113],[151.231592169221,-33.8717287358567],[151.231562174396,-33.8717524315554],[151.231536990564,-33.8718243721283],[151.231505382485,-33.8719033650188],[151.231460061434,-33.8719269633288],[151.231387953869,-33.8720221527197],[151.231410271381,-33.8720292605412],[151.231382240204,-33.8720473719088],[151.23137931585,-33.8720813311922],[151.231363131344,-33.8721159198067],[151.231362877418,-33.8721537967392],[151.231318027246,-33.8722000960129],[151.231319275515,-33.8722259958678],[151.231305688305,-33.8722338831658],[151.231253951218,-33.8722785325408],[151.231254762373,-33.8722829681555],[151.23125854609,-33.8722919254216],[151.231254905715,-33.8722972403551],[151.231251698912,-33.8723019230764],[151.23124677669,-33.8723091105697],[151.231242437359,-33.8723149258568],[151.231239243727,-33.8723159314438],[151.231235442452,-33.8723176749533],[151.231237046723,-33.8723260057776],[151.231238051543,-33.872331219675],[151.231233316018,-33.8723341265511],[151.231230719975,-33.8723357196386],[151.231223973069,-33.8723398618864],[151.231181366427,-33.8723660176354],[151.231162596128,-33.8724195084809],[151.231171436863,-33.8724269007822],[151.231172595255,-33.8724278678545],[151.231180210704,-33.8724342344108],[151.231146729833,-33.8724599386374],[151.231109700267,-33.8724765068059],[151.230970260778,-33.8725136955077],[151.230943322277,-33.8725205975172],[151.23093849583,-33.8725226707639],[151.230784350643,-33.8725888764028],[151.230650290918,-33.872646454734],[151.230465734792,-33.8727442063604],[151.230239192712,-33.8728643942087],[151.230096028909,-33.8729399166475],[151.230036270907,-33.8729705092591],[151.230033645377,-33.8729718530148],[151.230027454663,-33.8729750220853],[151.229986847869,-33.8729958100869],[151.229999670946,-33.8730576629461],[151.230015396077,-33.8731173464145],[151.230048214241,-33.873186698698],[151.230088004515,-33.8732725295549],[151.230124770317,-33.8733667771344],[151.230174063402,-33.8734733899628],[151.230229748324,-33.8735769961909],[151.230298389089,-33.8736913272094],[151.230358194074,-33.8737757763493],[151.230428773933,-33.8738590339193],[151.230470455707,-33.873904487276],[151.230496158268,-33.873948157402],[151.230514409004,-33.8740023547885],[151.230518898354,-33.8740638525416],[151.230513897542,-33.874111863634],[151.230513743723,-33.8741133447974],[151.230495028069,-33.8741625764484],[151.230482346312,-33.8741875403972],[151.230252114412,-33.8746407676154],[151.230195262054,-33.8747526836152],[151.229712915023,-33.875702194016],[151.229589216156,-33.8759446903954],[151.229536549979,-33.876027987071],[151.229527380914,-33.8760383633451],[151.229463949176,-33.8761101396659],[151.229415563965,-33.8761442408431],[151.229337213296,-33.8761994603355],[151.229373807834,-33.8762072904393],[151.22935730757,-33.876221079042],[151.229326745506,-33.8762452781805],[151.229256105516,-33.8763012099073],[151.229400297743,-33.8763278783936],[151.229576920289,-33.8763605449815],[151.229580406504,-33.8763611893322],[151.229587515691,-33.8763625043456],[151.229597436854,-33.8763643413013],[151.229601544082,-33.8763657484353],[151.229601982061,-33.8763658990087],[151.229602420059,-33.8763660486807],[151.229602831205,-33.876366189851],[151.22960368033,-33.8763664815948],[151.229607239973,-33.8763677059207],[151.229636944789,-33.8763746966041],[151.229675596568,-33.8763837924767],[151.229684289618,-33.8763858381155],[151.229698884907,-33.8763892724932],[151.22973570013,-33.8763979388756],[151.229777347711,-33.8764083411112],[151.229742562822,-33.8764601290063],[151.229710156137,-33.8765074766019],[151.229650112624,-33.8765952039866],[151.229554825069,-33.8767344249194],[151.229546318421,-33.8767468531666],[151.229543860448,-33.8767504419587],[151.229525848274,-33.8767767602533],[151.229517864427,-33.8767884250191],[151.229485325914,-33.8768359663331],[151.229472773789,-33.8768543059909],[151.229472415161,-33.8768548148319],[151.229433808179,-33.8769096379818],[151.229430930131,-33.8769137266134],[151.229430574819,-33.8769142318949],[151.229430550316,-33.8769142667108],[151.229430266297,-33.8769146702179],[151.229426316965,-33.8769202719117],[151.22941968673,-33.8769296296208],[151.229371151199,-33.8769981428321],[151.229370469699,-33.8769991042172],[151.229370070634,-33.8769996864198],[151.229366451099,-33.8770049709283],[151.22930742136,-33.8770911607935],[151.229123519266,-33.8773596741058],[151.22866702683,-33.8780261831344],[151.228489527204,-33.8782853416676],[151.228483801743,-33.8782937014749],[151.228316943734,-33.8785373214877],[151.228301253569,-33.8785562930933],[151.228295958813,-33.8785626959856],[151.22828919926,-33.8785708704809],[151.228276539545,-33.8785861785914],[151.228268727708,-33.8785956247421],[151.228263743289,-33.8786016587736],[151.228213345778,-33.8786545084356],[151.228213234175,-33.8786546249591],[151.228213113701,-33.878654752176],[151.228182018699,-33.8786873611279],[151.227946047421,-33.8789427002399],[151.227883813497,-33.8790000866033],[151.227829846708,-33.8790498503794],[151.227822417005,-33.8790555038461],[151.227767836533,-33.8790970366527],[151.227767344443,-33.8790974110116],[151.227712143302,-33.8791394163952],[151.227670102245,-33.8790966008679],[151.227645608236,-33.8790716551753],[151.227608358376,-33.8790497199355],[151.227406149203,-33.8789856983227],[151.227261145305,-33.8789430512673],[151.227203383265,-33.8789278579484],[151.227195700363,-33.8789258374894],[151.227174408698,-33.8789202369381],[151.227129993276,-33.8789087019633],[151.22711961395,-33.8789060060625],[151.227090579337,-33.8788984662274],[151.227063819121,-33.8788915163969],[151.227043492763,-33.8788862372108],[151.226887507065,-33.8788493913029],[151.226886112006,-33.8788490447917],[151.226885524718,-33.8788488992735],[151.226883757489,-33.8788484608379],[151.226801140331,-33.8788278868625],[151.226754436618,-33.8788146100093],[151.226718639419,-33.8788083325757],[151.226717109478,-33.8788082348061],[151.226711646196,-33.8788078847387],[151.226669488546,-33.8788062129235],[151.226655818044,-33.8788056707669],[151.226577452089,-33.8788082894018],[151.226380587858,-33.8788148667388],[151.22617450599,-33.8788217519885],[151.226076305957,-33.8788239341184],[151.225991847861,-33.8788274899376],[151.225907265254,-33.8788370080459],[151.225725158856,-33.8788594376266],[151.225707241473,-33.8788620380971],[151.225707097258,-33.8788620585636],[151.225675630399,-33.8788666262613],[151.225665171441,-33.8788681447487],[151.22564062517,-33.8788717074785],[151.225578850648,-33.8788806746709],[151.225301805178,-33.878928493561],[151.224958792297,-33.8789855843953],[151.224836713822,-33.879010069684],[151.224786348941,-33.8790248530226],[151.224745992396,-33.8790397787645],[151.224728071409,-33.879047142956],[151.224727392087,-33.8790474217247],[151.224695503972,-33.8790605244237],[151.22464057756,-33.8790883632501],[151.22457401523,-33.8791255775161],[151.224503420249,-33.8791633116417],[151.224365970762,-33.8792263643592],[151.224278550294,-33.8792612606103],[151.224236173842,-33.8792781760708],[151.224221945063,-33.8792845383684],[151.224102370523,-33.8793380004989],[151.22399206055,-33.8793873200049],[151.223964770583,-33.879399521229],[151.223714971793,-33.8795063787672],[151.223708508113,-33.8795093821562],[151.223690447758,-33.8795177757787],[151.223634556065,-33.8795437507468],[151.223626086999,-33.8795476864734],[151.22358947937,-33.8795647002212],[151.223568773984,-33.8795767185688],[151.223508530189,-33.8796116851336],[151.22347927371,-33.8796298211233],[151.223467840764,-33.8796369080744],[151.223461571827,-33.8796426158843],[151.223434311933,-33.8796674400377],[151.223409435676,-33.879694519557],[151.223380147106,-33.8797274995733],[151.223358180132,-33.8797522341219],[151.223331700857,-33.8797876397553],[151.223227141407,-33.8799328626343],[151.223169852916,-33.8800062147144],[151.223026822487,-33.8802126988713],[151.222967872652,-33.88029654663],[151.222933873476,-33.8803497388028],[151.222900096849,-33.8803921971087],[151.222890657682,-33.8804008863084],[151.222889378034,-33.8804020644625],[151.222886779062,-33.8804044571698],[151.222869476833,-33.8804203857554],[151.222831657652,-33.8804508565498],[151.222689356032,-33.88055378188],[151.222628164135,-33.8805945325253],[151.222619766513,-33.8806001248121],[151.222619728141,-33.880600150409],[151.222606682227,-33.8806088380441],[151.222454405482,-33.8807102449071],[151.222444117109,-33.8807171300517],[151.222303860241,-33.8808109813164],[151.222128061804,-33.8809286142543],[151.221956962794,-33.8810406662377],[151.221767886716,-33.88115981219],[151.221683057781,-33.881213266662],[151.221602719633,-33.8812544906296],[151.221506683344,-33.8813037695166],[151.221383718623,-33.8813512158314],[151.221363032056,-33.881356301458],[151.221343872274,-33.8813610655617],[151.22128090822,-33.881362542432],[151.221189372092,-33.8813624136834],[151.220926252845,-33.8813598069445],[151.220654408111,-33.8813586318217],[151.220635471838,-33.881358409696],[151.220620692694,-33.8813582367949],[151.220572911542,-33.8813576764521],[151.22046190987,-33.8813546473162],[151.220434355855,-33.8813538948827],[151.22037299514,-33.8813470434041],[151.220297609557,-33.8813268671028],[151.220209404003,-33.8813041204217],[151.220196062943,-33.8813020673721],[151.220140967923,-33.8812935875832],[151.220065087014,-33.8812972632141],[151.220000421659,-33.8813118370176],[151.2199962679,-33.8813129790207],[151.219938559589,-33.8813288120591],[151.219870965929,-33.8813469477473],[151.219710776186,-33.8814029124479],[151.219585697815,-33.8814466103142],[151.219446399679,-33.8815059263067],[151.219335394956,-33.8815616753414],[151.219334467357,-33.8815621416602],[151.219304174839,-33.88157735533],[151.219186081881,-33.8816509455508],[151.21918593072,-33.8816510398521],[151.219297510856,-33.8817107927465],[151.219321297018,-33.8817235680181],[151.219324243824,-33.8817251507926],[151.219739473399,-33.8819439376351],[151.219756518985,-33.8819573187693],[151.219776628382,-33.8819731049424],[151.219789454093,-33.8819851887977],[151.219813662307,-33.8820079965593],[151.2198426706,-33.8820437271321],[151.219971167312,-33.8821925528226],[151.220147490826,-33.8824043330027],[151.220165679988,-33.8824261168181],[151.220173208147,-33.8824344485866],[151.220194788573,-33.8824583337644],[151.220211367263,-33.8824777010778],[151.220271064721,-33.8825474414474],[151.22036095682,-33.8826524541648],[151.220808156948,-33.8831678138578],[151.220821370724,-33.883183041281],[151.22105725547,-33.8833954505132],[151.221138076695,-33.8834451233495],[151.22114312308,-33.8834482251798],[151.221234789973,-33.8834972655492],[151.221348112865,-33.8835504374331],[151.221470784583,-33.8835941992421],[151.221594817792,-33.8836274833918],[151.221831525956,-33.8836900702809],[151.221985203819,-33.8837285539955],[151.222091529027,-33.8837549380043],[151.222315139712,-33.8838201609989],[151.222531040684,-33.883892944378],[151.222887403063,-33.884034557748],[151.223047331189,-33.8841027147299],[151.223244378976,-33.8841825660038],[151.223352575777,-33.8842264111476],[151.223500793907,-33.8842867581817],[151.223627171463,-33.8843382126958],[151.224133251218,-33.8845440133407],[151.224323930197,-33.8846192930387],[151.224538729912,-33.8846901480859],[151.224551450238,-33.8846938554453],[151.224659295758,-33.8847252882052],[151.224942811258,-33.8847933149261],[151.225236663259,-33.8848595818389],[151.22536665709,-33.8848814959708],[151.225670174242,-33.8849230878133],[151.226023059587,-33.8849568007886],[151.226112381381,-33.8849664688402],[151.226147816448,-33.8849703047617],[151.226342432711,-33.8849913702117],[151.226572228528,-33.8850162431297],[151.226733806521,-33.8850337537495],[151.226765179906,-33.8850371540939],[151.226987774425,-33.8850632625651],[151.227098421533,-33.8850801243765],[151.227223780557,-33.88510483289],[151.227338864997,-33.8851284393715],[151.227437935037,-33.8851518152986],[151.227498189331,-33.8851708146239],[151.227550435335,-33.8851896986874],[151.227655973376,-33.8852322547325],[151.227684289392,-33.8852447410152],[151.227691898753,-33.885248096779],[151.227738751793,-33.8852687562542],[151.227762263015,-33.8852805583998],[151.227897305952,-33.8853483394145],[151.228013847371,-33.8854140281],[151.228062613692,-33.8854415150322],[151.228092959508,-33.8854599503735],[151.228124285731,-33.8854803331502],[151.228176446799,-33.8855174571184],[151.2283183777,-33.8856279099154],[151.228319570558,-33.8856288378342],[151.228565855788,-33.8858180445875],[151.228569530876,-33.8858208675981],[151.22874070351,-33.885961071486],[151.228801589546,-33.8860067195062],[151.228854138847,-33.8860461184683],[151.229005299605,-33.8861630641146],[151.229093678775,-33.8862267336748],[151.229216401138,-33.8863151448009],[151.22925230606,-33.8863410108017],[151.229366102727,-33.8864230624155],[151.229728030867,-33.8866840299015],[151.229741068537,-33.8866931265116],[151.229813732966,-33.8867438235612],[151.229952608209,-33.8868407161675],[151.229962664705,-33.8868477319726],[151.230622045825,-33.8872999530708],[151.230624992639,-33.8873019738284],[151.230726433078,-33.8873769159155],[151.230828644067,-33.8874700012695],[151.230907738477,-33.8875447512024],[151.230911701749,-33.8875484962599],[151.231456388902,-33.8880478076868],[151.231867546382,-33.8884192263255],[151.232036014117,-33.8885733856187],[151.232170100699,-33.8886970447848],[151.232271904693,-33.8887909310992],[151.232279889495,-33.8887981243894],[151.232394616224,-33.8889014786256],[151.232677111812,-33.8891565662997],[151.2327448156,-33.8892167679211],[151.232770617894,-33.8892362100265],[151.232837779111,-33.88928681466],[151.232922415487,-33.8893752826404],[151.232987231965,-33.8894063704588],[151.233011640407,-33.8894154431943],[151.233133223436,-33.8894606360957],[151.233129129562,-33.8894882212582],[151.233098327894,-33.8896957488062],[151.233097345948,-33.8897023616423],[151.233074061204,-33.8898592441078],[151.233067415647,-33.8899040159854],[151.233029930118,-33.8901711016329],[151.232999482029,-33.8903880375922],[151.232878767594,-33.8912027083186],[151.232871236298,-33.8912155556292],[151.232864578057,-33.8912269131588],[151.232630764835,-33.8916257616245],[151.232336507277,-33.8921277096295],[151.232242251089,-33.8922896230624],[151.232227496847,-33.8923147133425],[151.232023309023,-33.8926619379169],[151.231945869235,-33.8927936243472],[151.231933180188,-33.8928152012805],[151.231904379573,-33.8928641772668],[151.231538676435,-33.8934210966681],[151.230645555218,-33.8947811707653],[151.230541924758,-33.8949409019972],[151.230511011917,-33.894988041077],[151.23050713761,-33.8949939495462],[151.230418787813,-33.8951286775316],[151.229710556835,-33.8962086613867],[151.229640772551,-33.8963034144097],[151.229537942786,-33.896420199864],[151.229460314299,-33.8965008665997],[151.229355543596,-33.8965919423422],[151.229243145174,-33.8966809587523],[151.229118734911,-33.8967659942781],[151.228986992568,-33.8968420979774],[151.228976013201,-33.8968484407603],[151.228898123152,-33.8968871723087],[151.22882726829,-33.8969224043213],[151.228688424903,-33.8969795447127],[151.22851572299,-33.8970385054954],[151.228336732052,-33.8970862074765],[151.228163896083,-33.8971194814864],[151.228003804782,-33.8971394882255],[151.227870005453,-33.8971463893139],[151.227712267392,-33.8971407767543],[151.227527670528,-33.8971178661657],[151.22732045889,-33.8970678056584],[151.227008663937,-33.8969558315283],[151.227001207149,-33.8969531542137],[151.226603655266,-33.8973485426157],[151.226793280751,-33.8974287957636],[151.226919859585,-33.897508109408],[151.227018610685,-33.8975877897023],[151.227118908465,-33.8976964543527],[151.227203927505,-33.8978326627462],[151.227251034996,-33.8979751362428],[151.227268972695,-33.8981303480787],[151.227262915744,-33.8982198950044],[151.227261941979,-33.8982342863248],[151.227258496981,-33.8982852068315],[151.227234633572,-33.8983906557655],[151.227180205432,-33.8985322258682],[151.227114410473,-33.8986446593256],[151.227011452751,-33.8987720190163],[151.226638890816,-33.8991344431551],[151.226456911158,-33.8993114686088],[151.226331975082,-33.8994330042356],[151.225857679438,-33.8998943831589],[151.225378326133,-33.9003606747864],[151.225240830231,-33.9004966887644],[151.224764944895,-33.9009573360259],[151.224664272226,-33.9010354084819],[151.224544880267,-33.9010963664454],[151.22441684529,-33.9011351169252],[151.224307741817,-33.9011586212674],[151.224159885692,-33.9011904750097],[151.224144305538,-33.9011935101386],[151.224035607129,-33.9012146836655],[151.223928063809,-33.9012216145153],[151.223814702299,-33.9012153112599],[151.223685229182,-33.9012130046775],[151.223556020767,-33.9012210835264],[151.223457975925,-33.9012362801778],[151.223446115771,-33.9012381181659],[151.223442938109,-33.9012386097635],[151.22335872345,-33.9012603730423],[151.223289296491,-33.9012888367347],[151.22321490297,-33.9013243678175],[151.223190359285,-33.9013394235641],[151.223187692071,-33.9013410605172],[151.223035629757,-33.9014343464577],[151.223016120265,-33.9014463151059],[151.222981354453,-33.9014669187084],[151.222935627392,-33.9014742861762],[151.222836823185,-33.9014902035813],[151.222836290423,-33.9014902896742],[151.222835755479,-33.9014903766373],[151.222684560291,-33.9015148149772],[151.222680529301,-33.901515466472],[151.222647678071,-33.9015207770258],[151.222543626858,-33.9015428873716],[151.222548389985,-33.9015614066457],[151.222586639387,-33.9017101102727],[151.222603497622,-33.9017756504686],[151.222649113998,-33.901953001411],[151.22281128263,-33.9022871131165],[151.22284472121,-33.9023560062641],[151.222999347506,-33.9026745764872],[151.223116483981,-33.9029159025891],[151.223467084141,-33.9036382039555],[151.223465699016,-33.9036421552414],[151.223418058474,-33.9037780132063],[151.223342013648,-33.9040248218668],[151.223162806447,-33.9046064399796],[151.223157805233,-33.9046226730974],[151.223152793955,-33.9046218821029],[151.222194487957,-33.904470687114],[151.222191767494,-33.9045300896889],[151.222191546039,-33.9045349216258],[151.22218360538,-33.9047083307636],[151.222183132546,-33.9047186542792],[151.222181349966,-33.90472200376],[151.222175074979,-33.9047337917997],[151.222102059388,-33.9048709609867],[151.222098320942,-33.9048779838739],[151.221710015063,-33.9048247237085],[151.221658667667,-33.9048176808446],[151.219716730454,-33.9045513036546],[151.215518193219,-33.9039752762007],[151.215111464084,-33.9039366864318],[151.21467710536,-33.9038793281356],[151.214672818749,-33.9038787979872],[151.214517194779,-33.9038595394122],[151.214489360987,-33.9038560951844],[151.214431409889,-33.9038489238183],[151.214391457338,-33.9038439800974],[151.214307104446,-33.9038325285288],[151.214295997018,-33.9038310202653],[151.214285228197,-33.9038295583909],[151.214274613582,-33.9038281176882],[151.21424967916,-33.9039109018949],[151.214196738139,-33.9040866667899],[151.214192089377,-33.9041020993729],[151.214190826578,-33.9041071127657],[151.214184629427,-33.904131710716],[151.21414786743,-33.904277624572],[151.214131083393,-33.9043442442352],[151.214007101434,-33.9047461331815],[151.21397777884,-33.9048529264992],[151.213977687553,-33.9048533625187],[151.213937011518,-33.9050472055662],[151.213875023889,-33.9053428109379],[151.213682185735,-33.90637162754],[151.213545156671,-33.9071294096822],[151.2134483947,-33.9076611787466],[151.213345784795,-33.9081903045903],[151.213207331356,-33.9089011894083],[151.213162391708,-33.9091287357486],[151.213141785192,-33.9092441946949],[151.213130132862,-33.9093094818969],[151.213067936761,-33.9097666633417],[151.213058612838,-33.9098447971196],[151.213053326441,-33.9099218839571],[151.213049736356,-33.9099742345776],[151.213033880578,-33.9101918049386],[151.21303062034,-33.9102464345268],[151.213030581904,-33.9102470841223],[151.213027608195,-33.9102968989787],[151.213024481316,-33.9105323687],[151.213017689161,-33.9106962386044],[151.213017562973,-33.9106992783361],[151.213008048313,-33.9108260671229],[151.212983764882,-33.9111120174818],[151.21296032855,-33.9113170806784],[151.212924102748,-33.9116121807479],[151.212893491127,-33.9119155608747],[151.212881148976,-33.9120440552523],[151.212863316023,-33.9122297230813],[151.212861044313,-33.9122533652407],[151.212853420125,-33.9123222222091],[151.212848488297,-33.9123667668195],[151.212844673456,-33.9124012227659],[151.212809180599,-33.9126520553399],[151.212807074444,-33.9126669386136],[151.212753857965,-33.912997425014],[151.212701268551,-33.913313812782],[151.212626766137,-33.9136786754435],[151.212553593449,-33.9140069711288],[151.212469165102,-33.9143225863189],[151.212404478613,-33.9145697756396],[151.212355457733,-33.9147246217809],[151.212259440297,-33.9150731397319],[151.212161875493,-33.915443292136],[151.212032689804,-33.9158737334907],[151.211910050976,-33.916319537953],[151.211852387766,-33.9165591947448],[151.211803120146,-33.9167731016879],[151.211757967941,-33.9169691436413],[151.211685503528,-33.9173145169097],[151.211607641743,-33.9176989389808],[151.21155088695,-33.9179943514222],[151.211526939212,-33.9181190005339],[151.211497065612,-33.9182938272752],[151.211429658916,-33.9186564202846],[151.211355694704,-33.9190733467964],[151.211303230458,-33.9193378908915],[151.211278993447,-33.919456831328],[151.211258270385,-33.9195720057577],[151.211232530225,-33.9197081015225],[151.211178788642,-33.9200337051986],[151.211149459095,-33.9203415305077],[151.211144011393,-33.9204378397829],[151.211141684889,-33.9206038616724],[151.21114366208,-33.9206735567641],[151.211148327347,-33.9207242047562],[151.211184925778,-33.9209995867162],[151.2112023866,-33.9210952738932],[151.211248951557,-33.9212772752286],[151.211279293332,-33.92137682592],[151.211284303949,-33.921393263432],[151.211323169436,-33.9215054865161],[151.211391737737,-33.9216754004767],[151.211477061732,-33.9218518185719],[151.211582579657,-33.9220383886425],[151.211655363808,-33.9221525831855],[151.211709866137,-33.9222287672514],[151.211831545158,-33.9223908633817],[151.211964006825,-33.9225574109687],[151.212006026385,-33.922600966431],[151.212153168801,-33.9227471953935],[151.212217054843,-33.9228050362268],[151.212321744288,-33.9229002035652],[151.212486352303,-33.9230350082646],[151.212675156081,-33.9231761290095],[151.212893753823,-33.9233296110403],[151.213106827958,-33.9234734685416],[151.213285993856,-33.9235965544259],[151.213524397711,-33.9237610588847],[151.21368644786,-33.9238815098376],[151.213879471699,-33.9240262690089],[151.214069027667,-33.9241883116619],[151.214070064337,-33.9241891734313],[151.214110055571,-33.9242236002504],[151.214155741653,-33.9242630187209],[151.21420519211,-33.9243071528563],[151.214206465348,-33.9243082894788],[151.21429690819,-33.9243890092064],[151.213824306398,-33.9242923033273],[151.213581598809,-33.9242426380511],[151.213380659742,-33.9242027410096],[151.213149803745,-33.9241564453421],[151.21295456281,-33.9241178242135],[151.212736682873,-33.9240669441454],[151.212510543193,-33.9240004357077],[151.212283247338,-33.9239207880034],[151.211593675929,-33.9236387865018],[151.211441527683,-33.9235924380095],[151.211390943769,-33.9235814476732],[151.211306198306,-33.9235630347509],[151.211068416532,-33.923505897625],[151.21083744023,-33.9234655609041],[151.2104237756,-33.9234022873535],[151.21000288464,-33.9233424872461],[151.209072584134,-33.923213244106],[151.20852465078,-33.923138467847],[151.208048146016,-33.923069501743],[151.207657349871,-33.9230077448083],[151.207173527029,-33.922934021254],[151.206895638279,-33.9228916765805],[151.206879620611,-33.9228894612717],[151.206544370561,-33.9228430872916],[151.206462201824,-33.9228317213939],[151.206461877187,-33.9228316760864],[151.206220024736,-33.9227998379905],[151.205881071774,-33.922755217143],[151.20558240046,-33.9227136144742],[151.205364566389,-33.9226832708871],[151.20533637741,-33.9226795235488],[151.205042064741,-33.9226403961575],[151.204680416925,-33.9225918233737],[151.204474136758,-33.9225641174605],[151.204436437511,-33.9225588344282],[151.204148327244,-33.9225184580988],[151.204056091215,-33.9225055316353],[151.203995256581,-33.9224975926128],[151.203716449701,-33.9224612104238],[151.203604465664,-33.9224455508857],[151.203364034248,-33.9224119298855],[151.203111393718,-33.9223785351012],[151.202816327812,-33.9223395302918],[151.202815933005,-33.92233947854],[151.202806073863,-33.922338174987],[151.202774048837,-33.9223336352515],[151.202593946264,-33.9223081055041],[151.202578100376,-33.9223058596843],[151.202496474643,-33.9222942889782],[151.202248188632,-33.9222608405878],[151.20181267031,-33.9222006800187],[151.201581861035,-33.9221687966767],[151.201548157094,-33.9221642708735],[151.200904065031,-33.9220777754858],[151.200481426343,-33.9220222791654],[151.200341817618,-33.9220039468332],[151.200255811843,-33.9219917028542],[151.199828208798,-33.9219308268291],[151.199461773826,-33.9218827973116],[151.199254544797,-33.9218556342119],[151.198998837582,-33.9218191734857],[151.198713832857,-33.9217785350741],[151.198326265443,-33.9217271749008],[151.197508134254,-33.9216141593427],[151.196985998469,-33.9215385167209],[151.196916518302,-33.9215281202307],[151.196623677896,-33.9214843008645],[151.196393664743,-33.9214547667258],[151.196232983691,-33.9214341345336],[151.196232512271,-33.9214340744245],[151.195808841689,-33.9213781214159],[151.195419319472,-33.9213246954972],[151.195208156475,-33.9212953561014],[151.195034153486,-33.9212614311856],[151.19479773078,-33.9212153777432],[151.19432827627,-33.9211524262911],[151.193661942604,-33.9210615326663],[151.193645796782,-33.9210592226903],[151.193474664252,-33.9210347400741],[151.193375042694,-33.9210204880592],[151.193299576256,-33.9210096914998],[151.192412021872,-33.920891687413],[151.19193237342,-33.9208240198493],[151.191921239614,-33.9208224487333],[151.191745400792,-33.9207973499639],[151.191627600522,-33.9207805364363],[151.191306359013,-33.9207346840479],[151.190458038155,-33.9206156904461],[151.189016963791,-33.9204185462318],[151.188628164832,-33.9203651095898],[151.188196704949,-33.9202991149115],[151.187947712764,-33.9202662821106],[151.187636628165,-33.9202252605054],[151.187606442754,-33.9202206600669],[151.187051834917,-33.9201361294662],[151.185793100912,-33.9199446137771],[151.185354240064,-33.9198904291524],[151.185249264266,-33.9198849358694],[151.185223256934,-33.9198835750397],[151.184957598927,-33.9198696713017],[151.184616626737,-33.9198237325058],[151.183560719665,-33.919681465154],[151.182055713729,-33.9194518641236],[151.181971409756,-33.9194397588176],[151.181966070766,-33.9194420515319],[151.181336847884,-33.9193496855278],[151.181007215794,-33.9192997121588],[151.180694985596,-33.9192523756307],[151.180667545421,-33.9192482153378],[151.180577776518,-33.9193097123731],[151.180451322667,-33.9194081440205],[151.180332570992,-33.9195130285374],[151.180217938049,-33.9196213643196],[151.180046920226,-33.9197906170288],[151.179840504979,-33.9200094481364],[151.179717722444,-33.9201805388157],[151.179663085741,-33.9202398547912],[151.179654034239,-33.9202496814767],[151.179625719118,-33.9202854150033],[151.179624872186,-33.9202850084244],[151.179423165586,-33.9201881791396],[151.179363725547,-33.9201615629613],[151.179227561238,-33.9201005896381],[151.17905518753,-33.9200210901925],[151.17881846935,-33.9198917432835],[151.17851216887,-33.9196939594306],[151.178501666248,-33.9196878075382],[151.178416065375,-33.9196376627523],[151.17833157565,-33.9195836469887],[151.178324352472,-33.9195780079961],[151.178318001756,-33.9195730491928],[151.178317033571,-33.919572292743],[151.178299359193,-33.9195584944472],[151.178282099771,-33.9195450196979],[151.178216137582,-33.919484397797],[151.178137655999,-33.9194068896527],[151.178017657903,-33.919263156263],[151.177955979267,-33.9191839985249],[151.177832409631,-33.9190254111007],[151.177597630093,-33.9187618797388],[151.177038049955,-33.9181619089053],[151.176693776589,-33.9177934099952],[151.176691101127,-33.9177905461541],[151.176784064012,-33.9177258007314],[151.177306887318,-33.9173330102056],[151.177336063711,-33.9173517472635],[151.177574014889,-33.9171791841673],[151.178890394337,-33.9162162639556],[151.178901144214,-33.9162147430313],[151.178905341549,-33.9162141486533],[151.179273598441,-33.9161620311253],[151.179543856401,-33.9161237821577],[151.18088739456,-33.9159353732986],[151.181260569662,-33.9158899077863],[151.181337177333,-33.9139341517289],[151.181337345503,-33.9139301568356],[151.181338658174,-33.9138988708003],[151.181338686845,-33.9138981832024],[151.181352968518,-33.9135578397814],[151.181355961428,-33.9134596439047],[151.181356929837,-33.9134278631415],[151.181232780739,-33.9133449113561],[151.181233986294,-33.9132730638366],[151.181238141859,-33.9130252887098],[151.181223726328,-33.9123570411631],[151.181217782149,-33.9114920867938],[151.181217345172,-33.910569954567],[151.18121099935,-33.9094745608397],[151.181195499246,-33.9093553483003],[151.181146684831,-33.9089799421083],[151.181148621981,-33.9089561126849],[151.181155357051,-33.9089084951924],[151.181202833642,-33.9087429251075],[151.181218712132,-33.9086875479948],[151.181334450236,-33.9081642705536],[151.181391232959,-33.9079075409874],[151.181486839087,-33.9074165924717],[151.181507147679,-33.9073123013099],[151.181510258502,-33.9072949176578],[151.181530762963,-33.907180333397],[151.181530870952,-33.9071797299291],[151.181533122713,-33.9071671488426],[151.181530126498,-33.9071122891623],[151.181527972192,-33.9070728317879],[151.181524746174,-33.9070226811687],[151.181521493726,-33.906973724053],[151.18150973631,-33.9069210614589],[151.181509023177,-33.9069180274174],[151.181508501489,-33.906915806861],[151.181497927159,-33.9068707840844],[151.18148448607,-33.90683002745],[151.181439447629,-33.9067066382862],[151.181438517586,-33.9067040915836],[151.181405826973,-33.9066460457796],[151.181391599343,-33.9066207837166],[151.18112059238,-33.9060330460881],[151.180990155723,-33.9057640450468],[151.180913442844,-33.9055895392737],[151.180909863223,-33.9055813951454],[151.180716714467,-33.9051777205816],[151.180651982207,-33.9050423338849],[151.180629898478,-33.9049961472799],[151.180627677476,-33.904991502102],[151.180609690529,-33.9049543635931],[151.180481030571,-33.9046887201812],[151.18028923996,-33.9042886431099],[151.18021820476,-33.9041519574355],[151.18016553942,-33.9040506178992],[151.180159534045,-33.9040391258367],[151.18002669155,-33.903784930775],[151.179893284654,-33.903532445034],[151.179860227507,-33.9034723104125],[151.17981169187,-33.9034000179738],[151.179711861689,-33.9032506202893],[151.179618777568,-33.9031204092305],[151.179503478972,-33.9029542431377],[151.179484130365,-33.9029263586632],[151.179479114514,-33.902918484522],[151.179404491393,-33.9028013255816],[151.179370608206,-33.9027481282771],[151.179255011029,-33.9025328861409],[151.179033049862,-33.902071256066],[151.179004295171,-33.9020114517555],[151.178994933706,-33.901992266021],[151.178720526632,-33.9014298820237],[151.178357288898,-33.9006837060771],[151.178203886227,-33.9003629276078],[151.178160236357,-33.9002674980131],[151.178145104304,-33.900234415905],[151.178104083972,-33.9001416032462],[151.178057888444,-33.9000303294772],[151.178055468918,-33.900023692996],[151.178028151035,-33.8999487705246],[151.177974117053,-33.8997988560165],[151.177936788063,-33.8996706616104],[151.17783897701,-33.8992922512301],[151.177820756774,-33.8992072845572],[151.177810229685,-33.8991641837573],[151.177802512274,-33.8991235105151],[151.177798932175,-33.8990900555448],[151.177798870361,-33.8990840671223],[151.177798541175,-33.8990519704714],[151.177798466256,-33.8990447176251],[151.177802804247,-33.8989923460295],[151.177810405218,-33.8989542322237],[151.177818165278,-33.8989257170151],[151.17782735446,-33.8988972229511],[151.177851200967,-33.8988522447539],[151.17785645372,-33.8988443430357],[151.177862530956,-33.8988351992052],[151.177866452112,-33.8988292994703],[151.177876325415,-33.8988144425155],[151.177914625086,-33.8987625210904],[151.178035294312,-33.8986044552141],[151.178129359027,-33.8984865546988],[151.178245202939,-33.898339849388],[151.17827294336,-33.8983047188178],[151.178324891249,-33.898238933903],[151.178333832723,-33.8982272579653],[151.178467619595,-33.8980525629187],[151.178471914411,-33.8980470383998],[151.178595559881,-33.8978879942769],[151.178608816717,-33.8978709419816],[151.178730812095,-33.8977176669432],[151.178855318345,-33.8975666101951],[151.179007780708,-33.8973932664336],[151.17908482769,-33.8973094352765],[151.179141126351,-33.8972413815284],[151.17914352479,-33.897238482748],[151.179144323916,-33.8972375161821],[151.179180164119,-33.8971941920607],[151.179182321707,-33.8971915845855],[151.179310432736,-33.8970331494449],[151.179313301496,-33.8970294902386],[151.179382187985,-33.8969416400436],[151.179473165163,-33.8968281031424],[151.179477414039,-33.8968228006343],[151.179547700755,-33.896746538477],[151.179581628294,-33.8967117298835],[151.17963988753,-33.8966629659005],[151.179689893125,-33.8966255310143],[151.179698361144,-33.8966203927544],[151.179707243261,-33.8966150027184],[151.17980351128,-33.8965565891937],[151.179951797982,-33.8964719365147],[151.180005297423,-33.8964447165702],[151.180025395247,-33.8964344903353],[151.180096608268,-33.8963982568783],[151.180145005856,-33.8963736315149],[151.180311595471,-33.8962892479402],[151.180464293866,-33.8962122947884],[151.18063224705,-33.8961209082067],[151.180701643978,-33.8960831479762],[151.180862877673,-33.8959815073803],[151.181001147401,-33.8958833435376],[151.18110818394,-33.8958009431663],[151.181133911521,-33.8957788248582],[151.181159474996,-33.8957568465949],[151.181181718182,-33.8957333170026],[151.181144623932,-33.8956478330378],[151.181137055209,-33.8956312050961],[151.181089953615,-33.8955277334126],[151.181041939125,-33.8954171506787],[151.181019000421,-33.8953643219424],[151.180994917462,-33.8953088567639],[151.180987433882,-33.8952912264406],[151.180929640176,-33.8951550829478],[151.180919534537,-33.8951316932906],[151.180901092847,-33.8950890132445],[151.180899117053,-33.8950844411245],[151.180877529822,-33.8950344800007],[151.180877512306,-33.8950344391639],[151.180759449115,-33.8947653265562],[151.180530925449,-33.8942273034983],[151.180353233693,-33.8938109725537],[151.180317153759,-33.8937273419675],[151.180305789794,-33.893701000328],[151.18030474363,-33.893698582651],[151.180285270661,-33.8936535752311],[151.180249066476,-33.8935698949977],[151.180182686692,-33.893408585844],[151.180180726911,-33.8934038741805],[151.180053667138,-33.8930984278557],[151.179927628096,-33.8928009101072],[151.179831394135,-33.892570229212],[151.179604988102,-33.8920397778744],[151.179601817749,-33.8920323503201],[151.17958347139,-33.8919893649004],[151.179571146085,-33.8919607068578],[151.179568293206,-33.8919541135907],[151.17951365805,-33.8918278324132],[151.179407544638,-33.8915815701794],[151.179395306964,-33.8915531695074],[151.179321225696,-33.8913774301219],[151.17929770472,-33.8913265032401],[151.179297581971,-33.8913262245931],[151.179296974632,-33.8913248350597],[151.179269711256,-33.8912625189508],[151.179210636109,-33.8911157387045],[151.179210307463,-33.8911149727822],[151.17915884143,-33.8909952037362],[151.179133561393,-33.8910000790018],[151.179078641498,-33.891014514496],[151.179000358781,-33.8910350898265],[151.17872585836,-33.8911090482356],[151.178551402075,-33.8911601504625],[151.178523636336,-33.8911667436162],[151.178443574414,-33.8911857539161],[151.178416201,-33.8911819820015],[151.178414479248,-33.89118174463],[151.178407333846,-33.8911679803829],[151.178405118373,-33.8911591809561],[151.178404168159,-33.8911554075725],[151.178398872016,-33.8911420881779],[151.178386763098,-33.8911142105177],[151.178383251454,-33.8911064658859],[151.178331739556,-33.8909928745199],[151.178263241558,-33.8908298368802],[151.17818606575,-33.8906485369701],[151.178165113068,-33.8905993151775],[151.1781294773,-33.8905155994685],[151.178128399192,-33.8905130613704],[151.178004947848,-33.8902224142508],[151.177971606142,-33.8901439156014],[151.177970109972,-33.8901403938376],[151.177864240741,-33.8898912357682],[151.17785631812,-33.8898725906266],[151.177853371078,-33.8898656550728],[151.177851433178,-33.8898610933851],[151.177812716955,-33.889769981076],[151.177812585137,-33.8897696716344],[151.17778518962,-33.8897049474287],[151.177780027632,-33.8896927508485],[151.177644699862,-33.8893730306907],[151.177623062637,-33.889321910448],[151.177374849396,-33.888735474754],[151.177357069879,-33.8886934739809],[151.177352614161,-33.8886829497309],[151.177151032167,-33.8882066615557],[151.177147761458,-33.8881989357846],[151.177020135828,-33.8878969326008],[151.176986868497,-33.8878205069772],[151.176908286532,-33.8876399826055],[151.17678443099,-33.8873434976916],[151.176783068702,-33.8873403449013],[151.176772177642,-33.8873151380157],[151.176725812612,-33.887207829719],[151.176627680602,-33.8869797225129],[151.176601436425,-33.8869091925935],[151.176584384513,-33.8868633674055],[151.176568003429,-33.8868084274945],[151.176565123175,-33.886798769661],[151.176564233133,-33.8867957816629],[151.176563577087,-33.8867935852448],[151.17656322592,-33.8867924059879],[151.176559018648,-33.8867782946809],[151.176528681959,-33.8866708935552],[151.176520444214,-33.8866417312434],[151.176422093209,-33.8862895554878],[151.176375600267,-33.8861218587096],[151.176318480951,-33.8859158305528],[151.176278859152,-33.8857692278479],[151.176222914204,-33.8855672748377],[151.176213499762,-33.8855359029652],[151.176210459925,-33.8855257711531],[151.176203671435,-33.8855031498185],[151.176203328138,-33.8855020076481],[151.176185480594,-33.8854425345932],[151.176176168149,-33.8854115023784],[151.176153342439,-33.8853391951624],[151.176125133193,-33.8852498348775],[151.176120694242,-33.8852357949685],[151.17611148408,-33.8852066642181],[151.176008297219,-33.8848984464134],[151.175879229154,-33.8845112212048],[151.175793784585,-33.8842725480391],[151.175731157844,-33.8840770884285],[151.1757069955,-33.8840016783025],[151.175618185604,-33.8837391133082],[151.175591060356,-33.8836695223555],[151.175506025762,-33.8834735125265],[151.175446029477,-33.8833167995976],[151.175385797219,-33.8831825002706],[151.175353717082,-33.8831279985421],[151.175341362516,-33.8831088060655],[151.175321951041,-33.8830786512654],[151.175321550213,-33.8830780285413],[151.175314951694,-33.8830677781654],[151.175305676531,-33.8830573086943],[151.175282825993,-33.8830315142313],[151.17527174307,-33.8830146499279],[151.175280474324,-33.8830022253162],[151.175285017795,-33.8829957595518],[151.175293559971,-33.88299165515],[151.175306694378,-33.8829853445979],[151.175363322247,-33.8829456233912],[151.175408383554,-33.8829116967077],[151.175475224036,-33.8828625836595],[151.17556672669,-33.8827971357177],[151.175654043518,-33.8827462843136],[151.175667289906,-33.8827385704772],[151.175682586767,-33.8827296615492],[151.17575930847,-33.882686659657],[151.175841875684,-33.8826377802052],[151.17587263332,-33.8826175408662],[151.175941957446,-33.8825724581163],[151.176018880875,-33.8825199159823],[151.176072525778,-33.8824879881457],[151.176097108316,-33.8824733571813],[151.176117855665,-33.8824597046182],[151.176124374501,-33.8824554150998],[151.176129021563,-33.8824523575907],[151.176125366373,-33.8824224794874],[151.176122016829,-33.8823782926697],[151.176094901149,-33.882173900687],[151.176048405937,-33.8818598899775],[151.175992130665,-33.881415709636],[151.175906355595,-33.8808805167363],[151.175874998862,-33.8806114949333],[151.17585104517,-33.8803910636333],[151.175850304803,-33.8802878490739],[151.175849439508,-33.8801979693272],[151.175855745138,-33.8800359793975],[151.175873226542,-33.8798860713851],[151.175889386956,-33.8797981182688],[151.17591221028,-33.8796696361254],[151.175952508861,-33.8795177908754],[151.17598922591,-33.879403921461],[151.176037928918,-33.8792640115451],[151.176068442328,-33.8791881341387],[151.176088526531,-33.8791381931215],[151.176092242284,-33.8791289512445],[151.176158135775,-33.8789869125025],[151.176226531681,-33.8788615946761],[151.176279831392,-33.8787741913191],[151.176346687651,-33.8786763995446],[151.176415404297,-33.8785807444288],[151.176488802637,-33.8784888710172],[151.176556285051,-33.8784064440407],[151.176620860138,-33.8783263581802],[151.176696911741,-33.8782440579564],[151.176728452748,-33.8782108458609],[151.17677943446,-33.8781674622517],[151.176825897136,-33.8781347478048],[151.176824305931,-33.8781303174729],[151.176803980757,-33.8780737176963],[151.176775938487,-33.8779956289592],[151.176775613211,-33.8779946060855],[151.17669960689,-33.8777556645947],[151.17664134238,-33.8775901786449],[151.176599276126,-33.8774700246244],[151.176443864442,-33.8769903164448],[151.176405032179,-33.8768795161425],[151.176375717756,-33.8768053589872],[151.176335555565,-33.8767167270869],[151.176307697572,-33.8766547594987],[151.176298444516,-33.8766370269485],[151.176290382864,-33.8766215789988],[151.17626476433,-33.8765753906641],[151.176247298487,-33.876549364998],[151.176220135611,-33.8765353637942],[151.176180136867,-33.8765197405978],[151.176108504157,-33.8764986389992],[151.175859546041,-33.8763825794504],[151.175716197696,-33.8763186427863],[151.175579029841,-33.8762574630195],[151.175544255091,-33.8762383388977],[151.175518103953,-33.8762171945479],[151.175497023178,-33.8761997042747],[151.175480186203,-33.8761844238827],[151.175455841624,-33.8761590122103],[151.175426518118,-33.8761256528358],[151.175325141065,-33.8760103468725],[151.175220031067,-33.8758923605824],[151.175123415634,-33.8757825895079],[151.175120908719,-33.8757797407608],[151.175106950083,-33.8757625651268],[151.175051596757,-33.8757023379038],[151.175023101188,-33.8756704226576],[151.175010045077,-33.8756387361264],[151.17500458897,-33.8756128882024],[151.175001218128,-33.8755882145703],[151.174997033161,-33.8755388691117],[151.174996318398,-33.875530448936],[151.174992671721,-33.8754874542601],[151.174985150582,-33.8753570753961],[151.174978209966,-33.8750785445376],[151.174976363125,-33.875004078892],[151.174969426371,-33.874765629331],[151.17495589382,-33.8743366408544],[151.174955082724,-33.8743109131359],[151.174953788197,-33.874250770721],[151.174947739558,-33.8741318656935],[151.174946700189,-33.8740194768734],[151.174947139079,-33.8739720051775],[151.174955218569,-33.8738611833993],[151.174961259955,-33.8737789606396],[151.174979027423,-33.8735489899223],[151.174985957421,-33.873425028142],[151.174995231225,-33.8732581559026],[151.174996204681,-33.8731992833557],[151.174995052224,-33.8731666883655],[151.174993401259,-33.8731199846428],[151.174988630537,-33.8729850773847],[151.174982735669,-33.8728183275995],[151.174978313808,-33.8728025547554],[151.174969846016,-33.8727940233326],[151.17496714514,-33.8727913015595],[151.174948096,-33.8727722641606],[151.174935333419,-33.8727595094045],[151.174908893737,-33.8727330846044],[151.174881642263,-33.8727153901035],[151.174881471654,-33.8727152793677],[151.174877223161,-33.8727125373708],[151.174851146772,-33.8726957070017],[151.174828703848,-33.8726811072474],[151.174842263242,-33.8726746650378],[151.174845690618,-33.8726731197407],[151.174881414051,-33.8726573113146],[151.174982774329,-33.8726119370197],[151.175194581904,-33.8725171206784],[151.17525760132,-33.872449012669],[151.175257818184,-33.8724487787245],[151.175257900075,-33.8724486897638],[151.175259895687,-33.8724482828812],[151.175265739877,-33.872459247986],[151.175274591443,-33.872475853808],[151.175524944594,-33.8723749601842],[151.175569544977,-33.8724948824969],[151.175597472664,-33.8724820784201],[151.175613628206,-33.8724595037335],[151.175746448293,-33.87239528308],[151.175724767834,-33.8723574498202],[151.175693452517,-33.8723710531995],[151.175665385111,-33.8723234767753],[151.176035111141,-33.8723076701432],[151.176131200513,-33.8723265097446],[151.176482846418,-33.8723954543186],[151.176700245879,-33.8724884993112],[151.176800112465,-33.8725312416192],[151.176849406766,-33.8725523395294],[151.176980353808,-33.8726083832603],[151.176982387113,-33.8726092537662],[151.177006937723,-33.8725794593736],[151.177010827151,-33.8725747395262],[151.177012178739,-33.872573099429],[151.17701469107,-33.8725700499603],[151.177015788526,-33.8725687190051],[151.177069487799,-33.8725994918146],[151.177168252523,-33.8726560898391],[151.177218178562,-33.8726847003005],[151.177271398191,-33.8727107868168],[151.177287064964,-33.8727051807641],[151.177534065198,-33.8726316985118],[151.17753708357,-33.872623405706],[151.177540654047,-33.8726167036149],[151.177542903516,-33.8726112714656],[151.177551653906,-33.872596607018],[151.177579696126,-33.8725872515199],[151.178000520729,-33.8723757848943],[151.178510209691,-33.8721196601214],[151.178750989973,-33.8719986646747],[151.178834848183,-33.8719565244538],[151.179507106349,-33.871618697949],[151.179528934173,-33.8716077695155],[151.17953737268,-33.8716035451285],[151.179734940357,-33.8715042848673],[151.180196257998,-33.8712725128167],[151.180413521814,-33.8712113332712],[151.180439682242,-33.8712039664995],[151.180476186109,-33.8711936874764],[151.180490364784,-33.8712387132201],[151.180505142485,-33.8712351441681],[151.180683717079,-33.871285521989],[151.180769920919,-33.8713098406335],[151.180862666806,-33.8713359600993],[151.180977423877,-33.8713682793044],[151.181128947623,-33.8714109530161],[151.181200263922,-33.8714310370363],[151.181699095274,-33.8715715200977],[151.181703078855,-33.8715726420391],[151.181744171057,-33.8715994971805],[151.181832988667,-33.8716575434807],[151.181991351818,-33.8718813309675],[151.181997668165,-33.8718902575952],[151.182001106554,-33.8718928241813],[151.182065943313,-33.8719412195312],[151.182093219549,-33.871961579269],[151.182218905781,-33.872055140501],[151.182315445259,-33.8720893637744],[151.182404349533,-33.8721208809324],[151.182519878615,-33.8721618370381],[151.18251621832,-33.8721739673184],[151.182516048036,-33.8721744526463],[151.182510633596,-33.8721898790499],[151.182465978624,-33.87231711281],[151.182462193332,-33.8723278976552],[151.182505787017,-33.872356771473],[151.182565728924,-33.872396472844],[151.182568160637,-33.8723980831503],[151.182599498371,-33.8724190148811],[151.182673919041,-33.8724423856071],[151.18268036695,-33.872444194022],[151.182682466806,-33.8724448345716],[151.182689067136,-33.8724468472237],[151.182690768045,-33.8724472348122],[151.18271273559,-33.8724522460844],[151.182714862439,-33.8724515623791],[151.182720245955,-33.8724498320027],[151.182731466251,-33.8724465095886],[151.182755910683,-33.872439272116],[151.182761149864,-33.8724377208579],[151.182796756013,-33.8724052424613],[151.182796567045,-33.8723998779423],[151.182795676632,-33.8723745674622],[151.182821523053,-33.872353667689],[151.182818057717,-33.8723432420846],[151.182816375864,-33.8723381819747],[151.182806025416,-33.8723070510124],[151.182780934462,-33.8722315806038],[151.182777897939,-33.8722224472011],[151.18277142245,-33.8722029706398],[151.182775487556,-33.8722009629167],[151.182777409224,-33.8722000137781],[151.182834292147,-33.872171925958],[151.182857887375,-33.8721602754581],[151.182902952642,-33.8721384462961],[151.182903218061,-33.8721383176554],[151.182980515346,-33.8722895393092],[151.183076082267,-33.8722416579632],[151.182985228446,-33.8720969228133],[151.182989646774,-33.8720947237135],[151.182992467788,-33.8720933189319],[151.182987320812,-33.8720854213494],[151.182953722159,-33.8720338622156],[151.182876142084,-33.8719148112753],[151.183136943174,-33.8717943711314],[151.183205629981,-33.8718978584287],[151.183096771987,-33.8719480957935],[151.183094784542,-33.871969489968],[151.183067036037,-33.8719823146442],[151.183063919992,-33.8719809611697],[151.182985095224,-33.8720170683706],[151.18299641731,-33.8720344919075],[151.183019215411,-33.8720695747986],[151.183024336776,-33.8720774566725],[151.183107363957,-33.8720361290432],[151.183128229719,-33.8720257430515],[151.183229087423,-33.8719755391769],[151.18336051795,-33.8721041704964],[151.183419861457,-33.8720228070452],[151.183366146936,-33.8719807226408],[151.18330948268,-33.8719363259451],[151.183325061688,-33.8719235634319],[151.183347217309,-33.8719054126214],[151.183390528173,-33.8719377915222],[151.183435027166,-33.8718960975444],[151.183448713495,-33.8718832728418],[151.183456987707,-33.871875519966],[151.183461777737,-33.8718710323085],[151.183437006309,-33.8718513698734],[151.183514785688,-33.8717689769922],[151.183537418128,-33.8717450025392],[151.183636430548,-33.8716511486415],[151.183644205815,-33.8716437788487],[151.183638722609,-33.8716400135086],[151.183633337453,-33.8716363145389],[151.183661403544,-33.8716083389047],[151.183665252217,-33.8716045028429],[151.183698774592,-33.8715724803865],[151.18370098572,-33.8715703686516],[151.183733537028,-33.8715378999366],[151.183738153376,-33.8715324241076],[151.183758998975,-33.8715116532938],[151.183750487195,-33.8715050596462],[151.183747725082,-33.8715029205827],[151.183834662005,-33.8714304409316],[151.183891759333,-33.8714754677741],[151.183934048964,-33.8714426682417],[151.183969573663,-33.8714151162827],[151.183922180349,-33.8713760261868],[151.183929514548,-33.8713703893256],[151.183982409027,-33.8713297296464],[151.18398465276,-33.8713280683539],[151.184011029323,-33.8713098236338],[151.184028107932,-33.8712980101172],[151.184038034505,-33.8712911445185],[151.18409842387,-33.8712368482641],[151.184206974038,-33.8711391668103],[151.184227639386,-33.8711205673459],[151.184300234659,-33.871055232356],[151.184358392121,-33.8710028914057],[151.184393472461,-33.8709757863425],[151.184426419581,-33.8709503306724],[151.184452608593,-33.8709476182331],[151.184558269292,-33.8709366735415],[151.184558762991,-33.8709324011672],[151.184559195677,-33.8709286617229],[151.184635944919,-33.8709186110816],[151.184773112254,-33.870934863375],[151.18480835492,-33.8709390382722],[151.184876879158,-33.8710304606289],[151.184916224413,-33.8710833402046],[151.184941187351,-33.8712174186077],[151.184945634838,-33.8712413062484],[151.184945281379,-33.8712660158804],[151.184944732126,-33.8713044146197],[151.18495797282,-33.8713223739278],[151.184988412698,-33.8713602445068],[151.185007777086,-33.8713800073266],[151.185049020578,-33.8714284070373],[151.185370654124,-33.8721318998888],[151.185472632876,-33.8722986896006],[151.185494165575,-33.8723271103095],[151.185771725679,-33.8726934568172],[151.185828966632,-33.8727420007782],[151.186099989551,-33.8729818861375],[151.186113925939,-33.8729942215089],[151.186824867698,-33.8731743461902],[151.186830312364,-33.8731756517844],[151.186845261019,-33.8731792352738],[151.18686574038,-33.8731841454586],[151.186949176783,-33.8732055723177],[151.18697434757,-33.8732120835793],[151.187066126218,-33.873235824351],[151.187091850733,-33.8732424789981],[151.187346784662,-33.8733079081829],[151.18735047563,-33.8733088164355],[151.187543294527,-33.8733562595762],[151.187652566555,-33.8733869806338],[151.187690528413,-33.8733975348492],[151.18769594294,-33.8733990401481],[151.187872559945,-33.8734481444032],[151.187873603511,-33.8734484347832],[151.18800867237,-33.8734859878136],[151.18801272795,-33.8735079524931],[151.187948866892,-33.8735850099778],[151.187962213525,-33.8735926853042],[151.188030531139,-33.8735100322449],[151.188026554658,-33.8734855528791],[151.188038999749,-33.8734900543441],[151.188083360794,-33.8734350803446],[151.18809143021,-33.8734396121321],[151.188134770126,-33.8733846131754],[151.188125331828,-33.8733792758443],[151.188143519322,-33.8733568826386],[151.188252998149,-33.8734184411563],[151.188234197164,-33.8734408091249],[151.188226368749,-33.8734363827872],[151.188177850325,-33.8734992201768],[151.188179635267,-33.8735002374378],[151.188126480233,-33.87356516628],[151.188126301588,-33.8735653836768],[151.187995491021,-33.8737251685215],[151.188005978548,-33.8737311434944],[151.188001710647,-33.8737363540881],[151.18800136098,-33.8737426160271],[151.188005537687,-33.8737444809352],[151.188008931053,-33.8737455074276],[151.188009283828,-33.8737456442701],[151.18801283407,-33.8737470229443],[151.188016156808,-33.8737484244227],[151.188019364676,-33.873750094733],[151.188022462566,-33.8737518535995],[151.188024093742,-33.8737530877236],[151.188026625126,-33.8737550014726],[151.188028421241,-33.8737563597573],[151.188030013742,-33.8737577357872],[151.188031699895,-33.8737597444114],[151.188033385223,-33.8737618431972],[151.188034724913,-33.8737633651974],[151.188037092611,-33.8737655046785],[151.188040150891,-33.8737672963263],[151.188042650312,-33.8737684719828],[151.188044467661,-33.8737694906242],[151.188045953995,-33.8737707749186],[151.188047009946,-33.8737719627092],[151.188047955919,-33.873773239056],[151.188048682761,-33.8737746023538],[151.188049301786,-33.8737760542397],[151.188049596339,-33.8737774111796],[151.188049455871,-33.8737789420689],[151.188049102246,-33.8737803796493],[151.188048420336,-33.8737819025753],[151.188047632515,-33.8737834239435],[151.188046953592,-33.8737848567396],[151.188045948545,-33.8737863749129],[151.188044834346,-33.8737878914808],[151.188043385539,-33.8737899459739],[151.188042470628,-33.8737923654079],[151.1880428629,-33.873794264828],[151.188044009792,-33.8737962646189],[151.188045588935,-33.8737982725708],[151.188047605023,-33.8738000155259],[151.188049632801,-33.8738013077836],[151.188051456692,-33.8738019658257],[151.188053609436,-33.873802358183],[151.188056299869,-33.8738025781007],[151.188058144665,-33.8738026052333],[151.188060953722,-33.8738027367217],[151.1880634952,-33.87380263884],[151.188065981945,-33.873802675414],[151.18806872623,-33.8738032117319],[151.188070875419,-33.8738038745581],[151.188072909738,-33.8738048062163],[151.188074831094,-33.8738059165607],[151.188076425502,-33.8738072024443],[151.188077591431,-33.8738083016783],[151.188078646577,-33.8738095787289],[151.188079479567,-33.8738110346632],[151.188080316644,-33.8738123995821],[151.188080894355,-33.8738138625828],[151.188081086217,-33.8738143496382],[151.188081243268,-33.8738148470024],[151.188081591865,-33.8738159486432],[151.18808174486,-33.8738164333235],[151.188081837029,-33.8738169315369],[151.188082038991,-33.8738180147899],[151.188082132241,-33.8738185130192],[151.188082178944,-33.8738190141709],[151.188082911446,-33.8738269115483],[151.18808344558,-33.8738330954103],[151.188102292398,-33.8738192540791],[151.18810848244,-33.873814707477],[151.188194802205,-33.8739043464357],[151.188205376974,-33.8739155040642],[151.188233620169,-33.873950005131],[151.188319625839,-33.8740647978881],[151.188328202515,-33.8740630303621],[151.188336757194,-33.8740828140603],[151.188518582491,-33.8747213503935],[151.188560379479,-33.8748681331563],[151.188583426684,-33.8749490685083],[151.188604348935,-33.874939492185],[151.188606473618,-33.874939065342],[151.188608176883,-33.8749411355285],[151.188660725193,-33.8750050045937],[151.188662755222,-33.8750074709382],[151.188720499003,-33.8750776446745],[151.189233405349,-33.875700941215],[151.18936512482,-33.8758610078703],[151.189552959395,-33.8757869403034],[151.189534801188,-33.8757689903601],[151.189513883302,-33.8757483126768],[151.189511594797,-33.8757496361607],[151.189502938708,-33.8757546443488],[151.18950179273,-33.8757534173742],[151.18945583743,-33.87570421043],[151.189418576359,-33.8756643127491],[151.189427344216,-33.875658670484],[151.189378876199,-33.8756091740962],[151.189638759843,-33.8754303922667],[151.189676953554,-33.8751626863139],[151.189605166199,-33.8750906483405],[151.18942298457,-33.874907827977],[151.18933077983,-33.874815299852],[151.189311387002,-33.8747763302419],[151.189328626398,-33.8747483592038],[151.189562092363,-33.874586682921],[151.189604633511,-33.8745778299065],[151.189606611919,-33.8745774180294],[151.189612406474,-33.8745807440301],[151.189641112211,-33.8745972213186],[151.189735801873,-33.8746926433394],[151.189751402847,-33.8746826089934],[151.189752912157,-33.8746815788423],[151.189795795584,-33.874724806197],[151.189877432168,-33.8748070963644],[151.189860539541,-33.8748183480312],[151.190131288682,-33.875091191009],[151.190255704033,-33.8750066222581],[151.190342505119,-33.8749472040135],[151.190372992036,-33.8749263347391],[151.190383399265,-33.8749191790191],[151.190383513356,-33.8749191004402],[151.190430392472,-33.8748868683611],[151.190430526302,-33.874886776546],[151.190546862811,-33.8748067877812],[151.19053178846,-33.8747911114734],[151.190426425969,-33.8746815319826],[151.190034210923,-33.8742736128503],[151.190080725196,-33.8742425207453],[151.190182267176,-33.8741746462338],[151.190183801234,-33.8741736209494],[151.190290311622,-33.8742842418765],[151.190487200626,-33.8744887284696],[151.190596334282,-33.8746020721481],[151.190619063078,-33.8745867932627],[151.19061918809,-33.8745867094336],[151.190663894432,-33.8745566582146],[151.190672619224,-33.874550793396],[151.19070008434,-33.8745323305816],[151.190748218702,-33.8744999743338],[151.19077354096,-33.874482952572],[151.190773877617,-33.8744827266709],[151.19106687202,-33.8742857727573],[151.191182291317,-33.8742080440773],[151.191242664095,-33.8741673864612],[151.191356825238,-33.8740905039061],[151.191415351124,-33.874051088736],[151.191546134404,-33.873965852837],[151.191550909154,-33.8739627415917],[151.191784267104,-33.8738106529775],[151.191889414473,-33.8737421247771],[151.191892920995,-33.873740556717],[151.192030303655,-33.8738930632808],[151.192040003888,-33.8738893281569],[151.192121182817,-33.8739819549058],[151.192138513624,-33.874006800557],[151.192146156945,-33.8740177597393],[151.192323335079,-33.8738800480883],[151.192329497604,-33.8738752582984],[151.192309986362,-33.8738659401893],[151.192098878354,-33.8736617617724],[151.192073664615,-33.8736710484884],[151.192056289752,-33.8736404535945],[151.192056048965,-33.8736400298504],[151.191906546665,-33.8733767832035],[151.191815473301,-33.8734135215852],[151.191813629543,-33.8734142655113],[151.191811683303,-33.8734150503149],[151.191688627067,-33.8734646901698],[151.191588713168,-33.8734920774331],[151.191411557042,-33.8735624825463],[151.191306153757,-33.8735868781763],[151.191275980115,-33.8735990315797],[151.191190226806,-33.8734509009182],[151.191220400406,-33.8734387475343],[151.191307402318,-33.8733848681812],[151.19148450906,-33.8733144841279],[151.1915736768,-33.8732668709984],[151.191645153636,-33.8732390591208],[151.191699327776,-33.8732179790074],[151.191701286506,-33.8732172169322],[151.191703142772,-33.8732164948331],[151.191795251051,-33.8731806545228],[151.191656505255,-33.8729362846613],[151.191507334366,-33.87299552238],[151.191508867898,-33.8729982095307],[151.191096372772,-33.8731619772592],[151.191082967732,-33.8731673044881],[151.191082483689,-33.8731674966653],[151.191080068441,-33.8731684783639],[151.191076642304,-33.873169465058],[151.191073082358,-33.8731700304785],[151.19107022872,-33.8731701680245],[151.191068449311,-33.8731701166487],[151.191065856988,-33.8731698585611],[151.191065371106,-33.8731697792877],[151.191064885225,-33.8731697000144],[151.191060914129,-33.8731686939786],[151.191057196395,-33.8731671569316],[151.191053831673,-33.8731651309148],[151.191050913964,-33.8731626696094],[151.191048520733,-33.8731598417832],[151.191025556094,-33.8731200832599],[151.190965863907,-33.8731437881678],[151.190954264302,-33.8731483943517],[151.190930180229,-33.8731066662068],[151.19092936782,-33.8731052574835],[151.191084156818,-33.8730441570143],[151.191111980252,-33.8730331738701],[151.191537836032,-33.8728650718609],[151.191542472343,-33.8728632417571],[151.191544624253,-33.8728623923461],[151.191584449862,-33.8728466716965],[151.191582083476,-33.8728387278063],[151.191581952207,-33.8728382885359],[151.191574242049,-33.8728124171793],[151.191576889268,-33.8727780465711],[151.191598184801,-33.8727519652562],[151.19161709382,-33.872737750963],[151.191618710759,-33.8727365357076],[151.191589123827,-33.8726919432426],[151.191447543031,-33.8724785567786],[151.191393726576,-33.8723974452308],[151.191355635515,-33.8723400340857],[151.191353437085,-33.8723403733281],[151.191298562903,-33.872348850235],[151.191170527057,-33.8723166990871],[151.191095251018,-33.8722294498113],[151.191090898189,-33.8722244046929],[151.191090552069,-33.8722240037474],[151.191059235698,-33.8721877205424],[151.191040583301,-33.8721661088148],[151.191038934738,-33.8721670810306],[151.190968474655,-33.8722086283659],[151.190725455779,-33.87235756905],[151.190675666794,-33.8724859425452],[151.190545173908,-33.8725665054092],[151.190454245197,-33.8726446978601],[151.190435600287,-33.8726607319534],[151.190342065094,-33.8727204328459],[151.190276277501,-33.8727618815791],[151.190154446212,-33.8726221258297],[151.190149637437,-33.8726166095854],[151.190034491493,-33.8724907909196],[151.189995870423,-33.8724485902318],[151.190091025933,-33.872393604249],[151.190161967862,-33.8723526100581],[151.190306880024,-33.8722914384925],[151.190973704574,-33.8718798174315],[151.190915887319,-33.8718335712962],[151.190879947452,-33.8718048236208],[151.190877403495,-33.8718027880105],[151.190660415738,-33.8716292232935],[151.190667220244,-33.87162530778],[151.190668991965,-33.871624287782],[151.190670700206,-33.8716233047248],[151.190699379124,-33.8716068029596],[151.19064815099,-33.8715712146379],[151.190435565819,-33.8714235309868],[151.190236754931,-33.8712854147784],[151.190230062066,-33.8712807653863],[151.190151053891,-33.8712310019345],[151.190095841688,-33.8711962259427],[151.190083016124,-33.8711881482118],[151.190040135565,-33.8711611396862],[151.189996661128,-33.87113850307],[151.189846544431,-33.8710520832463],[151.18983155151,-33.871045026877],[151.18981606079,-33.871038661138],[151.189434738797,-33.8708821455238],[151.189387460463,-33.8708634538114],[151.189384729728,-33.8708677564552],[151.189357243351,-33.8708586597409],[151.189341092271,-33.8708533140242],[151.189320885433,-33.8708466264261],[151.189293056306,-33.8708355886267],[151.189249715099,-33.8708209918118],[151.189232762952,-33.8708140616747],[151.189219278505,-33.8708084214916],[151.189217805698,-33.8708100806864],[151.189202564007,-33.8708034958022],[151.189196205202,-33.8707982867767],[151.189144912754,-33.8707809435887],[151.189020046345,-33.8707269958178],[151.18897205634,-33.8707042870613],[151.188944129949,-33.8706904379361],[151.188921675642,-33.8706793032238],[151.188886376192,-33.8706595430113],[151.188837440975,-33.8706321493007],[151.188798453516,-33.8706103239696],[151.188762720356,-33.8705903210909],[151.188749063204,-33.8705826764578],[151.188702315764,-33.8705530965802],[151.188667398649,-33.8705299297472],[151.188668433022,-33.8705283001827],[151.188668933661,-33.8705267592573],[151.188608098169,-33.8704822026392],[151.188537738306,-33.8704306689704],[151.188475164677,-33.8703791036662],[151.188419966036,-33.8703336153831],[151.188418818522,-33.8703326697189],[151.188413104534,-33.8703266720965],[151.188403492388,-33.8703165827749],[151.188290616111,-33.8701981072097],[151.188213045513,-33.8701166883006],[151.188210407972,-33.8701139199502],[151.188076733384,-33.8699736129318],[151.188075429452,-33.8699722429504],[151.188069264975,-33.86996577339],[151.187237260338,-33.8697443103596],[151.187259449604,-33.8696853925997],[151.187264261069,-33.8696726163193],[151.187274253885,-33.8696460835995],[151.187303268932,-33.8693826472893],[151.187346493117,-33.869358554848],[151.18741380483,-33.8693210363942],[151.187419748899,-33.8693257064798],[151.187430174185,-33.8693195666194],[151.187396899165,-33.8692691856707],[151.187374134844,-33.8692178294709],[151.187360937559,-33.8692127875604],[151.187343417659,-33.8692060949916],[151.187081841864,-33.8693072817229],[151.187077439689,-33.8693089843545],[151.187055110529,-33.8693176217752],[151.187054730155,-33.8693177685719],[151.186999518127,-33.8693391262726],[151.186972484308,-33.8692974198045],[151.186974269733,-33.8692965181888],[151.187305285487,-33.8691291431578],[151.187330058878,-33.8690911512754],[151.187324808615,-33.8689296862125],[151.187305419262,-33.8688914197007],[151.187273588109,-33.8688194398708],[151.187256559482,-33.8687808257475],[151.187256432517,-33.868780797729],[151.187157859018,-33.868753736179],[151.186676062716,-33.8686379117619],[151.186641372218,-33.8686316913793],[151.186630182551,-33.8686290478085],[151.186344221749,-33.8685614960199],[151.186201162628,-33.8685032189293],[151.186188126949,-33.8684761380744],[151.186271127727,-33.868265255669],[151.186288061267,-33.8682516199724],[151.186290700602,-33.8682494946526],[151.1863076558,-33.8682437260413],[151.186337503593,-33.8682474279091],[151.18644837195,-33.8682611774586],[151.186651492254,-33.8683223437174],[151.18725180623,-33.8685045513732],[151.187252079738,-33.8685039882035],[151.18725514036,-33.8684976840906],[151.187258000764,-33.8684916466519],[151.187258875376,-33.8684898019378],[151.187260003472,-33.8684874208116],[151.187079882188,-33.868344735907],[151.187094359325,-33.8683311135486],[151.187118159494,-33.8683101024558],[151.187478715453,-33.8679917901862],[151.187474505709,-33.8679884847006],[151.187526145876,-33.8679422421294],[151.187540126909,-33.8679283031207],[151.187603200969,-33.8678654230029],[151.187636107941,-33.8678350648804],[151.187738015038,-33.8677489707373],[151.187893417798,-33.8676025154785],[151.187929984425,-33.8675676726442],[151.187947309194,-33.8675549937995],[151.187961320311,-33.8675447396886],[151.187963208799,-33.8675433580445],[151.18806128971,-33.8674563903699],[151.18810465174,-33.8674150277476],[151.188117958885,-33.8674050905968],[151.18839798117,-33.8671631551336],[151.18850743367,-33.8670200839432],[151.188614540204,-33.8668924592188],[151.188712044072,-33.8667935948772],[151.188728655041,-33.8664368052427],[151.189170364201,-33.8659686843504],[151.189218898137,-33.8660376358897],[151.189375144157,-33.8659226923894],[151.18939283473,-33.865916160453],[151.189469755052,-33.865835521929],[151.189507154469,-33.8658065800916],[151.189769149225,-33.8656104588981],[151.189974961621,-33.8654523154656],[151.190002016152,-33.865428383059],[151.190153955188,-33.8654697071946],[151.190333470108,-33.865518533762],[151.190336104298,-33.8655120339352],[151.190341881271,-33.8654977793154],[151.190749697532,-33.865613458745],[151.190854018957,-33.8656430500084],[151.190931313532,-33.8656206783593],[151.191352815105,-33.8654986813141],[151.191361390052,-33.865516988973],[151.191368798551,-33.8655145980991],[151.191362358675,-33.8655060695924],[151.191419116829,-33.8654803753451],[151.191407488519,-33.8654673810106],[151.191352301364,-33.8654835263421],[151.191350326159,-33.8654841042189],[151.191257740624,-33.8655111895954],[151.191154239191,-33.8655414682192],[151.191151883294,-33.86554215773],[151.191149198919,-33.8655429434134],[151.191145774929,-33.8655439454771],[151.19112459264,-33.8654927006146],[151.191166018547,-33.8654807917273],[151.191247790406,-33.8654572835847],[151.191240501733,-33.8654398514539],[151.191351942924,-33.8654074574967],[151.191403849749,-33.8653923686449],[151.191377872152,-33.865322986168],[151.191376706605,-33.8653198733851],[151.19135364664,-33.8653266883922],[151.191349747103,-33.8653278412856],[151.191294172561,-33.8653442658563],[151.191291817618,-33.8653449616961],[151.191289139621,-33.8653457528868],[151.191285621889,-33.8653467923533],[151.191276969548,-33.8653264158631],[151.191309914069,-33.8653162039355],[151.191354145576,-33.8653030349562],[151.191471236861,-33.8652681728015],[151.191450034464,-33.8652167473475],[151.191446196684,-33.865207439161],[151.19135560205,-33.8652339866467],[151.191259341647,-33.8652621948575],[151.19125698682,-33.865262885288],[151.191254301355,-33.8652636718596],[151.191250722903,-33.865264720353],[151.191245548976,-33.8652525989552],[151.191307446889,-33.865234644097],[151.191295906778,-33.8652062484235],[151.191320905823,-33.8651984654682],[151.191305545844,-33.865161962986],[151.191301914285,-33.8651533332259],[151.191119628302,-33.86472014393],[151.191009211117,-33.8644577441064],[151.190905486257,-33.8642112463452],[151.190875616128,-33.8641402619308],[151.190870669161,-33.8641285063494],[151.190813794768,-33.8639933444325],[151.190782574366,-33.8639191480093],[151.190783125671,-33.8639132551163],[151.190785527988,-33.8639046255687],[151.190788143024,-33.8638991317901],[151.190790613664,-33.8638952049191],[151.190793496226,-33.8638914788724],[151.190799153717,-33.8638857980197],[151.190805765667,-33.8638808859378],[151.190811644252,-33.8638775853181],[151.190818694847,-33.8638746301403],[151.191569296814,-33.8635189509091],[151.192385947495,-33.8631319653483],[151.192386033755,-33.8631319242319],[151.192386068695,-33.8631319076114],[151.194001331338,-33.862366458173],[151.194012486521,-33.8623597287654],[151.19402047166,-33.8623558087078],[151.194031678961,-33.8623513776985],[151.194043367301,-33.8623479204049],[151.194051081694,-33.8623462317931],[151.194057994391,-33.862345091412],[151.194065937369,-33.8623441996817],[151.194077876068,-33.8623436875335],[151.194084749579,-33.8623470255245],[151.194101189683,-33.8623550115286],[151.194322713663,-33.8624626147181],[151.194327117167,-33.8624659074819],[151.194328353711,-33.8624668327541],[151.19433248564,-33.8624711134532],[151.194336999358,-33.8624782068669],[151.194339794924,-33.8624875862646],[151.19433984815,-33.862494965992],[151.194338452588,-33.8625011819824],[151.194335934691,-33.8625068494986],[151.193507501714,-33.8636972736185],[151.193460204948,-33.8637853421283],[151.193412534611,-33.8639036558361],[151.193395979064,-33.8640138564958],[151.193483110529,-33.8641630429313],[151.193485085276,-33.8641618689621],[151.193487331489,-33.8641605339544],[151.193580425785,-33.8641051946625],[151.193850296161,-33.8637486862983],[151.194166137328,-33.8633342252481],[151.19479692033,-33.8625069113361],[151.195015633454,-33.8622200487011],[151.196221186646,-33.8623342448626],[151.19657073768,-33.8623673541915],[151.196235410309,-33.8628047599365],[151.19621061013,-33.8628371093585],[151.195172201852,-33.8641915897109],[151.195149678243,-33.8642209676441],[151.194324147856,-33.8650424182235],[151.194696432611,-33.8653042068161],[151.194703337132,-33.8653090619581],[151.19479862111,-33.8652173604878],[151.194801805739,-33.8652196642033],[151.19515291917,-33.8648816828554],[151.195746100864,-33.8643106789816],[151.195742110266,-33.864307636685],[151.196627699755,-33.8634395388074],[151.196631919281,-33.86344259164],[151.196640894085,-33.8634466599966],[151.196875693608,-33.8635530832346],[151.197002881753,-33.8636147109485],[151.197349990007,-33.8637828975554],[151.19738449104,-33.8637989528359],[151.197385422732,-33.8638040982772],[151.197395635859,-33.863809270393],[151.197405273904,-33.8638173746737],[151.197420222374,-33.8638230209458],[151.197455415415,-33.863834131261],[151.19745825795,-33.8638275648834],[151.197513572447,-33.8638447515083],[151.197529770538,-33.8638497271171],[151.197518112615,-33.8638782166274],[151.197375839827,-33.8642238485836],[151.197170830647,-33.8647218827878],[151.19666393042,-33.8659532841267],[151.196661161135,-33.8659600102601],[151.196400883799,-33.8665922814054],[151.196356683442,-33.8666996530194],[151.196176838097,-33.8671365286675],[151.196159967731,-33.8671775083675],[151.196155400025,-33.867176199797],[151.196153678675,-33.867175706592],[151.196143617039,-33.8671728243042],[151.196118093249,-33.8672348258333],[151.196104199528,-33.8672685765651],[151.196109824043,-33.8672732433633],[151.196117156955,-33.8672793274614],[151.196176689382,-33.8673287199203],[151.196113019378,-33.8674801963717],[151.19611987644,-33.8674821300041],[151.196121723681,-33.8674826512032],[151.196123430155,-33.8674831324682],[151.196333768127,-33.8675424560883],[151.196376244103,-33.8675544362193],[151.196503767753,-33.8675904031753],[151.196506109964,-33.867584609509],[151.196654772489,-33.8676263773356],[151.197319204591,-33.865909427751],[151.197530100073,-33.8659715041463],[151.197582670638,-33.8659869778887],[151.197587722879,-33.865973565354],[151.197590257596,-33.8659668357671],[151.197642491612,-33.8658281591053],[151.197770641223,-33.8654879373183],[151.197835681717,-33.8653152168696],[151.197838446485,-33.8653096259334],[151.197842329608,-33.8653045184567],[151.197847213263,-33.8653000487173],[151.197852951926,-33.8652963516514],[151.197859371354,-33.8652935401331],[151.197866276316,-33.8652916969722],[151.197873460225,-33.865290879564],[151.197880705287,-33.8652911126767],[151.197887792252,-33.8652923876931],[151.197992739866,-33.8653197043047],[151.198175589653,-33.8653672968281],[151.198215755553,-33.865377751051],[151.198907682211,-33.8655578448037],[151.198955176036,-33.8655702066842],[151.198961188331,-33.8655722134744],[151.198966736754,-33.8655749989006],[151.198971677978,-33.865578490532],[151.198975884204,-33.8655825972282],[151.198979247383,-33.8655872137096],[151.198981679225,-33.8655922205576],[151.198983117599,-33.865597487915],[151.1989835243,-33.8656028790605],[151.198982999507,-33.8656077416956],[151.198981633964,-33.8656124901445],[151.198979456845,-33.8656170220351],[151.198502618998,-33.8670955211785],[151.198478536238,-33.867170204746],[151.198316706394,-33.867672054226],[151.19819240272,-33.8680575297634],[151.198189950086,-33.8680651361514],[151.19812874541,-33.8682549358583],[151.198090811101,-33.8684710135353],[151.198080890095,-33.8684893063382],[151.198081135537,-33.868498870186],[151.198061361088,-33.8684995810112],[151.198064826609,-33.8685702046512],[151.198070348428,-33.8685707660372],[151.198072579451,-33.8685709276153],[151.198074913004,-33.8685710970052],[151.198097703501,-33.8685727495657],[151.19810559679,-33.8685733221875],[151.198179292687,-33.8685786679043],[151.198549102519,-33.868570334847],[151.199079400583,-33.8685583825279],[151.199079773325,-33.8685699194426],[151.199209858251,-33.8685669856934],[151.199387878145,-33.8685645494712],[151.19976686201,-33.8682410114867],[151.199849203163,-33.868308360914],[151.199071841591,-33.8689605802486],[151.199075314233,-33.8694104239798],[151.199233856823,-33.8694127413336],[151.199853299462,-33.8688926256054],[151.199938784363,-33.8689614907499],[151.19924389441,-33.8695500798343],[151.199266222755,-33.8702536496749],[151.199752126438,-33.8703362552056],[151.199759491946,-33.8703375170583],[151.19976127031,-33.8703378216816],[151.199762782616,-33.8703380809371],[151.200176804718,-33.8704090065407],[151.200954042001,-33.870542151149],[151.201719417554,-33.8706731844225],[151.202024711508,-33.8707254495548],[151.202192320348,-33.870754143342],[151.202198069143,-33.8707551271675],[151.202204545324,-33.8707286428385],[151.202219060875,-33.8706692801963],[151.202365825629,-33.87069363159],[151.202438827811,-33.8703618449811],[151.202378667382,-33.8702561379563],[151.201217668738,-33.8698918023677],[151.201193422842,-33.8698669624903],[151.201192038342,-33.8698455169004],[151.20127562069,-33.8696586158864],[151.201312952805,-33.869583934028],[151.201414161957,-33.869606674614],[151.201430634997,-33.8695638262756],[151.201401101441,-33.8695545697928],[151.20139885363,-33.8695545369784],[151.201590474213,-33.8691272927336],[151.201606044083,-33.8691054345473],[151.201620188801,-33.8690509224298],[151.201612448258,-33.869050588518],[151.201610225157,-33.8690507697811],[151.201599151854,-33.8690516740068],[151.201596641883,-33.8690518745276],[151.201509700542,-33.8690588085839],[151.201506948046,-33.8690590272045],[151.201506419619,-33.8690590699883],[151.201503729897,-33.8690592850164],[151.20149640497,-33.8690599057964],[151.20149417827,-33.8690594341439],[151.201455787579,-33.8686948649947],[151.201407486866,-33.8682607711495],[151.201352023453,-33.8677622902409],[151.201346908474,-33.8677163160148],[151.201317968117,-33.8674562189589],[151.201317947252,-33.8674560283868],[151.201317926387,-33.8674558378147],[151.201310869839,-33.8673921457733],[151.201285002346,-33.8671586615792],[151.201272985116,-33.8670501986744],[151.201256483744,-33.8669012497265],[151.201230074757,-33.8666628782789],[151.201169520129,-33.8661162934024],[151.201159581684,-33.8660257676154],[151.20113812055,-33.8658302704465],[151.201137793783,-33.8658272971414],[151.201137570558,-33.8658252622578],[151.200913121698,-33.8637350943907],[151.20081139382,-33.8628202875222],[151.200806256818,-33.8628198969029],[151.200806249591,-33.8628198291667],[151.200652213614,-33.8628086499111],[151.200651740914,-33.8628044417911],[151.200528721934,-33.8617096795108],[151.200329243776,-33.8599344500388],[151.200017555428,-33.8571378802144],[151.200137836439,-33.8571287377399],[151.200145141679,-33.8571281825613],[151.200152075971,-33.8571915582406],[151.200152751022,-33.8571978135717],[151.200190138177,-33.8571779613153],[151.200223381518,-33.8571521763754],[151.200225103333,-33.8571487244025],[151.200239863431,-33.857118849719],[151.200242027821,-33.8570901851655],[151.200255400565,-33.8569130707631],[151.200255407062,-33.8569129671576],[151.200255431746,-33.8569126149366],[151.200270821098,-33.8566895095268],[151.200256828966,-33.8563531173474],[151.200240873607,-33.8561840563822],[151.200229627263,-33.8560326238303],[151.200229857535,-33.8559871369612],[151.200229858436,-33.8559869394926],[151.200227513562,-33.8558754434896],[151.200223393262,-33.8556957281347],[151.200210000059,-33.8555339599982],[151.200197731934,-33.8555345076246],[151.200192694972,-33.8555346757256],[151.200192586575,-33.8555332998859],[151.200179724392,-33.8553704889687],[151.202659954908,-33.8552328775937],[151.202667321766,-33.8552324683415],[151.202677414688,-33.855320151408],[151.202678879993,-33.8553386837725],[151.202668095997,-33.8553392776391],[151.202547970279,-33.8553458846917],[151.202550545536,-33.8553803048359],[151.202545128617,-33.8553806045562],[151.202617137817,-33.8557257818621],[151.202635311534,-33.8559471896199],[151.202622575463,-33.8560883900255],[151.202637691822,-33.8561964626363],[151.202677227333,-33.8562793287824],[151.2027876143,-33.8563344960091],[151.203058030867,-33.8564696405529],[151.203185872012,-33.8565317637074],[151.203197424291,-33.8565373777822],[151.203251055731,-33.856563439255],[151.203408069562,-33.8566396841204],[151.203455138345,-33.8566625406145],[151.203459803384,-33.8566648061753],[151.203461340512,-33.8566626310359],[151.203515978496,-33.8565853230682],[151.203508020083,-33.8565814080002],[151.203533918862,-33.8565438609341],[151.203636405734,-33.856395279592],[151.203631544003,-33.8563839820114],[151.203630887471,-33.856382455708],[151.203626680168,-33.8563726816949],[151.203499588339,-33.8560773898311],[151.203356688875,-33.8557453656876],[151.203349055851,-33.8557275712069],[151.203274376871,-33.8555534648259],[151.203220671004,-33.8554282546642],[151.203189282885,-33.8553550758791],[151.203147013532,-33.8552553011025],[151.203149284211,-33.855254637164],[151.203151954002,-33.8552538564077],[151.203154312768,-33.8552531667012],[151.203213027488,-33.8552359960586],[151.20322477021,-33.8552325621039],[151.203360255156,-33.8551929409448],[151.203569520642,-33.8551317425076],[151.203617752199,-33.8552435981566],[151.204102208992,-33.8563963293634],[151.204125606052,-33.8564518732919],[151.204147885626,-33.8565053485618],[151.204197145849,-33.8566257025849],[151.204247500245,-33.8566203892958],[151.20426093566,-33.8566189718644],[151.204262751381,-33.8566189766821],[151.204265290157,-33.856618983019],[151.204268444979,-33.8566189911192],[151.204380027886,-33.8566192707985],[151.204592967296,-33.8566198034947],[151.204674248117,-33.8566200066149],[151.204700396427,-33.8566208104881],[151.204744830644,-33.8566221756265],[151.20480719307,-33.8566168693225],[151.204866103594,-33.8566118571672],[151.204906228842,-33.8566055613823],[151.204969422669,-33.8565956465713],[151.204977683094,-33.8565807438453],[151.204945999427,-33.8565090986542],[151.204925317287,-33.8565152006612],[151.204884561997,-33.8564241449252],[151.204817068651,-33.8562733504856],[151.204769512112,-33.8561670995379],[151.204727937289,-33.856074212093],[151.204715474344,-33.8560463677273],[151.204656446425,-33.8559144852676],[151.204609907337,-33.8558105061481],[151.204510457647,-33.8555883120716],[151.204452469064,-33.8554587504191],[151.204406472519,-33.855355982958],[151.20439917971,-33.8553396885869],[151.20439641974,-33.8553335219227],[151.204369053403,-33.8552723771813],[151.204252605288,-33.8550122026375],[151.204210404794,-33.8549179145138],[151.204173437255,-33.8548345424993],[151.204165262044,-33.8548161053363],[151.204147307774,-33.8547756132843],[151.20414465945,-33.8547696394114],[151.204156097837,-33.8547485745413],[151.204170444422,-33.8547440954455],[151.20417374195,-33.8547430659158],[151.204176459611,-33.8547422173019],[151.204178788876,-33.8547414901738],[151.204420917904,-33.8546659066178],[151.204423156861,-33.8546652079267],[151.204505937513,-33.8546393662633],[151.204515439891,-33.8546430422553],[151.20452402452,-33.8546463631141],[151.20462064242,-33.8548606644491],[151.204609737264,-33.8548641585343],[151.204612247661,-33.8548677903625],[151.204622401771,-33.8548646000435],[151.204651688027,-33.8548553969923],[151.204676819282,-33.8548474995431],[151.20474825882,-33.8550071119989],[151.20475380564,-33.8550195052191],[151.204780481442,-33.8550791050527],[151.204816828096,-33.8551603126814],[151.204870254226,-33.8552796793228],[151.204953671,-33.8554660522566],[151.205011660355,-33.8555956136978],[151.205061186005,-33.8557062639955],[151.205271783866,-33.8561767819158],[151.205286791668,-33.8561968091015],[151.205376293897,-33.8563162482633],[151.205396699004,-33.8563434787182],[151.205415553179,-33.8563686396248],[151.205444305017,-33.8564070082321],[151.205463732778,-33.8564107475385],[151.205564270783,-33.8563562403483],[151.20563864698,-33.8562968190607],[151.205768766297,-33.8561928642644],[151.205787301941,-33.8562089714761],[151.205897006109,-33.8561273359356],[151.205927077943,-33.8559873162815],[151.205188436987,-33.8542651464809],[151.205188257436,-33.8542560614979],[151.205192608485,-33.8542546820778],[151.205195552694,-33.8542537492712],[151.205197839741,-33.8542530242138],[151.205537485823,-33.8541453831975],[151.205587278599,-33.8542569524644],[151.206160626599,-33.8555416169766],[151.206205503301,-33.8556421690654],[151.206230732447,-33.8556986969419],[151.206337912124,-33.8557923675043],[151.206349307948,-33.8557832436059],[151.20636769713,-33.8557685206691],[151.206370268264,-33.8557664615371],[151.206420729953,-33.8557260593341],[151.206433027137,-33.855716213625],[151.206571279244,-33.8556055248548],[151.206717657758,-33.8554917349521],[151.206761350393,-33.8554577699397],[151.206793938563,-33.8554324371342],[151.206791760192,-33.855307655412],[151.206790563409,-33.8552390630407],[151.206790906396,-33.8552096278804],[151.206767643627,-33.8551542090149],[151.206723155617,-33.8550482270575],[151.206590790823,-33.8547328941122],[151.206378808915,-33.8542278853494],[151.206219693316,-33.8538488160114],[151.20622139183,-33.8538463600359],[151.206221037401,-33.8538451158799],[151.206220550075,-33.8538434044893],[151.206220062749,-33.8538416930988],[151.206219936278,-33.8538402466632],[151.206219800277,-33.8538386873708],[151.206219644007,-33.8538369086595],[151.20621965887,-33.8538367664003],[151.206219795163,-33.8538354689703],[151.206219958513,-33.8538339113301],[151.206220145987,-33.8538321304084],[151.206220657957,-33.8538304407775],[151.206221175687,-33.8538287340974],[151.20622155642,-33.8538274799023],[151.20622230764,-33.8538260300109],[151.206223144445,-33.8538244154444],[151.206223761602,-33.8538232260093],[151.206223839304,-33.853823076549],[151.206224958246,-33.8538216148771],[151.206226093829,-33.8538201327073],[151.206226839437,-33.8538191579536],[151.206226934979,-33.8538190340018],[151.206228189451,-33.8538178619591],[151.206229593847,-33.853816549623],[151.206230764525,-33.8538154566158],[151.206231046281,-33.8538152659402],[151.20623222376,-33.8538144679025],[151.206233415474,-33.8538136610545],[151.206234793547,-33.8538127288714],[151.206235220019,-33.8538124402086],[151.206237522546,-33.8538113357223],[151.206238852297,-33.853810698608],[151.206239988805,-33.8538101542658],[151.206240208244,-33.8538100492505],[151.206241968605,-33.8538094941506],[151.206243942191,-33.85380887272],[151.20624559483,-33.8538083521218],[151.206359626873,-33.8537749114899],[151.206431857237,-33.8537537293581],[151.20658411846,-33.8537090717298],[151.206585089587,-33.8537087864834],[151.206586840584,-33.8537082655085],[151.206588438008,-33.8537078009119],[151.206588721389,-33.8537077392086],[151.206589232765,-33.8537076285221],[151.206590532396,-33.8537073462529],[151.206593311942,-33.8537068952528],[151.206594896293,-33.8537067974759],[151.206597093176,-33.8537066617225],[151.206598964306,-33.8537065464773],[151.206599720857,-33.8537065989675],[151.206601672144,-33.8537067337702],[151.206604613101,-33.8537069370801],[151.206607620094,-33.8537075489394],[151.206609726285,-33.8537079772598],[151.206610120177,-33.8537080578368],[151.206612959305,-33.8537090477894],[151.20661534992,-33.8537098815251],[151.206615388422,-33.8537099010221],[151.206618072406,-33.8537112809756],[151.206620175758,-33.8537123621175],[151.20662056338,-33.8537126391837],[151.206621437659,-33.8537132641913],[151.206623172359,-33.8537145049876],[151.206624286222,-33.8537153021081],[151.206624478962,-33.8537154401747],[151.206624646361,-33.8537156013178],[151.206625952832,-33.8537168530153],[151.206627435786,-33.8537182966475],[151.206628736264,-33.8537198350125],[151.206629915835,-33.8537213148081],[151.206631573531,-33.8537239125109],[151.206631648895,-33.8537240299327],[151.206631740114,-33.8537242161178],[151.206631859337,-33.8537244586186],[151.206632678222,-33.8537261306473],[151.206633394806,-33.8537276812552],[151.206635658447,-33.8537278160943],[151.20673706338,-33.8539691035138],[151.206750962964,-33.8540021770718],[151.2071938072,-33.8550558849245],[151.207672659646,-33.8549150121824],[151.207855159573,-33.8542493040624],[151.207972911225,-33.8537981692327],[151.208032601244,-33.8535694827374],[151.208043453875,-33.8535526047836],[151.208062778819,-33.8535409593111],[151.208065952524,-33.8535406790282],[151.208096649995,-33.853537971993],[151.208125492142,-33.8535420227012],[151.208277304656,-33.8535633434175],[151.208367965024,-33.853576075804],[151.208370750744,-33.8535764670829]]]},"properties":{"OBJECTID":9,"DateOrder":9,"StartDate":"2004","EndDate":"present","CouncilName":"City of Sydney","Details":"On 6 February 2004, the remaining South Sydney City Council (SSCC) was amalgamated back into the City of Sydney. This created a new local government area (LGA) boundary for the City that has remained unchanged until the present day.","Shape__Area":26733680.137451172,"Shape__Length":43766.595742913945}},{"type":"Feature","id":10,"geometry":{"type":"Polygon","coordinates":[[[151.195814585757,-33.8792048446152],[151.19656669991,-33.8805109724404],[151.19718642495,-33.8815870355084],[151.197414468922,-33.8819859061855],[151.198252048225,-33.8834309991005],[151.198279866246,-33.8834894500291],[151.198573465141,-33.8842501453134],[151.198588866019,-33.8842900353352],[151.198592173343,-33.8843329271264],[151.198688384543,-33.8855823723691],[151.198694748088,-33.8856742435071],[151.198724239683,-33.8861095067698],[151.199460298446,-33.8860599438347],[151.200120621516,-33.8860159418074],[151.2001256496,-33.8861371792522],[151.200082245984,-33.8863596289492],[151.200098068178,-33.8863621181057],[151.201516169427,-33.886547254109],[151.201827981905,-33.8865853511804],[151.201930224776,-33.8866473729775],[151.201726365802,-33.8868306773519],[151.201687811227,-33.8870319913502],[151.201563032299,-33.8876972888181],[151.201471663216,-33.8881823563855],[151.201459176368,-33.8884807939509],[151.201460386784,-33.8885022982621],[151.201470435568,-33.8886805654951],[151.201474585184,-33.8887542765193],[151.201511784958,-33.8889134040191],[151.201527804685,-33.8889819617888],[151.201645052977,-33.8890009023439],[151.201646561367,-33.8890071328398],[151.20164859363,-33.889007465496],[151.20183476761,-33.8890502595559],[151.202065581004,-33.8891033265036],[151.202092766963,-33.8891070390293],[151.202390999821,-33.8891477617594],[151.202718221251,-33.8892074618551],[151.202823260567,-33.8892266090905],[151.202960615413,-33.8892452448223],[151.204557342871,-33.8894618326684],[151.20526884988,-33.8895575049126],[151.206076846963,-33.889666154977],[151.206077991835,-33.8896603292799],[151.206322753022,-33.8885802586879],[151.206551504568,-33.8875166382196],[151.206702127184,-33.8867764817566],[151.206740465949,-33.8865881127169],[151.206844412215,-33.8860870356122],[151.206893741284,-33.8858492569161],[151.206930107846,-33.885820797154],[151.206986983667,-33.8858027877159],[151.207048656033,-33.8858049658975],[151.207367036242,-33.8859204597583],[151.207428389185,-33.8859427157644],[151.207714061264,-33.8861070074505],[151.208139921436,-33.8863529246177],[151.208234527857,-33.8864139067842],[151.208371407032,-33.8865027579622],[151.208664377558,-33.8866685107715],[151.208734206631,-33.8867045462686],[151.208958170806,-33.8868088241348],[151.209171792484,-33.8864563521305],[151.209597491218,-33.8866392438452],[151.209658150844,-33.8866677224132],[151.209864591334,-33.8862957798789],[151.20989620759,-33.8861744700712],[151.209895006288,-33.8861164111584],[151.209871735052,-33.8857775179389],[151.209863342292,-33.8857507296841],[151.21001034972,-33.8854809965565],[151.210131664446,-33.8852566568617],[151.210264491919,-33.8850108019395],[151.209151973724,-33.8845625317603],[151.208726372803,-33.8843910597187],[151.20866307832,-33.8843658256375],[151.208655307523,-33.8843625267802],[151.208663746773,-33.8843626062242],[151.208731194472,-33.8840380576811],[151.208805076866,-33.883630600089],[151.208994225415,-33.8837069468794],[151.209227328511,-33.8833504176474],[151.209763012083,-33.8825296435895],[151.209906481019,-33.8823094168449],[151.209963293674,-33.8822667036485],[151.210094705382,-33.8821679121076],[151.210095455751,-33.8821544527968],[151.210096093534,-33.8821430189648],[151.210114052881,-33.8818208072438],[151.210144421299,-33.8812732890124],[151.210203833748,-33.8802315946015],[151.210552165327,-33.8802461242403],[151.210909693307,-33.8802610668999],[151.211342983098,-33.8802729389413],[151.211748327748,-33.880283817663],[151.211951782552,-33.8802877439374],[151.212212090967,-33.8803395370753],[151.213260114975,-33.8805442913102],[151.213718699239,-33.8806235357789],[151.21383945311,-33.8800892630883],[151.213853408886,-33.8800868080047],[151.213840690544,-33.8800837876156],[151.213943695441,-33.8796416129697],[151.21402903274,-33.8792665503367],[151.214101303715,-33.8789491810468],[151.214203588618,-33.8785061353613],[151.214213334426,-33.8785139955561],[151.214204834714,-33.8785007087025],[151.214223398843,-33.878419866053],[151.21423046316,-33.878376893109],[151.21400990348,-33.8782007504444],[151.213789596314,-33.8780159588362],[151.213703344444,-33.877943610294],[151.212901336594,-33.8772996197009],[151.212691355999,-33.877138492534],[151.212560553995,-33.8770456972997],[151.212416216645,-33.8769581466417],[151.212318567426,-33.8769194038392],[151.212290191897,-33.8769081459125],[151.21228490258,-33.8769060474498],[151.212362835258,-33.876912724964],[151.212587014789,-33.8769317204226],[151.212786490022,-33.8769590147123],[151.212903955356,-33.8769750871451],[151.213103812644,-33.8770052233487],[151.21317783615,-33.8766827706685],[151.213259237333,-33.8763143801286],[151.213323795997,-33.8760206421993],[151.213231256272,-33.8760062392283],[151.21301214105,-33.8759721357972],[151.212760705632,-33.8759513588627],[151.212759104051,-33.8759512265169],[151.212754347876,-33.875950262988],[151.212789862695,-33.875678127259],[151.212826729838,-33.8753748234439],[151.213395468013,-33.8754784085674],[151.213799751626,-33.875541417062],[151.213813191619,-33.8754593522213],[151.213864049521,-33.875229721287],[151.214103840994,-33.8752663736609],[151.214211198817,-33.8752645727253],[151.214236886136,-33.8751470583872],[151.214239201982,-33.8751364649128],[151.214363894626,-33.8745660215412],[151.214394511953,-33.8744259475554],[151.214410029156,-33.8743212474116],[151.214430242822,-33.8741955650358],[151.214432680952,-33.8741803960786],[151.214449058656,-33.8740784947831],[151.214450636985,-33.8740686877541],[151.214459948961,-33.8740107351137],[151.214439538076,-33.8739544419314],[151.21441850998,-33.8739010524312],[151.21440754684,-33.8738732379686],[151.214394351528,-33.8738397561583],[151.214376716645,-33.8737949959195],[151.214343050744,-33.8737095466071],[151.214337761492,-33.8736831651879],[151.21433095825,-33.8736296671409],[151.214329289921,-33.8735760721886],[151.214330769152,-33.8735423765417],[151.214339662275,-33.8734747430304],[151.214344980238,-33.8734520023942],[151.21434639139,-33.8734459649353],[151.214398250931,-33.8735325823904],[151.214402005636,-33.8735388534287],[151.214408259269,-33.8735492996876],[151.214709699769,-33.8731461866137],[151.214864232618,-33.8732398328951],[151.214917490208,-33.873272106986],[151.21512714719,-33.873044464166],[151.215164525304,-33.8730045615773],[151.215227880669,-33.8729312442665],[151.215288022412,-33.8728678220909],[151.215378915446,-33.8727719587438],[151.215388022281,-33.8727622463248],[151.215461696249,-33.8726836678911],[151.215565225045,-33.8725762872978],[151.215566207296,-33.8725752690281],[151.215534474137,-33.8725535102148],[151.215542933651,-33.8725431616954],[151.215551602592,-33.8725343852429],[151.21567225623,-33.8724122430624],[151.21568268508,-33.8724044019484],[151.215724641007,-33.8723728552073],[151.215764612442,-33.8723427982478],[151.215798406265,-33.8723173868674],[151.215817661502,-33.872230094671],[151.215885302992,-33.8722407219837],[151.21589797789,-33.8722427135285],[151.215920912961,-33.8722463171804],[151.21624991326,-33.8722980077517],[151.216633541321,-33.8723582801824],[151.216742348842,-33.872375375066],[151.216760632162,-33.8723782547618],[151.216743298475,-33.8723710910995],[151.216768300221,-33.8722583057493],[151.216822890646,-33.8720120378555],[151.216984923568,-33.8712795814105],[151.21689120586,-33.8710809757492],[151.217546678747,-33.8704997594237],[151.217663532283,-33.870397839506],[151.217701298739,-33.8703049813545],[151.217744065708,-33.870279471073],[151.217785541863,-33.8702519871218],[151.217825430804,-33.870222747044],[151.217863447034,-33.8701919640317],[151.21787317679,-33.8701832523447],[151.218572973588,-33.8696295649912],[151.218573985955,-33.8696205910377],[151.218574476999,-33.869610953978],[151.218840145451,-33.869186291258],[151.218847306854,-33.8691604966767],[151.21884100574,-33.8690520059365],[151.218867628006,-33.8686098126179],[151.218947173798,-33.8686178626847],[151.219020615991,-33.8686319626501],[151.219042603899,-33.8686379308191],[151.219093637811,-33.8686517816743],[151.219112010577,-33.8686581277083],[151.219138381576,-33.8686672368707],[151.219165214108,-33.8686765050933],[151.219168684393,-33.8686779493502],[151.21920580077,-33.8686933979772],[151.21923428219,-33.8687052518748],[151.219299826211,-33.8687372273321],[151.219357419788,-33.868772572195],[151.219367603249,-33.8687803075539],[151.219410908527,-33.8688132411263],[151.219511799054,-33.8688966073532],[151.219514782238,-33.8688990725507],[151.219569776013,-33.8689384862935],[151.219652657016,-33.868989590129],[151.219738415733,-33.8690380401753],[151.21982661195,-33.8690836397979],[151.219916799011,-33.8691261381652],[151.219977736004,-33.8691521429829],[151.220062661659,-33.8691877300041],[151.220148687885,-33.8692167546365],[151.220237539039,-33.8692405628431],[151.220327735123,-33.8692587418821],[151.220417751625,-33.8692708882922],[151.220555804884,-33.8692928315467],[151.221056085317,-33.8693275411561],[151.221332591476,-33.8693296855608],[151.221361860523,-33.8693299133218],[151.221379675957,-33.8693300514777],[151.221488560763,-33.8693225481346],[151.221631894873,-33.8692850431115],[151.221654753489,-33.8692792790563],[151.221808109105,-33.8692033814836],[151.221922515673,-33.869158238338],[151.222130194149,-33.8690431679689],[151.222153088183,-33.8690305826258],[151.22251380709,-33.8687491944089],[151.2226700051,-33.8689753196038],[151.223382676467,-33.8690847424341],[151.223461685416,-33.8686847608569],[151.223470703398,-33.8686441094357],[151.223500822073,-33.8685764041952],[151.223591832887,-33.8682916907667],[151.223628773841,-33.8681708564985],[151.223659565161,-33.8679705474548],[151.223705663114,-33.8676885841476],[151.22366463782,-33.867629551434],[151.22376313178,-33.8675339291074],[151.223789544705,-33.8674791906608],[151.223858129112,-33.8673370461246],[151.224022344147,-33.8669967245164],[151.224300803482,-33.8663818875958],[151.224444015331,-33.86612281475],[151.224439942827,-33.8661158955774],[151.224319017034,-33.8659104358048],[151.22449565723,-33.8659579802735],[151.224582556103,-33.866000485553],[151.22463590546,-33.8660381654548],[151.224686978502,-33.866081737009],[151.224716538616,-33.8661230390846],[151.224729844347,-33.8661440764668],[151.224778253457,-33.866214457295],[151.224762892618,-33.8663205581793],[151.224762082276,-33.8663257604009],[151.224770710222,-33.8663246303829],[151.224761952369,-33.8663807984178],[151.22474193149,-33.8664246612568],[151.224691407213,-33.8665288956472],[151.224659698156,-33.8666287517173],[151.224677000944,-33.8667355865333],[151.224716787799,-33.8667946687089],[151.224754950599,-33.8668316373952],[151.224761614014,-33.8668382034317],[151.224894004476,-33.8668163985364],[151.225216536109,-33.8671922045105],[151.225549557309,-33.8674930533886],[151.225844732812,-33.8677676927405],[151.225807925094,-33.8680123736881],[151.225769560384,-33.8682125021587],[151.225741646286,-33.8683567529054],[151.225849505695,-33.8683820634887],[151.226333942972,-33.8684495670502],[151.226553743095,-33.8683469183014],[151.226674725407,-33.8682904176481],[151.226681611941,-33.8682872019451],[151.226754841934,-33.8682530255779],[151.226851208057,-33.8682099834142],[151.226901209994,-33.8681867571256],[151.227073203707,-33.8681237410253],[151.227080880572,-33.8681321232126],[151.22709833726,-33.8681288458709],[151.227091619726,-33.868297968249],[151.227464835544,-33.8687174705602],[151.227493059767,-33.8687491951629],[151.227508619239,-33.8687666838435],[151.227528436242,-33.8688704740995],[151.227534565941,-33.8688849388255],[151.227587601745,-33.8690100932049],[151.227589978559,-33.8690157037969],[151.227602098213,-33.8690333025915],[151.227611005365,-33.8690462355247],[151.227612094746,-33.8690478175296],[151.227640338971,-33.8690888312779],[151.227710545384,-33.8691674139305],[151.227783957819,-33.8692497803992],[151.227909043124,-33.8693366800904],[151.227995551912,-33.8693931797386],[151.22801193833,-33.8694038810827],[151.228036570751,-33.8694199681205],[151.228164191722,-33.8695070158438],[151.228263042969,-33.8695743875189],[151.228344906771,-33.8696301708744],[151.228652016838,-33.8698388285936],[151.228903007342,-33.8700087559012],[151.228931506834,-33.8700267307031],[151.22906569009,-33.8701109646169],[151.229079234771,-33.870119467998],[151.22910044631,-33.8701314135315],[151.229129061623,-33.8701456693471],[151.229158592059,-33.8701585892963],[151.229186217194,-33.8701690759941],[151.229240985568,-33.8701954817809],[151.229268562109,-33.8701926210103],[151.229283897251,-33.8701960353954],[151.229316542822,-33.8702017004392],[151.229349509585,-33.87020584163],[151.229382698115,-33.8702084575385],[151.229416012524,-33.8702095323586],[151.229449355716,-33.870209056579],[151.229482607526,-33.8702070383922],[151.229512420164,-33.8702038372792],[151.229546969591,-33.8701972460278],[151.229547290894,-33.8701971821122],[151.229584576508,-33.8701876012019],[151.229617533446,-33.8701724835758],[151.229662974493,-33.870153312526],[151.229696426964,-33.8701372831186],[151.229723594081,-33.8701232040439],[151.22974722482,-33.870108356361],[151.229760833363,-33.8700950806972],[151.229761918962,-33.8700940214132],[151.22978010718,-33.8700652266598],[151.229794944242,-33.8700399907413],[151.22980517269,-33.8700203669046],[151.229808171347,-33.8700146126588],[151.229821570576,-33.8699893795237],[151.229836267071,-33.8699679658879],[151.22985635488,-33.8699461202223],[151.229871614876,-33.8699337492789],[151.229888654549,-33.8699237186862],[151.229914150605,-33.8699191542363],[151.230178263177,-33.8699390058339],[151.23020757718,-33.8699393214141],[151.230294164499,-33.8699516927239],[151.230322120208,-33.8699579520186],[151.230347257617,-33.8699688238405],[151.230385354272,-33.8699900670234],[151.230389559676,-33.8699924124524],[151.230429086215,-33.8700157664088],[151.230435817787,-33.8700197442108],[151.230478862035,-33.8700576036775],[151.230501358616,-33.8700698343461],[151.230507155942,-33.8700729862526],[151.230523967134,-33.8700944494063],[151.230546010354,-33.870112304965],[151.23058178121,-33.8701506009858],[151.23060481635,-33.870187650034],[151.230619064788,-33.8702288444656],[151.230627117927,-33.8702616565579],[151.230628707072,-33.8702935525246],[151.23062405107,-33.8703348271454],[151.23062830193,-33.8703758779978],[151.230636603436,-33.8704041993497],[151.230665208117,-33.8704424005486],[151.230697678963,-33.8704716785684],[151.230765237203,-33.8705094201625],[151.230830469451,-33.8705749616389],[151.230855768399,-33.8706014854968],[151.230890062375,-33.8706573560107],[151.2309078035,-33.870691232388],[151.230910405035,-33.8706993241463],[151.23092108038,-33.8707325282586],[151.230943589284,-33.8707506167739],[151.230961045252,-33.870759023718],[151.231006864876,-33.8707957415685],[151.231028620584,-33.8708113033804],[151.231083501806,-33.8708527727622],[151.231210772051,-33.8709225980167],[151.231410809583,-33.8710006249001],[151.231444285557,-33.871013902132],[151.231442487394,-33.8710152316455],[151.23143528595,-33.8710205567872],[151.23145531074,-33.8710362911612],[151.231486578165,-33.8710716826817],[151.231498634545,-33.871094287599],[151.231508185758,-33.8711121963274],[151.231518808484,-33.8711394228569],[151.231525546744,-33.8711529348673],[151.231539014659,-33.8711534410918],[151.231547028962,-33.8711672473519],[151.23157182066,-33.8711779760012],[151.231602144453,-33.8712082311244],[151.231603563696,-33.8712292531812],[151.231622013027,-33.8712571682569],[151.231619364498,-33.8712687492508],[151.231639987274,-33.8713087960618],[151.231653282459,-33.8713212407278],[151.231663086027,-33.8713649132708],[151.231670451103,-33.8713707324497],[151.231679800675,-33.8713787668477],[151.231679757877,-33.8714270646997],[151.231661280606,-33.8714689967431],[151.231661353604,-33.8714886216068],[151.231661359399,-33.8714899652928],[151.231661374481,-33.8714942127372],[151.231661565006,-33.8715450866209],[151.231661671932,-33.8715736527918],[151.231657348149,-33.8715974266076],[151.231644857938,-33.8716191155976],[151.231628232284,-33.8716585917012],[151.231592046204,-33.8717346991464],[151.231562051377,-33.871758394845],[151.231536867543,-33.8718303354177],[151.231505259461,-33.871909328308],[151.231459938407,-33.8719329266179],[151.231387830836,-33.8720281160084],[151.23141014835,-33.87203522383],[151.231382117171,-33.8720533351975],[151.231379192816,-33.8720872944808],[151.231363008309,-33.8721218830953],[151.231362754384,-33.8721597600277],[151.231317904208,-33.8722060593012],[151.231319152477,-33.8722319591561],[151.231305565266,-33.8722398464541],[151.231253828175,-33.8722844958288],[151.23125463933,-33.8722889314435],[151.231258423048,-33.8722978887097],[151.231254782672,-33.8723032036432],[151.231251575869,-33.8723078863645],[151.231246653646,-33.8723150738577],[151.231242314315,-33.8723208891448],[151.231239120683,-33.8723218947318],[151.231235319408,-33.8723236382412],[151.231236923679,-33.8723319690656],[151.231237928499,-33.8723371829629],[151.231233192974,-33.872340089839],[151.231230596931,-33.8723416829265],[151.231223850024,-33.8723458251744],[151.231181243379,-33.8723719809232],[151.231173743042,-33.872393356453],[151.231162473078,-33.8724254717685],[151.231171313814,-33.8724328640699],[151.231172472205,-33.8724338311421],[151.231180087655,-33.8724401976985],[151.231146606782,-33.872465901925],[151.231109577214,-33.8724824700933],[151.230970137715,-33.8725196587946],[151.230943199211,-33.872526560804],[151.230938372764,-33.8725286340507],[151.230878855362,-33.8725541969888],[151.230876435056,-33.8725552362144],[151.230784227566,-33.8725948396891],[151.230650167832,-33.8726524180197],[151.230465611692,-33.8727501696454],[151.230239069596,-33.8728703574929],[151.230095905783,-33.8729458799312],[151.230036147777,-33.8729764725426],[151.230033522246,-33.8729778162983],[151.230027331532,-33.8729809853687],[151.229986724735,-33.8730017733702],[151.229999547812,-33.8730636262293],[151.230015272944,-33.8731233096978],[151.23004809111,-33.8731926619813],[151.230084723719,-33.8732716807698],[151.230087881387,-33.8732784928382],[151.230124647191,-33.8733727404177],[151.23013428582,-33.8733935856864],[151.230173940279,-33.8734793532462],[151.230229625204,-33.8735829594744],[151.230270933831,-33.8736517636683],[151.230392726077,-33.8738226194217],[151.230428650826,-33.8738649972031],[151.230449883957,-33.8738881515344],[151.230470332602,-33.8739104505599],[151.230496035164,-33.8739541206861],[151.230504603899,-33.8739795638942],[151.230514285901,-33.8740083180725],[151.230518775252,-33.8740698158255],[151.230513774439,-33.8741178269179],[151.23051362062,-33.8741193080813],[151.230494904965,-33.8741685397322],[151.230482223206,-33.8741935036809],[151.230251991288,-33.8746467308979],[151.230195138926,-33.8747586468974],[151.229712791857,-33.8757081572958],[151.229596146248,-33.8759368266676],[151.229589092981,-33.8759506536746],[151.229577664329,-33.8759687290504],[151.2295364268,-33.8760339503498],[151.229527257734,-33.876044326624],[151.229463825991,-33.8761161029445],[151.229415440776,-33.8761502041215],[151.229337090102,-33.8762054236136],[151.229373684642,-33.8762132537174],[151.229357184377,-33.8762270423202],[151.22932662231,-33.8762512414585],[151.229266554372,-33.876298801841],[151.229255982315,-33.8763071731851],[151.229400174552,-33.8763338416718],[151.22957679711,-33.8763665082602],[151.229580283326,-33.8763671526109],[151.229587392514,-33.8763684676244],[151.229597313676,-33.87637030458],[151.229601420905,-33.8763717117141],[151.229601858884,-33.8763718622875],[151.229602296882,-33.8763720119594],[151.229602708028,-33.8763721531298],[151.229603557153,-33.8763724448735],[151.229607116796,-33.8763736691995],[151.229636821614,-33.876380659883],[151.229675473397,-33.8763897557557],[151.229684166446,-33.8763918013945],[151.229698761737,-33.8763952357723],[151.229735576963,-33.8764039021547],[151.229744531922,-33.8764061436247],[151.229777224547,-33.8764143043905],[151.229742439655,-33.8764660922854],[151.229710032967,-33.8765134398809],[151.229709853486,-33.876513702415],[151.229685417185,-33.8765494048687],[151.22964998945,-33.8766011672653],[151.229554701888,-33.8767403881976],[151.229546195238,-33.8767528164448],[151.229543737266,-33.876756405237],[151.22952572509,-33.8767827235315],[151.229517741243,-33.8767943882971],[151.229485202727,-33.876841929611],[151.229472650601,-33.8768602692688],[151.229472291973,-33.8768607781097],[151.229433684988,-33.8769156012595],[151.22943080694,-33.8769196898911],[151.229430451628,-33.8769201951726],[151.229430427125,-33.8769202299885],[151.229430143106,-33.8769206334956],[151.229426193774,-33.8769262351894],[151.229419563538,-33.8769355928984],[151.229371028004,-33.8770041061095],[151.229370346503,-33.8770050674946],[151.229369947438,-33.8770056496972],[151.229366327903,-33.8770109342057],[151.22930729816,-33.8770971240706],[151.22914014395,-33.8773411847262],[151.229123396052,-33.8773656373821],[151.228666903581,-33.8780321464085],[151.228489403941,-33.878291304941],[151.228483678479,-33.8782996647483],[151.228316820457,-33.8785432847602],[151.228301130291,-33.8785622563657],[151.228295835535,-33.878568659258],[151.228289075982,-33.8785768337533],[151.228276416266,-33.8785921418637],[151.228268604428,-33.8786015880144],[151.228263620008,-33.8786076220459],[151.228213222494,-33.8786604717077],[151.228213110891,-33.8786605882312],[151.228212990417,-33.8786607154481],[151.228181895413,-33.8786933243999],[151.228102806804,-33.8787789050012],[151.227945924117,-33.8789486635109],[151.227883690189,-33.879006049874],[151.227829723396,-33.8790558136499],[151.227822293692,-33.8790614671165],[151.227767713216,-33.8791029999229],[151.227767221126,-33.8791033742818],[151.227712019981,-33.8791453796652],[151.227669978922,-33.8791025641378],[151.22764548491,-33.8790776184452],[151.227608235048,-33.8790556832052],[151.227406025862,-33.8789916615919],[151.227261021953,-33.878949014536],[151.227203259909,-33.8789338212169],[151.227195577007,-33.8789318007579],[151.22717428534,-33.8789262002066],[151.227129869915,-33.8789146652317],[151.227119490588,-33.8789119693308],[151.227090455974,-33.8789044294957],[151.227063695756,-33.878897479665],[151.227043369397,-33.8788922004789],[151.226887383688,-33.8788553545705],[151.226885988629,-33.8788550080593],[151.226885401341,-33.878854862541],[151.226883634112,-33.8788544241055],[151.226801016948,-33.8788338501298],[151.226754313232,-33.8788205732765],[151.22671851603,-33.8788142958428],[151.22671698609,-33.8788141980732],[151.226711522806,-33.8788138480057],[151.226669365154,-33.8788121761905],[151.226655694651,-33.8788116340338],[151.226577328691,-33.8788142526685],[151.226380464446,-33.8788208300048],[151.226174382563,-33.8788277152538],[151.226076182524,-33.8788298973834],[151.225991724422,-33.8788334532023],[151.225907141808,-33.8788429713104],[151.225725035398,-33.8788654008904],[151.225707118013,-33.8788680013608],[151.225706973799,-33.8788680218273],[151.225675506938,-33.8788725895249],[151.225665047979,-33.8788741080123],[151.225640501706,-33.8788776707421],[151.22557872718,-33.8788866379343],[151.22530168169,-33.8789344568234],[151.224958668785,-33.8789915476565],[151.224836590301,-33.8790160329449],[151.224786225417,-33.8790308162833],[151.224745868869,-33.879045742025],[151.22472794788,-33.8790531062164],[151.224727268559,-33.8790533849851],[151.224695380442,-33.879066487684],[151.224640454025,-33.8790943265102],[151.224573891691,-33.879131540776],[151.224503296704,-33.8791692749013],[151.224365847208,-33.8792323276183],[151.224278426733,-33.8792672238691],[151.224236050278,-33.8792841393294],[151.224221821499,-33.879290501627],[151.22410224695,-33.879343963757],[151.223991936969,-33.8793932832626],[151.223964647,-33.8794054844866],[151.223714848192,-33.879512342024],[151.223708384512,-33.8795153454128],[151.223690324155,-33.8795237390353],[151.223634432459,-33.8795497140032],[151.223625963392,-33.8795536497297],[151.22358935576,-33.8795706634774],[151.223568650373,-33.879582681825],[151.223508406574,-33.8796176483895],[151.223479150093,-33.8796357843792],[151.223467717145,-33.8796428713301],[151.223461448208,-33.87964857914],[151.223449586885,-33.8796593805085],[151.223421321844,-33.8796485171594],[151.223413069946,-33.8796609594513],[151.22334593652,-33.8797621787197],[151.223327765341,-33.8797895767523],[151.223331593006,-33.8797872098713],[151.223330282185,-33.8797885886698],[151.223227797904,-33.8799333202699],[151.223192390563,-33.8799831629726],[151.223169729275,-33.8800121779688],[151.223089499223,-33.8801280021937],[151.223026698835,-33.8802186621251],[151.222967748995,-33.8803025098835],[151.222933749817,-33.8803557020562],[151.222899973187,-33.8803981603619],[151.222893060237,-33.8804045243372],[151.222889998786,-33.8804088337929],[151.222862658321,-33.8804473243823],[151.222517304141,-33.8806750457678],[151.222486940507,-33.8806944595359],[151.222454281788,-33.8807162081585],[151.222443993414,-33.8807230933031],[151.222303736536,-33.8808169445673],[151.222127938086,-33.8809345775044],[151.221956839064,-33.8810466294872],[151.221767762972,-33.8811657754388],[151.221682934031,-33.8812192299104],[151.221658553706,-33.8812317404253],[151.221602595877,-33.8812604538778],[151.221506559581,-33.8813097327644],[151.221409004581,-33.8813473742859],[151.221375220435,-33.8813639898679],[151.221356439822,-33.8813638728994],[151.221343748499,-33.881367028809],[151.221280784441,-33.8813685056791],[151.221189248307,-33.8813683769301],[151.220926129041,-33.8813657701903],[151.220820929458,-33.8813653157885],[151.220654284289,-33.8813645950667],[151.220635348014,-33.8813643729409],[151.220620568869,-33.8813642000398],[151.220572787714,-33.8813636396968],[151.220461786035,-33.8813606105605],[151.220434232017,-33.881359858127],[151.220380157663,-33.8813538197806],[151.220372871298,-33.8813530066481],[151.220299570502,-33.8813333879862],[151.22029748571,-33.8813328303466],[151.22020928015,-33.8813100836653],[151.220195939089,-33.8813080306157],[151.220183932249,-33.881306182601],[151.220171519622,-33.8813026857455],[151.220145275642,-33.8813002325507],[151.220138956613,-33.8812996425857],[151.220064963151,-33.8813032264572],[151.220000297792,-33.8813178002605],[151.219996144032,-33.8813189422636],[151.219938435717,-33.8813347753017],[151.219870842053,-33.8813529109897],[151.219710652298,-33.8814088756898],[151.219585573918,-33.8814525735556],[151.219446275772,-33.8815118895477],[151.219335271041,-33.8815676385819],[151.219334343442,-33.8815681049007],[151.219304050922,-33.8815833185704],[151.219288789426,-33.8815928286692],[151.21916499889,-33.8816456514192],[151.219185957955,-33.8816569087907],[151.219187284426,-33.8816560821316],[151.219191010812,-33.8816537599083],[151.219297510856,-33.8817107927465],[151.219321297018,-33.8817235680181],[151.219324243824,-33.8817251507926],[151.219739473399,-33.8819439376351],[151.219756518985,-33.8819573187693],[151.219776628382,-33.8819731049424],[151.219789454093,-33.8819851887977],[151.219813662307,-33.8820079965593],[151.2198426706,-33.8820437271321],[151.219971167312,-33.8821925528226],[151.220147490826,-33.8824043330027],[151.220165679988,-33.8824261168181],[151.220173208147,-33.8824344485866],[151.220194788573,-33.8824583337644],[151.220211367263,-33.8824777010778],[151.220271064721,-33.8825474414474],[151.22036095682,-33.8826524541648],[151.220507940328,-33.8828218410283],[151.220808156948,-33.8831678138578],[151.220821370724,-33.883183041281],[151.220902016819,-33.8832556611063],[151.22104866281,-33.8833877130023],[151.22105725547,-33.8833954505132],[151.221138076695,-33.8834451233495],[151.22114312308,-33.8834482251798],[151.221234789973,-33.8834972655492],[151.221348112865,-33.8835504374331],[151.221470784583,-33.8835941992421],[151.221594817792,-33.8836274833918],[151.221831525956,-33.8836900702809],[151.221985203819,-33.8837285539955],[151.222091529027,-33.8837549380043],[151.222315139712,-33.8838201609989],[151.222531040684,-33.883892944378],[151.222536359562,-33.8838950581665],[151.222887403063,-33.884034557748],[151.222929212101,-33.8840523751987],[151.223047331189,-33.8841027147299],[151.223244378976,-33.8841825660038],[151.223352575777,-33.8842264111476],[151.223500793907,-33.8842867581817],[151.223627171463,-33.8843382126958],[151.224133251218,-33.8845440133407],[151.224323930197,-33.8846192930387],[151.224538729912,-33.8846901480859],[151.224551450238,-33.8846938554453],[151.224659295758,-33.8847252882052],[151.224942811258,-33.8847933149261],[151.225236663259,-33.8848595818389],[151.22536665709,-33.8848814959708],[151.225670174242,-33.8849230878133],[151.226023059587,-33.8849568007886],[151.226112381381,-33.8849664688402],[151.226147816448,-33.8849703047617],[151.226342432711,-33.8849913702117],[151.226572228528,-33.8850162431297],[151.226733806521,-33.8850337537495],[151.226765179906,-33.8850371540939],[151.226987774425,-33.8850632625651],[151.227098421533,-33.8850801243765],[151.227223780557,-33.88510483289],[151.227338864997,-33.8851284393715],[151.227437935037,-33.8851518152986],[151.227498189331,-33.8851708146239],[151.227550435335,-33.8851896986874],[151.227655973376,-33.8852322547325],[151.227684289392,-33.8852447410152],[151.227691898753,-33.885248096779],[151.227738751793,-33.8852687562542],[151.227762263015,-33.8852805583998],[151.227897305952,-33.8853483394145],[151.228013847371,-33.8854140281],[151.228062613692,-33.8854415150322],[151.228092959508,-33.8854599503735],[151.228124285731,-33.8854803331502],[151.228176446799,-33.8855174571184],[151.2283183777,-33.8856279099154],[151.228319570558,-33.8856288378342],[151.228565855788,-33.8858180445875],[151.228569530876,-33.8858208675981],[151.22874070351,-33.885961071486],[151.228801589546,-33.8860067195062],[151.228854138847,-33.8860461184683],[151.229005299605,-33.8861630641146],[151.229093678775,-33.8862267336748],[151.229216401138,-33.8863151448009],[151.22925230606,-33.8863410108017],[151.229366102727,-33.8864230624155],[151.229728030867,-33.8866840299015],[151.229741068537,-33.8866931265116],[151.229813732966,-33.8867438235612],[151.229952608209,-33.8868407161675],[151.229962664705,-33.8868477319726],[151.230622045825,-33.8872999530708],[151.230624992639,-33.8873019738284],[151.230726433078,-33.8873769159155],[151.230828644067,-33.8874700012695],[151.230907738477,-33.8875447512024],[151.230911701749,-33.8875484962599],[151.231456388902,-33.8880478076868],[151.231867546382,-33.8884192263255],[151.231915708461,-33.8884632979042],[151.231927227938,-33.8884738387333],[151.232036014117,-33.8885733856187],[151.232170100699,-33.8886970447848],[151.232271904693,-33.8887909310992],[151.232279889495,-33.8887981243894],[151.232394616224,-33.8889014786256],[151.232677111812,-33.8891565662997],[151.2327448156,-33.8892167679211],[151.232770617894,-33.8892362100265],[151.232837779111,-33.88928681466],[151.232922415487,-33.8893752826404],[151.232965783139,-33.8893960831452],[151.232987231965,-33.8894063704588],[151.233011640407,-33.8894154431943],[151.233133223436,-33.8894606360957],[151.233129129562,-33.8894882212582],[151.233126032736,-33.8895090900999],[151.233117305124,-33.8895678921212],[151.233102974163,-33.8896644491677],[151.233098327894,-33.8896957488062],[151.233097345948,-33.8897023616423],[151.233082079358,-33.8898052228856],[151.233074061204,-33.8898592441078],[151.233067415647,-33.8899040159854],[151.233048010498,-33.8900422834698],[151.233029930118,-33.8901711016329],[151.232999482029,-33.8903880375922],[151.232996403202,-33.8904088165104],[151.232878767594,-33.8912027083186],[151.232871236298,-33.8912155556292],[151.232864578057,-33.8912269131588],[151.232806077021,-33.8913267085001],[151.232794217447,-33.8913469385066],[151.232630764835,-33.8916257616245],[151.232336507277,-33.8921277096295],[151.232242251089,-33.8922896230624],[151.232227496847,-33.8923147133425],[151.232105140364,-33.8925227821969],[151.232097674651,-33.8925354789019],[151.232023309023,-33.8926619379169],[151.231945869235,-33.8927936243472],[151.231933180188,-33.8928152012805],[151.231904379573,-33.8928641772668],[151.231538676435,-33.8934210966681],[151.230899680645,-33.894394185001],[151.230645555218,-33.8947811707653],[151.230541924758,-33.8949409019972],[151.230511011917,-33.894988041077],[151.23050713761,-33.8949939495462],[151.230418787813,-33.8951286775316],[151.229710556835,-33.8962086613867],[151.229640772551,-33.8963034144097],[151.229537942786,-33.896420199864],[151.229460314299,-33.8965008665997],[151.229355543596,-33.8965919423422],[151.229243145174,-33.8966809587523],[151.229118734911,-33.8967659942781],[151.228986992568,-33.8968420979774],[151.228976013201,-33.8968484407603],[151.228898123152,-33.8968871723087],[151.22882726829,-33.8969224043213],[151.228688424903,-33.8969795447127],[151.22851572299,-33.8970385054954],[151.228336732052,-33.8970862074765],[151.228163896083,-33.8971194814864],[151.228003804782,-33.8971394882255],[151.227870005453,-33.8971463893139],[151.227712267392,-33.8971407767543],[151.227527670528,-33.8971178661657],[151.22732045889,-33.8970678056584],[151.227008663937,-33.8969558315283],[151.227001207149,-33.8969531542137],[151.226934711921,-33.8970192883827],[151.226603655266,-33.8973485426157],[151.226714831618,-33.8973955948654],[151.226793280751,-33.8974287957636],[151.226919859585,-33.897508109408],[151.227018610685,-33.8975877897023],[151.227118908465,-33.8976964543527],[151.227159713476,-33.8977618274399],[151.227203927505,-33.8978326627462],[151.227251034996,-33.8979751362428],[151.227268972695,-33.8981303480787],[151.227262915744,-33.8982198950044],[151.227261941979,-33.8982342863248],[151.227258496981,-33.8982852068315],[151.227234633572,-33.8983906557655],[151.227180205432,-33.8985322258682],[151.227114410473,-33.8986446593256],[151.227011452751,-33.8987720190163],[151.226638890816,-33.8991344431551],[151.226456911158,-33.8993114686088],[151.226331975082,-33.8994330042356],[151.225857679438,-33.8998943831589],[151.225378326133,-33.9003606747864],[151.225240830231,-33.9004966887644],[151.224764944895,-33.9009573360259],[151.224664272226,-33.9010354084819],[151.224544880267,-33.9010963664454],[151.22441684529,-33.9011351169252],[151.224307741817,-33.9011586212674],[151.224159885692,-33.9011904750097],[151.224144305538,-33.9011935101386],[151.224035607129,-33.9012146836655],[151.223928063809,-33.9012216145153],[151.223814702299,-33.9012153112599],[151.223685229182,-33.9012130046775],[151.223556020767,-33.9012210835264],[151.223457975925,-33.9012362801778],[151.223446115771,-33.9012381181659],[151.223442938109,-33.9012386097635],[151.22335872345,-33.9012603730423],[151.223289296491,-33.9012888367347],[151.22321490297,-33.9013243678175],[151.223190359285,-33.9013394235641],[151.223187692071,-33.9013410605172],[151.223145060679,-33.9013672136192],[151.223035629757,-33.9014343464577],[151.223016120265,-33.9014463151059],[151.222981354453,-33.9014669187084],[151.222935627392,-33.9014742861762],[151.222904605948,-33.9014792841484],[151.222836823185,-33.9014902035813],[151.222836290423,-33.9014902896742],[151.222835755479,-33.9014903766373],[151.222744042078,-33.9015052005842],[151.222732694537,-33.9015070350795],[151.222684560291,-33.9015148149772],[151.222680529301,-33.901515466472],[151.222647678071,-33.9015207770258],[151.222593494726,-33.9015322902623],[151.222646129573,-33.9017645449261],[151.222646726,-33.901766445387],[151.22271406773,-33.9019811777304],[151.222781958002,-33.9021223439878],[151.222813624872,-33.9021621755096],[151.222837609793,-33.9021923449233],[151.222976718684,-33.9025273130389],[151.22308707083,-33.9027567699426],[151.223123316962,-33.9028321365487],[151.22318760704,-33.9029658130808],[151.223408497646,-33.9034251042362],[151.223469378744,-33.9035516942574],[151.223478953894,-33.9035716021614],[151.223544373043,-33.9037076212923],[151.223798278678,-33.9042355641585],[151.223877636332,-33.9043880687016],[151.223903855958,-33.90444161983],[151.223938349022,-33.9045120491347],[151.223958661248,-33.9046132252709],[151.224001849844,-33.9048412338764],[151.224002257739,-33.9048552492081],[151.22400594557,-33.9049819861896],[151.223997680218,-33.9050917684772],[151.22399624725,-33.9051107988932],[151.223987184598,-33.9051665815432],[151.223978432901,-33.9051652496963],[151.22314709892,-33.9050387108151],[151.222102059388,-33.9048709609867],[151.222098320942,-33.9048779838739],[151.221710015063,-33.9048247237085],[151.221658667667,-33.9048176808446],[151.219716730454,-33.9045513036546],[151.215518193219,-33.9039752762007],[151.215111464084,-33.9039366864318],[151.21467710536,-33.9038793281356],[151.214672818749,-33.9038787979872],[151.214591627848,-33.9038687504734],[151.214517194779,-33.9038595394122],[151.214489360987,-33.9038560951844],[151.214451477314,-33.9038514069146],[151.214431409889,-33.9038489238183],[151.214391457338,-33.9038439800974],[151.214345938414,-33.9038378005216],[151.214315128759,-33.9038336178627],[151.214307104446,-33.9038325285288],[151.214295997018,-33.9038310202653],[151.214285228197,-33.9038295583909],[151.214274613582,-33.9038281176882],[151.214270179029,-33.9038218737633],[151.214287822347,-33.9037266949199],[151.214271667263,-33.9037752510712],[151.214260629159,-33.9038084265098],[151.214270179029,-33.9038218737633],[151.214260074666,-33.9038763897794],[151.21424967916,-33.9039109018949],[151.214196738139,-33.9040866667899],[151.214192089377,-33.9041020993729],[151.214190826578,-33.9041071127657],[151.214184629427,-33.904131710716],[151.21414786743,-33.904277624572],[151.214131083393,-33.9043442442352],[151.214007101434,-33.9047461331815],[151.21397777884,-33.9048529264992],[151.213977687553,-33.9048533625187],[151.213937011518,-33.9050472055662],[151.213875023889,-33.9053428109379],[151.213809003673,-33.9056950401799],[151.213682185735,-33.90637162754],[151.213545156671,-33.9071294096822],[151.2134483947,-33.9076611787466],[151.213345784795,-33.9081903045903],[151.213215196519,-33.9088608055579],[151.213207331356,-33.9089011894083],[151.213162391708,-33.9091287357486],[151.213141785192,-33.9092441946949],[151.213130132862,-33.9093094818969],[151.213067936761,-33.9097666633417],[151.213058612838,-33.9098447971196],[151.213053326441,-33.9099218839571],[151.213049736356,-33.9099742345776],[151.213033880578,-33.9101918049386],[151.21303062034,-33.9102464345268],[151.213030581904,-33.9102470841223],[151.213027608195,-33.9102968989787],[151.213024481316,-33.9105323687],[151.213017689161,-33.9106962386044],[151.213017562973,-33.9106992783361],[151.213008048313,-33.9108260671229],[151.212983764882,-33.9111120174818],[151.21296032855,-33.9113170806784],[151.212924102748,-33.9116121807479],[151.212893491127,-33.9119155608747],[151.212882464635,-33.912030356207],[151.212881148976,-33.9120440552523],[151.212863316023,-33.9122297230813],[151.212861044313,-33.9122533652407],[151.212853420125,-33.9123222222091],[151.212848488297,-33.9123667668195],[151.212844673456,-33.9124012227659],[151.212809180599,-33.9126520553399],[151.212807074444,-33.9126669386136],[151.212753857965,-33.912997425014],[151.212701268551,-33.913313812782],[151.212626766137,-33.9136786754435],[151.212553593449,-33.9140069711288],[151.212469165102,-33.9143225863189],[151.212404478613,-33.9145697756396],[151.212355457733,-33.9147246217809],[151.212286713426,-33.9149741462126],[151.212259440297,-33.9150731397319],[151.212227262191,-33.9151952213472],[151.212161875493,-33.915443292136],[151.212032689804,-33.9158737334907],[151.211910050976,-33.916319537953],[151.211852387766,-33.9165591947448],[151.211803120146,-33.9167731016879],[151.211757967941,-33.9169691436413],[151.211685503528,-33.9173145169097],[151.211607641743,-33.9176989389808],[151.21155088695,-33.9179943514222],[151.211526939212,-33.9181190005339],[151.211497065612,-33.9182938272752],[151.211474368447,-33.9184159218792],[151.211429658916,-33.9186564202846],[151.211355694704,-33.9190733467964],[151.211303230458,-33.9193378908915],[151.211152507147,-33.9207556486248],[151.211175793514,-33.9209308679484],[151.211174051278,-33.9210142036677],[151.211152398661,-33.9210138890623],[151.211149756907,-33.9211402488881],[151.211128103178,-33.9211399342617],[151.211125461357,-33.9212662949846],[151.211103807595,-33.9212659803529],[151.211101165745,-33.9213923401702],[151.211084841867,-33.921392102979],[151.211078206429,-33.9214545194427],[151.21107334166,-33.9215002777064],[151.210863903479,-33.9234701818433],[151.210838413263,-33.9234673947485],[151.210623401419,-33.9234438887946],[151.21000288464,-33.9233424872461],[151.209595958672,-33.923285955604],[151.209072584134,-33.923213244106],[151.20852465078,-33.923138467847],[151.208048146016,-33.923069501743],[151.207657349871,-33.9230077448083],[151.207173527029,-33.922934021254],[151.206895638279,-33.9228916765805],[151.206879620611,-33.9228894612717],[151.206544370561,-33.9228430872916],[151.206462201824,-33.9228317213939],[151.206461877187,-33.9228316760864],[151.206220024736,-33.9227998379905],[151.205881071774,-33.922755217143],[151.20558240046,-33.9227136144742],[151.205364566389,-33.9226832708871],[151.20533637741,-33.9226795235488],[151.205042064741,-33.9226403961575],[151.204680416925,-33.9225918233737],[151.204474136758,-33.9225641174605],[151.204436437511,-33.9225588344282],[151.204148327244,-33.9225184580988],[151.204056091215,-33.9225055316353],[151.203995256581,-33.9224975926128],[151.203716449701,-33.9224612104238],[151.203604465664,-33.9224455508857],[151.203364034248,-33.9224119298855],[151.203111393718,-33.9223785351012],[151.202816327812,-33.9223395302918],[151.202815933005,-33.92233947854],[151.202806073863,-33.922338174987],[151.202774048837,-33.9223336352515],[151.202593946264,-33.9223081055041],[151.202578100376,-33.9223058596843],[151.202496474643,-33.9222942889782],[151.202248188632,-33.9222608405878],[151.20181267031,-33.9222006800187],[151.201581861035,-33.9221687966767],[151.201548157094,-33.9221642708735],[151.200904065031,-33.9220777754858],[151.200481426343,-33.9220222791654],[151.200341817618,-33.9220039468332],[151.200255811843,-33.9219917028542],[151.199828208798,-33.9219308268291],[151.199461773826,-33.9218827973116],[151.199254544797,-33.9218556342119],[151.198998837582,-33.9218191734857],[151.198713832857,-33.9217785350741],[151.198326265443,-33.9217271749008],[151.197508134254,-33.9216141593427],[151.196985998469,-33.9215385167209],[151.196916518302,-33.9215281202307],[151.196623677896,-33.9214843008645],[151.196393664743,-33.9214547667258],[151.196232983691,-33.9214341345336],[151.196232512271,-33.9214340744245],[151.195808841689,-33.9213781214159],[151.195419319472,-33.9213246954972],[151.195208156475,-33.9212953561014],[151.195034153486,-33.9212614311856],[151.19479773078,-33.9212153777432],[151.19432827627,-33.9211524262911],[151.193661942604,-33.9210615326663],[151.193645796782,-33.9210592226903],[151.193474664252,-33.9210347400741],[151.193375042694,-33.9210204880592],[151.193299576256,-33.9210096914998],[151.192412021872,-33.920891687413],[151.19193237342,-33.9208240198493],[151.191921239614,-33.9208224487333],[151.191745400792,-33.9207973499639],[151.191627600522,-33.9207805364363],[151.191306359013,-33.9207346840479],[151.190458038155,-33.9206156904461],[151.189016963791,-33.9204185462318],[151.188628164832,-33.9203651095898],[151.188196704949,-33.9202991149115],[151.187947712764,-33.9202662821106],[151.187636628165,-33.9202252605054],[151.187606442754,-33.9202206600669],[151.187051834917,-33.9201361294662],[151.185793100912,-33.9199446137771],[151.185354240064,-33.9198904291524],[151.185249264266,-33.9198849358694],[151.185223256934,-33.9198835750397],[151.184957598927,-33.9198696713017],[151.184616626737,-33.9198237325058],[151.183560719665,-33.919681465154],[151.182070578047,-33.9194541323415],[151.182055713729,-33.9194518641236],[151.181971409756,-33.9194397588176],[151.181966070766,-33.9194420515319],[151.181531602884,-33.9193782742073],[151.181511402081,-33.9193524793881],[151.181486230403,-33.9193299277104],[151.181456820188,-33.9193112774315],[151.181424031674,-33.9192970723747],[151.181388820845,-33.9192877279286],[151.181352217036,-33.9192835162895],[151.181315286258,-33.9192845614107],[151.181279108651,-33.9192908314562],[151.181244739422,-33.9193021445353],[151.181213180714,-33.9193181691891],[151.181208185628,-33.9193209728218],[151.181205900839,-33.9193219066266],[151.181192618165,-33.9193278196317],[151.181007215794,-33.9192997121588],[151.180694985596,-33.9192523756307],[151.180667545421,-33.9192482153378],[151.180577776518,-33.9193097123731],[151.180451322667,-33.9194081440205],[151.180332570992,-33.9195130285374],[151.180217938049,-33.9196213643196],[151.180046920226,-33.9197906170288],[151.179840504979,-33.9200094481364],[151.179717722444,-33.9201805388157],[151.179663085741,-33.9202398547912],[151.179654034239,-33.9202496814767],[151.179627385254,-33.9202833115542],[151.179625719118,-33.9202854150033],[151.179624872186,-33.9202850084244],[151.179423165586,-33.9201881791396],[151.179363725547,-33.9201615629613],[151.179227561238,-33.9201005896381],[151.179058418061,-33.9200225798406],[151.17905518753,-33.9200210901925],[151.17881846935,-33.9198917432835],[151.17851216887,-33.9196939594306],[151.178501666248,-33.9196878075382],[151.178416065375,-33.9196376627523],[151.17833157565,-33.9195836469887],[151.178324352472,-33.9195780079961],[151.178318001756,-33.9195730491928],[151.178317033571,-33.919572292743],[151.178299359193,-33.9195584944472],[151.178282099771,-33.9195450196979],[151.178216137582,-33.919484397797],[151.178137655999,-33.9194068896527],[151.178017657903,-33.919263156263],[151.177996057429,-33.9192354339139],[151.177955979267,-33.9191839985249],[151.177832409631,-33.9190254111007],[151.177597630093,-33.9187618797388],[151.17729828852,-33.9184409330116],[151.177038049955,-33.9181619089053],[151.176693776589,-33.9177934099952],[151.176691101127,-33.9177905461541],[151.176784064012,-33.9177258007314],[151.177306887318,-33.9173330102056],[151.177336063711,-33.9173517472635],[151.177574014889,-33.9171791841673],[151.178890394337,-33.9162162639556],[151.178901144214,-33.9162147430313],[151.178905341549,-33.9162141486533],[151.179273598441,-33.9161620311253],[151.179543856401,-33.9161237821577],[151.18088739456,-33.9159353732986],[151.181260569662,-33.9158899077863],[151.181337177333,-33.9139341517289],[151.181337345503,-33.9139301568356],[151.181338658174,-33.9138988708003],[151.181338686845,-33.9138981832024],[151.181352968518,-33.9135578397814],[151.181355961428,-33.9134596439047],[151.181356929837,-33.9134278631415],[151.18124658231,-33.913354132542],[151.181232780739,-33.9133449113561],[151.181233986294,-33.9132730638366],[151.181238141859,-33.9130252887098],[151.181223726328,-33.9123570411631],[151.181217782149,-33.9114920867938],[151.181217345172,-33.910569954567],[151.181212544346,-33.9097412006777],[151.18121099935,-33.9094745608397],[151.181210069684,-33.9094674144046],[151.18112852945,-33.9090265748395],[151.181148351288,-33.9089594360792],[151.181148621981,-33.9089561126849],[151.181155357051,-33.9089084951924],[151.1811739606,-33.9088436180103],[151.181174086189,-33.9088377072055],[151.181175648467,-33.9088377302817],[151.181180804241,-33.9088197501456],[151.181202833642,-33.9087429251075],[151.181218712132,-33.9086875479948],[151.181293524467,-33.9083493057821],[151.181334450236,-33.9081642705536],[151.181391232959,-33.9079075409874],[151.181435621972,-33.9076796028179],[151.181486839087,-33.9074165924717],[151.181507147679,-33.9073123013099],[151.181510258502,-33.9072949176578],[151.181530762963,-33.907180333397],[151.181530870952,-33.9071797299291],[151.181533122713,-33.9071671488426],[151.181530126498,-33.9071122891623],[151.181527972192,-33.9070728317879],[151.181524746174,-33.9070226811687],[151.181521493726,-33.906973724053],[151.181515478812,-33.906946778919],[151.181509023177,-33.9069180274174],[151.181508501489,-33.906915806861],[151.181497927159,-33.9068707840844],[151.181497437455,-33.9068692980108],[151.181493106128,-33.9068561634294],[151.18148448607,-33.90683002745],[151.181439447629,-33.9067066382862],[151.181438517586,-33.9067040915836],[151.181405826973,-33.9066460457796],[151.181391599343,-33.9066207837166],[151.181143233298,-33.9060821471225],[151.181136031599,-33.9060665300427],[151.18112059238,-33.9060330460881],[151.180990155723,-33.9057640450468],[151.180913442844,-33.9055895392737],[151.180909863223,-33.9055813951454],[151.180716714467,-33.9051777205816],[151.180651982207,-33.9050423338849],[151.180629898478,-33.9049961472799],[151.180627677476,-33.904991502102],[151.180609690529,-33.9049543635931],[151.180481030571,-33.9046887201812],[151.18028923996,-33.9042886431099],[151.18021820476,-33.9041519574355],[151.18016553942,-33.9040506178992],[151.180159534045,-33.9040391258367],[151.18002669155,-33.903784930775],[151.179893284654,-33.903532445034],[151.179860227507,-33.9034723104125],[151.179852818545,-33.9034612746067],[151.17981169187,-33.9034000179738],[151.179711861689,-33.9032506202893],[151.179618777568,-33.9031204092305],[151.179503478972,-33.9029542431377],[151.179484130365,-33.9029263586632],[151.179479114514,-33.902918484522],[151.179404491393,-33.9028013255816],[151.179370608206,-33.9027481282771],[151.179255011029,-33.9025328861409],[151.179033049862,-33.902071256066],[151.179004295171,-33.9020114517555],[151.178994933706,-33.901992266021],[151.178720526632,-33.9014298820237],[151.178357288898,-33.9006837060771],[151.178203886227,-33.9003629276078],[151.178160236357,-33.9002674980131],[151.178145104304,-33.900234415905],[151.178104083972,-33.9001416032462],[151.178057888444,-33.9000303294772],[151.178055468918,-33.900023692996],[151.178028151035,-33.8999487705246],[151.177974117053,-33.8997988560165],[151.177936788063,-33.8996706616104],[151.17783897701,-33.8992922512301],[151.177820756774,-33.8992072845572],[151.177810229685,-33.8991641837573],[151.177802512274,-33.8991235105151],[151.177798932175,-33.8990900555448],[151.177798870361,-33.8990840671223],[151.177798541175,-33.8990519704714],[151.177798466256,-33.8990447176251],[151.177802804247,-33.8989923460295],[151.177810405218,-33.8989542322237],[151.177818165278,-33.8989257170151],[151.17782735446,-33.8988972229511],[151.177849550502,-33.8988553583654],[151.177851200967,-33.8988522447539],[151.17785645372,-33.8988443430357],[151.177862530956,-33.8988351992052],[151.177866452112,-33.8988292994703],[151.177876325415,-33.8988144425155],[151.177914625086,-33.8987625210904],[151.178035294312,-33.8986044552141],[151.178129359027,-33.8984865546988],[151.178245202939,-33.898339849388],[151.17827294336,-33.8983047188178],[151.178324891249,-33.898238933903],[151.178333832723,-33.8982272579653],[151.178467619595,-33.8980525629187],[151.178471914411,-33.8980470383998],[151.178595559881,-33.8978879942769],[151.178608816717,-33.8978709419816],[151.178730812095,-33.8977176669432],[151.178855318345,-33.8975666101951],[151.179007780708,-33.8973932664336],[151.17908482769,-33.8973094352765],[151.179141126351,-33.8972413815284],[151.17914352479,-33.897238482748],[151.179144323916,-33.8972375161821],[151.179180164119,-33.8971941920607],[151.179182321707,-33.8971915845855],[151.179310432736,-33.8970331494449],[151.179313301496,-33.8970294902386],[151.179382187985,-33.8969416400436],[151.179473165163,-33.8968281031424],[151.179477414039,-33.8968228006343],[151.179547700755,-33.896746538477],[151.179581628294,-33.8967117298835],[151.17963988753,-33.8966629659005],[151.179689893125,-33.8966255310143],[151.179698361144,-33.8966203927544],[151.179707243261,-33.8966150027184],[151.17980351128,-33.8965565891937],[151.179951797982,-33.8964719365147],[151.180005297423,-33.8964447165702],[151.180025395247,-33.8964344903353],[151.180096608268,-33.8963982568783],[151.180145005856,-33.8963736315149],[151.180311595471,-33.8962892479402],[151.180464293866,-33.8962122947884],[151.18063224705,-33.8961209082067],[151.180701643978,-33.8960831479762],[151.180862877673,-33.8959815073803],[151.181001147401,-33.8958833435376],[151.18110818394,-33.8958009431663],[151.181133911521,-33.8957788248582],[151.181159474996,-33.8957568465949],[151.181181718182,-33.8957333170026],[151.181178709033,-33.8957263824121],[151.181144623932,-33.8956478330378],[151.181137055209,-33.8956312050961],[151.181089953615,-33.8955277334126],[151.181041939125,-33.8954171506787],[151.181019000421,-33.8953643219424],[151.180994917462,-33.8953088567639],[151.180987433882,-33.8952912264406],[151.180929640176,-33.8951550829478],[151.180919534537,-33.8951316932906],[151.180901092847,-33.8950890132445],[151.180899117053,-33.8950844411245],[151.180877529822,-33.8950344800007],[151.180877512306,-33.8950344391639],[151.180759449115,-33.8947653265562],[151.180530925449,-33.8942273034983],[151.180353233693,-33.8938109725537],[151.180317153759,-33.8937273419675],[151.180305789794,-33.893701000328],[151.18030474363,-33.893698582651],[151.180285270661,-33.8936535752311],[151.180249066476,-33.8935698949977],[151.180182686692,-33.893408585844],[151.180180726911,-33.8934038741805],[151.180053667138,-33.8930984278557],[151.179927628096,-33.8928009101072],[151.179831394135,-33.892570229212],[151.179762793281,-33.8924095028972],[151.179665703718,-33.8921820302256],[151.179604988102,-33.8920397778744],[151.179601817749,-33.8920323503201],[151.17958347139,-33.8919893649004],[151.179571146085,-33.8919607068578],[151.179568293206,-33.8919541135907],[151.17951365805,-33.8918278324132],[151.179407544638,-33.8915815701794],[151.179395306964,-33.8915531695074],[151.179321225696,-33.8913774301219],[151.17929770472,-33.8913265032401],[151.179297581971,-33.8913262245931],[151.179296974632,-33.8913248350597],[151.179269711256,-33.8912625189508],[151.179210636109,-33.8911157387045],[151.179210307463,-33.8911149727822],[151.17915884143,-33.8909952037362],[151.179133561393,-33.8910000790018],[151.179078641498,-33.891014514496],[151.179000358781,-33.8910350898265],[151.17872585836,-33.8911090482356],[151.178551402075,-33.8911601504625],[151.178523636336,-33.8911667436162],[151.178443574414,-33.8911857539161],[151.178416201,-33.8911819820015],[151.178414479248,-33.89118174463],[151.178407333846,-33.8911679803829],[151.178405118373,-33.8911591809561],[151.178404168159,-33.8911554075725],[151.178398872016,-33.8911420881779],[151.178386763098,-33.8911142105177],[151.178383251454,-33.8911064658859],[151.178331739556,-33.8909928745199],[151.178263241558,-33.8908298368802],[151.17818606575,-33.8906485369701],[151.178165113068,-33.8905993151775],[151.1781294773,-33.8905155994685],[151.178128399192,-33.8905130613704],[151.178004947848,-33.8902224142508],[151.177971606142,-33.8901439156014],[151.177970109972,-33.8901403938376],[151.177864240741,-33.8898912357682],[151.17785631812,-33.8898725906266],[151.177853371078,-33.8898656550728],[151.177851433178,-33.8898610933851],[151.177812716955,-33.889769981076],[151.177812585137,-33.8897696716344],[151.17778518962,-33.8897049474287],[151.177780027632,-33.8896927508485],[151.177644699862,-33.8893730306907],[151.177623062637,-33.889321910448],[151.177374849396,-33.888735474754],[151.177357069879,-33.8886934739809],[151.177352614161,-33.8886829497309],[151.177151032167,-33.8882066615557],[151.177147761458,-33.8881989357846],[151.177020135828,-33.8878969326008],[151.176986868497,-33.8878205069772],[151.176908286532,-33.8876399826055],[151.17678443099,-33.8873434976916],[151.176783068702,-33.8873403449013],[151.176772177642,-33.8873151380157],[151.176725812612,-33.887207829719],[151.176627680602,-33.8869797225129],[151.176601436425,-33.8869091925935],[151.176584384513,-33.8868633674055],[151.176568003429,-33.8868084274945],[151.176565123175,-33.886798769661],[151.176564233133,-33.8867957816629],[151.176563577087,-33.8867935852448],[151.17656322592,-33.8867924059879],[151.176559018648,-33.8867782946809],[151.176528681959,-33.8866708935552],[151.176520444214,-33.8866417312434],[151.176422093209,-33.8862895554878],[151.176375600267,-33.8861218587096],[151.176318480951,-33.8859158305528],[151.176278859152,-33.8857692278479],[151.176222914204,-33.8855672748377],[151.176213499762,-33.8855359029652],[151.176210459925,-33.8855257711531],[151.176203671435,-33.8855031498185],[151.176203328138,-33.8855020076481],[151.176185480594,-33.8854425345932],[151.176176168149,-33.8854115023784],[151.176153342439,-33.8853391951624],[151.176125133193,-33.8852498348775],[151.176120694242,-33.8852357949685],[151.17611148408,-33.8852066642181],[151.176008297219,-33.8848984464134],[151.175879229154,-33.8845112212048],[151.175793784585,-33.8842725480391],[151.175731157844,-33.8840770884285],[151.1757069955,-33.8840016783025],[151.175618185604,-33.8837391133082],[151.175591060356,-33.8836695223555],[151.175506025762,-33.8834735125265],[151.175483849495,-33.8834155875548],[151.175598406861,-33.8833380975608],[151.175951091607,-33.8829672719268],[151.17599691723,-33.8826648602596],[151.176018880875,-33.8825199159823],[151.176070064237,-33.8825415616459],[151.176066561367,-33.8825265725396],[151.176153845475,-33.8825769932388],[151.176721553511,-33.8829049372553],[151.17697317763,-33.8830502897618],[151.177166969802,-33.8831622342431],[151.177484667086,-33.8831890565058],[151.177486078154,-33.8831227150859],[151.177651790688,-33.8831251667686],[151.177857273652,-33.8831282065369],[151.177875446504,-33.8831498437765],[151.178064214255,-33.8833745935676],[151.178593301017,-33.8834787486418],[151.17867168831,-33.8834941794595],[151.17896486459,-33.883561369455],[151.179113312891,-33.8834692830104],[151.179853441109,-33.8830688182581],[151.180166778451,-33.8834715947537],[151.179752764531,-33.883741937005],[151.179806628517,-33.8837542805763],[151.179963552939,-33.8838583538532],[151.180591255578,-33.8842746441843],[151.181178302192,-33.8846304504278],[151.18137683101,-33.8847507759677],[151.181714481579,-33.8850875678347],[151.182043271471,-33.8855150923349],[151.183245815,-33.8853014033014],[151.183603935738,-33.8852333663959],[151.184534969751,-33.8850564984205],[151.184630809346,-33.8850382918493],[151.185005884506,-33.8849670362201],[151.185044425459,-33.8849597139127],[151.185062108298,-33.8849563539867],[151.185132750569,-33.8849429336849],[151.185139034185,-33.8849417746557],[151.185139093206,-33.8849389882581],[151.185153025522,-33.8849391935316],[151.18548842339,-33.8848773178124],[151.185809540549,-33.8848253889034],[151.186276329823,-33.8847634749106],[151.186704011057,-33.8847171669033],[151.187111853915,-33.8846907949924],[151.187199610507,-33.8846865462564],[151.187432200269,-33.8846752788381],[151.187478715732,-33.8846741445007],[151.187486987898,-33.8846739434004],[151.187637934951,-33.8846702598521],[151.187742675893,-33.8846677043037],[151.189119372922,-33.8846839114365],[151.189561987197,-33.8847041159314],[151.18983216847,-33.8847178975791],[151.189924894805,-33.8847226272916],[151.190149118585,-33.8847340646886],[151.190158974121,-33.8847344033684],[151.190190299615,-33.8847354813154],[151.190583235741,-33.8847489719119],[151.190961415898,-33.8847502712749],[151.191417638092,-33.8847105428988],[151.19147001131,-33.8847059852998],[151.191632181864,-33.8846918716278],[151.192036628326,-33.8846594125996],[151.192151760546,-33.884644613232],[151.192435640918,-33.8846081208602],[151.192753997417,-33.884567209268],[151.192885578705,-33.884551898495],[151.192904884371,-33.8845496514439],[151.193260147546,-33.8845083078941],[151.193529914375,-33.8844854485484],[151.193587693988,-33.8844805527273],[151.193636173466,-33.8844774880894],[151.193636195492,-33.884476443298],[151.194084430591,-33.8844384598655],[151.194177192507,-33.8844314985641],[151.194179526171,-33.8844313235727],[151.194353538659,-33.8844182645052],[151.194377581384,-33.8844164599804],[151.194388785137,-33.8844156196739],[151.194414671196,-33.8844145383041],[151.194465242111,-33.8844124264733],[151.194486294205,-33.8844115474597],[151.194495323644,-33.8844111703275],[151.194523432431,-33.8844099961729],[151.194592478865,-33.884407111779],[151.194619025025,-33.8844060030698],[151.194651735101,-33.8844046366242],[151.19476610293,-33.8843998599396],[151.194777247959,-33.8843993947619],[151.194908291737,-33.8843939182142],[151.194925448091,-33.8843932020605],[151.195010615243,-33.8843896447121],[151.194994027268,-33.8841213382775],[151.194992398923,-33.8840950125121],[151.194982110756,-33.8839286001353],[151.194942176084,-33.8832827453621],[151.194899685752,-33.8828847355843],[151.194885174207,-33.8827518618674],[151.194823536666,-33.8821854206595],[151.194799125917,-33.8818967987436],[151.194788263677,-33.8818153424147],[151.194777632685,-33.8817229613026],[151.194748761002,-33.8814836207356],[151.194718283273,-33.8812010489085],[151.194687353697,-33.8809195074433],[151.194686674102,-33.8809133277873],[151.19468572518,-33.8809046905531],[151.194612159191,-33.880226072951],[151.194534002062,-33.8795075022556],[151.195000805475,-33.8793270607784],[151.195726229036,-33.8790466461152],[151.195699685942,-33.8790011649816],[151.195705442122,-33.8790048499347],[151.195726354582,-33.8790406829494],[151.195748813012,-33.8790863783811],[151.195814585757,-33.8792048446152]]]},"properties":{"OBJECTID":10,"DateOrder":7,"StartDate":"1989","EndDate":"2003","CouncilName":"South Sydney City Council","Details":"On 1 January 1989, a new South Sydney City Council (SSCC) was created. The City of Sydney was reduced in size to only the Central Business District, and some immediately adjacent neighbourhoods such as The Rocks, Haymarket, Pyrmont, and part of Ultimo. In","Shape__Area":17803516.203979492,"Shape__Length":27552.570055470263}},{"type":"Feature","id":21,"geometry":{"type":"Polygon","coordinates":[[[151.219475017291,-33.8671834977739],[151.219238612094,-33.8683891103674],[151.219772420769,-33.8689008206292],[151.219786629309,-33.8689059837223],[151.219809954324,-33.8689325786551],[151.219848715494,-33.8689350467919],[151.219964039793,-33.8689956799056],[151.220065815921,-33.869038821718],[151.220131136092,-33.8690604667225],[151.220164973387,-33.8690698061649],[151.220215230725,-33.8690814072124],[151.220267009998,-33.8690919733788],[151.220274626373,-33.8690875665564],[151.220334022457,-33.8691116715076],[151.220340857394,-33.8691144448108],[151.220413492426,-33.8691439232823],[151.220527946806,-33.8691893155429],[151.220548590438,-33.8691919906967],[151.220594596581,-33.8691979528983],[151.221251534019,-33.8692195944439],[151.221251754301,-33.8692147606626],[151.22125416423,-33.8691618070997],[151.221294687088,-33.8691509092997],[151.221388911398,-33.8691255679748],[151.221489972343,-33.8690929643175],[151.22149378259,-33.8690994406473],[151.221537083368,-33.8690816222937],[151.221661468627,-33.8690304365541],[151.221666288026,-33.8690386055928],[151.221748335881,-33.8689387772027],[151.221752879256,-33.8689193939326],[151.222723456334,-33.8677778826001],[151.222727478911,-33.867775890957],[151.222827340086,-33.8678363208966],[151.222844870013,-33.8678274805432],[151.222900222014,-33.8678456916314],[151.222916850887,-33.8677925490285],[151.22300011421,-33.8675264526391],[151.223009522839,-33.867528500938],[151.223754231118,-33.8659651477029],[151.223921061673,-33.8656149157629],[151.223938852928,-33.8655775666933],[151.223970695907,-33.8655107175468],[151.223907757385,-33.86544691983],[151.225679709754,-33.8617849441581],[151.226263142527,-33.8633214914708],[151.226501926987,-33.8633288475796],[151.227453909467,-33.863111792521],[151.227143291615,-33.8622316153704],[151.227145108752,-33.8621433000383],[151.227297600453,-33.8620456398731],[151.227100728537,-33.8617214562277],[151.227107603996,-33.8613895615292],[151.227218535074,-33.8611555002872],[151.227169826802,-33.8609476212331],[151.227306421443,-33.8607722090518],[151.227432060038,-33.8607515665427],[151.227715434298,-33.8601939385994],[151.227778562686,-33.8597499179154],[151.227604098681,-33.8592041146308],[151.228484679744,-33.858402600751],[151.228661158167,-33.8581561659582],[151.229430192068,-33.8581891892564],[151.229798965213,-33.8583273852549],[151.230476408796,-33.8589574441205],[151.23068189248,-33.8592924310805],[151.230704815324,-33.859469972698],[151.230502135293,-33.8595008003934],[151.229842185167,-33.8600999223699],[151.229735603438,-33.8600577142745],[151.229055678108,-33.860367797058],[151.229036413135,-33.8605532558962],[151.22868551591,-33.8609289960005],[151.228384326344,-33.8625595479114],[151.228284920599,-33.862674932802],[151.228399430908,-33.8631134921123],[151.228193623608,-33.8640691046915],[151.228681813957,-33.8661520539742],[151.228699211018,-33.8665951529406],[151.22866993563,-33.8667274980834],[151.227657301717,-33.8674551898417],[151.227459079531,-33.867706285495],[151.22742415483,-33.8678991698222],[151.227439919971,-33.8685212194062],[151.227477742197,-33.8686288711835],[151.227541785782,-33.868812268142],[151.227613233256,-33.869038186122],[151.227611005365,-33.8690462355247],[151.227612094746,-33.8690478175296],[151.227640338971,-33.8690888312779],[151.227710545384,-33.8691674139305],[151.227783957819,-33.8692497803992],[151.227909043124,-33.8693366800904],[151.227995551912,-33.8693931797386],[151.22801193833,-33.8694038810827],[151.228036570751,-33.8694199681205],[151.228164191722,-33.8695070158438],[151.228263042969,-33.8695743875189],[151.228344906771,-33.8696301708744],[151.228652016838,-33.8698388285936],[151.228903007342,-33.8700087559012],[151.228931506834,-33.8700267307031],[151.22906569009,-33.8701109646169],[151.229079234771,-33.870119467998],[151.22910044631,-33.8701314135315],[151.229129061623,-33.8701456693471],[151.229158592059,-33.8701585892963],[151.229186217194,-33.8701690759941],[151.229240985568,-33.8701954817809],[151.229268562109,-33.8701926210103],[151.229283897251,-33.8701960353954],[151.229316542822,-33.8702017004392],[151.229349509585,-33.87020584163],[151.229382698115,-33.8702084575385],[151.229416012524,-33.8702095323586],[151.229449355716,-33.870209056579],[151.229482607526,-33.8702070383922],[151.229512420164,-33.8702038372792],[151.229546969591,-33.8701972460278],[151.229547290894,-33.8701971821122],[151.229584576508,-33.8701876012019],[151.229617533446,-33.8701724835758],[151.229662974493,-33.870153312526],[151.229696426964,-33.8701372831186],[151.229723594081,-33.8701232040439],[151.22974722482,-33.870108356361],[151.229760833363,-33.8700950806972],[151.229761918962,-33.8700940214132],[151.22978010718,-33.8700652266598],[151.229794944242,-33.8700399907413],[151.22980517269,-33.8700203669046],[151.229808171347,-33.8700146126588],[151.229821570576,-33.8699893795237],[151.229836267071,-33.8699679658879],[151.22985635488,-33.8699461202223],[151.229871614876,-33.8699337492789],[151.229888654549,-33.8699237186862],[151.229914150605,-33.8699191542363],[151.230178263177,-33.8699390058339],[151.23020757718,-33.8699393214141],[151.230294164499,-33.8699516927239],[151.230322120208,-33.8699579520186],[151.230347257617,-33.8699688238405],[151.230385354272,-33.8699900670234],[151.230389559676,-33.8699924124524],[151.230429086215,-33.8700157664088],[151.230435817787,-33.8700197442108],[151.230478862035,-33.8700576036775],[151.230501358616,-33.8700698343461],[151.230507155942,-33.8700729862526],[151.230523967134,-33.8700944494063],[151.230546010354,-33.870112304965],[151.23058178121,-33.8701506009858],[151.23060481635,-33.870187650034],[151.230619064788,-33.8702288444656],[151.230627117927,-33.8702616565579],[151.230628707072,-33.8702935525246],[151.23062405107,-33.8703348271454],[151.23062830193,-33.8703758779978],[151.230636603436,-33.8704041993497],[151.230665208117,-33.8704424005486],[151.230697678963,-33.8704716785684],[151.230765237203,-33.8705094201625],[151.230830469451,-33.8705749616389],[151.230855768399,-33.8706014854968],[151.230890062375,-33.8706573560107],[151.2309078035,-33.870691232388],[151.230910405035,-33.8706993241463],[151.23092108038,-33.8707325282586],[151.230943589284,-33.8707506167739],[151.230961045252,-33.870759023718],[151.231006864876,-33.8707957415685],[151.231028620584,-33.8708113033804],[151.231083501806,-33.8708527727622],[151.231210772051,-33.8709225980167],[151.231410809583,-33.8710006249001],[151.231444285557,-33.871013902132],[151.231442487394,-33.8710152316455],[151.23143528595,-33.8710205567872],[151.23145531074,-33.8710362911612],[151.231486578165,-33.8710716826817],[151.231498634545,-33.871094287599],[151.231508185758,-33.8711121963274],[151.231518808484,-33.8711394228569],[151.231525546744,-33.8711529348673],[151.231539014659,-33.8711534410918],[151.231547028962,-33.8711672473519],[151.23157182066,-33.8711779760012],[151.231602144453,-33.8712082311244],[151.231603563696,-33.8712292531812],[151.231622013027,-33.8712571682569],[151.231619364498,-33.8712687492508],[151.231639987274,-33.8713087960618],[151.231653282459,-33.8713212407278],[151.231663086027,-33.8713649132708],[151.231670451103,-33.8713707324497],[151.231679800675,-33.8713787668477],[151.231679757877,-33.8714270646997],[151.231661280606,-33.8714689967431],[151.231661353604,-33.8714886216068],[151.231661359399,-33.8714899652928],[151.231661374481,-33.8714942127372],[151.231661565006,-33.8715450866209],[151.231661671932,-33.8715736527918],[151.231657348149,-33.8715974266076],[151.231644857938,-33.8716191155976],[151.231628232284,-33.8716585917012],[151.231592046204,-33.8717346991464],[151.231562051377,-33.871758394845],[151.231536867543,-33.8718303354177],[151.231505259461,-33.871909328308],[151.231459938407,-33.8719329266179],[151.231387830836,-33.8720281160084],[151.23141014835,-33.87203522383],[151.231382117171,-33.8720533351975],[151.231379192816,-33.8720872944808],[151.231363008309,-33.8721218830953],[151.231362754384,-33.8721597600277],[151.231317904208,-33.8722060593012],[151.231319152477,-33.8722319591561],[151.231305565266,-33.8722398464541],[151.231253828175,-33.8722844958288],[151.23125463933,-33.8722889314435],[151.231258423048,-33.8722978887097],[151.231254782672,-33.8723032036432],[151.231251575869,-33.8723078863645],[151.231246653646,-33.8723150738577],[151.231242314315,-33.8723208891448],[151.231239120683,-33.8723218947318],[151.231235319408,-33.8723236382412],[151.231236923679,-33.8723319690656],[151.231237928499,-33.8723371829629],[151.231233192974,-33.872340089839],[151.231230596931,-33.8723416829265],[151.231223850024,-33.8723458251744],[151.231181243379,-33.8723719809232],[151.231173743042,-33.872393356453],[151.231162473078,-33.8724254717685],[151.231171313814,-33.8724328640699],[151.231172472205,-33.8724338311421],[151.231180087655,-33.8724401976985],[151.231146606782,-33.872465901925],[151.231109577214,-33.8724824700933],[151.230970137715,-33.8725196587946],[151.230943199211,-33.872526560804],[151.230938372764,-33.8725286340507],[151.230878855362,-33.8725541969888],[151.230876435056,-33.8725552362144],[151.230784227566,-33.8725948396891],[151.230650167832,-33.8726524180197],[151.230465611692,-33.8727501696454],[151.230239069596,-33.8728703574929],[151.230095905783,-33.8729458799312],[151.230036147777,-33.8729764725426],[151.230033522246,-33.8729778162983],[151.230027331532,-33.8729809853687],[151.229986724735,-33.8730017733702],[151.229999547812,-33.8730636262293],[151.230015272944,-33.8731233096978],[151.23004809111,-33.8731926619813],[151.230084723719,-33.8732716807698],[151.230087881387,-33.8732784928382],[151.230124647191,-33.8733727404177],[151.23013428582,-33.8733935856864],[151.230173940279,-33.8734793532462],[151.230229625204,-33.8735829594744],[151.230270933831,-33.8736517636683],[151.230392726077,-33.8738226194217],[151.230428650826,-33.8738649972031],[151.230449883957,-33.8738881515344],[151.230470332602,-33.8739104505599],[151.230496035164,-33.8739541206861],[151.230504603899,-33.8739795638942],[151.230514285901,-33.8740083180725],[151.230518775252,-33.8740698158255],[151.230513774439,-33.8741178269179],[151.23051362062,-33.8741193080813],[151.230494904965,-33.8741685397322],[151.230482223206,-33.8741935036809],[151.230251991288,-33.8746467308979],[151.230195138926,-33.8747586468974],[151.229712791857,-33.8757081572958],[151.229596146248,-33.8759368266676],[151.229589092981,-33.8759506536746],[151.229577664329,-33.8759687290504],[151.2295364268,-33.8760339503498],[151.229527257734,-33.876044326624],[151.229463825991,-33.8761161029445],[151.229415440776,-33.8761502041215],[151.229337090102,-33.8762054236136],[151.229373684642,-33.8762132537174],[151.229357184377,-33.8762270423202],[151.22932662231,-33.8762512414585],[151.229255982315,-33.8763071731851],[151.229400174552,-33.8763338416718],[151.22957679711,-33.8763665082602],[151.229580283326,-33.8763671526109],[151.229587392514,-33.8763684676244],[151.229597313676,-33.87637030458],[151.229601420905,-33.8763717117141],[151.229601858884,-33.8763718622875],[151.229602296882,-33.8763720119594],[151.229602708028,-33.8763721531298],[151.229603557153,-33.8763724448735],[151.229607116796,-33.8763736691995],[151.229636821614,-33.876380659883],[151.229675473397,-33.8763897557557],[151.229684166446,-33.8763918013945],[151.229698761737,-33.8763952357723],[151.229735576963,-33.8764039021547],[151.229744531922,-33.8764061436247],[151.229777224547,-33.8764143043905],[151.229742439655,-33.8764660922854],[151.229710032967,-33.8765134398809],[151.229709853486,-33.876513702415],[151.229685417185,-33.8765494048687],[151.22964998945,-33.8766011672653],[151.229554701888,-33.8767403881976],[151.229546195238,-33.8767528164448],[151.229543737266,-33.876756405237],[151.22952572509,-33.8767827235315],[151.229517741243,-33.8767943882971],[151.229485202727,-33.876841929611],[151.229472650601,-33.8768602692688],[151.229472291973,-33.8768607781097],[151.229433684988,-33.8769156012595],[151.22943080694,-33.8769196898911],[151.229430451628,-33.8769201951726],[151.229430427125,-33.8769202299885],[151.229430143106,-33.8769206334956],[151.229426193774,-33.8769262351894],[151.229419563538,-33.8769355928984],[151.229371028004,-33.8770041061095],[151.229370346503,-33.8770050674946],[151.229369947438,-33.8770056496972],[151.229366327903,-33.8770109342057],[151.22930729816,-33.8770971240706],[151.22914014395,-33.8773411847262],[151.229123396052,-33.8773656373821],[151.228666903581,-33.8780321464085],[151.228489403941,-33.878291304941],[151.228483678479,-33.8782996647483],[151.228316820457,-33.8785432847602],[151.228301130291,-33.8785622563657],[151.228295835535,-33.878568659258],[151.228289075982,-33.8785768337533],[151.228276416266,-33.8785921418637],[151.228268604428,-33.8786015880144],[151.228263620008,-33.8786076220459],[151.228213222494,-33.8786604717077],[151.228213110891,-33.8786605882312],[151.228212990417,-33.8786607154481],[151.228181895413,-33.8786933243999],[151.228102806804,-33.8787789050012],[151.227945924117,-33.8789486635109],[151.227883690189,-33.879006049874],[151.227829723396,-33.8790558136499],[151.227822293692,-33.8790614671165],[151.227767713216,-33.8791029999229],[151.227767221126,-33.8791033742818],[151.227712019981,-33.8791453796652],[151.227669978922,-33.8791025641378],[151.22764548491,-33.8790776184452],[151.227608235048,-33.8790556832052],[151.227406025862,-33.8789916615919],[151.227261021953,-33.878949014536],[151.227203259909,-33.8789338212169],[151.227195577007,-33.8789318007579],[151.22717428534,-33.8789262002066],[151.227129869915,-33.8789146652317],[151.227119490588,-33.8789119693308],[151.227090455974,-33.8789044294957],[151.227063695756,-33.878897479665],[151.227043369397,-33.8788922004789],[151.226887383688,-33.8788553545705],[151.226885988629,-33.8788550080593],[151.226885401341,-33.878854862541],[151.226883634112,-33.8788544241055],[151.226801016948,-33.8788338501298],[151.226754313232,-33.8788205732765],[151.22671851603,-33.8788142958428],[151.22671698609,-33.8788141980732],[151.226711522806,-33.8788138480057],[151.226669365154,-33.8788121761905],[151.226655694651,-33.8788116340338],[151.226577328691,-33.8788142526685],[151.226380464446,-33.8788208300048],[151.226174382563,-33.8788277152538],[151.226076182524,-33.8788298973834],[151.225991724422,-33.8788334532023],[151.225907141808,-33.8788429713104],[151.225725035398,-33.8788654008904],[151.225707118013,-33.8788680013608],[151.225706973799,-33.8788680218273],[151.225675506938,-33.8788725895249],[151.225665047979,-33.8788741080123],[151.225640501706,-33.8788776707421],[151.22557872718,-33.8788866379343],[151.22530168169,-33.8789344568234],[151.224958668785,-33.8789915476565],[151.224836590301,-33.8790160329449],[151.224786225417,-33.8790308162833],[151.224745868869,-33.879045742025],[151.22472794788,-33.8790531062164],[151.224727268559,-33.8790533849851],[151.224695380442,-33.879066487684],[151.224640454025,-33.8790943265102],[151.224573891691,-33.879131540776],[151.224503296704,-33.8791692749013],[151.224365847208,-33.8792323276183],[151.224278426733,-33.8792672238691],[151.224236050278,-33.8792841393294],[151.224221821499,-33.879290501627],[151.22410224695,-33.879343963757],[151.223991936969,-33.8793932832626],[151.223964647,-33.8794054844866],[151.223714848192,-33.879512342024],[151.223708384512,-33.8795153454128],[151.223690324155,-33.8795237390353],[151.223634432459,-33.8795497140032],[151.223625963392,-33.8795536497297],[151.22358935576,-33.8795706634774],[151.223568650373,-33.879582681825],[151.223508406574,-33.8796176483895],[151.223479150093,-33.8796357843792],[151.223467717145,-33.8796428713301],[151.223461448208,-33.87964857914],[151.223449586885,-33.8796593805085],[151.223421321844,-33.8796485171594],[151.223413069946,-33.8796609594513],[151.22334593652,-33.8797621787197],[151.223327765341,-33.8797895767523],[151.223331593006,-33.8797872098713],[151.223330282185,-33.8797885886698],[151.223227797904,-33.8799333202699],[151.223192390563,-33.8799831629726],[151.223169729275,-33.8800121779688],[151.223089499223,-33.8801280021937],[151.223026698835,-33.8802186621251],[151.222967748995,-33.8803025098835],[151.222933749817,-33.8803557020562],[151.222899973187,-33.8803981603619],[151.222893060237,-33.8804045243372],[151.222889998786,-33.8804088337929],[151.222862658321,-33.8804473243823],[151.222517304141,-33.8806750457678],[151.222486940507,-33.8806944595359],[151.222454281788,-33.8807162081585],[151.222443993414,-33.8807230933031],[151.222303736536,-33.8808169445673],[151.222127938086,-33.8809345775044],[151.221956839064,-33.8810466294872],[151.221767762972,-33.8811657754388],[151.221682934031,-33.8812192299104],[151.221658553706,-33.8812317404253],[151.221602595877,-33.8812604538778],[151.221506559581,-33.8813097327644],[151.221409004581,-33.8813473742859],[151.221375220435,-33.8813639898679],[151.221356439822,-33.8813638728994],[151.221343748499,-33.881367028809],[151.221280784441,-33.8813685056791],[151.221189248307,-33.8813683769301],[151.220926129041,-33.8813657701903],[151.220820929458,-33.8813653157885],[151.220654284289,-33.8813645950667],[151.220635348014,-33.8813643729409],[151.220620568869,-33.8813642000398],[151.220572787714,-33.8813636396968],[151.220461786035,-33.8813606105605],[151.220434232017,-33.881359858127],[151.220380157663,-33.8813538197806],[151.220372871298,-33.8813530066481],[151.220299570502,-33.8813333879862],[151.22029748571,-33.8813328303466],[151.22020928015,-33.8813100836653],[151.220195939089,-33.8813080306157],[151.220183932249,-33.881306182601],[151.220171519622,-33.8813026857455],[151.220145275642,-33.8813002325507],[151.220138956613,-33.8812996425857],[151.220064963151,-33.8813032264572],[151.220000297792,-33.8813178002605],[151.219996144032,-33.8813189422636],[151.219938435717,-33.8813347753017],[151.219870842053,-33.8813529109897],[151.219710652298,-33.8814088756898],[151.219585573918,-33.8814525735556],[151.219446275772,-33.8815118895477],[151.219335271041,-33.8815676385819],[151.219334343442,-33.8815681049007],[151.219304050922,-33.8815833185704],[151.219230092911,-33.8816294061151],[151.219187284426,-33.8816560821316],[151.219185957955,-33.8816569087907],[151.21916499889,-33.8816456514192],[151.219156158973,-33.8816668399319],[151.219151615569,-33.8816777295277],[151.219079697351,-33.8818703202204],[151.219061587557,-33.8819179301415],[151.21896718211,-33.8821661046182],[151.218920694373,-33.8822885790225],[151.218918206575,-33.8822951338925],[151.218881012125,-33.8823931259619],[151.218644155603,-33.8830173871753],[151.218619971588,-33.8831261384215],[151.218602168535,-33.8832094130181],[151.218567434639,-33.8833692108392],[151.218415969536,-33.8840660305762],[151.218378642897,-33.8842377524295],[151.218280783339,-33.884680554383],[151.218207973187,-33.8850095471228],[151.21862109734,-33.8850767911978],[151.218621205653,-33.8850766259418],[151.21870985482,-33.8847440025225],[151.218710608831,-33.88474429477],[151.218710613773,-33.8847441090824],[151.21874657954,-33.8847491784671],[151.218882750814,-33.8847683708],[151.218967293389,-33.8847802869836],[151.219133652265,-33.8848037334935],[151.219311526941,-33.8848288034699],[151.219520356832,-33.8848582360001],[151.219496828471,-33.8849712035072],[151.219370932778,-33.8855756812558],[151.219630817039,-33.8856221957334],[151.220548517511,-33.8857471471893],[151.220584022674,-33.8857503166332],[151.220514676015,-33.8862752978646],[151.220538183819,-33.8862971710892],[151.220680075427,-33.8863169400761],[151.220678866029,-33.8863312855668],[151.221128391588,-33.8863758282013],[151.221136291651,-33.8863491352757],[151.221438763536,-33.8864065805591],[151.221587557035,-33.8864348397838],[151.221582429147,-33.8864698255172],[151.221660028081,-33.8864905416395],[151.221678358201,-33.8864954349229],[151.22215094307,-33.8866215952904],[151.222167980285,-33.8866242389283],[151.222534158774,-33.8866810644511],[151.222616653787,-33.8866938665943],[151.222684170104,-33.8867043442797],[151.222722450022,-33.8867102845318],[151.222733919986,-33.8866895268802],[151.222739365125,-33.8866796727444],[151.222754802131,-33.8866833076739],[151.223183728019,-33.8867843094649],[151.223176941407,-33.8868150556971],[151.223443997101,-33.8869009852803],[151.223687841663,-33.8869794449748],[151.223723699446,-33.8869909831798],[151.22422863625,-33.8870030167508],[151.224328875567,-33.8870054059405],[151.224331484497,-33.8869841254325],[151.224332891021,-33.8869728125965],[151.224568189424,-33.8869933600325],[151.224796158544,-33.8870132675595],[151.224795326617,-33.8870452773854],[151.224795218089,-33.8870494193329],[151.224802009004,-33.8870505307628],[151.22482109296,-33.8870536544054],[151.224874907371,-33.8870624617833],[151.225390732119,-33.8871428635111],[151.225507488908,-33.8871808416716],[151.225499670728,-33.8872036946489],[151.225591999411,-33.8872821238104],[151.22573221837,-33.8873333590266],[151.226131183378,-33.8874940599784],[151.22624413687,-33.8875515847859],[151.226307580186,-33.8875838952862],[151.226476746554,-33.8876700481204],[151.226507428836,-33.887685673455],[151.226529354532,-33.8876968398262],[151.226783912178,-33.8878264801012],[151.227226536105,-33.8880874388503],[151.227408423382,-33.8881906685889],[151.227657162511,-33.8883122014491],[151.22775856567,-33.8883617459892],[151.227821834064,-33.8884028830854],[151.227841758493,-33.8884158374483],[151.227979172613,-33.888505183486],[151.228043767387,-33.8885471826834],[151.228049136155,-33.8885495710875],[151.228115139514,-33.8885789363389],[151.228141731576,-33.8885907674123],[151.228226309825,-33.8886283964707],[151.22848842416,-33.8887464896581],[151.228506888691,-33.8887548086949],[151.228584708798,-33.8887849369965],[151.228631705146,-33.8888030039022],[151.228909997669,-33.8889099921415],[151.229263264547,-33.8890219982425],[151.229373380871,-33.8890569114993],[151.229407396945,-33.8890660869829],[151.229763179735,-33.8891620497358],[151.229910149087,-33.8891937742744],[151.229961595389,-33.8892048791402],[151.229996465236,-33.8892124066209],[151.230022337428,-33.8892180202445],[151.230204898184,-33.8892576330453],[151.230494739252,-33.8892967615079],[151.230567669874,-33.8893038626256],[151.230575870993,-33.8893046612556],[151.230665502773,-33.8893133891169],[151.230861232638,-33.8893279295569],[151.231161593094,-33.8893423807212],[151.231331293531,-33.8893505455029],[151.231384951893,-33.8893998027895],[151.23142003885,-33.8894320723472],[151.231428656196,-33.8894399979733],[151.231430676576,-33.8894418557208],[151.231432054968,-33.8894431235268],[151.231437102712,-33.8894477660459],[151.231731974955,-33.8897189619757],[151.231892572429,-33.889866663815],[151.232062852605,-33.8898691116545],[151.232212828315,-33.889859367522],[151.232506140266,-33.8898159999169],[151.232643688761,-33.8897795277611],[151.23290941901,-33.8897090681694],[151.232904086713,-33.8896209795814],[151.232917774445,-33.8894923463885],[151.232940609384,-33.8894349118255],[151.232943680569,-33.8894271873545],[151.232946871818,-33.88941914629],[151.232965783139,-33.8893960831452],[151.232987231965,-33.8894063704588],[151.233011640407,-33.8894154431943],[151.233133223436,-33.8894606360957],[151.233129129562,-33.8894882212582],[151.233126032736,-33.8895090900999],[151.233117305124,-33.8895678921212],[151.233102974163,-33.8896644491677],[151.233098327894,-33.8896957488062],[151.233097345948,-33.8897023616423],[151.233082079358,-33.8898052228856],[151.233074061204,-33.8898592441078],[151.233067415647,-33.8899040159854],[151.233048010498,-33.8900422834698],[151.233029930118,-33.8901711016329],[151.232999482029,-33.8903880375922],[151.232996403202,-33.8904088165104],[151.232878767594,-33.8912027083186],[151.232871236298,-33.8912155556292],[151.232864578057,-33.8912269131588],[151.232806077021,-33.8913267085001],[151.232794217447,-33.8913469385066],[151.232630764835,-33.8916257616245],[151.232336507277,-33.8921277096295],[151.232242251089,-33.8922896230624],[151.232227496847,-33.8923147133425],[151.232105140364,-33.8925227821969],[151.232097674651,-33.8925354789019],[151.232023309023,-33.8926619379169],[151.231945869235,-33.8927936243472],[151.231933180188,-33.8928152012805],[151.231904379573,-33.8928641772668],[151.231538676435,-33.8934210966681],[151.230899680645,-33.894394185001],[151.230645555218,-33.8947811707653],[151.230541924758,-33.8949409019972],[151.230511011917,-33.894988041077],[151.23050713761,-33.8949939495462],[151.230418787813,-33.8951286775316],[151.229710556835,-33.8962086613867],[151.229640772551,-33.8963034144097],[151.229537942786,-33.896420199864],[151.229460314299,-33.8965008665997],[151.229355543596,-33.8965919423422],[151.229243145174,-33.8966809587523],[151.229118734911,-33.8967659942781],[151.228986992568,-33.8968420979774],[151.228976013201,-33.8968484407603],[151.228898123152,-33.8968871723087],[151.22882726829,-33.8969224043213],[151.228688424903,-33.8969795447127],[151.22851572299,-33.8970385054954],[151.228336732052,-33.8970862074765],[151.228163896083,-33.8971194814864],[151.228003804782,-33.8971394882255],[151.227870005453,-33.8971463893139],[151.227712267392,-33.8971407767543],[151.227527670528,-33.8971178661657],[151.22732045889,-33.8970678056584],[151.227008663937,-33.8969558315283],[151.227001207149,-33.8969531542137],[151.226934711921,-33.8970192883827],[151.226603655266,-33.8973485426157],[151.226714831618,-33.8973955948654],[151.226793280751,-33.8974287957636],[151.226919859585,-33.897508109408],[151.227018610685,-33.8975877897023],[151.227118908465,-33.8976964543527],[151.227159713476,-33.8977618274399],[151.227203927505,-33.8978326627462],[151.227251034996,-33.8979751362428],[151.227268972695,-33.8981303480787],[151.227262915744,-33.8982198950044],[151.227261941979,-33.8982342863248],[151.227258496981,-33.8982852068315],[151.227234633572,-33.8983906557655],[151.227180205432,-33.8985322258682],[151.227114410473,-33.8986446593256],[151.227011452751,-33.8987720190163],[151.226638890816,-33.8991344431551],[151.226456911158,-33.8993114686088],[151.226331975082,-33.8994330042356],[151.225857679438,-33.8998943831589],[151.225378326133,-33.9003606747864],[151.225240830231,-33.9004966887644],[151.224764944895,-33.9009573360259],[151.224664272226,-33.9010354084819],[151.224544880267,-33.9010963664454],[151.22441684529,-33.9011351169252],[151.224307741817,-33.9011586212674],[151.224159885692,-33.9011904750097],[151.224144305538,-33.9011935101386],[151.224035607129,-33.9012146836655],[151.223928063809,-33.9012216145153],[151.223814702299,-33.9012153112599],[151.223685229182,-33.9012130046775],[151.223556020767,-33.9012210835264],[151.223457975925,-33.9012362801778],[151.223446115771,-33.9012381181659],[151.223442938109,-33.9012386097635],[151.22335872345,-33.9012603730423],[151.223289296491,-33.9012888367347],[151.22321490297,-33.9013243678175],[151.223190359285,-33.9013394235641],[151.223187692071,-33.9013410605172],[151.223145060679,-33.9013672136192],[151.223035629757,-33.9014343464577],[151.223016120265,-33.9014463151059],[151.222981354453,-33.9014669187084],[151.222935627392,-33.9014742861762],[151.222904605948,-33.9014792841484],[151.222836823185,-33.9014902035813],[151.222836290423,-33.9014902896742],[151.222835755479,-33.9014903766373],[151.222744042078,-33.9015052005842],[151.222732694537,-33.9015070350795],[151.222684560291,-33.9015148149772],[151.222680529301,-33.901515466472],[151.222647678071,-33.9015207770258],[151.222593494726,-33.9015322902623],[151.222646129573,-33.9017645449261],[151.222646726,-33.901766445387],[151.22271406773,-33.9019811777304],[151.222781958002,-33.9021223439878],[151.222813624872,-33.9021621755096],[151.222837609793,-33.9021923449233],[151.222976718684,-33.9025273130389],[151.22308707083,-33.9027567699426],[151.223123316962,-33.9028321365487],[151.22318760704,-33.9029658130808],[151.223408497646,-33.9034251042362],[151.223469378744,-33.9035516942574],[151.223478953894,-33.9035716021614],[151.223544373043,-33.9037076212923],[151.223798278678,-33.9042355641585],[151.223877636332,-33.9043880687016],[151.223903855958,-33.90444161983],[151.223938349022,-33.9045120491347],[151.223958661248,-33.9046132252709],[151.224001849844,-33.9048412338764],[151.224002257739,-33.9048552492081],[151.22400594557,-33.9049819861896],[151.223997680218,-33.9050917684772],[151.22399624725,-33.9051107988932],[151.223987184598,-33.9051665815432],[151.223978432901,-33.9051652496963],[151.22314709892,-33.9050387108151],[151.222102059388,-33.9048709609867],[151.222098320942,-33.9048779838739],[151.221710015063,-33.9048247237085],[151.221658667667,-33.9048176808446],[151.219716730454,-33.9045513036546],[151.215518193219,-33.9039752762007],[151.215111464084,-33.9039366864318],[151.21467710536,-33.9038793281356],[151.214672818749,-33.9038787979872],[151.214591627848,-33.9038687504734],[151.214517194779,-33.9038595394122],[151.214489360987,-33.9038560951844],[151.214451477314,-33.9038514069146],[151.214431409889,-33.9038489238183],[151.214391457338,-33.9038439800974],[151.214345938414,-33.9038378005216],[151.214315128759,-33.9038336178627],[151.214307104446,-33.9038325285288],[151.214295997018,-33.9038310202653],[151.214285228197,-33.9038295583909],[151.214274613582,-33.9038281176882],[151.214260629159,-33.9038084265098],[151.214271667263,-33.9037752510712],[151.214306151104,-33.9036716056225],[151.214308042157,-33.9036659205248],[151.214481065749,-33.9030265441295],[151.21451873098,-33.9028873548707],[151.214663141598,-33.9023537016041],[151.214734499122,-33.9021031498118],[151.214738527093,-33.9020890058042],[151.214808223657,-33.9018442875744],[151.214919781804,-33.9013765987195],[151.214933591556,-33.9013187025009],[151.214973958811,-33.901149471969],[151.215024802293,-33.900882362412],[151.215073056015,-33.9006288703306],[151.215091938538,-33.9005336650752],[151.21509474691,-33.900519503374],[151.215247643426,-33.8997485881124],[151.215250451741,-33.8997344264043],[151.215362244103,-33.8991707491612],[151.215387619605,-33.8990428019504],[151.215404085657,-33.8989635214961],[151.215518464107,-33.8984127889964],[151.215567111517,-33.8981785499313],[151.215677211074,-33.8976484104529],[151.215686505814,-33.8976036528695],[151.215728785992,-33.8973935593302],[151.215830666175,-33.8968872922483],[151.215886766568,-33.896608513961],[151.215938671257,-33.8963505871203],[151.215939585956,-33.8963460249382],[151.216000654291,-33.8960992275258],[151.216166168682,-33.8954303158814],[151.216180043422,-33.8953742400947],[151.216262920487,-33.8950392939696],[151.216266422433,-33.8950251431703],[151.216279070287,-33.8949740245026],[151.216361425061,-33.8945594370652],[151.216457416934,-33.8940761837546],[151.216507732054,-33.8938130998894],[151.216627141503,-33.8931887230051],[151.216640774355,-33.8931052784925],[151.216771414639,-33.8923056338091],[151.216805919204,-33.8920944270345],[151.216742897889,-33.8920696031261],[151.21674180098,-33.8920751834517],[151.216194186778,-33.8920021794908],[151.21617324938,-33.8919993883517],[151.214930236948,-33.8918336716192],[151.214908460632,-33.8918308248242],[151.214447640664,-33.8917705871762],[151.213993776366,-33.8917097218721],[151.21362354707,-33.891660070056],[151.212817147024,-33.8915515075786],[151.212609443136,-33.891522284488],[151.212169683489,-33.8914601383289],[151.21216105417,-33.8914589255712],[151.21214665792,-33.891456904103],[151.211741694089,-33.891400230995],[151.211676686879,-33.8913748626009],[151.210766404162,-33.8910311924824],[151.210701602569,-33.8910067751997],[151.210092268312,-33.8907740340434],[151.209205542054,-33.8904348194559],[151.209139476727,-33.8904098635882],[151.208790234309,-33.8902763214643],[151.208527427575,-33.890170029142],[151.208328180435,-33.8900894433675],[151.207928317057,-33.8899277162161],[151.207926927027,-33.8899275381873],[151.207860620907,-33.8899190394052],[151.207803978753,-33.8899008441226],[151.207410034632,-33.889847440897],[151.207013669871,-33.8897934276747],[151.206949819386,-33.889784831596],[151.206531609842,-33.8897283680127],[151.20607786696,-33.8896662924693],[151.20526884988,-33.8895575049126],[151.204557342871,-33.8894618326684],[151.202960615413,-33.8892452448223],[151.202823260567,-33.8892266090905],[151.202718221251,-33.8892074618551],[151.202390999821,-33.8891477617594],[151.202065581004,-33.8891033265036],[151.20183476761,-33.8890502595559],[151.20164859363,-33.889007465496],[151.201644927796,-33.8890068655195],[151.201527679496,-33.888987924964],[151.201464984955,-33.8889777865356],[151.201309961758,-33.8889527313563],[151.201213455558,-33.8889371259497],[151.200701890412,-33.8888544057314],[151.200393475624,-33.8888116022574],[151.200027781045,-33.8887684776662],[151.199660661258,-33.8887150874119],[151.198898589535,-33.8886059967009],[151.198490475822,-33.8885448879147],[151.197680814279,-33.8884343984175],[151.197556385643,-33.8884176890502],[151.197000615284,-33.8883419606248],[151.196980554086,-33.8883392268635],[151.196977800475,-33.8883388520107],[151.196403832869,-33.8882605514921],[151.196332811944,-33.8882513814523],[151.195958959924,-33.8882030648375],[151.195159453181,-33.8881050262323],[151.194359785698,-33.8879931095776],[151.193250771076,-33.8878258953272],[151.193233784091,-33.8878131643035],[151.193222505553,-33.8878047118957],[151.193193374712,-33.8877828782362],[151.193235064012,-33.8877524744997],[151.193239483746,-33.8875429033821],[151.193239485629,-33.8875428141377],[151.19331663636,-33.8874705569762],[151.193495569156,-33.8872573739303],[151.193653621752,-33.8870247405046],[151.19378772321,-33.8867662094088],[151.193867131457,-33.8865692178275],[151.193870389831,-33.8865611346354],[151.193878697791,-33.8865405236993],[151.194024273228,-33.8861835879669],[151.194428467569,-33.8852565690119],[151.194604736373,-33.884822739365],[151.194677980324,-33.8846424642887],[151.194699305714,-33.8846462692666],[151.194764446054,-33.8844878913016],[151.194740800383,-33.8844893238925],[151.194777122322,-33.8844053579194],[151.194831349848,-33.8844030912249],[151.194908166109,-33.8843998813722],[151.195010983084,-33.8843955871473],[151.194994027268,-33.8841213382775],[151.194992398923,-33.8840950125121],[151.194982110756,-33.8839286001353],[151.194942176084,-33.8832827453621],[151.194899685752,-33.8828847355843],[151.194885174207,-33.8827518618674],[151.194823536666,-33.8821854206595],[151.194799125917,-33.8818967987436],[151.194788263677,-33.8818153424147],[151.194777632685,-33.8817229613026],[151.194748761002,-33.8814836207356],[151.194718283273,-33.8812010489085],[151.194687353697,-33.8809195074433],[151.194686674102,-33.8809133277873],[151.19468572518,-33.8809046905531],[151.194612159191,-33.880226072951],[151.194534002062,-33.8795075022556],[151.195000805475,-33.8793270607784],[151.195726229036,-33.8790466461152],[151.195651564692,-33.8789187111895],[151.195644640161,-33.8789068456763],[151.194856489957,-33.8775563490298],[151.194000511762,-33.8760866414838],[151.193373355235,-33.8750056747404],[151.193369178787,-33.8749985573842],[151.193117631422,-33.8745707757757],[151.193111750413,-33.8745607748973],[151.193036167678,-33.8744340450247],[151.192974861958,-33.8743312519861],[151.192866325345,-33.8742129893112],[151.192812658055,-33.8741791957096],[151.192760963482,-33.8741513626648],[151.192689412247,-33.8741195673209],[151.192621824329,-33.8740957148885],[151.192554236183,-33.874059929701],[151.192500569117,-33.8740261359698],[151.192415518954,-33.8739612190177],[151.192430852872,-33.8739498837036],[151.192329371846,-33.8738812214581],[151.192323209321,-33.8738860112479],[151.192317335855,-33.8738905762372],[151.192303090706,-33.8738653556761],[151.191759011315,-33.8729020587115],[151.191576437364,-33.8727882449203],[151.191576763464,-33.8727840097293],[151.191598058998,-33.8727579284146],[151.191602966965,-33.8727542384009],[151.191618584958,-33.8727424988659],[151.191588998024,-33.8726979064009],[151.191447417219,-33.8724845199367],[151.19139360076,-33.8724034083888],[151.191355509698,-33.8723459972436],[151.191353311268,-33.872346336486],[151.191298437081,-33.8723548133927],[151.191203570202,-33.8723309916545],[151.191068064643,-33.872204058037],[151.191036444425,-33.8721744387264],[151.191010427847,-33.8721500677518],[151.190908232712,-33.8720543372057],[151.190881903875,-33.8719423702824],[151.190973578732,-33.8718857805886],[151.190915761473,-33.8718395344531],[151.190879821603,-33.8718107867777],[151.190877277646,-33.8718087511673],[151.190724977579,-33.8716869287036],[151.190699253264,-33.871612766116],[151.190694295918,-33.8716093217108],[151.190648025127,-33.8715771777942],[151.190435439942,-33.8714294941425],[151.190236629041,-33.8712913779336],[151.190229936175,-33.8712867285416],[151.190150927995,-33.8712369650895],[151.190095715788,-33.8712021890975],[151.190082890223,-33.8711941113666],[151.190040009661,-33.8711671028409],[151.189996535221,-33.8711444662245],[151.189846418515,-33.8710580464004],[151.189831425593,-33.8710509900312],[151.189815934871,-33.8710446242921],[151.189687483066,-33.8709919004672],[151.189434612853,-33.8708881086768],[151.189387334515,-33.8708694169643],[151.18938460378,-33.870873719608],[151.189357117401,-33.8708646228936],[151.18934096632,-33.8708592771769],[151.189320759481,-33.8708525895787],[151.189292930352,-33.8708415517793],[151.189249589142,-33.8708269549642],[151.189232636994,-33.8708200248271],[151.189219152546,-33.870814384644],[151.189217679739,-33.8708160438388],[151.189202438047,-33.8708094589545],[151.189196079241,-33.8708042499289],[151.18914478679,-33.8707869067408],[151.189019920372,-33.8707329589696],[151.188971930364,-33.8707102502129],[151.188944003971,-33.8706964010876],[151.188921549662,-33.8706852663752],[151.18888625021,-33.8706655061627],[151.18883731499,-33.870638112452],[151.188798327528,-33.8706162871207],[151.188762594367,-33.8705962842419],[151.188748937213,-33.8705886396088],[151.18870218977,-33.870559059731],[151.188667272652,-33.870535892898],[151.188668307026,-33.8705342633335],[151.188668807665,-33.8705327224081],[151.188607972169,-33.8704881657898],[151.188567513162,-33.8704585322361],[151.188537612301,-33.8704366321208],[151.188475038668,-33.8703850668165],[151.188419840023,-33.8703395785332],[151.18841869251,-33.8703386328691],[151.188412978521,-33.8703326352466],[151.188403366375,-33.870322545925],[151.18829049009,-33.8702040703596],[151.188212919487,-33.8701226514503],[151.188210281946,-33.8701198830999],[151.18807660735,-33.8699795760812],[151.188075303418,-33.8699782060997],[151.18806913894,-33.8699717365394],[151.188039048568,-33.8699637266111],[151.187252931183,-33.8691213384043],[151.187183444317,-33.8685958033516],[151.187079743068,-33.8685205747547],[151.187134276297,-33.8684448961834],[151.187064984223,-33.8683331710114],[151.187099842345,-33.868332124822],[151.1871180334,-33.8683160656036],[151.187478589386,-33.8679977533355],[151.187474379642,-33.8679944478499],[151.187526019813,-33.8679482052789],[151.187540000847,-33.8679342662703],[151.187603074911,-33.8678713861527],[151.187635981886,-33.8678410280304],[151.18773788899,-33.8677549338877],[151.187893291762,-33.8676084786296],[151.187929858392,-33.8675736357954],[151.187947183162,-33.8675609569508],[151.18796119428,-33.86755070284],[151.187963082768,-33.8675493211958],[151.188061163687,-33.8674623535217],[151.188104525719,-33.8674209908996],[151.188117832866,-33.8674110537488],[151.188397855171,-33.8671691182867],[151.188507307679,-33.8670260470968],[151.188614414221,-33.8668984223729],[151.188711918097,-33.8667995580318],[151.188728529068,-33.8664427683977],[151.189070558392,-33.8660802884017],[151.189091817933,-33.8660577570987],[151.189139341385,-33.8660073927612],[151.189170238262,-33.8659746475073],[151.189206769373,-33.8660265465878],[151.189232151585,-33.8660337566098],[151.189285814058,-33.8659942789648],[151.189350416025,-33.8659467544225],[151.189375018232,-33.8659286555469],[151.189392708806,-33.8659221236106],[151.189469629133,-33.865841485087],[151.189507028554,-33.8658125432497],[151.189769023329,-33.8656164220572],[151.18997483574,-33.8654582786256],[151.189992884206,-33.8654423133463],[151.190001890273,-33.8654343462191],[151.190153829319,-33.8654756703552],[151.190333344251,-33.8655244969232],[151.190335978442,-33.8655179970964],[151.190341755416,-33.8655037424766],[151.190736487209,-33.8656157102818],[151.190749571704,-33.8656194219074],[151.190853893136,-33.8656490131711],[151.190931187716,-33.8656266415223],[151.19135268932,-33.8655046444786],[151.191361264267,-33.8655229521375],[151.191368672766,-33.8655205612637],[151.191514344578,-33.8654355877916],[151.191533815394,-33.8654242303102],[151.191499224489,-33.8653404027014],[151.19097075392,-33.8640596635379],[151.191027761568,-33.8638832977249],[151.19127019222,-33.8637096476119],[151.191757494518,-33.863665701954],[151.192129046319,-33.8632793000381],[151.192333373422,-33.8631627820354],[151.192385821793,-33.8631379285185],[151.192385908053,-33.8631378874022],[151.192385942993,-33.8631378707817],[151.193675498629,-33.8625267718505],[151.193737438863,-33.8625276789566],[151.193839581827,-33.8627285223197],[151.193338546157,-33.8634995082062],[151.19344937146,-33.8636089137115],[151.19336393151,-33.8638825133656],[151.193497090079,-33.8641677232319],[151.193849469534,-33.8643208701956],[151.195114070441,-33.8627252303471],[151.195302279617,-33.8626170539864],[151.195486921667,-33.8626699455169],[151.195647202689,-33.8626221234465],[151.195776209047,-33.8628011839386],[151.194174822675,-33.8647663070967],[151.194246067154,-33.8648605813171],[151.194165697692,-33.8651506178969],[151.19432713376,-33.8653473044536],[151.194625983882,-33.8652749816589],[151.194634278252,-33.8652665519842],[151.194696307058,-33.8653101699918],[151.19470321158,-33.8653150251338],[151.1947250571,-33.8652940019075],[151.194798495565,-33.8652233236639],[151.194801680195,-33.8652256273795],[151.195152793651,-33.8648876460331],[151.195745975389,-33.8643166421618],[151.195741984791,-33.8643135998651],[151.196627574346,-33.8634455019913],[151.196631793872,-33.8634485548239],[151.196640768677,-33.8634526231805],[151.196875568216,-33.8635590464192],[151.197002756369,-33.8636206741334],[151.197349864646,-33.8637888607413],[151.197384365682,-33.8638049160219],[151.197385297374,-33.8638100614632],[151.197395510502,-33.8638152335791],[151.197405148547,-33.8638233378598],[151.197409943332,-33.8638251492686],[151.197420097018,-33.8638289841319],[151.197455290062,-33.8638400944472],[151.197458132597,-33.8638335280696],[151.197513447098,-33.8638507146947],[151.19752964519,-33.8638556903036],[151.197517987266,-33.8638841798138],[151.197375714466,-33.8642298117692],[151.19717070527,-33.8647278459723],[151.196663805002,-33.8659592473082],[151.196661035716,-33.8659659734416],[151.196400758359,-33.8665982445855],[151.196356557998,-33.8667056161993],[151.196176712639,-33.8671424918463],[151.196159842272,-33.8671834715462],[151.196155325072,-33.8671821772412],[151.196155274566,-33.8671821629757],[151.196153553216,-33.8671816697708],[151.196143491579,-33.8671787874829],[151.196127961974,-33.8672165125865],[151.196117967786,-33.8672407890118],[151.196104074064,-33.8672745397435],[151.19610969858,-33.8672792065418],[151.196117031492,-33.8672852906399],[151.196146149619,-33.8673094489644],[151.196176563923,-33.8673346830989],[151.196137657766,-33.8674272452811],[151.196112893914,-33.86748615955],[151.196116512108,-33.8674871800915],[151.196119750976,-33.8674880931824],[151.196121598218,-33.8674886143815],[151.196123304692,-33.8674890956465],[151.19613300194,-33.8674918301266],[151.196132295416,-33.8675016226064],[151.196449158742,-33.8679379814468],[151.196828875173,-33.8682841411884],[151.197931219416,-33.8685525331913],[151.199159247178,-33.8685873611246],[151.199148694222,-33.8690839391135],[151.199224498281,-33.8692746751307],[151.199143184259,-33.8693336381595],[151.199179869322,-33.8704122355291],[151.19898610562,-33.8717665177557],[151.19903597874,-33.8721753034296],[151.199269226955,-33.8721990038334],[151.199400683586,-33.8726282357548],[151.199544509559,-33.8727985899211],[151.199681356041,-33.8728030334557],[151.199620280486,-33.8728711051707],[151.199685770077,-33.8729811755206],[151.200141496785,-33.8734472972978],[151.200393379977,-33.8735437461963],[151.201102262239,-33.8736047742139],[151.20175705579,-33.8733752179669],[151.201875069734,-33.8732476028497],[151.201943293514,-33.8725703251141],[151.202172809466,-33.8717431879957],[151.202160213807,-33.8710895609005],[151.202391078074,-33.8701962035301],[151.202459418055,-33.8694923452425],[151.202352098177,-33.8682201594486],[151.202168405853,-33.8681659969259],[151.202023294413,-33.8672371331382],[151.201859860886,-33.8670637507524],[151.201688243658,-33.8670072704625],[151.201603890871,-33.8659650422177],[151.202287960119,-33.8659073699823],[151.202401524916,-33.865817352173],[151.202384816471,-33.8654448322538],[151.202545880571,-33.8653583928508],[151.202426642867,-33.8647145181382],[151.20251888287,-33.864124069209],[151.202476119955,-33.8636206319764],[151.202450135225,-33.8633846789838],[151.202323167595,-33.8633175107263],[151.202264978692,-33.8628596703777],[151.201642351977,-33.8628647213066],[151.201674238578,-33.8626216233491],[151.202126914482,-33.8625576967019],[151.202051044911,-33.861533900827],[151.201878385004,-33.8592039335927],[151.201775769036,-33.8590349770652],[151.201847176366,-33.8589251020123],[151.201247752869,-33.8588944086151],[151.201179910309,-33.8587724963547],[151.200889796622,-33.8586076028384],[151.200458505933,-33.8585506533298],[151.200328652337,-33.8584159545499],[151.200262294344,-33.8572112083059],[151.200249892057,-33.8569860332926],[151.200255400565,-33.8569130707631],[151.200255407062,-33.8569129671576],[151.200255431746,-33.8569126149366],[151.200270821098,-33.8566895095268],[151.200256828966,-33.8563531173474],[151.200240873607,-33.8561840563822],[151.200229627263,-33.8560326238303],[151.200229857535,-33.8559871369612],[151.200229858436,-33.8559869394926],[151.200227513562,-33.8558754434896],[151.200223393262,-33.8556957281347],[151.200217299472,-33.8556221209206],[151.202193196821,-33.8555859169135],[151.202456711667,-33.8556783835181],[151.202429250445,-33.8558058979624],[151.2025962003,-33.8561327209795],[151.202642598869,-33.8561583435678],[151.202677227333,-33.8562793287824],[151.203459803384,-33.8566648061753],[151.203521545044,-33.856564052735],[151.20358071713,-33.8565142472871],[151.20358770508,-33.8566161569138],[151.204197145849,-33.8566257025849],[151.204936234198,-33.8565969377514],[151.204969422669,-33.8565956465713],[151.204988060376,-33.8565126176652],[151.205202236329,-33.8564271337293],[151.205316366198,-33.8564947909887],[151.205416980384,-33.8564665627538],[151.205645325431,-33.8562828211458],[151.205897006109,-33.8561273359356],[151.205909218955,-33.8560704739186],[151.20591508616,-33.8560657521411],[151.205983068389,-33.85590046025],[151.205909641755,-33.8555957821119],[151.206096115395,-33.8555542031424],[151.206243788595,-33.85574476413],[151.206337912124,-33.8557923675043],[151.206370268264,-33.8557664615371],[151.206571279244,-33.8556055248548],[151.206793938563,-33.8554324371342],[151.206793329116,-33.8553876575591],[151.206790906396,-33.8552096278804],[151.2071938072,-33.8550558849245],[151.207601148173,-33.8549360503829],[151.207672659646,-33.8549150121824],[151.207687141883,-33.8548621867078],[151.20769062191,-33.8548591975412],[151.207722488694,-33.854733251748],[151.207855159573,-33.8542493040624],[151.207972911225,-33.8537981692327],[151.208032601244,-33.8535694827374],[151.208043453875,-33.8535526047836],[151.208059825625,-33.8535427387951],[151.208110734852,-33.8535399496263],[151.208125492142,-33.8535420227012],[151.208277304656,-33.8535633434175],[151.208367965024,-33.853576075804],[151.208370750744,-33.8535764670829],[151.208424260369,-33.853583201947],[151.208427264172,-33.8535685453706],[151.208518475444,-33.8535819150738],[151.208518752935,-33.8535808415226],[151.20852231496,-33.8535670388953],[151.208525166802,-33.8535559834799],[151.208741372497,-33.8535883004764],[151.208740741469,-33.853591605217],[151.208734703673,-33.8536232489587],[151.208737960266,-33.8536383572397],[151.208765367983,-33.8536552052538],[151.208778025073,-33.8536626203207],[151.208798652271,-33.8536738556008],[151.208832122726,-33.8536925456163],[151.208948190948,-33.8537573574411],[151.209116694322,-33.8538514497709],[151.20929680046,-33.8539520208879],[151.209588377573,-33.8541171341955],[151.209787678047,-33.8542125234115],[151.20980745611,-33.8542432256885],[151.209820250205,-33.8542534064898],[151.209832424014,-33.8542641003894],[151.209843951623,-33.8542753061095],[151.209854779452,-33.8542869498304],[151.209864918456,-33.8542990244975],[151.209874330647,-33.8543115376749],[151.20988297139,-33.854324401245],[151.209890743031,-33.8543374262266],[151.209956050222,-33.8544361033106],[151.210118589457,-33.8546817775898],[151.210127589634,-33.8547246068449],[151.210162647575,-33.8547251088234],[151.210228160824,-33.8548463657532],[151.210329028718,-33.8549836524332],[151.210386326764,-33.8550752884806],[151.210404450653,-33.855098677837],[151.210410817967,-33.8551085136605],[151.210483948508,-33.8552214786182],[151.210526434087,-33.8552871059834],[151.210500632391,-33.8554023314186],[151.210474432372,-33.8556619664319],[151.210124109569,-33.8559007023259],[151.20974523299,-33.8558306057783],[151.209284594502,-33.8557914924288],[151.209104870395,-33.8560815572198],[151.209241894181,-33.8565582999769],[151.209909902225,-33.8572710022869],[151.20990975124,-33.8572782365949],[151.209821757579,-33.8578221414037],[151.209816646122,-33.8578537328108],[151.20976362562,-33.8581814590751],[151.209554497807,-33.8594740660204],[151.209676515717,-33.8595489288797],[151.209675122294,-33.8596151092956],[151.209540588105,-33.8597531206063],[151.209531322419,-33.8601445963867],[151.209506939917,-33.860222915676],[151.209447595244,-33.8608062320969],[151.209431653233,-33.86096292917],[151.209737980043,-33.8613586631716],[151.211502081893,-33.8615178899226],[151.212093544236,-33.8612389467253],[151.212099510409,-33.8612385526635],[151.21210170875,-33.8612384078189],[151.212103961214,-33.861238259251],[151.212105804542,-33.8612381372093],[151.212107485501,-33.8612380263379],[151.212109506345,-33.861237892444],[151.212115973653,-33.8612374659759],[151.212122794419,-33.8612335657053],[151.212318733783,-33.8611216065363],[151.212378256219,-33.8610874751648],[151.212406937101,-33.8610710295252],[151.212437227233,-33.8610536603921],[151.212485734276,-33.8610258463981],[151.21248868278,-33.8610238854941],[151.212494900944,-33.8610197501225],[151.212505973735,-33.8610123856902],[151.212524303895,-33.8609970261617],[151.212529149707,-33.8609911602708],[151.212557744426,-33.8609565458938],[151.212575993974,-33.8609231160267],[151.212590733743,-33.860892386468],[151.212604563978,-33.8608618357853],[151.212616634029,-33.8608309962591],[151.212625614251,-33.8608046458848],[151.212629953555,-33.8607830958096],[151.212661616863,-33.8604724107589],[151.212661779974,-33.8604708080191],[151.212662023258,-33.8604684183172],[151.212663573606,-33.8604532058264],[151.212680294002,-33.8603052366737],[151.212695923943,-33.8601572562064],[151.212705653979,-33.8601581457857],[151.212706684254,-33.8601392060524],[151.21269804377,-33.8601383160455],[151.212703286741,-33.8600869385309],[151.212711754404,-33.8600039556414],[151.212721484404,-33.8600048461203],[151.212723604219,-33.8599859059582],[151.212714113839,-33.8599857060846],[151.212723864027,-33.8598980256692],[151.212724874027,-33.8598763758975],[151.21272279396,-33.8598438765985],[151.212722344921,-33.8598402685163],[151.21272144876,-33.8598330641023],[151.212718744086,-33.8598113460232],[151.212718165129,-33.8598081111824],[151.212710994144,-33.8597680364259],[151.21270525369,-33.8597298562441],[151.212697444049,-33.8597095357666],[151.212687333653,-33.8596781463626],[151.212679544125,-33.8596464362356],[151.212672913679,-33.8596087959125],[151.21266863388,-33.8595763557814],[151.212665973567,-33.8595437966647],[151.212664914023,-33.8595145061468],[151.212657484502,-33.8594748063692],[151.212668223425,-33.8593954363467],[151.21267407425,-33.8593976664628],[151.212677603831,-33.8593768963673],[151.212686363778,-33.8593388561701],[151.212697083583,-33.8593027759365],[151.21269852215,-33.8592997200483],[151.212717613858,-33.859259156031],[151.212694094022,-33.8592510057772],[151.21269710792,-33.8592444514244],[151.212717744328,-33.8591995760252],[151.212739464003,-33.8592059859473],[151.212745563626,-33.8591815460514],[151.212754973772,-33.8591493360419],[151.212765913493,-33.8591170156597],[151.212777764156,-33.8590855362904],[151.212791563571,-33.8590539562342],[151.212806663722,-33.8590232363696],[151.212822594272,-33.8589926060965],[151.212840414014,-33.858962606488],[151.212859614534,-33.8589335160229],[151.212867841957,-33.8589219072498],[151.21288412828,-33.8589066731122],[151.212885091697,-33.8589054111152],[151.212901571403,-33.8588838008351],[151.212918911147,-33.8588626214351],[151.212936930891,-33.8588418504655],[151.212955641176,-33.8588215007032],[151.212975001609,-33.8588015914005],[151.212995021746,-33.8587821308115],[151.21300812358,-33.8587700697048],[151.213015661343,-33.8587631309766],[151.213036931685,-33.8587446209151],[151.213054666921,-33.8587301877744],[151.213059161737,-33.8587265305522],[151.213081991209,-33.858708980907],[151.2131054106,-33.8586919610205],[151.213112577621,-33.8586870449347],[151.213129390972,-33.8586755110513],[151.213153920645,-33.8586596209105],[151.213162349615,-33.8586544697305],[151.213178971093,-33.8586443109243],[151.213204521579,-33.8586295907108],[151.213230560866,-33.8586154808471],[151.213257071666,-33.858601981082],[151.213283841291,-33.8585891316152],[151.213313321139,-33.8585752213098],[151.213315573114,-33.8585741069422],[151.213342591278,-33.8585607407589],[151.213371450631,-33.8585456915558],[151.21339989064,-33.8585301213694],[151.213427910824,-33.8585140013369],[151.213455470564,-33.8584973615292],[151.213458458609,-33.8584954688035],[151.21348258089,-33.8584801912856],[151.213497015489,-33.8584706130146],[151.213509031997,-33.8584623405801],[151.2135341276,-33.8584450644673],[151.213536045546,-33.8584437441636],[151.213537932804,-33.8584424441552],[151.21354079688,-33.8584403278008],[151.213562315337,-33.8584244263832],[151.213577058386,-33.8584135306156],[151.213577644579,-33.8584130981603],[151.213581785677,-33.8584098154249],[151.213588189677,-33.8584047376573],[151.213589180983,-33.8584039521803],[151.213611183328,-33.8583865094721],[151.213613582488,-33.8583846073037],[151.213615301357,-33.858383244436],[151.213616100338,-33.8583826112708],[151.213616733029,-33.8583820739853],[151.213616965192,-33.8583818771635],[151.213638187822,-33.8583638307001],[151.213650662569,-33.8583532239633],[151.213652319685,-33.8583518160144],[151.21365325499,-33.8583510207076],[151.21365418272,-33.8583501738915],[151.213662375682,-33.858342702671],[151.21368323276,-33.8583236797205],[151.213684850203,-33.8583222044668],[151.213686010396,-33.8583211464049],[151.213686147031,-33.8583210212395],[151.213688223904,-33.8583191279238],[151.213688643702,-33.8583187444553],[151.213689061264,-33.8583183645614],[151.213689975942,-33.8583174697633],[151.213708847825,-33.8582989996561],[151.213722484245,-33.8582856540177],[151.213723379078,-33.8582847778683],[151.213723476156,-33.8582846836906],[151.213724318211,-33.8582837986604],[151.213725011089,-33.8582830701749],[151.213725416641,-33.8582826441178],[151.213731237016,-33.8582765253837],[151.21375300668,-33.8582536444569],[151.213754518395,-33.8582520558531],[151.213754923966,-33.8582516288945],[151.213755641141,-33.8582508755121],[151.21375645668,-33.8582500180515],[151.213757320081,-33.8582490422542],[151.213773960419,-33.8582302377037],[151.213787150486,-33.8582153318804],[151.213787555615,-33.8582148742558],[151.213787965178,-33.858214411285],[151.213788314523,-33.8582139853147],[151.213794439369,-33.8582065328008],[151.213814304484,-33.8581823554993],[151.213817201111,-33.8581788310838],[151.213817959651,-33.8581779078708],[151.213818668618,-33.858176977627],[151.213819945475,-33.8581752999523],[151.213835639814,-33.8581546890106],[151.213845745613,-33.8581414175236],[151.213846405722,-33.8581405496936],[151.213846984932,-33.8581397257783],[151.213856143887,-33.8581267137947],[151.213861464645,-33.8581191531352],[151.213867066071,-33.8581111943653],[151.213870677077,-33.8581060643755],[151.213873266719,-33.8581023849173],[151.213875877635,-33.8580983585955],[151.213891233738,-33.8580746804162],[151.213894586124,-33.8580695124106],[151.213898511431,-33.8580634590796],[151.21391232389,-33.8580402553845],[151.213922107511,-33.8580238204067],[151.213929611259,-33.858010670806],[151.213932899774,-33.8580045730758],[151.213941524117,-33.8579885811835],[151.214140998195,-33.8577792671833],[151.214395386051,-33.8572630378232],[151.214453312305,-33.8570081664777],[151.214655537454,-33.8561183664641],[151.214664657677,-33.8561176879278],[151.214833945296,-33.8561436750969],[151.21493006068,-33.8561182621418],[151.214994653873,-33.856104245056],[151.215041385454,-33.8560941037195],[151.215170983868,-33.8560786763599],[151.215279415552,-33.8560776128131],[151.21536351968,-33.8560848590273],[151.215480516629,-33.8561074017127],[151.215532580076,-33.8561233870371],[151.215559457567,-33.8561316394676],[151.215578446652,-33.8561374700969],[151.215585371791,-33.8561408906046],[151.215597817358,-33.8561470376739],[151.215679073593,-33.8561871714925],[151.215681944858,-33.8561891716596],[151.215764694015,-33.8562468064834],[151.215766575676,-33.8562489411082],[151.215843049355,-33.8563356844539],[151.215891457968,-33.8564362996763],[151.215907968628,-33.8565044410884],[151.215910535682,-33.8565666915099],[151.215915966413,-33.8565678603461],[151.215918195957,-33.856568339891],[151.215920518031,-33.8565688397122],[151.215945135713,-33.8565745425712],[151.215944715635,-33.8565761875862],[151.215916776455,-33.856685534588],[151.215875791694,-33.8568459425309],[151.215803493999,-33.856926144875],[151.215721835041,-33.8570167313943],[151.215669253195,-33.8572112755445],[151.215496692789,-33.8578497186849],[151.215503253136,-33.8578509895648],[151.215505258697,-33.8578513784047],[151.215507189982,-33.8578517526428],[151.215528696792,-33.8578559199546],[151.21552897979,-33.8578573316778],[151.215529244153,-33.8578586520548],[151.215554196442,-33.8579831540164],[151.215568983817,-33.8580617027997],[151.215577496449,-33.8581020827026],[151.215584564943,-33.8581356100673],[151.215588571926,-33.85815461467],[151.215593325025,-33.8581783317787],[151.215607800686,-33.8582505656264],[151.215619938886,-33.8582440179795],[151.215621920756,-33.8582429483519],[151.215624108113,-33.8582417689816],[151.215657855453,-33.8582235644691],[151.215674193101,-33.8581923770082],[151.215708801425,-33.8581374090538],[151.215756655678,-33.85806140128],[151.215724323119,-33.8578901812551],[151.21580425312,-33.857882178655],[151.215805216215,-33.8578868528217],[151.215840378397,-33.8580575132351],[151.215790687122,-33.858138594718],[151.215774304976,-33.858165325124],[151.215756171985,-33.8581997887962],[151.215712249848,-33.8582634833562],[151.215645700635,-33.8583193360055],[151.215682581584,-33.8583781733177],[151.215751001856,-33.8584473774834],[151.215802577182,-33.8584987951529],[151.215814056832,-33.8585102404027],[151.215821390848,-33.8585175524417],[151.215898570056,-33.8585973895871],[151.215997544193,-33.8586842926942],[151.216002389771,-33.8586882412546],[151.216030931744,-33.8587115029015],[151.21606617189,-33.8587402223902],[151.216094356803,-33.8587631397973],[151.216094702245,-33.8587634207324],[151.216188593019,-33.8588268525041],[151.216193769454,-33.8588294974137],[151.216283315192,-33.8588752614347],[151.216329665631,-33.8588989494228],[151.216425541108,-33.8589446110897],[151.216565056151,-33.859036896027],[151.216570520663,-33.8590416461581],[151.216642940702,-33.859104595512],[151.216731862818,-33.8591947250972],[151.21673982692,-33.8592043862318],[151.216745561385,-33.8592082664704],[151.216751360831,-33.8592183787122],[151.21680796145,-33.8592870415435],[151.216893433717,-33.8594103928054],[151.216910029737,-33.8594370054128],[151.217032187549,-33.8596328873181],[151.217069145467,-33.8596921491648],[151.217113986927,-33.8597700496287],[151.217157101498,-33.8598742975473],[151.217188963553,-33.8599990055727],[151.217204218737,-33.8601126433544],[151.217213144737,-33.8602003626638],[151.217216454801,-33.860232895041],[151.217220860408,-33.8603678842835],[151.217216861682,-33.8604877595058],[151.217200501268,-33.8606418718987],[151.217184262774,-33.8607606349154],[151.217183788555,-33.8607641042836],[151.217157147246,-33.8608958209481],[151.217152745389,-33.8609136749441],[151.217116250867,-33.8610616968707],[151.21708076772,-33.8611911682777],[151.217058499041,-33.8612724215711],[151.217024458598,-33.8614270617086],[151.216980977799,-33.8616136520366],[151.216937825866,-33.8618538693918],[151.216939722942,-33.8620400288207],[151.21698443483,-33.8622457038706],[151.217006027779,-33.8622991760196],[151.217039160996,-33.8623812264438],[151.217143639776,-33.8625827931164],[151.217297135718,-33.8627779180471],[151.217471560161,-33.8629279616139],[151.217485375886,-33.8629375639776],[151.217532060123,-33.8629700141239],[151.217644593425,-33.8630482362368],[151.217680195395,-33.8630678736317],[151.21793563366,-33.8632087679083],[151.218272370735,-33.8632836545377],[151.218292150203,-33.8632824319285],[151.218313456795,-33.8632869953551],[151.218316383915,-33.8632876220116],[151.21856054573,-33.8633117941378],[151.218798788478,-33.8633074499826],[151.219034208574,-33.863272986842],[151.219255502569,-33.8632083991751],[151.219460376868,-33.8631177307028],[151.219670517905,-33.8629909914982],[151.219682518416,-33.8629837534402],[151.219841688085,-33.8628641244493],[151.219987409928,-33.8627223948628],[151.22011106493,-33.8625770883307],[151.220224247967,-33.862419989768],[151.220318872329,-33.8622829393817],[151.220483518397,-33.8620411875874],[151.220613109183,-33.8618049169221],[151.220785365407,-33.8614346278525],[151.220862408067,-33.8612458280044],[151.220903325278,-33.8611455575651],[151.221007879553,-33.8608893371898],[151.221053379427,-33.8607769259105],[151.221101828548,-33.8606339979048],[151.221138782384,-33.8605058052853],[151.221162195993,-33.8604028725837],[151.221186367763,-33.8602670839658],[151.221191452279,-33.8602433215012],[151.221210960829,-33.8601521488971],[151.221257591734,-33.8600008579129],[151.221302241684,-33.8598730477433],[151.221354121767,-33.8597450713911],[151.221413133918,-33.8596257735649],[151.221476600992,-33.8595156647783],[151.221506288522,-33.8594704793134],[151.221553152979,-33.8593991503319],[151.221554150781,-33.8593976317636],[151.221646501634,-33.8592862354431],[151.221732732173,-33.8592031512361],[151.22175108836,-33.8591872730663],[151.221795370775,-33.8591489692645],[151.221811338916,-33.8591429091086],[151.221817067308,-33.8591447474728],[151.221826653646,-33.8591478236983],[151.221829888811,-33.8591488623042],[151.22188243986,-33.8591686393623],[151.221884455071,-33.8591688785485],[151.221912925624,-33.8591722624313],[151.22195575746,-33.8591608069862],[151.221988032337,-33.8591586305685],[151.222012464599,-33.8591492460393],[151.222034044332,-33.8591444012204],[151.222061636357,-33.859136615982],[151.222109192484,-33.859138883798],[151.22214349968,-33.8591366942797],[151.222171122668,-33.8591323162625],[151.222193951173,-33.8591383518737],[151.222222944464,-33.8591374797679],[151.222247666561,-33.8591399230767],[151.222274678468,-33.8591377013143],[151.222333679593,-33.859156366501],[151.22236015121,-33.8591623770878],[151.222399969517,-33.8591644790607],[151.222407892207,-33.8591675646066],[151.222466663235,-33.8591904501932],[151.222473469279,-33.8591939055748],[151.222526493981,-33.8592208256178],[151.222530540331,-33.8592242907846],[151.222544867065,-33.8592364609172],[151.222552255907,-33.8592412628934],[151.222568041659,-33.8592516163089],[151.222569319329,-33.8592529170225],[151.222582961959,-33.8592668041282],[151.22260694029,-33.8592912131094],[151.222610048145,-33.8592933364636],[151.222613853027,-33.8592959360749],[151.222627998245,-33.8593056003307],[151.222629557876,-33.8593077428335],[151.222638634036,-33.8593202096432],[151.222644569902,-33.8593283631897],[151.22266719221,-33.8593584354091],[151.222678707806,-33.8593817574616],[151.222695987595,-33.8594022193505],[151.222710828003,-33.8594407720664],[151.222716045765,-33.8594467546668],[151.222741981514,-33.8594764914209],[151.222751454978,-33.859499987808],[151.222762838888,-33.8595221555211],[151.222756898215,-33.8595485018425],[151.222761911927,-33.8595591678763],[151.22276449378,-33.8595646633874],[151.222765660461,-33.8595892113348],[151.222771295176,-33.8595927039114],[151.222777367431,-33.8595964679119],[151.222787995337,-33.8596035321825],[151.222788842352,-33.8596313010676],[151.222763826755,-33.8596614779296],[151.222732202726,-33.8596797556065],[151.222727364012,-33.8596825515683],[151.222730859758,-33.8596852044293],[151.222738240742,-33.8596908052292],[151.222745190767,-33.8596960778894],[151.222748631203,-33.8596986875699],[151.222755624352,-33.8597279590391],[151.222754327329,-33.8597297302996],[151.22273239542,-33.8597597009443],[151.222708299904,-33.85977677155],[151.222698584786,-33.8598162063861],[151.222710599912,-33.8599698146026],[151.222739565375,-33.8603401027399],[151.222902722494,-33.8614384351767],[151.222922493268,-33.8615605029923],[151.222929218845,-33.8616153188726],[151.222940114836,-33.8617041330313],[151.222952543392,-33.8618287920745],[151.222960537655,-33.8619775693017],[151.222964269816,-33.8621286440276],[151.22295518387,-33.8622917417344],[151.222884688856,-33.8624507489752],[151.222808677666,-33.8625538404681],[151.222708133795,-33.8626532704483],[151.222571289761,-33.8627575078389],[151.222531623981,-33.8627858267029],[151.222500219665,-33.8628204056233],[151.222464801107,-33.8628818230136],[151.222449715938,-33.8628869716872],[151.222446522686,-33.862885781305],[151.222436669411,-33.8628821079218],[151.222418946821,-33.8629203144369],[151.222389269921,-33.8629499306881],[151.222346536327,-33.8629910758556],[151.222332066599,-33.863010387203],[151.222238564235,-33.8630171485101],[151.22216769981,-33.8630542537061],[151.221911731969,-33.8631330727174],[151.221795496312,-33.8632491453389],[151.221603519066,-33.8634408506535],[151.22147281287,-33.863571371977],[151.221364682366,-33.8636793480512],[151.221254626525,-33.8637892476082],[151.221310295638,-33.8638262671551],[151.221218831132,-33.8640733462327],[151.22120620857,-33.8641074429787],[151.221278915855,-33.8641422674842],[151.221273553874,-33.8641698574482],[151.221251635365,-33.864207124],[151.221190500441,-33.8643096644783],[151.221195440174,-33.864343491747],[151.221181988854,-33.8643700144829],[151.22116112827,-33.8643883253588],[151.221151614278,-33.8644313401538],[151.221096923155,-33.864487950301],[151.221048448072,-33.8645840230968],[151.221004050334,-33.8646387222245],[151.220976989655,-33.8646520146059],[151.220961154672,-33.8646721311622],[151.220933838959,-33.8646831790131],[151.220916743912,-33.8646979128837],[151.220910912766,-33.86470293798],[151.220852407864,-33.86474104593],[151.22080614061,-33.8647889368585],[151.22079574013,-33.8648058459035],[151.220785006989,-33.8648108119318],[151.220768644253,-33.864818382066],[151.220694017389,-33.8649571543647],[151.220658044253,-33.8650058602769],[151.220639255028,-33.8650460241183],[151.220621093008,-33.8650594530402],[151.220600712358,-33.8650745208537],[151.220601097197,-33.8651025959511],[151.220574571203,-33.8651430348989],[151.220553195588,-33.8651942212836],[151.220560821175,-33.8651998744423],[151.220571489345,-33.8652077826213],[151.220586644709,-33.8652190181179],[151.220572559198,-33.8652348306034],[151.220547446833,-33.865253663393],[151.220533124969,-33.8652644046497],[151.220377881017,-33.8654382463652],[151.220377380518,-33.8654534028903],[151.220382843951,-33.865457036482],[151.220425880818,-33.8654856563715],[151.220427243482,-33.8654865624685],[151.220432413709,-33.8654900006532],[151.220478747417,-33.8655208142955],[151.220467536655,-33.8655405070169],[151.220424338006,-33.8655827529909],[151.22037211534,-33.8656209929082],[151.220286475473,-33.8656679930138],[151.220279799567,-33.8656717885192],[151.220229384208,-33.8657004436746],[151.220167807742,-33.8657450391529],[151.220132968218,-33.8657806066067],[151.22013104117,-33.8657830910325],[151.220105568807,-33.8658159208296],[151.220080409623,-33.8658483475562],[151.220077973913,-33.8658505486989],[151.220057204875,-33.8658693151754],[151.220051303759,-33.8658768713183],[151.220042550935,-33.8658880780104],[151.220035625972,-33.8658969440258],[151.220049631881,-33.865907263041],[151.22001987477,-33.8659404439196],[151.219970668326,-33.8659953112317],[151.219927905446,-33.8660429945284],[151.21992786534,-33.866043103962],[151.219936836973,-33.8660471850251],[151.219949431321,-33.8660529136127],[151.219951238925,-33.8660537359684],[151.219967385336,-33.8660617558066],[151.219966083024,-33.8660632014268],[151.219916404032,-33.8661183838106],[151.219904442921,-33.8661316695546],[151.219897743166,-33.8661391104503],[151.219887119855,-33.866152989932],[151.21988410027,-33.866161133253],[151.219888180901,-33.866162800922],[151.21988969118,-33.8661634178938],[151.219896106369,-33.8661660390714],[151.219898566334,-33.866167043988],[151.219850786312,-33.8662257759954],[151.219850670949,-33.8662259177061],[151.21977555147,-33.8663182558936],[151.21960494331,-33.8664771066721],[151.219777404454,-33.8666274487647],[151.219475017291,-33.8671834977739]],[[151.218204031031,-33.8850260839665],[151.218185756172,-33.8851180696881],[151.218204756494,-33.8850234857191],[151.218204031031,-33.8850260839665]]]},"properties":{"OBJECTID":21,"DateOrder":2,"StartDate":"1870","EndDate":"1908","CouncilName":"City of Sydney","Details":"On 20 April 1870, the City of Sydney (known as the Municipal Council of Sydney until 1949) took over responsibility for the Moore Park area, initially by the device of making the Town Clerk the Trustee of Moore Park.","Shape__Area":11622933.795898438,"Shape__Length":29970.458189375495}},{"type":"Feature","id":24,"geometry":{"type":"Polygon","coordinates":[[[151.219475017291,-33.8671834977739],[151.219238612094,-33.8683891103674],[151.219772420769,-33.8689008206292],[151.219786629309,-33.8689059837223],[151.219809954324,-33.8689325786551],[151.219848715494,-33.8689350467919],[151.219964039793,-33.8689956799056],[151.220065815921,-33.869038821718],[151.220131136092,-33.8690604667225],[151.220164973387,-33.8690698061649],[151.220215230725,-33.8690814072124],[151.220267009998,-33.8690919733788],[151.220274626373,-33.8690875665564],[151.220334022457,-33.8691116715076],[151.220340857394,-33.8691144448108],[151.220413492426,-33.8691439232823],[151.220527946806,-33.8691893155429],[151.220548590438,-33.8691919906967],[151.220594596581,-33.8691979528983],[151.221251534019,-33.8692195944439],[151.221251754301,-33.8692147606626],[151.22125416423,-33.8691618070997],[151.221294687088,-33.8691509092997],[151.221388911398,-33.8691255679748],[151.221489972343,-33.8690929643175],[151.22149378259,-33.8690994406473],[151.221537083368,-33.8690816222937],[151.221661468627,-33.8690304365541],[151.221666288026,-33.8690386055928],[151.221748335881,-33.8689387772027],[151.221752879256,-33.8689193939326],[151.222723456334,-33.8677778826001],[151.222727478911,-33.867775890957],[151.222827340086,-33.8678363208966],[151.222844870013,-33.8678274805432],[151.222900222014,-33.8678456916314],[151.222916850887,-33.8677925490285],[151.22300011421,-33.8675264526391],[151.223009522839,-33.867528500938],[151.223754231118,-33.8659651477029],[151.223921061673,-33.8656149157629],[151.223938852928,-33.8655775666933],[151.224470299765,-33.8644618610752],[151.224478423285,-33.8644645147476],[151.2244904789,-33.8644539802278],[151.22451238345,-33.8644077702556],[151.224519232105,-33.8643933210656],[151.224761527539,-33.8644723902841],[151.22493943054,-33.8645304458967],[151.224932342809,-33.864545951219],[151.224665933338,-33.8651078939601],[151.224638341021,-33.8651660945808],[151.224657255952,-33.8651711959722],[151.224730546461,-33.8651909641052],[151.22553289732,-33.8651166304145],[151.22594205484,-33.8652465872236],[151.226238995666,-33.8663769959445],[151.226553704441,-33.8666487442721],[151.226448402652,-33.8667617503781],[151.22656907882,-33.8670116182743],[151.226788947536,-33.8668907177479],[151.227115486623,-33.8676970712885],[151.227091619726,-33.868297968249],[151.227464835544,-33.8687174705602],[151.227493059767,-33.8687491951629],[151.227508619239,-33.8687666838435],[151.227528436242,-33.8688704740995],[151.227534565941,-33.8688849388255],[151.227587601745,-33.8690100932049],[151.227589978559,-33.8690157037969],[151.227602098213,-33.8690333025915],[151.227612094746,-33.8690478175296],[151.227640338971,-33.8690888312779],[151.227710545384,-33.8691674139305],[151.227783957819,-33.8692497803992],[151.227909043124,-33.8693366800904],[151.227995551912,-33.8693931797386],[151.22801193833,-33.8694038810827],[151.228036570751,-33.8694199681205],[151.228164191722,-33.8695070158438],[151.228263042969,-33.8695743875189],[151.228344906771,-33.8696301708744],[151.228652016838,-33.8698388285936],[151.228903007342,-33.8700087559012],[151.228931506834,-33.8700267307031],[151.22906569009,-33.8701109646169],[151.229079234771,-33.870119467998],[151.22910044631,-33.8701314135315],[151.229129061623,-33.8701456693471],[151.229158592059,-33.8701585892963],[151.229186217194,-33.8701690759941],[151.229240985568,-33.8701954817809],[151.229268562109,-33.8701926210103],[151.229283897251,-33.8701960353954],[151.229316542822,-33.8702017004392],[151.229349509585,-33.87020584163],[151.229382698115,-33.8702084575385],[151.229416012524,-33.8702095323586],[151.229449355716,-33.870209056579],[151.229482607526,-33.8702070383922],[151.229512420164,-33.8702038372792],[151.229546969591,-33.8701972460278],[151.229547290894,-33.8701971821122],[151.229584576508,-33.8701876012019],[151.229617533446,-33.8701724835758],[151.229662974493,-33.870153312526],[151.229696426964,-33.8701372831186],[151.229723594081,-33.8701232040439],[151.22974722482,-33.870108356361],[151.229760833363,-33.8700950806972],[151.229761918962,-33.8700940214132],[151.22978010718,-33.8700652266598],[151.229794944242,-33.8700399907413],[151.22980517269,-33.8700203669046],[151.229808171347,-33.8700146126588],[151.229821570576,-33.8699893795237],[151.229836267071,-33.8699679658879],[151.22985635488,-33.8699461202223],[151.229871614876,-33.8699337492789],[151.229888654549,-33.8699237186862],[151.229914150605,-33.8699191542363],[151.230178263177,-33.8699390058339],[151.23020757718,-33.8699393214141],[151.230294164499,-33.8699516927239],[151.230322120208,-33.8699579520186],[151.230347257617,-33.8699688238405],[151.230385354272,-33.8699900670234],[151.230389559676,-33.8699924124524],[151.230429086215,-33.8700157664088],[151.230435817787,-33.8700197442108],[151.230478862035,-33.8700576036775],[151.230501358616,-33.8700698343461],[151.230507155942,-33.8700729862526],[151.230523967134,-33.8700944494063],[151.230546010354,-33.870112304965],[151.23058178121,-33.8701506009858],[151.23060481635,-33.870187650034],[151.230619064788,-33.8702288444656],[151.230627117927,-33.8702616565579],[151.230628707072,-33.8702935525246],[151.23062405107,-33.8703348271454],[151.23062830193,-33.8703758779978],[151.230636603436,-33.8704041993497],[151.230665208117,-33.8704424005486],[151.230697678963,-33.8704716785684],[151.230765237203,-33.8705094201625],[151.230830469451,-33.8705749616389],[151.230855768399,-33.8706014854968],[151.230890062375,-33.8706573560107],[151.2309078035,-33.870691232388],[151.230910405035,-33.8706993241463],[151.23092108038,-33.8707325282586],[151.230943589284,-33.8707506167739],[151.230961045252,-33.870759023718],[151.231006864876,-33.8707957415685],[151.231028620584,-33.8708113033804],[151.231083501806,-33.8708527727622],[151.231210772051,-33.8709225980167],[151.231410809583,-33.8710006249001],[151.231444285557,-33.871013902132],[151.231442487394,-33.8710152316455],[151.23143528595,-33.8710205567872],[151.23145531074,-33.8710362911612],[151.231486578165,-33.8710716826817],[151.231498634545,-33.871094287599],[151.231508185758,-33.8711121963274],[151.231518808484,-33.8711394228569],[151.231525546744,-33.8711529348673],[151.231539014659,-33.8711534410918],[151.231547028962,-33.8711672473519],[151.23157182066,-33.8711779760012],[151.231602144453,-33.8712082311244],[151.231603563696,-33.8712292531812],[151.231622013027,-33.8712571682569],[151.231619364498,-33.8712687492508],[151.231639987274,-33.8713087960618],[151.231653282459,-33.8713212407278],[151.231663086027,-33.8713649132708],[151.231670451103,-33.8713707324497],[151.231679800675,-33.8713787668477],[151.231679757877,-33.8714270646997],[151.231661280606,-33.8714689967431],[151.231661353604,-33.8714886216068],[151.231661359399,-33.8714899652928],[151.231661374481,-33.8714942127372],[151.231661565006,-33.8715450866209],[151.231661671932,-33.8715736527918],[151.231657348149,-33.8715974266076],[151.231644857938,-33.8716191155976],[151.231628232284,-33.8716585917012],[151.231592046204,-33.8717346991464],[151.231562051377,-33.871758394845],[151.231536867543,-33.8718303354177],[151.231505259461,-33.871909328308],[151.231459938407,-33.8719329266179],[151.231387830836,-33.8720281160084],[151.23141014835,-33.87203522383],[151.231382117171,-33.8720533351975],[151.231379192816,-33.8720872944808],[151.231363008309,-33.8721218830953],[151.231362754384,-33.8721597600277],[151.231317904208,-33.8722060593012],[151.231319152477,-33.8722319591561],[151.231305565266,-33.8722398464541],[151.231253828175,-33.8722844958288],[151.23125463933,-33.8722889314435],[151.231258423048,-33.8722978887097],[151.231254782672,-33.8723032036432],[151.231251575869,-33.8723078863645],[151.231246653646,-33.8723150738577],[151.231242314315,-33.8723208891448],[151.231239120683,-33.8723218947318],[151.231235319408,-33.8723236382412],[151.231236923679,-33.8723319690656],[151.231237928499,-33.8723371829629],[151.231233192974,-33.872340089839],[151.231230596931,-33.8723416829265],[151.231223850024,-33.8723458251744],[151.231181243379,-33.8723719809232],[151.231173743042,-33.872393356453],[151.231162473078,-33.8724254717685],[151.231171313814,-33.8724328640699],[151.231172472205,-33.8724338311421],[151.231180087655,-33.8724401976985],[151.231146606782,-33.872465901925],[151.231109577214,-33.8724824700933],[151.230970137715,-33.8725196587946],[151.230943199211,-33.872526560804],[151.230938372764,-33.8725286340507],[151.230878855362,-33.8725541969888],[151.230876435056,-33.8725552362144],[151.230784227566,-33.8725948396891],[151.230650167832,-33.8726524180197],[151.230465611692,-33.8727501696454],[151.230239069596,-33.8728703574929],[151.230095905783,-33.8729458799312],[151.230036147777,-33.8729764725426],[151.230033522246,-33.8729778162983],[151.230027331532,-33.8729809853687],[151.229986724735,-33.8730017733702],[151.229999547812,-33.8730636262293],[151.230015272944,-33.8731233096978],[151.23004809111,-33.8731926619813],[151.230084723719,-33.8732716807698],[151.230087881387,-33.8732784928382],[151.230124647191,-33.8733727404177],[151.23013428582,-33.8733935856864],[151.230173940279,-33.8734793532462],[151.230229625204,-33.8735829594744],[151.230270933831,-33.8736517636683],[151.230392726077,-33.8738226194217],[151.230428650826,-33.8738649972031],[151.230449883957,-33.8738881515344],[151.230470332602,-33.8739104505599],[151.230496035164,-33.8739541206861],[151.230504603899,-33.8739795638942],[151.230514285901,-33.8740083180725],[151.230518775252,-33.8740698158255],[151.230513774439,-33.8741178269179],[151.23051362062,-33.8741193080813],[151.230494904965,-33.8741685397322],[151.230482223206,-33.8741935036809],[151.230251991288,-33.8746467308979],[151.230195138926,-33.8747586468974],[151.229712791857,-33.8757081572958],[151.229596146248,-33.8759368266676],[151.229589092981,-33.8759506536746],[151.229577664329,-33.8759687290504],[151.2295364268,-33.8760339503498],[151.229527257734,-33.876044326624],[151.229463825991,-33.8761161029445],[151.229415440776,-33.8761502041215],[151.229337090102,-33.8762054236136],[151.229373684642,-33.8762132537174],[151.229357184377,-33.8762270423202],[151.22932662231,-33.8762512414585],[151.229255982315,-33.8763071731851],[151.229400174552,-33.8763338416718],[151.22957679711,-33.8763665082602],[151.229580283326,-33.8763671526109],[151.229587392514,-33.8763684676244],[151.229597313676,-33.87637030458],[151.229601420905,-33.8763717117141],[151.229601858884,-33.8763718622875],[151.229602296882,-33.8763720119594],[151.229602708028,-33.8763721531298],[151.229603557153,-33.8763724448735],[151.229607116796,-33.8763736691995],[151.229636821614,-33.876380659883],[151.229675473397,-33.8763897557557],[151.229684166446,-33.8763918013945],[151.229698761737,-33.8763952357723],[151.229735576963,-33.8764039021547],[151.229744531922,-33.8764061436247],[151.229777224547,-33.8764143043905],[151.229742439655,-33.8764660922854],[151.229710032967,-33.8765134398809],[151.229709853486,-33.876513702415],[151.229685417185,-33.8765494048687],[151.22964998945,-33.8766011672653],[151.229554701888,-33.8767403881976],[151.229546195238,-33.8767528164448],[151.229543737266,-33.876756405237],[151.22952572509,-33.8767827235315],[151.229517741243,-33.8767943882971],[151.229485202727,-33.876841929611],[151.229472650601,-33.8768602692688],[151.229472291973,-33.8768607781097],[151.229433684988,-33.8769156012595],[151.22943080694,-33.8769196898911],[151.229430451628,-33.8769201951726],[151.229430427125,-33.8769202299885],[151.229430143106,-33.8769206334956],[151.229426193774,-33.8769262351894],[151.229419563538,-33.8769355928984],[151.229371028004,-33.8770041061095],[151.229370346503,-33.8770050674946],[151.229369947438,-33.8770056496972],[151.229366327903,-33.8770109342057],[151.22930729816,-33.8770971240706],[151.22914014395,-33.8773411847262],[151.229123396052,-33.8773656373821],[151.228666903581,-33.8780321464085],[151.228489403941,-33.878291304941],[151.228483678479,-33.8782996647483],[151.228316820457,-33.8785432847602],[151.228301130291,-33.8785622563657],[151.228295835535,-33.878568659258],[151.228289075982,-33.8785768337533],[151.228276416266,-33.8785921418637],[151.228268604428,-33.8786015880144],[151.228263620008,-33.8786076220459],[151.228213222494,-33.8786604717077],[151.228213110891,-33.8786605882312],[151.228212990417,-33.8786607154481],[151.228181895413,-33.8786933243999],[151.228102806804,-33.8787789050012],[151.227945924117,-33.8789486635109],[151.227883690189,-33.879006049874],[151.227829723396,-33.8790558136499],[151.227822293692,-33.8790614671165],[151.227767713216,-33.8791029999229],[151.227767221126,-33.8791033742818],[151.227712019981,-33.8791453796652],[151.227669978922,-33.8791025641378],[151.22764548491,-33.8790776184452],[151.227608235048,-33.8790556832052],[151.227406025862,-33.8789916615919],[151.227261021953,-33.878949014536],[151.227203259909,-33.8789338212169],[151.227195577007,-33.8789318007579],[151.22717428534,-33.8789262002066],[151.227129869915,-33.8789146652317],[151.227119490588,-33.8789119693308],[151.227090455974,-33.8789044294957],[151.227063695756,-33.878897479665],[151.227043369397,-33.8788922004789],[151.226887383688,-33.8788553545705],[151.226885988629,-33.8788550080593],[151.226885401341,-33.878854862541],[151.226883634112,-33.8788544241055],[151.226801016948,-33.8788338501298],[151.226754313232,-33.8788205732765],[151.22671851603,-33.8788142958428],[151.22671698609,-33.8788141980732],[151.226711522806,-33.8788138480057],[151.226669365154,-33.8788121761905],[151.226655694651,-33.8788116340338],[151.226577328691,-33.8788142526685],[151.226380464446,-33.8788208300048],[151.226174382563,-33.8788277152538],[151.226076182524,-33.8788298973834],[151.225991724422,-33.8788334532023],[151.225907141808,-33.8788429713104],[151.225725035398,-33.8788654008904],[151.225707118013,-33.8788680013608],[151.225706973799,-33.8788680218273],[151.225675506938,-33.8788725895249],[151.225665047979,-33.8788741080123],[151.225640501706,-33.8788776707421],[151.22557872718,-33.8788866379343],[151.22530168169,-33.8789344568234],[151.224958668785,-33.8789915476565],[151.224836590301,-33.8790160329449],[151.224786225417,-33.8790308162833],[151.224745868869,-33.879045742025],[151.22472794788,-33.8790531062164],[151.224727268559,-33.8790533849851],[151.224695380442,-33.879066487684],[151.224640454025,-33.8790943265102],[151.224573891691,-33.879131540776],[151.224503296704,-33.8791692749013],[151.224365847208,-33.8792323276183],[151.224278426733,-33.8792672238691],[151.224236050278,-33.8792841393294],[151.224221821499,-33.879290501627],[151.22410224695,-33.879343963757],[151.223991936969,-33.8793932832626],[151.223964647,-33.8794054844866],[151.223714848192,-33.879512342024],[151.223708384512,-33.8795153454128],[151.223690324155,-33.8795237390353],[151.223634432459,-33.8795497140032],[151.223625963392,-33.8795536497297],[151.22358935576,-33.8795706634774],[151.223568650373,-33.879582681825],[151.223508406574,-33.8796176483895],[151.223479150093,-33.8796357843792],[151.223467717145,-33.8796428713301],[151.223461448208,-33.87964857914],[151.223449586885,-33.8796593805085],[151.223421321844,-33.8796485171594],[151.223413069946,-33.8796609594513],[151.22334593652,-33.8797621787197],[151.223327765341,-33.8797895767523],[151.223331593006,-33.8797872098713],[151.223330282185,-33.8797885886698],[151.223227797904,-33.8799333202699],[151.223192390563,-33.8799831629726],[151.223169729275,-33.8800121779688],[151.223089499223,-33.8801280021937],[151.223026698835,-33.8802186621251],[151.222967748995,-33.8803025098835],[151.222933749817,-33.8803557020562],[151.222899973187,-33.8803981603619],[151.222893060237,-33.8804045243372],[151.222889998786,-33.8804088337929],[151.222862658321,-33.8804473243823],[151.222517304141,-33.8806750457678],[151.222486940507,-33.8806944595359],[151.222454281788,-33.8807162081585],[151.222443993414,-33.8807230933031],[151.222303736536,-33.8808169445673],[151.222127938086,-33.8809345775044],[151.221956839064,-33.8810466294872],[151.221767762972,-33.8811657754388],[151.221682934031,-33.8812192299104],[151.221658553706,-33.8812317404253],[151.221602595877,-33.8812604538778],[151.221506559581,-33.8813097327644],[151.221409004581,-33.8813473742859],[151.221375220435,-33.8813639898679],[151.221356439822,-33.8813638728994],[151.221343748499,-33.881367028809],[151.221280784441,-33.8813685056791],[151.221189248307,-33.8813683769301],[151.220926129041,-33.8813657701903],[151.220820929458,-33.8813653157885],[151.220654284289,-33.8813645950667],[151.220635348014,-33.8813643729409],[151.220620568869,-33.8813642000398],[151.220572787714,-33.8813636396968],[151.220461786035,-33.8813606105605],[151.220434232017,-33.881359858127],[151.220380157663,-33.8813538197806],[151.220372871298,-33.8813530066481],[151.220299570502,-33.8813333879862],[151.22029748571,-33.8813328303466],[151.22020928015,-33.8813100836653],[151.220195939089,-33.8813080306157],[151.220183932249,-33.881306182601],[151.220171519622,-33.8813026857455],[151.220145275642,-33.8813002325507],[151.220138956613,-33.8812996425857],[151.220064963151,-33.8813032264572],[151.220000297792,-33.8813178002605],[151.219996144032,-33.8813189422636],[151.219938435717,-33.8813347753017],[151.219870842053,-33.8813529109897],[151.219710652298,-33.8814088756898],[151.219585573918,-33.8814525735556],[151.219446275772,-33.8815118895477],[151.219335271041,-33.8815676385819],[151.219334343442,-33.8815681049007],[151.219304050922,-33.8815833185704],[151.219230092911,-33.8816294061151],[151.219187284426,-33.8816560821316],[151.219185957955,-33.8816569087907],[151.21916499889,-33.8816456514192],[151.219156158973,-33.8816668399319],[151.219151615569,-33.8816777295277],[151.219079697351,-33.8818703202204],[151.219061587557,-33.8819179301415],[151.21896718211,-33.8821661046182],[151.218920694373,-33.8822885790225],[151.218918206575,-33.8822951338925],[151.218881012125,-33.8823931259619],[151.218644155603,-33.8830173871753],[151.218619971588,-33.8831261384215],[151.218602168535,-33.8832094130181],[151.218567434639,-33.8833692108392],[151.218378642897,-33.8842377524295],[151.218285275738,-33.884660224649],[151.218280783339,-33.884680554383],[151.218207973187,-33.8850095471228],[151.21862109734,-33.8850767911978],[151.218621205653,-33.8850766259418],[151.21870985482,-33.8847440025225],[151.218710608831,-33.88474429477],[151.218710613773,-33.8847441090824],[151.21874657954,-33.8847491784671],[151.218882750814,-33.8847683708],[151.218967293389,-33.8847802869836],[151.219133652265,-33.8848037334935],[151.219311526941,-33.8848288034699],[151.219520356832,-33.8848582360001],[151.219496828471,-33.8849712035072],[151.219370932778,-33.8855756812558],[151.219630817039,-33.8856221957334],[151.220548517511,-33.8857471471893],[151.220584022674,-33.8857503166332],[151.220514676015,-33.8862752978646],[151.220538183819,-33.8862971710892],[151.220680075427,-33.8863169400761],[151.220678866029,-33.8863312855668],[151.221128391588,-33.8863758282013],[151.221136291651,-33.8863491352757],[151.221438763536,-33.8864065805591],[151.221587557035,-33.8864348397838],[151.221582429147,-33.8864698255172],[151.221660028081,-33.8864905416395],[151.221678358201,-33.8864954349229],[151.22215094307,-33.8866215952904],[151.222167980285,-33.8866242389283],[151.222534158774,-33.8866810644511],[151.222616653787,-33.8866938665943],[151.222684170104,-33.8867043442797],[151.222722450022,-33.8867102845318],[151.222733919986,-33.8866895268802],[151.222739365125,-33.8866796727444],[151.222754802131,-33.8866833076739],[151.223183728019,-33.8867843094649],[151.223176941407,-33.8868150556971],[151.223443997101,-33.8869009852803],[151.223687841663,-33.8869794449748],[151.223723699446,-33.8869909831798],[151.22422863625,-33.8870030167508],[151.224328875567,-33.8870054059405],[151.224331484497,-33.8869841254325],[151.224332891021,-33.8869728125965],[151.224568189424,-33.8869933600325],[151.224796158544,-33.8870132675595],[151.224795326617,-33.8870452773854],[151.224795218089,-33.8870494193329],[151.224802009004,-33.8870505307628],[151.22482109296,-33.8870536544054],[151.224874907371,-33.8870624617833],[151.225390732119,-33.8871428635111],[151.225507488908,-33.8871808416716],[151.225499670728,-33.8872036946489],[151.225591999411,-33.8872821238104],[151.22573221837,-33.8873333590266],[151.226131183378,-33.8874940599784],[151.22624413687,-33.8875515847859],[151.226307580186,-33.8875838952862],[151.226476746554,-33.8876700481204],[151.226507428836,-33.887685673455],[151.226529354532,-33.8876968398262],[151.226783912178,-33.8878264801012],[151.227226536105,-33.8880874388503],[151.227408423382,-33.8881906685889],[151.227657162511,-33.8883122014491],[151.22775856567,-33.8883617459892],[151.227821834064,-33.8884028830854],[151.227841758493,-33.8884158374483],[151.227979172613,-33.888505183486],[151.228043767387,-33.8885471826834],[151.228049136155,-33.8885495710875],[151.228115139514,-33.8885789363389],[151.228141731576,-33.8885907674123],[151.228226309825,-33.8886283964707],[151.22848842416,-33.8887464896581],[151.228506888691,-33.8887548086949],[151.228584708798,-33.8887849369965],[151.228631705146,-33.8888030039022],[151.228909997669,-33.8889099921415],[151.229263264547,-33.8890219982425],[151.229373380871,-33.8890569114993],[151.229407396945,-33.8890660869829],[151.229763179735,-33.8891620497358],[151.229910149087,-33.8891937742744],[151.229961595389,-33.8892048791402],[151.229996465236,-33.8892124066209],[151.230022337428,-33.8892180202445],[151.230204898184,-33.8892576330453],[151.230494739252,-33.8892967615079],[151.230567669874,-33.8893038626256],[151.230575870993,-33.8893046612556],[151.230665502773,-33.8893133891169],[151.230861232638,-33.8893279295569],[151.231161593094,-33.8893423807212],[151.231331293531,-33.8893505455029],[151.231384951893,-33.8893998027895],[151.23142003885,-33.8894320723472],[151.231428656196,-33.8894399979733],[151.231430676576,-33.8894418557208],[151.231432054968,-33.8894431235268],[151.231437102712,-33.8894477660459],[151.231731974955,-33.8897189619757],[151.231892572429,-33.889866663815],[151.232062852605,-33.8898691116545],[151.232212828315,-33.889859367522],[151.232506140266,-33.8898159999169],[151.232643688761,-33.8897795277611],[151.23290941901,-33.8897090681694],[151.232904086713,-33.8896209795814],[151.232917774445,-33.8894923463885],[151.232940609384,-33.8894349118255],[151.232943680569,-33.8894271873545],[151.232946871818,-33.88941914629],[151.232965783139,-33.8893960831452],[151.232987231965,-33.8894063704588],[151.233011640407,-33.8894154431943],[151.233133223436,-33.8894606360957],[151.233129129562,-33.8894882212582],[151.233126032736,-33.8895090900999],[151.233117305124,-33.8895678921212],[151.233102974163,-33.8896644491677],[151.233098327894,-33.8896957488062],[151.233097345948,-33.8897023616423],[151.233082079358,-33.8898052228856],[151.233074061204,-33.8898592441078],[151.233067415647,-33.8899040159854],[151.233048010498,-33.8900422834698],[151.233029930118,-33.8901711016329],[151.232999482029,-33.8903880375922],[151.232996403202,-33.8904088165104],[151.232878767594,-33.8912027083186],[151.232871236298,-33.8912155556292],[151.232864578057,-33.8912269131588],[151.232806077021,-33.8913267085001],[151.232794217447,-33.8913469385066],[151.232630764835,-33.8916257616245],[151.232336507277,-33.8921277096295],[151.232242251089,-33.8922896230624],[151.232227496847,-33.8923147133425],[151.232105140364,-33.8925227821969],[151.232097674651,-33.8925354789019],[151.232023309023,-33.8926619379169],[151.231945869235,-33.8927936243472],[151.231933180188,-33.8928152012805],[151.231904379573,-33.8928641772668],[151.231538676435,-33.8934210966681],[151.230899680645,-33.894394185001],[151.230645555218,-33.8947811707653],[151.230541924758,-33.8949409019972],[151.230511011917,-33.894988041077],[151.23050713761,-33.8949939495462],[151.230418787813,-33.8951286775316],[151.229710556835,-33.8962086613867],[151.229640772551,-33.8963034144097],[151.229537942786,-33.896420199864],[151.229460314299,-33.8965008665997],[151.229355543596,-33.8965919423422],[151.229243145174,-33.8966809587523],[151.229118734911,-33.8967659942781],[151.228986992568,-33.8968420979774],[151.228976013201,-33.8968484407603],[151.228898123152,-33.8968871723087],[151.22882726829,-33.8969224043213],[151.228688424903,-33.8969795447127],[151.22851572299,-33.8970385054954],[151.228336732052,-33.8970862074765],[151.228163896083,-33.8971194814864],[151.228003804782,-33.8971394882255],[151.227870005453,-33.8971463893139],[151.227712267392,-33.8971407767543],[151.227527670528,-33.8971178661657],[151.22732045889,-33.8970678056584],[151.227008663937,-33.8969558315283],[151.227001207149,-33.8969531542137],[151.226934711921,-33.8970192883827],[151.226603655266,-33.8973485426157],[151.226714831618,-33.8973955948654],[151.226793280751,-33.8974287957636],[151.226919859585,-33.897508109408],[151.227018610685,-33.8975877897023],[151.227118908465,-33.8976964543527],[151.227159713476,-33.8977618274399],[151.227203927505,-33.8978326627462],[151.227251034996,-33.8979751362428],[151.227268972695,-33.8981303480787],[151.227262915744,-33.8982198950044],[151.227261941979,-33.8982342863248],[151.227258496981,-33.8982852068315],[151.227234633572,-33.8983906557655],[151.227180205432,-33.8985322258682],[151.227114410473,-33.8986446593256],[151.227011452751,-33.8987720190163],[151.226638890816,-33.8991344431551],[151.226456911158,-33.8993114686088],[151.226331975082,-33.8994330042356],[151.225857679438,-33.8998943831589],[151.225378326133,-33.9003606747864],[151.225240830231,-33.9004966887644],[151.224764944895,-33.9009573360259],[151.224664272226,-33.9010354084819],[151.224544880267,-33.9010963664454],[151.22441684529,-33.9011351169252],[151.224307741817,-33.9011586212674],[151.224159885692,-33.9011904750097],[151.224144305538,-33.9011935101386],[151.224035607129,-33.9012146836655],[151.223928063809,-33.9012216145153],[151.223814702299,-33.9012153112599],[151.223685229182,-33.9012130046775],[151.223556020767,-33.9012210835264],[151.223457975925,-33.9012362801778],[151.223446115771,-33.9012381181659],[151.223442938109,-33.9012386097635],[151.22335872345,-33.9012603730423],[151.223289296491,-33.9012888367347],[151.22321490297,-33.9013243678175],[151.223190359285,-33.9013394235641],[151.223187692071,-33.9013410605172],[151.223145060679,-33.9013672136192],[151.223035629757,-33.9014343464577],[151.223016120265,-33.9014463151059],[151.222981354453,-33.9014669187084],[151.222935627392,-33.9014742861762],[151.222904605948,-33.9014792841484],[151.222836823185,-33.9014902035813],[151.222836290423,-33.9014902896742],[151.222835755479,-33.9014903766373],[151.222744042078,-33.9015052005842],[151.222732694537,-33.9015070350795],[151.222684560291,-33.9015148149772],[151.222680529301,-33.901515466472],[151.222647678071,-33.9015207770258],[151.222593494726,-33.9015322902623],[151.222646129573,-33.9017645449261],[151.222646726,-33.901766445387],[151.22271406773,-33.9019811777304],[151.222781958002,-33.9021223439878],[151.222813624872,-33.9021621755096],[151.222837609793,-33.9021923449233],[151.222976718684,-33.9025273130389],[151.22308707083,-33.9027567699426],[151.223123316962,-33.9028321365487],[151.22318760704,-33.9029658130808],[151.223408497646,-33.9034251042362],[151.223469378744,-33.9035516942574],[151.223478953894,-33.9035716021614],[151.223544373043,-33.9037076212923],[151.223798278678,-33.9042355641585],[151.223877636332,-33.9043880687016],[151.223903855958,-33.90444161983],[151.223938349022,-33.9045120491347],[151.223958661248,-33.9046132252709],[151.224001849844,-33.9048412338764],[151.224002257739,-33.9048552492081],[151.22400594557,-33.9049819861896],[151.223997680218,-33.9050917684772],[151.22399624725,-33.9051107988932],[151.223987184598,-33.9051665815432],[151.223978432901,-33.9051652496963],[151.22314709892,-33.9050387108151],[151.222102059388,-33.9048709609867],[151.222098320942,-33.9048779838739],[151.221710015063,-33.9048247237085],[151.221658667667,-33.9048176808446],[151.219716730454,-33.9045513036546],[151.215518193219,-33.9039752762007],[151.215111464084,-33.9039366864318],[151.21467710536,-33.9038793281356],[151.214672818749,-33.9038787979872],[151.214591627848,-33.9038687504734],[151.214517194779,-33.9038595394122],[151.214489360987,-33.9038560951844],[151.214451477314,-33.9038514069146],[151.214431409889,-33.9038489238183],[151.214391457338,-33.9038439800974],[151.214345938414,-33.9038378005216],[151.214315128759,-33.9038336178627],[151.214307104446,-33.9038325285288],[151.214295997018,-33.9038310202653],[151.214285228197,-33.9038295583909],[151.214274613582,-33.9038281176882],[151.214260629159,-33.9038084265098],[151.214271667263,-33.9037752510712],[151.214306151104,-33.9036716056225],[151.214308042157,-33.9036659205248],[151.214481065749,-33.9030265441295],[151.21451873098,-33.9028873548707],[151.214663141598,-33.9023537016041],[151.214734499122,-33.9021031498118],[151.214738527093,-33.9020890058042],[151.214808223657,-33.9018442875744],[151.214919781804,-33.9013765987195],[151.214933591556,-33.9013187025009],[151.214973958811,-33.901149471969],[151.215024802293,-33.900882362412],[151.215073056015,-33.9006288703306],[151.215091938538,-33.9005336650752],[151.21509474691,-33.900519503374],[151.215247643426,-33.8997485881124],[151.215250451741,-33.8997344264043],[151.215362244103,-33.8991707491612],[151.215387619605,-33.8990428019504],[151.215404085657,-33.8989635214961],[151.215518464107,-33.8984127889964],[151.215567111517,-33.8981785499313],[151.215677211074,-33.8976484104529],[151.215686505814,-33.8976036528695],[151.215728785992,-33.8973935593302],[151.215830666175,-33.8968872922483],[151.215886766568,-33.896608513961],[151.215938671257,-33.8963505871203],[151.215939585956,-33.8963460249382],[151.216000654291,-33.8960992275258],[151.216166168682,-33.8954303158814],[151.216180043422,-33.8953742400947],[151.216262920487,-33.8950392939696],[151.216266422433,-33.8950251431703],[151.216279070287,-33.8949740245026],[151.216361425061,-33.8945594370652],[151.216457416934,-33.8940761837546],[151.216507732054,-33.8938130998894],[151.216627141503,-33.8931887230051],[151.216640774355,-33.8931052784925],[151.216771414639,-33.8923056338091],[151.216788621067,-33.8922003124562],[151.216805919204,-33.8920944270345],[151.21674180098,-33.8920751834517],[151.216194186778,-33.8920021794908],[151.21617324938,-33.8919993883517],[151.214930236948,-33.8918336716192],[151.214908460632,-33.8918308248242],[151.214447640664,-33.8917705871762],[151.213993776366,-33.8917097218721],[151.21362354707,-33.891660070056],[151.212817147024,-33.8915515075786],[151.212609443136,-33.891522284488],[151.212169683489,-33.8914601383289],[151.21216105417,-33.8914589255712],[151.21214665792,-33.891456904103],[151.211741694089,-33.891400230995],[151.211676686879,-33.8913748626009],[151.210766404162,-33.8910311924824],[151.210701602569,-33.8910067751997],[151.210092268312,-33.8907740340434],[151.209205542054,-33.8904348194559],[151.209139476727,-33.8904098635882],[151.208790234309,-33.8902763214643],[151.208527427575,-33.890170029142],[151.208328180435,-33.8900894433675],[151.207928317057,-33.8899277162161],[151.207926927027,-33.8899275381873],[151.207860620907,-33.8899190394052],[151.207803978753,-33.8899008441226],[151.207410034632,-33.889847440897],[151.207013669871,-33.8897934276747],[151.206949819386,-33.889784831596],[151.206531609842,-33.8897283680127],[151.20607786696,-33.8896662924693],[151.20526884988,-33.8895575049126],[151.204557342871,-33.8894618326684],[151.202960615413,-33.8892452448223],[151.202823260567,-33.8892266090905],[151.202718221251,-33.8892074618551],[151.202390999821,-33.8891477617594],[151.202065581004,-33.8891033265036],[151.20183476761,-33.8890502595559],[151.20164859363,-33.889007465496],[151.201644927796,-33.8890068655195],[151.201527679496,-33.888987924964],[151.201464984955,-33.8889777865356],[151.201309961758,-33.8889527313563],[151.201213455558,-33.8889371259497],[151.200701890412,-33.8888544057314],[151.200393475624,-33.8888116022574],[151.200027781045,-33.8887684776662],[151.199660661258,-33.8887150874119],[151.198898589535,-33.8886059967009],[151.198490475822,-33.8885448879147],[151.197680814279,-33.8884343984175],[151.197556385643,-33.8884176890502],[151.197000615284,-33.8883419606248],[151.196980554086,-33.8883392268635],[151.196977800475,-33.8883388520107],[151.196403832869,-33.8882605514921],[151.196332811944,-33.8882513814523],[151.195958959924,-33.8882030648375],[151.195159453181,-33.8881050262323],[151.194359785698,-33.8879931095776],[151.193250771076,-33.8878258953272],[151.193233784091,-33.8878131643035],[151.193222505553,-33.8878047118957],[151.193193374712,-33.8877828782362],[151.19319747074,-33.8877798904472],[151.193193500475,-33.8877769150872],[151.193178064085,-33.8877881731816],[151.193092050136,-33.8878430977789],[151.193087725322,-33.8878458594789],[151.193058185957,-33.8878647215206],[151.192966945053,-33.8879229824241],[151.192644609943,-33.8881021272946],[151.192416591916,-33.888226725197],[151.192408336594,-33.8882312362725],[151.192389758571,-33.8882413877164],[151.192368914062,-33.8882527782466],[151.192353315689,-33.8882613015921],[151.19233609404,-33.8882706090691],[151.192255532058,-33.8883174757946],[151.192252665334,-33.8883156987783],[151.192049678816,-33.8884254041542],[151.191309531416,-33.8888194069768],[151.190928725,-33.8890091036643],[151.190836852296,-33.8890548645947],[151.190682286248,-33.8891454721914],[151.190459271836,-33.889275916373],[151.190310730104,-33.8894265459259],[151.190110070899,-33.8896516503813],[151.189967616039,-33.8898114602401],[151.189565677273,-33.8902466959552],[151.189562282562,-33.8902503062055],[151.189545162946,-33.8902685149156],[151.189484464108,-33.8903339841833],[151.189483618818,-33.890333971758],[151.189476094894,-33.8903419740831],[151.188544941875,-33.8912880153411],[151.188422709766,-33.8912755824962],[151.188366145574,-33.8912768723042],[151.186529577764,-33.891320398551],[151.1859773628,-33.8913313555033],[151.183846571765,-33.8913810970051],[151.1831838111,-33.8913969732293],[151.18276377111,-33.8914536103436],[151.182772552376,-33.8914738873718],[151.182374657803,-33.8915981310353],[151.18211721226,-33.8917021510506],[151.180804472835,-33.892088412021],[151.179809000283,-33.8923813077341],[151.179782013504,-33.8924030293523],[151.179725754476,-33.8924219783461],[151.17965036909,-33.8923568428502],[151.177543303296,-33.8929008149865],[151.177402719086,-33.8932747820314],[151.174386018295,-33.8941812828421],[151.174249189186,-33.8943783382795],[151.173824910927,-33.8943720479954],[151.17376574542,-33.8946587369466],[151.173684778393,-33.8947238975624],[151.172705989326,-33.8945987773948],[151.172544997379,-33.894684870319],[151.172486772148,-33.894927330803],[151.171401439825,-33.8948227396578],[151.171559048587,-33.8936526965399],[151.171214797002,-33.8936254649569],[151.171289077053,-33.8926311479093],[151.170840180272,-33.892536000344],[151.171047989763,-33.8914994264346],[151.17089172424,-33.8913643825191],[151.172138756501,-33.888861165274],[151.172146305743,-33.8885073496463],[151.172106957695,-33.887865272525],[151.172117337653,-33.8873787762992],[151.172478546282,-33.8866099201673],[151.172806158235,-33.8861723709117],[151.173156509354,-33.8859121223382],[151.173618103487,-33.8854101964802],[151.173793747321,-33.8849766309628],[151.173807542675,-33.8849425768034],[151.174414356658,-33.8841390125973],[151.175598406861,-33.8833380975608],[151.175951091607,-33.8829672719268],[151.176018880875,-33.8825199159823],[151.176070064237,-33.8825415616459],[151.176066561367,-33.8825265725396],[151.176153845475,-33.8825769932388],[151.176721553511,-33.8829049372553],[151.17697317763,-33.8830502897618],[151.177166969802,-33.8831622342431],[151.177484667086,-33.8831890565058],[151.177486078154,-33.8831227150859],[151.177651790688,-33.8831251667686],[151.177857273652,-33.8831282065369],[151.177875446504,-33.8831498437765],[151.178064214255,-33.8833745935676],[151.178593301017,-33.8834787486418],[151.17867168831,-33.8834941794595],[151.179806628517,-33.8837542805763],[151.179963552939,-33.8838583538532],[151.180591255578,-33.8842746441843],[151.181178302192,-33.8846304504278],[151.18137683101,-33.8847507759677],[151.181714481579,-33.8850875678347],[151.182043271471,-33.8855150923349],[151.183245815,-33.8853014033014],[151.183603935738,-33.8852333663959],[151.184534969751,-33.8850564984205],[151.184630809346,-33.8850382918493],[151.185005884506,-33.8849670362201],[151.185044425459,-33.8849597139127],[151.185062108298,-33.8849563539867],[151.185132750569,-33.8849429336849],[151.185139034185,-33.8849417746557],[151.185139093206,-33.8849389882581],[151.185153025522,-33.8849391935316],[151.18548842339,-33.8848773178124],[151.185809540549,-33.8848253889034],[151.186276329823,-33.8847634749106],[151.186704011057,-33.8847171669033],[151.187111853915,-33.8846907949924],[151.187199610507,-33.8846865462564],[151.187432200269,-33.8846752788381],[151.187478715732,-33.8846741445007],[151.187486987898,-33.8846739434004],[151.187637934951,-33.8846702598521],[151.187742675893,-33.8846677043037],[151.189119372922,-33.8846839114365],[151.189561987197,-33.8847041159314],[151.18983216847,-33.8847178975791],[151.189924894805,-33.8847226272916],[151.190149118585,-33.8847340646886],[151.190158974121,-33.8847344033684],[151.190190299615,-33.8847354813154],[151.190583235741,-33.8847489719119],[151.190961415898,-33.8847502712749],[151.191417638092,-33.8847105428988],[151.19147001131,-33.8847059852998],[151.191632181864,-33.8846918716278],[151.192036628326,-33.8846594125996],[151.192151760546,-33.884644613232],[151.192435640918,-33.8846081208602],[151.192753997417,-33.884567209268],[151.192885578705,-33.884551898495],[151.192904884371,-33.8845496514439],[151.193260147546,-33.8845083078941],[151.193529914375,-33.8844854485484],[151.193587693988,-33.8844805527273],[151.193636173466,-33.8844774880894],[151.193636195492,-33.884476443298],[151.194084430591,-33.8844384598655],[151.194177192507,-33.8844314985641],[151.194179526171,-33.8844313235727],[151.194353538659,-33.8844182645052],[151.194377581384,-33.8844164599804],[151.194388785137,-33.8844156196739],[151.194414671196,-33.8844145383041],[151.194465242111,-33.8844124264733],[151.194486294205,-33.8844115474597],[151.194495323644,-33.8844111703275],[151.194523432431,-33.8844099961729],[151.194592478865,-33.884407111779],[151.194619025025,-33.8844060030698],[151.194651735101,-33.8844046366242],[151.19476610293,-33.8843998599396],[151.194777247959,-33.8843993947619],[151.194908291737,-33.8843939182142],[151.194925448091,-33.8843932020605],[151.195010615243,-33.8843896447121],[151.194994027268,-33.8841213382775],[151.194992398923,-33.8840950125121],[151.194982110756,-33.8839286001353],[151.194942176084,-33.8832827453621],[151.194899685752,-33.8828847355843],[151.194885174207,-33.8827518618674],[151.194823536666,-33.8821854206595],[151.194799125917,-33.8818967987436],[151.194788263677,-33.8818153424147],[151.194777632685,-33.8817229613026],[151.194748761002,-33.8814836207356],[151.194718283273,-33.8812010489085],[151.194687353697,-33.8809195074433],[151.194686674102,-33.8809133277873],[151.19468572518,-33.8809046905531],[151.194612159191,-33.880226072951],[151.194534002062,-33.8795075022556],[151.195726229036,-33.8790466461152],[151.195651564692,-33.8789187111895],[151.195644640161,-33.8789068456763],[151.194856489957,-33.8775563490298],[151.194000511762,-33.8760866414838],[151.193373355235,-33.8750056747404],[151.193369178787,-33.8749985573842],[151.193117631422,-33.8745707757757],[151.193111750413,-33.8745607748973],[151.193036167678,-33.8744340450247],[151.192974861958,-33.8743312519861],[151.192866325345,-33.8742129893112],[151.192812658055,-33.8741791957096],[151.192760963482,-33.8741513626648],[151.192689412247,-33.8741195673209],[151.192621824329,-33.8740957148885],[151.192554236183,-33.874059929701],[151.192500569117,-33.8740261359698],[151.192415518954,-33.8739612190177],[151.192430852872,-33.8739498837036],[151.192329371846,-33.8738812214581],[151.192323209321,-33.8738860112479],[151.192317335855,-33.8738905762372],[151.192303090706,-33.8738653556761],[151.191759011315,-33.8729020587115],[151.191576437364,-33.8727882449203],[151.191576763464,-33.8727840097293],[151.191598058998,-33.8727579284146],[151.191602966965,-33.8727542384009],[151.191618584958,-33.8727424988659],[151.191588998024,-33.8726979064009],[151.191447417219,-33.8724845199367],[151.19139360076,-33.8724034083888],[151.191355509698,-33.8723459972436],[151.191353311268,-33.872346336486],[151.191298437081,-33.8723548133927],[151.191203570202,-33.8723309916545],[151.191068064643,-33.872204058037],[151.191036444425,-33.8721744387264],[151.191010427847,-33.8721500677518],[151.190908232712,-33.8720543372057],[151.190881903875,-33.8719423702824],[151.190973578732,-33.8718857805886],[151.190915761473,-33.8718395344531],[151.190879821603,-33.8718107867777],[151.190877277646,-33.8718087511673],[151.190724977579,-33.8716869287036],[151.190699253264,-33.871612766116],[151.190694295918,-33.8716093217108],[151.190648025127,-33.8715771777942],[151.190435439942,-33.8714294941425],[151.190236629041,-33.8712913779336],[151.190229936175,-33.8712867285416],[151.190150927995,-33.8712369650895],[151.190095715788,-33.8712021890975],[151.190082890223,-33.8711941113666],[151.190040009661,-33.8711671028409],[151.189996535221,-33.8711444662245],[151.189846418515,-33.8710580464004],[151.189831425593,-33.8710509900312],[151.189815934871,-33.8710446242921],[151.189687483066,-33.8709919004672],[151.189434612853,-33.8708881086768],[151.189387334515,-33.8708694169643],[151.18938460378,-33.870873719608],[151.189357117401,-33.8708646228936],[151.18934096632,-33.8708592771769],[151.189320759481,-33.8708525895787],[151.189292930352,-33.8708415517793],[151.189249589142,-33.8708269549642],[151.189232636994,-33.8708200248271],[151.189219152546,-33.870814384644],[151.189217679739,-33.8708160438388],[151.189202438047,-33.8708094589545],[151.189196079241,-33.8708042499289],[151.18914478679,-33.8707869067408],[151.189019920372,-33.8707329589696],[151.188971930364,-33.8707102502129],[151.188944003971,-33.8706964010876],[151.188921549662,-33.8706852663752],[151.18888625021,-33.8706655061627],[151.18883731499,-33.870638112452],[151.188798327528,-33.8706162871207],[151.188762594367,-33.8705962842419],[151.188748937213,-33.8705886396088],[151.18870218977,-33.870559059731],[151.188667272652,-33.870535892898],[151.188668307026,-33.8705342633335],[151.188668807665,-33.8705327224081],[151.188607972169,-33.8704881657898],[151.188567513162,-33.8704585322361],[151.188537612301,-33.8704366321208],[151.188475038668,-33.8703850668165],[151.188419840023,-33.8703395785332],[151.18841869251,-33.8703386328691],[151.188412978521,-33.8703326352466],[151.188403366375,-33.870322545925],[151.18829049009,-33.8702040703596],[151.188212919487,-33.8701226514503],[151.188210281946,-33.8701198830999],[151.18807660735,-33.8699795760812],[151.188075303418,-33.8699782060997],[151.18806913894,-33.8699717365394],[151.188039048568,-33.8699637266111],[151.187252931183,-33.8691213384043],[151.187183444317,-33.8685958033516],[151.187079743068,-33.8685205747547],[151.187134276297,-33.8684448961834],[151.187064984223,-33.8683331710114],[151.187099842345,-33.868332124822],[151.1871180334,-33.8683160656036],[151.187478589386,-33.8679977533355],[151.187474379642,-33.8679944478499],[151.187526019813,-33.8679482052789],[151.187540000847,-33.8679342662703],[151.187603074911,-33.8678713861527],[151.187635981886,-33.8678410280304],[151.18773788899,-33.8677549338877],[151.187893291762,-33.8676084786296],[151.187929858392,-33.8675736357954],[151.187947183162,-33.8675609569508],[151.18796119428,-33.86755070284],[151.187963082768,-33.8675493211958],[151.188061163687,-33.8674623535217],[151.188104525719,-33.8674209908996],[151.188117832866,-33.8674110537488],[151.188397855171,-33.8671691182867],[151.188507307679,-33.8670260470968],[151.188614414221,-33.8668984223729],[151.188711918097,-33.8667995580318],[151.188728529068,-33.8664427683977],[151.189070558392,-33.8660802884017],[151.189091817933,-33.8660577570987],[151.189139341385,-33.8660073927612],[151.189170238262,-33.8659746475073],[151.189206769373,-33.8660265465878],[151.189232151585,-33.8660337566098],[151.189285814058,-33.8659942789648],[151.189350416025,-33.8659467544225],[151.189375018232,-33.8659286555469],[151.189392708806,-33.8659221236106],[151.189469629133,-33.865841485087],[151.189507028554,-33.8658125432497],[151.189769023329,-33.8656164220572],[151.18997483574,-33.8654582786256],[151.189992884206,-33.8654423133463],[151.190001890273,-33.8654343462191],[151.190153829319,-33.8654756703552],[151.190333344251,-33.8655244969232],[151.190335978442,-33.8655179970964],[151.190341755416,-33.8655037424766],[151.190736487209,-33.8656157102818],[151.190749571704,-33.8656194219074],[151.190853893136,-33.8656490131711],[151.190931187716,-33.8656266415223],[151.19135268932,-33.8655046444786],[151.191361264267,-33.8655229521375],[151.191368672766,-33.8655205612637],[151.191514344578,-33.8654355877916],[151.191533815394,-33.8654242303102],[151.191499224489,-33.8653404027014],[151.19097075392,-33.8640596635379],[151.191027761568,-33.8638832977249],[151.19127019222,-33.8637096476119],[151.191757494518,-33.863665701954],[151.192129046319,-33.8632793000381],[151.192333373422,-33.8631627820354],[151.192385821793,-33.8631379285185],[151.192385908053,-33.8631378874022],[151.192385942993,-33.8631378707817],[151.193675498629,-33.8625267718505],[151.193737438863,-33.8625276789566],[151.193839581827,-33.8627285223197],[151.193338546157,-33.8634995082062],[151.19344937146,-33.8636089137115],[151.19336393151,-33.8638825133656],[151.193497090079,-33.8641677232319],[151.193849469534,-33.8643208701956],[151.195114070441,-33.8627252303471],[151.195302279617,-33.8626170539864],[151.195486921667,-33.8626699455169],[151.195647202689,-33.8626221234465],[151.195776209047,-33.8628011839386],[151.194174822675,-33.8647663070967],[151.194246067154,-33.8648605813171],[151.194165697692,-33.8651506178969],[151.19432713376,-33.8653473044536],[151.194625983882,-33.8652749816589],[151.194634278252,-33.8652665519842],[151.194696307058,-33.8653101699918],[151.19470321158,-33.8653150251338],[151.1947250571,-33.8652940019075],[151.194798495565,-33.8652233236639],[151.194801680195,-33.8652256273795],[151.195152793651,-33.8648876460331],[151.195745975389,-33.8643166421618],[151.195741984791,-33.8643135998651],[151.196627574346,-33.8634455019913],[151.196631793872,-33.8634485548239],[151.196640768677,-33.8634526231805],[151.196875568216,-33.8635590464192],[151.197002756369,-33.8636206741334],[151.197349864646,-33.8637888607413],[151.197384365682,-33.8638049160219],[151.197385297374,-33.8638100614632],[151.197395510502,-33.8638152335791],[151.197405148547,-33.8638233378598],[151.197409943332,-33.8638251492686],[151.197420097018,-33.8638289841319],[151.197455290062,-33.8638400944472],[151.197458132597,-33.8638335280696],[151.197513447098,-33.8638507146947],[151.19752964519,-33.8638556903036],[151.197517987266,-33.8638841798138],[151.197375714466,-33.8642298117692],[151.19717070527,-33.8647278459723],[151.196663805002,-33.8659592473082],[151.196661035716,-33.8659659734416],[151.196400758359,-33.8665982445855],[151.196356557998,-33.8667056161993],[151.196176712639,-33.8671424918463],[151.196159842272,-33.8671834715462],[151.196155325072,-33.8671821772412],[151.196155274566,-33.8671821629757],[151.196153553216,-33.8671816697708],[151.196143491579,-33.8671787874829],[151.196127961974,-33.8672165125865],[151.196117967786,-33.8672407890118],[151.196104074064,-33.8672745397435],[151.19610969858,-33.8672792065418],[151.196117031492,-33.8672852906399],[151.196146149619,-33.8673094489644],[151.196176563923,-33.8673346830989],[151.196137657766,-33.8674272452811],[151.196112893914,-33.86748615955],[151.196116512108,-33.8674871800915],[151.196119750976,-33.8674880931824],[151.196121598218,-33.8674886143815],[151.196123304692,-33.8674890956465],[151.19613300194,-33.8674918301266],[151.196132295416,-33.8675016226064],[151.196449158742,-33.8679379814468],[151.196828875173,-33.8682841411884],[151.197931219416,-33.8685525331913],[151.199159247178,-33.8685873611246],[151.199148694222,-33.8690839391135],[151.199224498281,-33.8692746751307],[151.199143184259,-33.8693336381595],[151.199179869322,-33.8704122355291],[151.19898610562,-33.8717665177557],[151.19903597874,-33.8721753034296],[151.199269226955,-33.8721990038334],[151.199400683586,-33.8726282357548],[151.199544509559,-33.8727985899211],[151.199681356041,-33.8728030334557],[151.199620280486,-33.8728711051707],[151.199685770077,-33.8729811755206],[151.200141496785,-33.8734472972978],[151.200393379977,-33.8735437461963],[151.201102262239,-33.8736047742139],[151.20175705579,-33.8733752179669],[151.201875069734,-33.8732476028497],[151.201943293514,-33.8725703251141],[151.202172809466,-33.8717431879957],[151.202160213807,-33.8710895609005],[151.202391078074,-33.8701962035301],[151.202459418055,-33.8694923452425],[151.202352098177,-33.8682201594486],[151.202168405853,-33.8681659969259],[151.202023294413,-33.8672371331382],[151.201859860886,-33.8670637507524],[151.201688243658,-33.8670072704625],[151.201603890871,-33.8659650422177],[151.202287960119,-33.8659073699823],[151.202401524916,-33.865817352173],[151.202384816471,-33.8654448322538],[151.202545880571,-33.8653583928508],[151.202426642867,-33.8647145181382],[151.20251888287,-33.864124069209],[151.202476119955,-33.8636206319764],[151.202450135225,-33.8633846789838],[151.202323167595,-33.8633175107263],[151.202264978692,-33.8628596703777],[151.201642351977,-33.8628647213066],[151.201674238578,-33.8626216233491],[151.202126914482,-33.8625576967019],[151.201878385004,-33.8592039335927],[151.201775769036,-33.8590349770652],[151.201847176366,-33.8589251020123],[151.201247752869,-33.8588944086151],[151.201179910309,-33.8587724963547],[151.200889796622,-33.8586076028384],[151.200458505933,-33.8585506533298],[151.200328652337,-33.8584159545499],[151.200262294344,-33.8572112083059],[151.200249892057,-33.8569860332926],[151.200255400565,-33.8569130707631],[151.200255407062,-33.8569129671576],[151.200255431746,-33.8569126149366],[151.200270821098,-33.8566895095268],[151.200256828966,-33.8563531173474],[151.200240873607,-33.8561840563822],[151.200229627263,-33.8560326238303],[151.200229857535,-33.8559871369612],[151.200229858436,-33.8559869394926],[151.200227513562,-33.8558754434896],[151.200223393262,-33.8556957281347],[151.200217299472,-33.8556221209206],[151.202193196821,-33.8555859169135],[151.202456711667,-33.8556783835181],[151.202429250445,-33.8558058979624],[151.2025962003,-33.8561327209795],[151.202642598869,-33.8561583435678],[151.202677227333,-33.8562793287824],[151.203459803384,-33.8566648061753],[151.203521545044,-33.856564052735],[151.20358071713,-33.8565142472871],[151.20358770508,-33.8566161569138],[151.204197145849,-33.8566257025849],[151.204936234198,-33.8565969377514],[151.204969422669,-33.8565956465713],[151.204988060376,-33.8565126176652],[151.205202236329,-33.8564271337293],[151.205316366198,-33.8564947909887],[151.205416980384,-33.8564665627538],[151.205645325431,-33.8562828211458],[151.205897006109,-33.8561273359356],[151.205909218955,-33.8560704739186],[151.20591508616,-33.8560657521411],[151.205983068389,-33.85590046025],[151.205909641755,-33.8555957821119],[151.206096115395,-33.8555542031424],[151.206243788595,-33.85574476413],[151.206337912124,-33.8557923675043],[151.206370268264,-33.8557664615371],[151.206571279244,-33.8556055248548],[151.206793938563,-33.8554324371342],[151.206793329116,-33.8553876575591],[151.206790906396,-33.8552096278804],[151.2071938072,-33.8550558849245],[151.207601148173,-33.8549360503829],[151.207672659646,-33.8549150121824],[151.207687141883,-33.8548621867078],[151.20769062191,-33.8548591975412],[151.207722488694,-33.854733251748],[151.207855159573,-33.8542493040624],[151.207972911225,-33.8537981692327],[151.208032601244,-33.8535694827374],[151.208043453875,-33.8535526047836],[151.208059825625,-33.8535427387951],[151.208110734852,-33.8535399496263],[151.208125492142,-33.8535420227012],[151.208277304656,-33.8535633434175],[151.208367965024,-33.853576075804],[151.208370750744,-33.8535764670829],[151.208424260369,-33.853583201947],[151.208427264172,-33.8535685453706],[151.208518475444,-33.8535819150738],[151.208518752935,-33.8535808415226],[151.20852231496,-33.8535670388953],[151.208525166802,-33.8535559834799],[151.208741372497,-33.8535883004764],[151.208740741469,-33.853591605217],[151.208734703673,-33.8536232489587],[151.208737960266,-33.8536383572397],[151.208765367983,-33.8536552052538],[151.208778025073,-33.8536626203207],[151.208798652271,-33.8536738556008],[151.208832122726,-33.8536925456163],[151.208948190948,-33.8537573574411],[151.209116694322,-33.8538514497709],[151.20929680046,-33.8539520208879],[151.209588377573,-33.8541171341955],[151.209787678047,-33.8542125234115],[151.20980745611,-33.8542432256885],[151.209820250205,-33.8542534064898],[151.209832424014,-33.8542641003894],[151.209843951623,-33.8542753061095],[151.209854779452,-33.8542869498304],[151.209864918456,-33.8542990244975],[151.209874330647,-33.8543115376749],[151.20988297139,-33.854324401245],[151.209890743031,-33.8543374262266],[151.209956050222,-33.8544361033106],[151.210118589457,-33.8546817775898],[151.210127589634,-33.8547246068449],[151.210162647575,-33.8547251088234],[151.210228160824,-33.8548463657532],[151.210329028718,-33.8549836524332],[151.210386326764,-33.8550752884806],[151.210404450653,-33.855098677837],[151.210410817967,-33.8551085136605],[151.210483948508,-33.8552214786182],[151.210526434087,-33.8552871059834],[151.210500632391,-33.8554023314186],[151.210474432372,-33.8556619664319],[151.210124109569,-33.8559007023259],[151.20974523299,-33.8558306057783],[151.209284594502,-33.8557914924288],[151.209104870395,-33.8560815572198],[151.209241894181,-33.8565582999769],[151.209909902225,-33.8572710022869],[151.20990975124,-33.8572782365949],[151.209821757579,-33.8578221414037],[151.209816646122,-33.8578537328108],[151.20976362562,-33.8581814590751],[151.209554497807,-33.8594740660204],[151.209676515717,-33.8595489288797],[151.209675122294,-33.8596151092956],[151.209540588105,-33.8597531206063],[151.209531322419,-33.8601445963867],[151.209506939917,-33.860222915676],[151.209447595244,-33.8608062320969],[151.209431653233,-33.86096292917],[151.209737980043,-33.8613586631716],[151.211502081893,-33.8615178899226],[151.212093544236,-33.8612389467253],[151.212099510409,-33.8612385526635],[151.21210170875,-33.8612384078189],[151.212103961214,-33.861238259251],[151.212105804542,-33.8612381372093],[151.212107485501,-33.8612380263379],[151.212109506345,-33.861237892444],[151.212115973653,-33.8612374659759],[151.212122794419,-33.8612335657053],[151.212318733783,-33.8611216065363],[151.212378256219,-33.8610874751648],[151.212406937101,-33.8610710295252],[151.212437227233,-33.8610536603921],[151.212485734276,-33.8610258463981],[151.21248868278,-33.8610238854941],[151.212494900944,-33.8610197501225],[151.212505973735,-33.8610123856902],[151.212524303895,-33.8609970261617],[151.212529149707,-33.8609911602708],[151.212557744426,-33.8609565458938],[151.212575993974,-33.8609231160267],[151.212590733743,-33.860892386468],[151.212604563978,-33.8608618357853],[151.212616634029,-33.8608309962591],[151.212625614251,-33.8608046458848],[151.212629953555,-33.8607830958096],[151.212661616863,-33.8604724107589],[151.212661779974,-33.8604708080191],[151.212662023258,-33.8604684183172],[151.212663573606,-33.8604532058264],[151.212680294002,-33.8603052366737],[151.212695923943,-33.8601572562064],[151.212705653979,-33.8601581457857],[151.212706684254,-33.8601392060524],[151.21269804377,-33.8601383160455],[151.212703286741,-33.8600869385309],[151.212711754404,-33.8600039556414],[151.212721484404,-33.8600048461203],[151.212723604219,-33.8599859059582],[151.212714113839,-33.8599857060846],[151.212723864027,-33.8598980256692],[151.212724874027,-33.8598763758975],[151.21272279396,-33.8598438765985],[151.212722344921,-33.8598402685163],[151.21272144876,-33.8598330641023],[151.212718744086,-33.8598113460232],[151.212718165129,-33.8598081111824],[151.212710994144,-33.8597680364259],[151.21270525369,-33.8597298562441],[151.212697444049,-33.8597095357666],[151.212687333653,-33.8596781463626],[151.212679544125,-33.8596464362356],[151.212672913679,-33.8596087959125],[151.21266863388,-33.8595763557814],[151.212665973567,-33.8595437966647],[151.212664914023,-33.8595145061468],[151.212657484502,-33.8594748063692],[151.212668223425,-33.8593954363467],[151.21267407425,-33.8593976664628],[151.212677603831,-33.8593768963673],[151.212686363778,-33.8593388561701],[151.212697083583,-33.8593027759365],[151.21269852215,-33.8592997200483],[151.212717613858,-33.859259156031],[151.212694094022,-33.8592510057772],[151.21269710792,-33.8592444514244],[151.212717744328,-33.8591995760252],[151.212739464003,-33.8592059859473],[151.212745563626,-33.8591815460514],[151.212754973772,-33.8591493360419],[151.212765913493,-33.8591170156597],[151.212777764156,-33.8590855362904],[151.212791563571,-33.8590539562342],[151.212806663722,-33.8590232363696],[151.212822594272,-33.8589926060965],[151.212840414014,-33.858962606488],[151.212859614534,-33.8589335160229],[151.212867841957,-33.8589219072498],[151.21288412828,-33.8589066731122],[151.212885091697,-33.8589054111152],[151.212901571403,-33.8588838008351],[151.212918911147,-33.8588626214351],[151.212936930891,-33.8588418504655],[151.212955641176,-33.8588215007032],[151.212975001609,-33.8588015914005],[151.212995021746,-33.8587821308115],[151.21300812358,-33.8587700697048],[151.213015661343,-33.8587631309766],[151.213036931685,-33.8587446209151],[151.213054666921,-33.8587301877744],[151.213059161737,-33.8587265305522],[151.213081991209,-33.858708980907],[151.2131054106,-33.8586919610205],[151.213112577621,-33.8586870449347],[151.213129390972,-33.8586755110513],[151.213153920645,-33.8586596209105],[151.213162349615,-33.8586544697305],[151.213178971093,-33.8586443109243],[151.213204521579,-33.8586295907108],[151.213230560866,-33.8586154808471],[151.213257071666,-33.858601981082],[151.213283841291,-33.8585891316152],[151.213313321139,-33.8585752213098],[151.213315573114,-33.8585741069422],[151.213342591278,-33.8585607407589],[151.213371450631,-33.8585456915558],[151.21339989064,-33.8585301213694],[151.213427910824,-33.8585140013369],[151.213455470564,-33.8584973615292],[151.213458458609,-33.8584954688035],[151.21348258089,-33.8584801912856],[151.213497015489,-33.8584706130146],[151.213509031997,-33.8584623405801],[151.2135341276,-33.8584450644673],[151.213536045546,-33.8584437441636],[151.213537932804,-33.8584424441552],[151.21354079688,-33.8584403278008],[151.213562315337,-33.8584244263832],[151.213577058386,-33.8584135306156],[151.213577644579,-33.8584130981603],[151.213581785677,-33.8584098154249],[151.213588189677,-33.8584047376573],[151.213589180983,-33.8584039521803],[151.213611183328,-33.8583865094721],[151.213613582488,-33.8583846073037],[151.213615301357,-33.858383244436],[151.213616100338,-33.8583826112708],[151.213616733029,-33.8583820739853],[151.213616965192,-33.8583818771635],[151.213638187822,-33.8583638307001],[151.213650662569,-33.8583532239633],[151.213652319685,-33.8583518160144],[151.21365325499,-33.8583510207076],[151.21365418272,-33.8583501738915],[151.213662375682,-33.858342702671],[151.21368323276,-33.8583236797205],[151.213684850203,-33.8583222044668],[151.213686010396,-33.8583211464049],[151.213686147031,-33.8583210212395],[151.213688223904,-33.8583191279238],[151.213688643702,-33.8583187444553],[151.213689061264,-33.8583183645614],[151.213689975942,-33.8583174697633],[151.213708847825,-33.8582989996561],[151.213722484245,-33.8582856540177],[151.213723379078,-33.8582847778683],[151.213723476156,-33.8582846836906],[151.213724318211,-33.8582837986604],[151.213725011089,-33.8582830701749],[151.213725416641,-33.8582826441178],[151.213731237016,-33.8582765253837],[151.21375300668,-33.8582536444569],[151.213754518395,-33.8582520558531],[151.213754923966,-33.8582516288945],[151.213755641141,-33.8582508755121],[151.21375645668,-33.8582500180515],[151.213757320081,-33.8582490422542],[151.213773960419,-33.8582302377037],[151.213787150486,-33.8582153318804],[151.213787555615,-33.8582148742558],[151.213787965178,-33.858214411285],[151.213788314523,-33.8582139853147],[151.213794439369,-33.8582065328008],[151.213814304484,-33.8581823554993],[151.213817201111,-33.8581788310838],[151.213817959651,-33.8581779078708],[151.213818668618,-33.858176977627],[151.213819945475,-33.8581752999523],[151.213835639814,-33.8581546890106],[151.213845745613,-33.8581414175236],[151.213846405722,-33.8581405496936],[151.213846984932,-33.8581397257783],[151.213856143887,-33.8581267137947],[151.213861464645,-33.8581191531352],[151.213867066071,-33.8581111943653],[151.213870677077,-33.8581060643755],[151.213873266719,-33.8581023849173],[151.213875877635,-33.8580983585955],[151.213891233738,-33.8580746804162],[151.213894586124,-33.8580695124106],[151.213898511431,-33.8580634590796],[151.21391232389,-33.8580402553845],[151.213922107511,-33.8580238204067],[151.213929611259,-33.858010670806],[151.213932899774,-33.8580045730758],[151.213941524117,-33.8579885811835],[151.214140998195,-33.8577792671833],[151.214395386051,-33.8572630378232],[151.214453312305,-33.8570081664777],[151.214619713333,-33.8562759956087],[151.214628582217,-33.8562369721069],[151.214647034227,-33.8562372394422],[151.214647494522,-33.8562151253861],[151.214727013082,-33.85621627743],[151.214726552808,-33.8562383914871],[151.214912096181,-33.8562410793924],[151.214912556408,-33.8562189653331],[151.214965568791,-33.8562197332541],[151.214966029004,-33.8561976191941],[151.215019041375,-33.8561983870917],[151.215019501574,-33.856176273031],[151.215125526295,-33.8561778087566],[151.215125986466,-33.8561556946945],[151.215178999897,-33.8561564625382],[151.215179460054,-33.8561343484754],[151.215418015593,-33.8561378034166],[151.215417555498,-33.8561599174823],[151.215470567859,-33.856160685185],[151.215470107777,-33.8561827992512],[151.215523120154,-33.8561835669318],[151.215522660085,-33.8562056809986],[151.215549166281,-33.8562060648306],[151.215548706218,-33.8562281788976],[151.215601718625,-33.8562289465453],[151.215601258576,-33.8562510606129],[151.215627764787,-33.8562514444285],[151.215627304744,-33.8562735584963],[151.215653810962,-33.8562739423065],[151.215653350925,-33.8562960563746],[151.215679857151,-33.8562964401794],[151.215678937071,-33.8563406692173],[151.215705443311,-33.8563410530171],[151.21570084304,-33.8565621936975],[151.215674336732,-33.8565618098946],[151.215671116465,-33.8567166083636],[151.21564461011,-33.8567162245527],[151.21564184982,-33.8568489089494],[151.215615343424,-33.8568485251309],[151.215614883368,-33.8568706391965],[151.215588376965,-33.8568702553719],[151.215587916901,-33.856892369437],[151.215561410493,-33.8568919856065],[151.215557729888,-33.8570688990233],[151.215531223425,-33.8570685151845],[151.215528002839,-33.8572233136287],[151.215501496329,-33.857222929782],[151.215500116049,-33.8572892719701],[151.21547360952,-33.8572888881168],[151.215471769113,-33.8573773443651],[151.215445262556,-33.8573769605048],[151.215442041777,-33.857531758934],[151.215415535173,-33.8575313750657],[151.215414614913,-33.8575756040884],[151.215441121531,-33.8575759879573],[151.215438820954,-33.8576865582604],[151.215412314303,-33.85768617439],[151.215408633299,-33.857863086868],[151.215435140006,-33.857863470741],[151.21543329952,-33.8579519269793],[151.215406792786,-33.857951543105],[151.215406332656,-33.8579736571641],[151.215432839397,-33.8579740410387],[151.2154309989,-33.8580624972752],[151.215404492132,-33.8580621133993],[151.215404032,-33.858084227458],[151.215377525226,-33.8580838435761],[151.215376604947,-33.8581280716924],[151.215350098159,-33.8581276878041],[151.215348257548,-33.858216144936],[151.215374764363,-33.8582165288255],[151.21537430422,-33.8582386428832],[151.215453824688,-33.8582397945185],[151.21545428481,-33.8582176804598],[151.215480791626,-33.8582180643266],[151.215481711874,-33.8581738353069],[151.215508218677,-33.8581742191673],[151.215508678784,-33.8581521051077],[151.215535185581,-33.8581524889621],[151.21553610578,-33.8581082608421],[151.215562612564,-33.8581086446902],[151.215564126058,-33.8580358993382],[151.215565833196,-33.8579538462653],[151.215592339932,-33.8579542301055],[151.215593720175,-33.8578878879211],[151.215646733609,-33.8578886555824],[151.215647193675,-33.8578665415201],[151.215753220522,-33.857868076773],[151.215752820044,-33.8578873277545],[151.21580425312,-33.857882178655],[151.215805216215,-33.8578868528217],[151.215840378397,-33.8580575132351],[151.215820311926,-33.8580902554453],[151.215828140455,-33.8580903687937],[151.215826760383,-33.8581567109843],[151.215800253581,-33.8581563271926],[151.215799793549,-33.8581784412556],[151.21577328674,-33.8581780574579],[151.215772826701,-33.8582001715205],[151.215756075033,-33.8581999289665],[151.215746013394,-33.8582145205087],[151.215725868938,-33.8582437339432],[151.215718673786,-33.8582541675592],[151.215717052725,-33.8583320891791],[151.215690545869,-33.858331705362],[151.215690085806,-33.8583538194231],[151.215716592668,-33.8583542032405],[151.215715672554,-33.858398431363],[151.21574217943,-33.8583988151753],[151.215741371795,-33.858437637158],[151.215751001856,-33.8584473774834],[151.215802577182,-33.8584987951529],[151.215814056832,-33.8585102404027],[151.215821390848,-33.8585175524417],[151.215898570056,-33.8585973895871],[151.215984083466,-33.8586724734109],[151.215997544193,-33.8586842926942],[151.216002389771,-33.8586882412546],[151.216030931744,-33.8587115029015],[151.21606617189,-33.8587402223902],[151.216094356803,-33.8587631397973],[151.216094702245,-33.8587634207324],[151.216188593019,-33.8588268525041],[151.216193769454,-33.8588294974137],[151.216283315192,-33.8588752614347],[151.216329665631,-33.8588989494228],[151.216425541108,-33.8589446110897],[151.216565056151,-33.859036896027],[151.216570520663,-33.8590416461581],[151.216642940702,-33.859104595512],[151.216731862818,-33.8591947250972],[151.21673982692,-33.8592043862318],[151.216745561385,-33.8592082664704],[151.216751360831,-33.8592183787122],[151.21680796145,-33.8592870415435],[151.216893433717,-33.8594103928054],[151.216910029737,-33.8594370054128],[151.217032187549,-33.8596328873181],[151.217069145467,-33.8596921491648],[151.217113986927,-33.8597700496287],[151.217157101498,-33.8598742975473],[151.217188963553,-33.8599990055727],[151.217204218737,-33.8601126433544],[151.217213144737,-33.8602003626638],[151.217216454801,-33.860232895041],[151.217220860408,-33.8603678842835],[151.217216861682,-33.8604877595058],[151.217200501268,-33.8606418718987],[151.217184262774,-33.8607606349154],[151.217183788555,-33.8607641042836],[151.217157147246,-33.8608958209481],[151.217152745389,-33.8609136749441],[151.217116250867,-33.8610616968707],[151.21708076772,-33.8611911682777],[151.217058499041,-33.8612724215711],[151.217024458598,-33.8614270617086],[151.216980977799,-33.8616136520366],[151.216937825866,-33.8618538693918],[151.216939722942,-33.8620400288207],[151.21698443483,-33.8622457038706],[151.217006027779,-33.8622991760196],[151.217039160996,-33.8623812264438],[151.217143639776,-33.8625827931164],[151.217297135718,-33.8627779180471],[151.217471560161,-33.8629279616139],[151.217485375886,-33.8629375639776],[151.217532060123,-33.8629700141239],[151.217644593425,-33.8630482362368],[151.217680195395,-33.8630678736317],[151.21793563366,-33.8632087679083],[151.218272370735,-33.8632836545377],[151.218292150203,-33.8632824319285],[151.218313456795,-33.8632869953551],[151.218316383915,-33.8632876220116],[151.21856054573,-33.8633117941378],[151.218798788478,-33.8633074499826],[151.219034208574,-33.863272986842],[151.219255502569,-33.8632083991751],[151.219460376868,-33.8631177307028],[151.219670517905,-33.8629909914982],[151.219682518416,-33.8629837534402],[151.219841688085,-33.8628641244493],[151.219987409928,-33.8627223948628],[151.22011106493,-33.8625770883307],[151.220224247967,-33.862419989768],[151.220318872329,-33.8622829393817],[151.220483518397,-33.8620411875874],[151.220613109183,-33.8618049169221],[151.220785365407,-33.8614346278525],[151.220862408067,-33.8612458280044],[151.220903325278,-33.8611455575651],[151.221007879553,-33.8608893371898],[151.221053379427,-33.8607769259105],[151.221101828548,-33.8606339979048],[151.221138782384,-33.8605058052853],[151.221162195993,-33.8604028725837],[151.221186367763,-33.8602670839658],[151.221191452279,-33.8602433215012],[151.221210960829,-33.8601521488971],[151.221257591734,-33.8600008579129],[151.221302241684,-33.8598730477433],[151.221354121767,-33.8597450713911],[151.221413133918,-33.8596257735649],[151.221476600992,-33.8595156647783],[151.221506288522,-33.8594704793134],[151.221553152979,-33.8593991503319],[151.221554150781,-33.8593976317636],[151.221646501634,-33.8592862354431],[151.221732732173,-33.8592031512361],[151.22175108836,-33.8591872730663],[151.221795370775,-33.8591489692645],[151.221811338916,-33.8591429091086],[151.221817067308,-33.8591447474728],[151.221826653646,-33.8591478236983],[151.221829888811,-33.8591488623042],[151.22188243986,-33.8591686393623],[151.221884455071,-33.8591688785485],[151.221912925624,-33.8591722624313],[151.22195575746,-33.8591608069862],[151.221988032337,-33.8591586305685],[151.222012464599,-33.8591492460393],[151.222034044332,-33.8591444012204],[151.222061636357,-33.859136615982],[151.222109192484,-33.859138883798],[151.22214349968,-33.8591366942797],[151.222171122668,-33.8591323162625],[151.222193951173,-33.8591383518737],[151.222222944464,-33.8591374797679],[151.222247666561,-33.8591399230767],[151.222274678468,-33.8591377013143],[151.222333679593,-33.859156366501],[151.22236015121,-33.8591623770878],[151.222399969517,-33.8591644790607],[151.222407892207,-33.8591675646066],[151.222466663235,-33.8591904501932],[151.222473469279,-33.8591939055748],[151.222526493981,-33.8592208256178],[151.222530540331,-33.8592242907846],[151.222544867065,-33.8592364609172],[151.222552255907,-33.8592412628934],[151.222568041659,-33.8592516163089],[151.222569319329,-33.8592529170225],[151.222582961959,-33.8592668041282],[151.22260694029,-33.8592912131094],[151.222610048145,-33.8592933364636],[151.222613853027,-33.8592959360749],[151.222627998245,-33.8593056003307],[151.222629557876,-33.8593077428335],[151.222638634036,-33.8593202096432],[151.222644569902,-33.8593283631897],[151.22266719221,-33.8593584354091],[151.222678707806,-33.8593817574616],[151.222695987595,-33.8594022193505],[151.222710828003,-33.8594407720664],[151.222716045765,-33.8594467546668],[151.222741981514,-33.8594764914209],[151.222751454978,-33.859499987808],[151.222762838888,-33.8595221555211],[151.222756898215,-33.8595485018425],[151.222761911927,-33.8595591678763],[151.22276449378,-33.8595646633874],[151.222765660461,-33.8595892113348],[151.222771295176,-33.8595927039114],[151.222777367431,-33.8595964679119],[151.222787995337,-33.8596035321825],[151.222788842352,-33.8596313010676],[151.222763826755,-33.8596614779296],[151.222732202726,-33.8596797556065],[151.222727364012,-33.8596825515683],[151.222730859758,-33.8596852044293],[151.222738240742,-33.8596908052292],[151.222745190767,-33.8596960778894],[151.222748631203,-33.8596986875699],[151.222755624352,-33.8597279590391],[151.222754327329,-33.8597297302996],[151.22273239542,-33.8597597009443],[151.222708299904,-33.85977677155],[151.222698584786,-33.8598162063861],[151.222710599912,-33.8599698146026],[151.222739565375,-33.8603401027399],[151.222902722494,-33.8614384351767],[151.222922493268,-33.8615605029923],[151.222929218845,-33.8616153188726],[151.222940114836,-33.8617041330313],[151.222952543392,-33.8618287920745],[151.222960537655,-33.8619775693017],[151.222964269816,-33.8621286440276],[151.22295518387,-33.8622917417344],[151.222884688856,-33.8624507489752],[151.222808677666,-33.8625538404681],[151.222708133795,-33.8626532704483],[151.222571289761,-33.8627575078389],[151.222531623981,-33.8627858267029],[151.222500219665,-33.8628204056233],[151.222464801107,-33.8628818230136],[151.222449715938,-33.8628869716872],[151.222446522686,-33.862885781305],[151.222436669411,-33.8628821079218],[151.222418946821,-33.8629203144369],[151.222389269921,-33.8629499306881],[151.222346536327,-33.8629910758556],[151.222332066599,-33.863010387203],[151.222238564235,-33.8630171485101],[151.22216769981,-33.8630542537061],[151.221911731969,-33.8631330727174],[151.221795496312,-33.8632491453389],[151.221603519066,-33.8634408506535],[151.22147281287,-33.863571371977],[151.221364682366,-33.8636793480512],[151.221254626525,-33.8637892476082],[151.221310295638,-33.8638262671551],[151.22120620857,-33.8641074429787],[151.221278915855,-33.8641422674842],[151.221273553874,-33.8641698574482],[151.221251635365,-33.864207124],[151.221190500441,-33.8643096644783],[151.221195440174,-33.864343491747],[151.221181988854,-33.8643700144829],[151.22116112827,-33.8643883253588],[151.221151614278,-33.8644313401538],[151.221096923155,-33.864487950301],[151.221048448072,-33.8645840230968],[151.221004050334,-33.8646387222245],[151.220976989655,-33.8646520146059],[151.220961154672,-33.8646721311622],[151.220933838959,-33.8646831790131],[151.220916743912,-33.8646979128837],[151.220910912766,-33.86470293798],[151.220852407864,-33.86474104593],[151.22080614061,-33.8647889368585],[151.22079574013,-33.8648058459035],[151.220785006989,-33.8648108119318],[151.220768644253,-33.864818382066],[151.220694017389,-33.8649571543647],[151.220658044253,-33.8650058602769],[151.220639255028,-33.8650460241183],[151.220621093008,-33.8650594530402],[151.220600712358,-33.8650745208537],[151.220601097197,-33.8651025959511],[151.220574571203,-33.8651430348989],[151.220553195588,-33.8651942212836],[151.220560821175,-33.8651998744423],[151.220571489345,-33.8652077826213],[151.220586644709,-33.8652190181179],[151.220572559198,-33.8652348306034],[151.220547446833,-33.865253663393],[151.220533124969,-33.8652644046497],[151.220377881017,-33.8654382463652],[151.220377380518,-33.8654534028903],[151.220382843951,-33.865457036482],[151.220425880818,-33.8654856563715],[151.220427243482,-33.8654865624685],[151.220432413709,-33.8654900006532],[151.220478747417,-33.8655208142955],[151.220467536655,-33.8655405070169],[151.220424338006,-33.8655827529909],[151.22037211534,-33.8656209929082],[151.220286475473,-33.8656679930138],[151.220279799567,-33.8656717885192],[151.220229384208,-33.8657004436746],[151.220167807742,-33.8657450391529],[151.220132968218,-33.8657806066067],[151.22013104117,-33.8657830910325],[151.220105568807,-33.8658159208296],[151.220080409623,-33.8658483475562],[151.220077973913,-33.8658505486989],[151.220057204875,-33.8658693151754],[151.220051303759,-33.8658768713183],[151.220042550935,-33.8658880780104],[151.220035625972,-33.8658969440258],[151.220049631881,-33.865907263041],[151.22001987477,-33.8659404439196],[151.219970668326,-33.8659953112317],[151.219927905446,-33.8660429945284],[151.21992786534,-33.866043103962],[151.219936836973,-33.8660471850251],[151.219949431321,-33.8660529136127],[151.219951238925,-33.8660537359684],[151.219967385336,-33.8660617558066],[151.219966083024,-33.8660632014268],[151.219916404032,-33.8661183838106],[151.219904442921,-33.8661316695546],[151.219897743166,-33.8661391104503],[151.219887119855,-33.866152989932],[151.21988410027,-33.866161133253],[151.219888180901,-33.866162800922],[151.21988969118,-33.8661634178938],[151.219896106369,-33.8661660390714],[151.219898566334,-33.866167043988],[151.219850786312,-33.8662257759954],[151.219850670949,-33.8662259177061],[151.21977555147,-33.8663182558936],[151.21960494331,-33.8664771066721],[151.219777404454,-33.8666274487647],[151.219475017291,-33.8671834977739]],[[151.218204031031,-33.8850260839665],[151.218185756172,-33.8851180696881],[151.218204756494,-33.8850234857191],[151.218204031031,-33.8850260839665]]]},"properties":{"OBJECTID":24,"DateOrder":3,"StartDate":"1908","EndDate":"1948","CouncilName":"City of Sydney","Details":"On 22 December 1908, the City of Sydney absorbed the Municipality of Camperdown.","Shape__Area":13048505.659667969,"Shape__Length":33441.545474938262}},{"type":"Feature","id":27,"geometry":{"type":"Polygon","coordinates":[[[151.219475017291,-33.8671834977739],[151.219238612094,-33.8683891103674],[151.219772420769,-33.8689008206292],[151.219786629309,-33.8689059837223],[151.219809954324,-33.8689325786551],[151.219848715494,-33.8689350467919],[151.219964039793,-33.8689956799056],[151.220065815921,-33.869038821718],[151.220131136092,-33.8690604667225],[151.220164973387,-33.8690698061649],[151.220215230725,-33.8690814072124],[151.220267009998,-33.8690919733788],[151.220274626373,-33.8690875665564],[151.220334022457,-33.8691116715076],[151.220340857394,-33.8691144448108],[151.220413492426,-33.8691439232823],[151.220527946806,-33.8691893155429],[151.220548590438,-33.8691919906967],[151.220594596581,-33.8691979528983],[151.221251534019,-33.8692195944439],[151.221251754301,-33.8692147606626],[151.22125416423,-33.8691618070997],[151.221294687088,-33.8691509092997],[151.221388911398,-33.8691255679748],[151.221489972343,-33.8690929643175],[151.22149378259,-33.8690994406473],[151.221537083368,-33.8690816222937],[151.221661468627,-33.8690304365541],[151.221666288026,-33.8690386055928],[151.221748335881,-33.8689387772027],[151.221752879256,-33.8689193939326],[151.222723456334,-33.8677778826001],[151.222727478911,-33.867775890957],[151.222827340086,-33.8678363208966],[151.222844870013,-33.8678274805432],[151.222900222014,-33.8678456916314],[151.222916850887,-33.8677925490285],[151.22300011421,-33.8675264526391],[151.223009522839,-33.867528500938],[151.223754231118,-33.8659651477029],[151.223921061673,-33.8656149157629],[151.223938852928,-33.8655775666933],[151.224470299765,-33.8644618610752],[151.224478423285,-33.8644645147476],[151.2244904789,-33.8644539802278],[151.22451238345,-33.8644077702556],[151.224519232105,-33.8643933210656],[151.224761527539,-33.8644723902841],[151.22493943054,-33.8645304458967],[151.224932342809,-33.864545951219],[151.224665933338,-33.8651078939601],[151.224638341021,-33.8651660945808],[151.224657255952,-33.8651711959722],[151.224730546461,-33.8651909641052],[151.22553289732,-33.8651166304145],[151.22594205484,-33.8652465872236],[151.226238995666,-33.8663769959445],[151.226553704441,-33.8666487442721],[151.226448402652,-33.8667617503781],[151.22656907882,-33.8670116182743],[151.226788947536,-33.8668907177479],[151.227115486623,-33.8676970712885],[151.227091619726,-33.868297968249],[151.227464835544,-33.8687174705602],[151.227493059767,-33.8687491951629],[151.227508619239,-33.8687666838435],[151.227528436242,-33.8688704740995],[151.227534565941,-33.8688849388255],[151.227587601745,-33.8690100932049],[151.227589978559,-33.8690157037969],[151.227602098213,-33.8690333025915],[151.227612094746,-33.8690478175296],[151.227640338971,-33.8690888312779],[151.227710545384,-33.8691674139305],[151.227783957819,-33.8692497803992],[151.227909043124,-33.8693366800904],[151.227995551912,-33.8693931797386],[151.22801193833,-33.8694038810827],[151.228036570751,-33.8694199681205],[151.228164191722,-33.8695070158438],[151.228263042969,-33.8695743875189],[151.228344906771,-33.8696301708744],[151.228652016838,-33.8698388285936],[151.228903007342,-33.8700087559012],[151.228931506834,-33.8700267307031],[151.22906569009,-33.8701109646169],[151.229079234771,-33.870119467998],[151.22910044631,-33.8701314135315],[151.229129061623,-33.8701456693471],[151.229158592059,-33.8701585892963],[151.229186217194,-33.8701690759941],[151.229240985568,-33.8701954817809],[151.229268562109,-33.8701926210103],[151.229283897251,-33.8701960353954],[151.229316542822,-33.8702017004392],[151.229349509585,-33.87020584163],[151.229382698115,-33.8702084575385],[151.229416012524,-33.8702095323586],[151.229449355716,-33.870209056579],[151.229482607526,-33.8702070383922],[151.229512420164,-33.8702038372792],[151.229546969591,-33.8701972460278],[151.229547290894,-33.8701971821122],[151.229584576508,-33.8701876012019],[151.229617533446,-33.8701724835758],[151.229662974493,-33.870153312526],[151.229696426964,-33.8701372831186],[151.229723594081,-33.8701232040439],[151.22974722482,-33.870108356361],[151.229760833363,-33.8700950806972],[151.229761918962,-33.8700940214132],[151.22978010718,-33.8700652266598],[151.229794944242,-33.8700399907413],[151.22980517269,-33.8700203669046],[151.229808171347,-33.8700146126588],[151.229821570576,-33.8699893795237],[151.229836267071,-33.8699679658879],[151.22985635488,-33.8699461202223],[151.229871614876,-33.8699337492789],[151.229888654549,-33.8699237186862],[151.229914150605,-33.8699191542363],[151.230178263177,-33.8699390058339],[151.23020757718,-33.8699393214141],[151.230294164499,-33.8699516927239],[151.230322120208,-33.8699579520186],[151.230347257617,-33.8699688238405],[151.230385354272,-33.8699900670234],[151.230389559676,-33.8699924124524],[151.230429086215,-33.8700157664088],[151.230435817787,-33.8700197442108],[151.230478862035,-33.8700576036775],[151.230501358616,-33.8700698343461],[151.230507155942,-33.8700729862526],[151.230523967134,-33.8700944494063],[151.230546010354,-33.870112304965],[151.23058178121,-33.8701506009858],[151.23060481635,-33.870187650034],[151.230619064788,-33.8702288444656],[151.230627117927,-33.8702616565579],[151.230628707072,-33.8702935525246],[151.23062405107,-33.8703348271454],[151.23062830193,-33.8703758779978],[151.230636603436,-33.8704041993497],[151.230665208117,-33.8704424005486],[151.230697678963,-33.8704716785684],[151.230765237203,-33.8705094201625],[151.230830469451,-33.8705749616389],[151.230855768399,-33.8706014854968],[151.230890062375,-33.8706573560107],[151.2309078035,-33.870691232388],[151.230910405035,-33.8706993241463],[151.23092108038,-33.8707325282586],[151.230943589284,-33.8707506167739],[151.230961045252,-33.870759023718],[151.231006864876,-33.8707957415685],[151.231028620584,-33.8708113033804],[151.231083501806,-33.8708527727622],[151.231210772051,-33.8709225980167],[151.231410809583,-33.8710006249001],[151.231444285557,-33.871013902132],[151.231442487394,-33.8710152316455],[151.23143528595,-33.8710205567872],[151.23145531074,-33.8710362911612],[151.231486578165,-33.8710716826817],[151.231498634545,-33.871094287599],[151.231508185758,-33.8711121963274],[151.231518808484,-33.8711394228569],[151.231525546744,-33.8711529348673],[151.231539014659,-33.8711534410918],[151.231547028962,-33.8711672473519],[151.23157182066,-33.8711779760012],[151.231602144453,-33.8712082311244],[151.231603563696,-33.8712292531812],[151.231622013027,-33.8712571682569],[151.231619364498,-33.8712687492508],[151.231639987274,-33.8713087960618],[151.231653282459,-33.8713212407278],[151.231663086027,-33.8713649132708],[151.231670451103,-33.8713707324497],[151.231679800675,-33.8713787668477],[151.231679757877,-33.8714270646997],[151.231661280606,-33.8714689967431],[151.231661353604,-33.8714886216068],[151.231661359399,-33.8714899652928],[151.231661374481,-33.8714942127372],[151.231661565006,-33.8715450866209],[151.231661671932,-33.8715736527918],[151.231657348149,-33.8715974266076],[151.231644857938,-33.8716191155976],[151.231628232284,-33.8716585917012],[151.231592046204,-33.8717346991464],[151.231562051377,-33.871758394845],[151.231536867543,-33.8718303354177],[151.231505259461,-33.871909328308],[151.231459938407,-33.8719329266179],[151.231387830836,-33.8720281160084],[151.23141014835,-33.87203522383],[151.231382117171,-33.8720533351975],[151.231379192816,-33.8720872944808],[151.231363008309,-33.8721218830953],[151.231362754384,-33.8721597600277],[151.231317904208,-33.8722060593012],[151.231319152477,-33.8722319591561],[151.231305565266,-33.8722398464541],[151.231253828175,-33.8722844958288],[151.23125463933,-33.8722889314435],[151.231258423048,-33.8722978887097],[151.231254782672,-33.8723032036432],[151.231251575869,-33.8723078863645],[151.231246653646,-33.8723150738577],[151.231242314315,-33.8723208891448],[151.231239120683,-33.8723218947318],[151.231235319408,-33.8723236382412],[151.231236923679,-33.8723319690656],[151.231237928499,-33.8723371829629],[151.231233192974,-33.872340089839],[151.231230596931,-33.8723416829265],[151.231223850024,-33.8723458251744],[151.231181243379,-33.8723719809232],[151.231173743042,-33.872393356453],[151.231162473078,-33.8724254717685],[151.231171313814,-33.8724328640699],[151.231172472205,-33.8724338311421],[151.231180087655,-33.8724401976985],[151.231146606782,-33.872465901925],[151.231109577214,-33.8724824700933],[151.230970137715,-33.8725196587946],[151.230943199211,-33.872526560804],[151.230938372764,-33.8725286340507],[151.230878855362,-33.8725541969888],[151.230876435056,-33.8725552362144],[151.230784227566,-33.8725948396891],[151.230650167832,-33.8726524180197],[151.230465611692,-33.8727501696454],[151.230239069596,-33.8728703574929],[151.230095905783,-33.8729458799312],[151.230036147777,-33.8729764725426],[151.230033522246,-33.8729778162983],[151.230027331532,-33.8729809853687],[151.229986724735,-33.8730017733702],[151.229999547812,-33.8730636262293],[151.230015272944,-33.8731233096978],[151.23004809111,-33.8731926619813],[151.230084723719,-33.8732716807698],[151.230087881387,-33.8732784928382],[151.230124647191,-33.8733727404177],[151.23013428582,-33.8733935856864],[151.230173940279,-33.8734793532462],[151.230229625204,-33.8735829594744],[151.230270933831,-33.8736517636683],[151.230392726077,-33.8738226194217],[151.230428650826,-33.8738649972031],[151.230449883957,-33.8738881515344],[151.230470332602,-33.8739104505599],[151.230496035164,-33.8739541206861],[151.230504603899,-33.8739795638942],[151.230514285901,-33.8740083180725],[151.230518775252,-33.8740698158255],[151.230513774439,-33.8741178269179],[151.23051362062,-33.8741193080813],[151.230494904965,-33.8741685397322],[151.230482223206,-33.8741935036809],[151.230251991288,-33.8746467308979],[151.230195138926,-33.8747586468974],[151.229712791857,-33.8757081572958],[151.229596146248,-33.8759368266676],[151.229589092981,-33.8759506536746],[151.229577664329,-33.8759687290504],[151.2295364268,-33.8760339503498],[151.229527257734,-33.876044326624],[151.229463825991,-33.8761161029445],[151.229415440776,-33.8761502041215],[151.229337090102,-33.8762054236136],[151.229373684642,-33.8762132537174],[151.229357184377,-33.8762270423202],[151.22932662231,-33.8762512414585],[151.229266554372,-33.876298801841],[151.229489226362,-33.8763336111005],[151.229511881729,-33.8763391677209],[151.229684110681,-33.8763792176312],[151.229786632239,-33.8764030532269],[151.230344307608,-33.8764899861455],[151.230359626575,-33.8764921981542],[151.230775099158,-33.8765522044894],[151.231650421107,-33.8767088503943],[151.231717831289,-33.8767231575245],[151.232372246859,-33.8768592840538],[151.232558679514,-33.8768958844114],[151.23281215305,-33.8769456432155],[151.23300793504,-33.8769964785231],[151.233242423714,-33.8770597184835],[151.233432174453,-33.8771252002639],[151.233655475176,-33.8772490909951],[151.23367055553,-33.8772597972332],[151.233689682761,-33.8772733758434],[151.233912311314,-33.8774313920966],[151.234179931589,-33.8776524717646],[151.234331518692,-33.8777881679093],[151.234386437662,-33.8778373301251],[151.234634834438,-33.8780596861251],[151.234958363104,-33.8783781144219],[151.2351204587,-33.8784893659494],[151.235186755954,-33.878535871066],[151.235353754798,-33.878581713107],[151.236559167031,-33.8788210427802],[151.23689969144,-33.8788780801741],[151.237276755222,-33.8789457471591],[151.237439084347,-33.8789748778423],[151.237465576279,-33.8789752568756],[151.237470217907,-33.8789756623419],[151.237471908067,-33.8789760661591],[151.237496114257,-33.8789831323014],[151.237521154528,-33.8789877549152],[151.237546674529,-33.8789898685132],[151.237551532962,-33.8789899831087],[151.237562357357,-33.8789901379696],[151.237566998987,-33.8789905434323],[151.237568689147,-33.8789909472482],[151.237584534558,-33.8789958756493],[151.237616017694,-33.8790023731719],[151.237648312994,-33.8790048641207],[151.237659138473,-33.8790050189886],[151.237663743411,-33.8790054212175],[151.237665818074,-33.879006264273],[151.237676039708,-33.8790112312405],[151.237674062047,-33.8790168695268],[151.237645387082,-33.8790986210839],[151.23762517358,-33.8792095777287],[151.237624761147,-33.8792192764293],[151.237617034543,-33.879400007637],[151.237620162307,-33.8794921667354],[151.237624940787,-33.8796330176312],[151.23766604894,-33.8798982621325],[151.237708672612,-33.8800643740123],[151.237776252394,-33.8804527916351],[151.237991610865,-33.8810435000215],[151.23803048833,-33.8811640749925],[151.238073121181,-33.881299564451],[151.238160269461,-33.8815466748604],[151.238365642098,-33.8820795207656],[151.238447313105,-33.8823193440795],[151.238464613282,-33.8823866002706],[151.238339486414,-33.8828544838381],[151.238273008683,-33.8831274638932],[151.238081707779,-33.8839194766769],[151.237985183707,-33.8841055510601],[151.237948440424,-33.8841760434089],[151.237674592589,-33.8846009972822],[151.237644686548,-33.8846474061185],[151.237562748329,-33.8847775000915],[151.23724837165,-33.8852760759071],[151.237143663971,-33.8854457901731],[151.236755881658,-33.8860631317197],[151.236712352164,-33.8861395411495],[151.236718528998,-33.8861456983203],[151.236722598976,-33.8861534620003],[151.236723871536,-33.8861618700605],[151.236722248249,-33.8861702411758],[151.23671787516,-33.8861778885028],[151.236711088169,-33.8861841991535],[151.236702447232,-33.8861886536222],[151.236692649332,-33.8861909038927],[151.236683201091,-33.8861907695412],[151.236666573691,-33.8862200456577],[151.23663464343,-33.8862689807883],[151.236612063023,-33.8863684807987],[151.236630645295,-33.886462871048],[151.23658930329,-33.8864765330979],[151.236512985041,-33.8865267841023],[151.236460751405,-33.88655690394],[151.236163909583,-33.8868744073609],[151.235565034561,-33.8875150365616],[151.23547568207,-33.887610878188],[151.235061761556,-33.887976412037],[151.234985432297,-33.8880430952927],[151.234950819653,-33.8880478023807],[151.234784134164,-33.8880704705177],[151.234183228499,-33.8881521861762],[151.232369662715,-33.8883977287322],[151.232291236484,-33.8884082961605],[151.231964912616,-33.8884560922825],[151.231915708461,-33.8884632979042],[151.231927227938,-33.8884738387333],[151.232036014117,-33.8885733856187],[151.232170100699,-33.8886970447848],[151.232271904693,-33.8887909310992],[151.232279889495,-33.8887981243894],[151.232394616224,-33.8889014786256],[151.232677111812,-33.8891565662997],[151.2327448156,-33.8892167679211],[151.232770617894,-33.8892362100265],[151.232837779111,-33.88928681466],[151.232922415487,-33.8893752826404],[151.232965783139,-33.8893960831452],[151.232987231965,-33.8894063704588],[151.233011640407,-33.8894154431943],[151.233133223436,-33.8894606360957],[151.233129129562,-33.8894882212582],[151.233126032736,-33.8895090900999],[151.233117305124,-33.8895678921212],[151.233102974163,-33.8896644491677],[151.233098327894,-33.8896957488062],[151.233097345948,-33.8897023616423],[151.233082079358,-33.8898052228856],[151.233074061204,-33.8898592441078],[151.233067415647,-33.8899040159854],[151.233048010498,-33.8900422834698],[151.233029930118,-33.8901711016329],[151.232999482029,-33.8903880375922],[151.232996403202,-33.8904088165104],[151.232878767594,-33.8912027083186],[151.232871236298,-33.8912155556292],[151.232864578057,-33.8912269131588],[151.232806077021,-33.8913267085001],[151.232794217447,-33.8913469385066],[151.232630764835,-33.8916257616245],[151.232336507277,-33.8921277096295],[151.232242251089,-33.8922896230624],[151.232227496847,-33.8923147133425],[151.232105140364,-33.8925227821969],[151.232097674651,-33.8925354789019],[151.232023309023,-33.8926619379169],[151.231945869235,-33.8927936243472],[151.231933180188,-33.8928152012805],[151.231904379573,-33.8928641772668],[151.231538676435,-33.8934210966681],[151.230899680645,-33.894394185001],[151.230645555218,-33.8947811707653],[151.230541924758,-33.8949409019972],[151.230511011917,-33.894988041077],[151.23050713761,-33.8949939495462],[151.230418787813,-33.8951286775316],[151.229710556835,-33.8962086613867],[151.229640772551,-33.8963034144097],[151.229537942786,-33.896420199864],[151.229460314299,-33.8965008665997],[151.229355543596,-33.8965919423422],[151.229243145174,-33.8966809587523],[151.229118734911,-33.8967659942781],[151.228986992568,-33.8968420979774],[151.228976013201,-33.8968484407603],[151.228898123152,-33.8968871723087],[151.22882726829,-33.8969224043213],[151.228688424903,-33.8969795447127],[151.22851572299,-33.8970385054954],[151.228336732052,-33.8970862074765],[151.228163896083,-33.8971194814864],[151.228003804782,-33.8971394882255],[151.227870005453,-33.8971463893139],[151.227712267392,-33.8971407767543],[151.227527670528,-33.8971178661657],[151.22732045889,-33.8970678056584],[151.227008663937,-33.8969558315283],[151.227001207149,-33.8969531542137],[151.226934711921,-33.8970192883827],[151.226603655266,-33.8973485426157],[151.226714831618,-33.8973955948654],[151.226793280751,-33.8974287957636],[151.226919859585,-33.897508109408],[151.227018610685,-33.8975877897023],[151.227118908465,-33.8976964543527],[151.227159713476,-33.8977618274399],[151.227203927505,-33.8978326627462],[151.227251034996,-33.8979751362428],[151.227268972695,-33.8981303480787],[151.227262915744,-33.8982198950044],[151.227261941979,-33.8982342863248],[151.227258496981,-33.8982852068315],[151.227234633572,-33.8983906557655],[151.227180205432,-33.8985322258682],[151.227114410473,-33.8986446593256],[151.227011452751,-33.8987720190163],[151.226638890816,-33.8991344431551],[151.226456911158,-33.8993114686088],[151.226331975082,-33.8994330042356],[151.225857679438,-33.8998943831589],[151.225378326133,-33.9003606747864],[151.225240830231,-33.9004966887644],[151.224764944895,-33.9009573360259],[151.224664272226,-33.9010354084819],[151.224544880267,-33.9010963664454],[151.22441684529,-33.9011351169252],[151.224307741817,-33.9011586212674],[151.224159885692,-33.9011904750097],[151.224144305538,-33.9011935101386],[151.224035607129,-33.9012146836655],[151.223928063809,-33.9012216145153],[151.223814702299,-33.9012153112599],[151.223685229182,-33.9012130046775],[151.223556020767,-33.9012210835264],[151.223457975925,-33.9012362801778],[151.223446115771,-33.9012381181659],[151.223442938109,-33.9012386097635],[151.22335872345,-33.9012603730423],[151.223289296491,-33.9012888367347],[151.22321490297,-33.9013243678175],[151.223190359285,-33.9013394235641],[151.223187692071,-33.9013410605172],[151.223145060679,-33.9013672136192],[151.223035629757,-33.9014343464577],[151.223016120265,-33.9014463151059],[151.222981354453,-33.9014669187084],[151.222935627392,-33.9014742861762],[151.222904605948,-33.9014792841484],[151.222836823185,-33.9014902035813],[151.222836290423,-33.9014902896742],[151.222835755479,-33.9014903766373],[151.222744042078,-33.9015052005842],[151.222732694537,-33.9015070350795],[151.222684560291,-33.9015148149772],[151.222680529301,-33.901515466472],[151.222647678071,-33.9015207770258],[151.222593494726,-33.9015322902623],[151.222646129573,-33.9017645449261],[151.222646726,-33.901766445387],[151.22271406773,-33.9019811777304],[151.222781958002,-33.9021223439878],[151.222813624872,-33.9021621755096],[151.222837609793,-33.9021923449233],[151.222976718684,-33.9025273130389],[151.22308707083,-33.9027567699426],[151.223123316962,-33.9028321365487],[151.22318760704,-33.9029658130808],[151.223408497646,-33.9034251042362],[151.223469378744,-33.9035516942574],[151.223478953894,-33.9035716021614],[151.223544373043,-33.9037076212923],[151.223798278678,-33.9042355641585],[151.223877636332,-33.9043880687016],[151.223903855958,-33.90444161983],[151.223938349022,-33.9045120491347],[151.223958661248,-33.9046132252709],[151.224001849844,-33.9048412338764],[151.224002257739,-33.9048552492081],[151.22400594557,-33.9049819861896],[151.223997680218,-33.9050917684772],[151.22399624725,-33.9051107988932],[151.223987184598,-33.9051665815432],[151.223978432901,-33.9051652496963],[151.22314709892,-33.9050387108151],[151.222102059388,-33.9048709609867],[151.222098320942,-33.9048779838739],[151.221710015063,-33.9048247237085],[151.221658667667,-33.9048176808446],[151.219716730454,-33.9045513036546],[151.215518193219,-33.9039752762007],[151.215111464084,-33.9039366864318],[151.21467710536,-33.9038793281356],[151.214672818749,-33.9038787979872],[151.214591627848,-33.9038687504734],[151.214517194779,-33.9038595394122],[151.214489360987,-33.9038560951844],[151.214451477314,-33.9038514069146],[151.214431409889,-33.9038489238183],[151.214391457338,-33.9038439800974],[151.214345938414,-33.9038378005216],[151.214315128759,-33.9038336178627],[151.214307104446,-33.9038325285288],[151.214295997018,-33.9038310202653],[151.214285228197,-33.9038295583909],[151.214274613582,-33.9038281176882],[151.21424967916,-33.9039109018949],[151.214196738139,-33.9040866667899],[151.214192089377,-33.9041020993729],[151.214190826578,-33.9041071127657],[151.214184629427,-33.904131710716],[151.21414786743,-33.904277624572],[151.214131083393,-33.9043442442352],[151.214007101434,-33.9047461331815],[151.21397777884,-33.9048529264992],[151.213977687553,-33.9048533625187],[151.213937011518,-33.9050472055662],[151.213875023889,-33.9053428109379],[151.213682185735,-33.90637162754],[151.213545156671,-33.9071294096822],[151.2134483947,-33.9076611787466],[151.213345784795,-33.9081903045903],[151.213207331356,-33.9089011894083],[151.213162391708,-33.9091287357486],[151.213141785192,-33.9092441946949],[151.213130132862,-33.9093094818969],[151.213067936761,-33.9097666633417],[151.213058612838,-33.9098447971196],[151.213053326441,-33.9099218839571],[151.213049736356,-33.9099742345776],[151.213033880578,-33.9101918049386],[151.21303062034,-33.9102464345268],[151.213030581904,-33.9102470841223],[151.213027608195,-33.9102968989787],[151.213024481316,-33.9105323687],[151.213017689161,-33.9106962386044],[151.213017562973,-33.9106992783361],[151.213008048313,-33.9108260671229],[151.212983764882,-33.9111120174818],[151.21296032855,-33.9113170806784],[151.212924102748,-33.9116121807479],[151.212893491127,-33.9119155608747],[151.212881148976,-33.9120440552523],[151.212863316023,-33.9122297230813],[151.212861044313,-33.9122533652407],[151.212853420125,-33.9123222222091],[151.212848488297,-33.9123667668195],[151.212844673456,-33.9124012227659],[151.212809180599,-33.9126520553399],[151.212807074444,-33.9126669386136],[151.212753857965,-33.912997425014],[151.212701268551,-33.913313812782],[151.212626766137,-33.9136786754435],[151.212553593449,-33.9140069711288],[151.212469165102,-33.9143225863189],[151.212404478613,-33.9145697756396],[151.212355457733,-33.9147246217809],[151.212259440297,-33.9150731397319],[151.212161875493,-33.915443292136],[151.212032689804,-33.9158737334907],[151.211910050976,-33.916319537953],[151.211852387766,-33.9165591947448],[151.211803120146,-33.9167731016879],[151.211757967941,-33.9169691436413],[151.211685503528,-33.9173145169097],[151.211607641743,-33.9176989389808],[151.21155088695,-33.9179943514222],[151.211526939212,-33.9181190005339],[151.211497065612,-33.9182938272752],[151.211429658916,-33.9186564202846],[151.211355694704,-33.9190733467964],[151.211303230458,-33.9193378908915],[151.210859894804,-33.9235078864926],[151.21083744023,-33.9234655609041],[151.2104237756,-33.9234022873535],[151.21000288464,-33.9233424872461],[151.209072584134,-33.923213244106],[151.20852465078,-33.923138467847],[151.208048146016,-33.923069501743],[151.207657349871,-33.9230077448083],[151.207173527029,-33.922934021254],[151.206895638279,-33.9228916765805],[151.206879620611,-33.9228894612717],[151.206544370561,-33.9228430872916],[151.206462201824,-33.9228317213939],[151.206461877187,-33.9228316760864],[151.206220024736,-33.9227998379905],[151.205881071774,-33.922755217143],[151.20558240046,-33.9227136144742],[151.205364566389,-33.9226832708871],[151.20533637741,-33.9226795235488],[151.205042064741,-33.9226403961575],[151.204680416925,-33.9225918233737],[151.204474136758,-33.9225641174605],[151.204436437511,-33.9225588344282],[151.204148327244,-33.9225184580988],[151.204056091215,-33.9225055316353],[151.203995256581,-33.9224975926128],[151.203716449701,-33.9224612104238],[151.203604465664,-33.9224455508857],[151.203364034248,-33.9224119298855],[151.203111393718,-33.9223785351012],[151.202816327812,-33.9223395302918],[151.202815933005,-33.92233947854],[151.202806073863,-33.922338174987],[151.202774048837,-33.9223336352515],[151.202593946264,-33.9223081055041],[151.202578100376,-33.9223058596843],[151.202496474643,-33.9222942889782],[151.202248188632,-33.9222608405878],[151.20181267031,-33.9222006800187],[151.201581861035,-33.9221687966767],[151.201548157094,-33.9221642708735],[151.200904065031,-33.9220777754858],[151.200481426343,-33.9220222791654],[151.200341817618,-33.9220039468332],[151.200255811843,-33.9219917028542],[151.199828208798,-33.9219308268291],[151.199461773826,-33.9218827973116],[151.199254544797,-33.9218556342119],[151.198998837582,-33.9218191734857],[151.198713832857,-33.9217785350741],[151.198326265443,-33.9217271749008],[151.197508134254,-33.9216141593427],[151.196985998469,-33.9215385167209],[151.196916518302,-33.9215281202307],[151.196623677896,-33.9214843008645],[151.196393664743,-33.9214547667258],[151.196232983691,-33.9214341345336],[151.196232512271,-33.9214340744245],[151.195808841689,-33.9213781214159],[151.195419319472,-33.9213246954972],[151.195208156475,-33.9212953561014],[151.195034153486,-33.9212614311856],[151.19479773078,-33.9212153777432],[151.19432827627,-33.9211524262911],[151.193661942604,-33.9210615326663],[151.193645796782,-33.9210592226903],[151.193474664252,-33.9210347400741],[151.193375042694,-33.9210204880592],[151.193299576256,-33.9210096914998],[151.192412021872,-33.920891687413],[151.19193237342,-33.9208240198493],[151.191921239614,-33.9208224487333],[151.191745400792,-33.9207973499639],[151.191627600522,-33.9207805364363],[151.191306359013,-33.9207346840479],[151.190458038155,-33.9206156904461],[151.189016963791,-33.9204185462318],[151.188628164832,-33.9203651095898],[151.188196704949,-33.9202991149115],[151.187947712764,-33.9202662821106],[151.187636628165,-33.9202252605054],[151.187606442754,-33.9202206600669],[151.187051834917,-33.9201361294662],[151.185793100912,-33.9199446137771],[151.185354240064,-33.9198904291524],[151.185249264266,-33.9198849358694],[151.185223256934,-33.9198835750397],[151.184957598927,-33.9198696713017],[151.184616626737,-33.9198237325058],[151.183560719665,-33.919681465154],[151.182055713729,-33.9194518641236],[151.181971409756,-33.9194397588176],[151.181966070766,-33.9194420515319],[151.181531602884,-33.9193782742073],[151.181511402081,-33.9193524793881],[151.181486230403,-33.9193299277104],[151.181456820188,-33.9193112774315],[151.181424031674,-33.9192970723747],[151.181388820845,-33.9192877279286],[151.181352217036,-33.9192835162895],[151.181315286258,-33.9192845614107],[151.181279108651,-33.9192908314562],[151.181244739422,-33.9193021445353],[151.181213180714,-33.9193181691891],[151.181208185628,-33.9193209728218],[151.181205900839,-33.9193219066266],[151.181192618165,-33.9193278196317],[151.181007215794,-33.9192997121588],[151.180694985596,-33.9192523756307],[151.180667545421,-33.9192482153378],[151.180577776518,-33.9193097123731],[151.180451322667,-33.9194081440205],[151.180332570992,-33.9195130285374],[151.180217938049,-33.9196213643196],[151.180046920226,-33.9197906170288],[151.179840504979,-33.9200094481364],[151.179717722444,-33.9201805388157],[151.179663085741,-33.9202398547912],[151.179654034239,-33.9202496814767],[151.179625719118,-33.9202854150033],[151.179624872186,-33.9202850084244],[151.179423165586,-33.9201881791396],[151.179363725547,-33.9201615629613],[151.179227561238,-33.9201005896381],[151.17905518753,-33.9200210901925],[151.17881846935,-33.9198917432835],[151.17851216887,-33.9196939594306],[151.178501666248,-33.9196878075382],[151.178416065375,-33.9196376627523],[151.17833157565,-33.9195836469887],[151.178324352472,-33.9195780079961],[151.178318001756,-33.9195730491928],[151.178317033571,-33.919572292743],[151.178299359193,-33.9195584944472],[151.178282099771,-33.9195450196979],[151.178216137582,-33.919484397797],[151.178137655999,-33.9194068896527],[151.178017657903,-33.919263156263],[151.177955979267,-33.9191839985249],[151.177832409631,-33.9190254111007],[151.177597630093,-33.9187618797388],[151.177038049955,-33.9181619089053],[151.176693776589,-33.9177934099952],[151.176691101127,-33.9177905461541],[151.176784064012,-33.9177258007314],[151.177306887318,-33.9173330102056],[151.177336063711,-33.9173517472635],[151.177574014889,-33.9171791841673],[151.178890394337,-33.9162162639556],[151.178901144214,-33.9162147430313],[151.178905341549,-33.9162141486533],[151.179273598441,-33.9161620311253],[151.179543856401,-33.9161237821577],[151.18088739456,-33.9159353732986],[151.181260569662,-33.9158899077863],[151.181337177333,-33.9139341517289],[151.181337345503,-33.9139301568356],[151.181338658174,-33.9138988708003],[151.181338686845,-33.9138981832024],[151.181352968518,-33.9135578397814],[151.181355961428,-33.9134596439047],[151.181356929837,-33.9134278631415],[151.181232780739,-33.9133449113561],[151.181233986294,-33.9132730638366],[151.181238141859,-33.9130252887098],[151.181223726328,-33.9123570411631],[151.181217782149,-33.9114920867938],[151.181217345172,-33.910569954567],[151.181212544346,-33.9097412006777],[151.18121099935,-33.9094745608397],[151.181195499246,-33.9093553483003],[151.181146684831,-33.9089799421083],[151.181148351288,-33.9089594360792],[151.18112852945,-33.9090265748395],[151.181161785614,-33.9088571823808],[151.181190793346,-33.9086019778032],[151.180650292703,-33.9087569478152],[151.180271348321,-33.9088655093983],[151.17864438654,-33.9093311342803],[151.178208665886,-33.9094546226785],[151.175852268549,-33.9101224832667],[151.175640791396,-33.9101641301532],[151.175598605557,-33.9101390222105],[151.175482548868,-33.9100074668352],[151.175395239852,-33.9098729351104],[151.175331659015,-33.90974801302],[151.175181601956,-33.9091758329285],[151.175120547663,-33.9090801615625],[151.175082550654,-33.9090206315221],[151.17504627221,-33.9089637897532],[151.174933908873,-33.9087877557181],[151.174876844211,-33.9087117406945],[151.174806029526,-33.9086174132674],[151.174693495772,-33.9084379012225],[151.174633991962,-33.9083207409057],[151.174600431377,-33.9082546415481],[151.174563795717,-33.9081530612601],[151.174580325285,-33.9080603468192],[151.174711765098,-33.9078402718573],[151.174549713315,-33.9074981170848],[151.174392442216,-33.9071690278332],[151.174361940386,-33.9071058313457],[151.173878697176,-33.9061200312532],[151.17351553928,-33.905379175949],[151.173336116606,-33.9050172999032],[151.173304141531,-33.9049526159941],[151.172810899546,-33.9039578644211],[151.172135580731,-33.9024815060659],[151.1720540975,-33.902303275852],[151.172037173161,-33.9022314559985],[151.171717267381,-33.9023264375902],[151.171483576785,-33.9023959540594],[151.171053737468,-33.9025224103974],[151.171023404462,-33.9025313342934],[151.170994511207,-33.9025398350118],[151.170562509919,-33.9016303223852],[151.170181737554,-33.9008342227924],[151.170616948028,-33.9000506626442],[151.170927182708,-33.8994939274113],[151.170989481758,-33.8994444287339],[151.17078900278,-33.8994394087003],[151.170181729714,-33.8991998108075],[151.169630680482,-33.8989843048804],[151.169568716703,-33.8989600714549],[151.169478083217,-33.898924625347],[151.169675784413,-33.8985721255325],[151.169861051799,-33.8982415708792],[151.170493227825,-33.8971143315917],[151.170922727033,-33.8963503677093],[151.171131283281,-33.8959817158873],[151.171359865915,-33.8955670868107],[151.171470893605,-33.8953789864415],[151.171584583291,-33.895186466411],[151.171631679956,-33.8951121820334],[151.171775758604,-33.8948588131645],[151.171793408721,-33.8948277742275],[151.171780347118,-33.8948204945239],[151.171770280219,-33.8948104548853],[151.171764015373,-33.8947984337696],[151.171762053005,-33.8947854548584],[151.171764561852,-33.8947725287938],[151.171771338742,-33.8947607138987],[151.171726563731,-33.8947372453212],[151.171417084449,-33.8947066024608],[151.171559048587,-33.8936526965399],[151.171214797002,-33.8936254649569],[151.171289077053,-33.8926311479093],[151.170840180272,-33.892536000344],[151.171047989763,-33.8914994264346],[151.17089172424,-33.8913643825191],[151.172138756501,-33.888861165274],[151.172146305743,-33.8885073496463],[151.172106957695,-33.887865272525],[151.172117337653,-33.8873787762992],[151.172478546282,-33.8866099201673],[151.172806158235,-33.8861723709117],[151.173156509354,-33.8859121223382],[151.173618103487,-33.8854101964802],[151.173793747321,-33.8849766309628],[151.173807542675,-33.8849425768034],[151.174414356658,-33.8841390125973],[151.175598406861,-33.8833380975608],[151.175951091607,-33.8829672719268],[151.17599691723,-33.8826648602596],[151.176018880875,-33.8825199159823],[151.176072525778,-33.8824879881457],[151.176097108316,-33.8824733571813],[151.176117855665,-33.8824597046182],[151.176124374501,-33.8824554150998],[151.176129021563,-33.8824523575907],[151.176125366373,-33.8824224794874],[151.176122016829,-33.8823782926697],[151.176094901149,-33.882173900687],[151.176048405937,-33.8818598899775],[151.175992130665,-33.881415709636],[151.175906355595,-33.8808805167363],[151.175874998862,-33.8806114949333],[151.17585104517,-33.8803910636333],[151.175850304803,-33.8802878490739],[151.175849439508,-33.8801979693272],[151.175855745138,-33.8800359793975],[151.175873226542,-33.8798860713851],[151.175889386956,-33.8797981182688],[151.17591221028,-33.8796696361254],[151.175952508861,-33.8795177908754],[151.17598922591,-33.879403921461],[151.176037928918,-33.8792640115451],[151.176068442328,-33.8791881341387],[151.176088526531,-33.8791381931215],[151.176092242284,-33.8791289512445],[151.176158135775,-33.8789869125025],[151.176226531681,-33.8788615946761],[151.176279831392,-33.8787741913191],[151.176346687651,-33.8786763995446],[151.176415404297,-33.8785807444288],[151.176488802637,-33.8784888710172],[151.176556285051,-33.8784064440407],[151.176620860138,-33.8783263581802],[151.176696911741,-33.8782440579564],[151.176728452748,-33.8782108458609],[151.17677943446,-33.8781674622517],[151.176795646391,-33.8781560481579],[151.176912754181,-33.8780755664494],[151.177081151422,-33.8778239664492],[151.177131148942,-33.8776922917921],[151.177174851052,-33.8774531605824],[151.17709148216,-33.8769347940629],[151.176947439874,-33.8760415481417],[151.176897131153,-33.8755827208469],[151.176884007655,-33.8753928518669],[151.176897113284,-33.875180108952],[151.177415987351,-33.8726668264561],[151.177551653906,-33.872596607018],[151.177579696126,-33.8725872515199],[151.178000520729,-33.8723757848943],[151.178510209691,-33.8721196601214],[151.178750989973,-33.8719986646747],[151.178834848183,-33.8719565244538],[151.179507106349,-33.871618697949],[151.179528934173,-33.8716077695155],[151.17953737268,-33.8716035451285],[151.179734940357,-33.8715042848673],[151.180196257998,-33.8712725128167],[151.180413521814,-33.8712113332712],[151.180439682242,-33.8712039664995],[151.180476186109,-33.8711936874764],[151.180490364784,-33.8712387132201],[151.180505142485,-33.8712351441681],[151.180683717079,-33.871285521989],[151.180769920919,-33.8713098406335],[151.180862666806,-33.8713359600993],[151.180977423877,-33.8713682793044],[151.181128947623,-33.8714109530161],[151.181200263922,-33.8714310370363],[151.181699095274,-33.8715715200977],[151.181703078855,-33.8715726420391],[151.181744171057,-33.8715994971805],[151.181832988667,-33.8716575434807],[151.181991351818,-33.8718813309675],[151.181997668165,-33.8718902575952],[151.182001106554,-33.8718928241813],[151.182065943313,-33.8719412195312],[151.182093219549,-33.871961579269],[151.182218905781,-33.872055140501],[151.182315445259,-33.8720893637744],[151.182404349533,-33.8721208809324],[151.182519878615,-33.8721618370381],[151.18251621832,-33.8721739673184],[151.182516048036,-33.8721744526463],[151.182510633596,-33.8721898790499],[151.182465978624,-33.87231711281],[151.182462193332,-33.8723278976552],[151.182505787017,-33.872356771473],[151.182565728924,-33.872396472844],[151.182568160637,-33.8723980831503],[151.182599498371,-33.8724190148811],[151.182673919041,-33.8724423856071],[151.18268036695,-33.872444194022],[151.182682466806,-33.8724448345716],[151.182689067136,-33.8724468472237],[151.182690768045,-33.8724472348122],[151.18271273559,-33.8724522460844],[151.182714862439,-33.8724515623791],[151.182720245955,-33.8724498320027],[151.182731466251,-33.8724465095886],[151.182755910683,-33.872439272116],[151.182761149864,-33.8724377208579],[151.182796756013,-33.8724052424613],[151.182796567045,-33.8723998779423],[151.182795676632,-33.8723745674622],[151.182821523053,-33.872353667689],[151.182818057717,-33.8723432420846],[151.182816375864,-33.8723381819747],[151.182806025416,-33.8723070510124],[151.182780934462,-33.8722315806038],[151.182777897939,-33.8722224472011],[151.18277142245,-33.8722029706398],[151.182775487556,-33.8722009629167],[151.182777409224,-33.8722000137781],[151.182834292147,-33.872171925958],[151.182857887375,-33.8721602754581],[151.182902952642,-33.8721384462961],[151.182903218061,-33.8721383176554],[151.182980515346,-33.8722895393092],[151.183076082267,-33.8722416579632],[151.182985228446,-33.8720969228133],[151.183024336776,-33.8720774566725],[151.183107363957,-33.8720361290432],[151.183128229719,-33.8720257430515],[151.183229087423,-33.8719755391769],[151.18336051795,-33.8721041704964],[151.183419861457,-33.8720228070452],[151.183366146936,-33.8719807226408],[151.18330948268,-33.8719363259451],[151.183325061688,-33.8719235634319],[151.183347217309,-33.8719054126214],[151.183390528173,-33.8719377915222],[151.183435027166,-33.8718960975444],[151.183448713495,-33.8718832728418],[151.183456987707,-33.871875519966],[151.183461777737,-33.8718710323085],[151.183437006309,-33.8718513698734],[151.183514785688,-33.8717689769922],[151.183537418128,-33.8717450025392],[151.183636430548,-33.8716511486415],[151.183644205815,-33.8716437788487],[151.183638722609,-33.8716400135086],[151.183633337453,-33.8716363145389],[151.183661403544,-33.8716083389047],[151.183665252217,-33.8716045028429],[151.183698774592,-33.8715724803865],[151.18370098572,-33.8715703686516],[151.183733537028,-33.8715378999366],[151.183738153376,-33.8715324241076],[151.183758998975,-33.8715116532938],[151.183750487195,-33.8715050596462],[151.183747725082,-33.8715029205827],[151.183834662005,-33.8714304409316],[151.183891759333,-33.8714754677741],[151.183934048964,-33.8714426682417],[151.183969573663,-33.8714151162827],[151.183922180349,-33.8713760261868],[151.183929514548,-33.8713703893256],[151.183982409027,-33.8713297296464],[151.18398465276,-33.8713280683539],[151.184011029323,-33.8713098236338],[151.184028107932,-33.8712980101172],[151.184038034505,-33.8712911445185],[151.18409842387,-33.8712368482641],[151.184206974038,-33.8711391668103],[151.184227639386,-33.8711205673459],[151.184300234659,-33.871055232356],[151.184358392121,-33.8710028914057],[151.184393472461,-33.8709757863425],[151.184426419581,-33.8709503306724],[151.184452608593,-33.8709476182331],[151.184558269292,-33.8709366735415],[151.184558762991,-33.8709324011672],[151.184559195677,-33.8709286617229],[151.184635944919,-33.8709186110816],[151.184773112254,-33.870934863375],[151.18480835492,-33.8709390382722],[151.184876879158,-33.8710304606289],[151.184916224413,-33.8710833402046],[151.184941187351,-33.8712174186077],[151.184945634838,-33.8712413062484],[151.184945281379,-33.8712660158804],[151.184944732126,-33.8713044146197],[151.18495797282,-33.8713223739278],[151.184988412698,-33.8713602445068],[151.185007777086,-33.8713800073266],[151.185049020578,-33.8714284070373],[151.185180151616,-33.8717152239691],[151.185370654124,-33.8721318998888],[151.185425812479,-33.8722221124313],[151.185472632876,-33.8722986896006],[151.185494165575,-33.8723271103095],[151.185662185258,-33.8725488767083],[151.185771725679,-33.8726934568172],[151.185828966632,-33.8727420007782],[151.186099989551,-33.8729818861375],[151.186113925939,-33.8729942215089],[151.186180603238,-33.8730111152699],[151.186824867698,-33.8731743461902],[151.186830312364,-33.8731756517844],[151.186845261019,-33.8731792352738],[151.18686574038,-33.8731841454586],[151.186949176783,-33.8732055723177],[151.18697434757,-33.8732120835793],[151.187066126218,-33.873235824351],[151.187091850733,-33.8732424789981],[151.187346784662,-33.8733079081829],[151.18735047563,-33.8733088164355],[151.187543294527,-33.8733562595762],[151.187652566555,-33.8733869806338],[151.187690528413,-33.8733975348492],[151.18769594294,-33.8733990401481],[151.187872559945,-33.8734481444032],[151.187873603511,-33.8734484347832],[151.18800867237,-33.8734859878136],[151.18801272795,-33.8735079524931],[151.187948866892,-33.8735850099778],[151.187962213525,-33.8735926853042],[151.188030531139,-33.8735100322449],[151.188026554658,-33.8734855528791],[151.188038999749,-33.8734900543441],[151.188083360794,-33.8734350803446],[151.18809143021,-33.8734396121321],[151.188134770126,-33.8733846131754],[151.188125331828,-33.8733792758443],[151.188139919776,-33.8733613149477],[151.188143519322,-33.8733568826386],[151.188252998149,-33.8734184411563],[151.188234197164,-33.8734408091249],[151.188226368749,-33.8734363827872],[151.188219618718,-33.8734451250656],[151.188177850325,-33.8734992201768],[151.188179635267,-33.8735002374378],[151.188126480233,-33.87356516628],[151.188126301588,-33.8735653836768],[151.187995491021,-33.8737251685215],[151.188005978548,-33.8737311434944],[151.188001710647,-33.8737363540881],[151.18800136098,-33.8737426160271],[151.188005537687,-33.8737444809352],[151.188008931053,-33.8737455074276],[151.188009283828,-33.8737456442701],[151.18801283407,-33.8737470229443],[151.188016156808,-33.8737484244227],[151.188019364676,-33.873750094733],[151.188022462566,-33.8737518535995],[151.188024093742,-33.8737530877236],[151.188026625126,-33.8737550014726],[151.188028421241,-33.8737563597573],[151.188030013742,-33.8737577357872],[151.188031699895,-33.8737597444114],[151.188033385223,-33.8737618431972],[151.188034724913,-33.8737633651974],[151.188037092611,-33.8737655046785],[151.188040150891,-33.8737672963263],[151.188042650312,-33.8737684719828],[151.188044467661,-33.8737694906242],[151.188045953995,-33.8737707749186],[151.188047009946,-33.8737719627092],[151.188047955919,-33.873773239056],[151.188048682761,-33.8737746023538],[151.188049301786,-33.8737760542397],[151.188049596339,-33.8737774111796],[151.188049455871,-33.8737789420689],[151.188049102246,-33.8737803796493],[151.188048420336,-33.8737819025753],[151.188047632515,-33.8737834239435],[151.188046953592,-33.8737848567396],[151.188045948545,-33.8737863749129],[151.188044834346,-33.8737878914808],[151.188043385539,-33.8737899459739],[151.188042470628,-33.8737923654079],[151.1880428629,-33.873794264828],[151.188044009792,-33.8737962646189],[151.188045588935,-33.8737982725708],[151.188047605023,-33.8738000155259],[151.188049632801,-33.8738013077836],[151.188051456692,-33.8738019658257],[151.188053609436,-33.873802358183],[151.188056299869,-33.8738025781007],[151.188058144665,-33.8738026052333],[151.188060953722,-33.8738027367217],[151.1880634952,-33.87380263884],[151.188065981945,-33.873802675414],[151.18806872623,-33.8738032117319],[151.188070875419,-33.8738038745581],[151.188072909738,-33.8738048062163],[151.188074831094,-33.8738059165607],[151.188076425502,-33.8738072024443],[151.188077591431,-33.8738083016783],[151.188078646577,-33.8738095787289],[151.188079479567,-33.8738110346632],[151.188080316644,-33.8738123995821],[151.188080894355,-33.8738138625828],[151.188081086217,-33.8738143496382],[151.188081243268,-33.8738148470024],[151.188081591865,-33.8738159486432],[151.18808174486,-33.8738164333235],[151.188081837029,-33.8738169315369],[151.188082038991,-33.8738180147899],[151.188082132241,-33.8738185130192],[151.188082178944,-33.8738190141709],[151.188082911446,-33.8738269115483],[151.18808344558,-33.8738330954103],[151.188102292398,-33.8738192540791],[151.18810848244,-33.873814707477],[151.188194802205,-33.8739043464357],[151.188205376974,-33.8739155040642],[151.188233620169,-33.873950005131],[151.188319625839,-33.8740647978881],[151.188328202515,-33.8740630303621],[151.188336757194,-33.8740828140603],[151.188518582491,-33.8747213503935],[151.188560379479,-33.8748681331563],[151.188583426684,-33.8749490685083],[151.188604348935,-33.874939492185],[151.188606473618,-33.874939065342],[151.188608176883,-33.8749411355285],[151.188660725193,-33.8750050045937],[151.188662755222,-33.8750074709382],[151.188720499003,-33.8750776446745],[151.189233405349,-33.875700941215],[151.18936512482,-33.8758610078703],[151.189511594797,-33.8757496361607],[151.192146156945,-33.8740177597393],[151.192315033755,-33.8738864999614],[151.192329497604,-33.8738752582984],[151.192221574945,-33.873721033705],[151.191759011315,-33.8729020587115],[151.191576437364,-33.8727882449203],[151.191576763464,-33.8727840097293],[151.191598058998,-33.8727579284146],[151.191602966965,-33.8727542384009],[151.191618584958,-33.8727424988659],[151.191588998024,-33.8726979064009],[151.191447417219,-33.8724845199367],[151.19139360076,-33.8724034083888],[151.191355509698,-33.8723459972436],[151.191353311268,-33.872346336486],[151.191298437081,-33.8723548133927],[151.191203570202,-33.8723309916545],[151.191068064643,-33.872204058037],[151.191036444425,-33.8721744387264],[151.191010427847,-33.8721500677518],[151.190908232712,-33.8720543372057],[151.190881903875,-33.8719423702824],[151.190973578732,-33.8718857805886],[151.190915761473,-33.8718395344531],[151.190879821603,-33.8718107867777],[151.190877277646,-33.8718087511673],[151.190724977579,-33.8716869287036],[151.190699253264,-33.871612766116],[151.190694295918,-33.8716093217108],[151.190648025127,-33.8715771777942],[151.190435439942,-33.8714294941425],[151.190236629041,-33.8712913779336],[151.190229936175,-33.8712867285416],[151.190150927995,-33.8712369650895],[151.190095715788,-33.8712021890975],[151.190082890223,-33.8711941113666],[151.190040009661,-33.8711671028409],[151.189996535221,-33.8711444662245],[151.189846418515,-33.8710580464004],[151.189831425593,-33.8710509900312],[151.189815934871,-33.8710446242921],[151.189687483066,-33.8709919004672],[151.189434612853,-33.8708881086768],[151.189387334515,-33.8708694169643],[151.18938460378,-33.870873719608],[151.189357117401,-33.8708646228936],[151.18934096632,-33.8708592771769],[151.189320759481,-33.8708525895787],[151.189292930352,-33.8708415517793],[151.189249589142,-33.8708269549642],[151.189232636994,-33.8708200248271],[151.189219152546,-33.870814384644],[151.189217679739,-33.8708160438388],[151.189202438047,-33.8708094589545],[151.189196079241,-33.8708042499289],[151.18914478679,-33.8707869067408],[151.189019920372,-33.8707329589696],[151.188971930364,-33.8707102502129],[151.188944003971,-33.8706964010876],[151.188921549662,-33.8706852663752],[151.18888625021,-33.8706655061627],[151.18883731499,-33.870638112452],[151.188798327528,-33.8706162871207],[151.188762594367,-33.8705962842419],[151.188748937213,-33.8705886396088],[151.18870218977,-33.870559059731],[151.188667272652,-33.870535892898],[151.188668307026,-33.8705342633335],[151.188668807665,-33.8705327224081],[151.188607972169,-33.8704881657898],[151.188567513162,-33.8704585322361],[151.188537612301,-33.8704366321208],[151.188475038668,-33.8703850668165],[151.188419840023,-33.8703395785332],[151.18841869251,-33.8703386328691],[151.188412978521,-33.8703326352466],[151.188403366375,-33.870322545925],[151.18829049009,-33.8702040703596],[151.188212919487,-33.8701226514503],[151.188210281946,-33.8701198830999],[151.18807660735,-33.8699795760812],[151.188075303418,-33.8699782060997],[151.18806913894,-33.8699717365394],[151.188039048568,-33.8699637266111],[151.187252931183,-33.8691213384043],[151.187183444317,-33.8685958033516],[151.187079743068,-33.8685205747547],[151.187134276297,-33.8684448961834],[151.187064984223,-33.8683331710114],[151.187099842345,-33.868332124822],[151.1871180334,-33.8683160656036],[151.187478589386,-33.8679977533355],[151.187474379642,-33.8679944478499],[151.187526019813,-33.8679482052789],[151.187540000847,-33.8679342662703],[151.187603074911,-33.8678713861527],[151.187635981886,-33.8678410280304],[151.18773788899,-33.8677549338877],[151.187893291762,-33.8676084786296],[151.187929858392,-33.8675736357954],[151.187947183162,-33.8675609569508],[151.18796119428,-33.86755070284],[151.187963082768,-33.8675493211958],[151.188061163687,-33.8674623535217],[151.188104525719,-33.8674209908996],[151.188117832866,-33.8674110537488],[151.188397855171,-33.8671691182867],[151.188507307679,-33.8670260470968],[151.188614414221,-33.8668984223729],[151.188711918097,-33.8667995580318],[151.188728529068,-33.8664427683977],[151.189070558392,-33.8660802884017],[151.189091817933,-33.8660577570987],[151.189139341385,-33.8660073927612],[151.189170238262,-33.8659746475073],[151.189206769373,-33.8660265465878],[151.189232151585,-33.8660337566098],[151.189285814058,-33.8659942789648],[151.189350416025,-33.8659467544225],[151.189375018232,-33.8659286555469],[151.189392708806,-33.8659221236106],[151.189469629133,-33.865841485087],[151.189507028554,-33.8658125432497],[151.189769023329,-33.8656164220572],[151.18997483574,-33.8654582786256],[151.189992884206,-33.8654423133463],[151.190001890273,-33.8654343462191],[151.190153829319,-33.8654756703552],[151.190333344251,-33.8655244969232],[151.190335978442,-33.8655179970964],[151.190341755416,-33.8655037424766],[151.190736487209,-33.8656157102818],[151.190749571704,-33.8656194219074],[151.190853893136,-33.8656490131711],[151.190931187716,-33.8656266415223],[151.19135268932,-33.8655046444786],[151.191361264267,-33.8655229521375],[151.191368672766,-33.8655205612637],[151.191514344578,-33.8654355877916],[151.191533815394,-33.8654242303102],[151.191499224489,-33.8653404027014],[151.19097075392,-33.8640596635379],[151.191027761568,-33.8638832977249],[151.19127019222,-33.8637096476119],[151.191757494518,-33.863665701954],[151.192129046319,-33.8632793000381],[151.192333373422,-33.8631627820354],[151.192385821793,-33.8631379285185],[151.192385908053,-33.8631378874022],[151.192385942993,-33.8631378707817],[151.193675498629,-33.8625267718505],[151.193737438863,-33.8625276789566],[151.193839581827,-33.8627285223197],[151.193338546157,-33.8634995082062],[151.19344937146,-33.8636089137115],[151.19336393151,-33.8638825133656],[151.193497090079,-33.8641677232319],[151.193849469534,-33.8643208701956],[151.195114070441,-33.8627252303471],[151.195302279617,-33.8626170539864],[151.195486921667,-33.8626699455169],[151.195647202689,-33.8626221234465],[151.195776209047,-33.8628011839386],[151.194174822675,-33.8647663070967],[151.194246067154,-33.8648605813171],[151.194165697692,-33.8651506178969],[151.19432713376,-33.8653473044536],[151.194625983882,-33.8652749816589],[151.194634278252,-33.8652665519842],[151.194696307058,-33.8653101699918],[151.19470321158,-33.8653150251338],[151.1947250571,-33.8652940019075],[151.194798495565,-33.8652233236639],[151.194801680195,-33.8652256273795],[151.195152793651,-33.8648876460331],[151.195745975389,-33.8643166421618],[151.195741984791,-33.8643135998651],[151.196627574346,-33.8634455019913],[151.196631793872,-33.8634485548239],[151.196640768677,-33.8634526231805],[151.196875568216,-33.8635590464192],[151.197002756369,-33.8636206741334],[151.197349864646,-33.8637888607413],[151.197384365682,-33.8638049160219],[151.197385297374,-33.8638100614632],[151.197395510502,-33.8638152335791],[151.197405148547,-33.8638233378598],[151.197409943332,-33.8638251492686],[151.197420097018,-33.8638289841319],[151.197455290062,-33.8638400944472],[151.197458132597,-33.8638335280696],[151.197513447098,-33.8638507146947],[151.19752964519,-33.8638556903036],[151.197517987266,-33.8638841798138],[151.197375714466,-33.8642298117692],[151.19717070527,-33.8647278459723],[151.196663805002,-33.8659592473082],[151.196661035716,-33.8659659734416],[151.196400758359,-33.8665982445855],[151.196356557998,-33.8667056161993],[151.196176712639,-33.8671424918463],[151.196159842272,-33.8671834715462],[151.196155325072,-33.8671821772412],[151.196155274566,-33.8671821629757],[151.196153553216,-33.8671816697708],[151.196143491579,-33.8671787874829],[151.196127961974,-33.8672165125865],[151.196117967786,-33.8672407890118],[151.196104074064,-33.8672745397435],[151.19610969858,-33.8672792065418],[151.196117031492,-33.8672852906399],[151.196146149619,-33.8673094489644],[151.196176563923,-33.8673346830989],[151.196137657766,-33.8674272452811],[151.196112893914,-33.86748615955],[151.196116512108,-33.8674871800915],[151.196119750976,-33.8674880931824],[151.196121598218,-33.8674886143815],[151.196123304692,-33.8674890956465],[151.19613300194,-33.8674918301266],[151.196132295416,-33.8675016226064],[151.196449158742,-33.8679379814468],[151.196828875173,-33.8682841411884],[151.197931219416,-33.8685525331913],[151.199159247178,-33.8685873611246],[151.199148694222,-33.8690839391135],[151.199224498281,-33.8692746751307],[151.199143184259,-33.8693336381595],[151.199179869322,-33.8704122355291],[151.19898610562,-33.8717665177557],[151.19903597874,-33.8721753034296],[151.199269226955,-33.8721990038334],[151.199400683586,-33.8726282357548],[151.199544509559,-33.8727985899211],[151.199681356041,-33.8728030334557],[151.199620280486,-33.8728711051707],[151.199685770077,-33.8729811755206],[151.200141496785,-33.8734472972978],[151.200393379977,-33.8735437461963],[151.201102262239,-33.8736047742139],[151.20175705579,-33.8733752179669],[151.201875069734,-33.8732476028497],[151.201943293514,-33.8725703251141],[151.202172809466,-33.8717431879957],[151.202160213807,-33.8710895609005],[151.202391078074,-33.8701962035301],[151.202459418055,-33.8694923452425],[151.202352098177,-33.8682201594486],[151.202168405853,-33.8681659969259],[151.202023294413,-33.8672371331382],[151.201859860886,-33.8670637507524],[151.201688243658,-33.8670072704625],[151.201603890871,-33.8659650422177],[151.202287960119,-33.8659073699823],[151.202401524916,-33.865817352173],[151.202384816471,-33.8654448322538],[151.202545880571,-33.8653583928508],[151.202426642867,-33.8647145181382],[151.20251888287,-33.864124069209],[151.202476119955,-33.8636206319764],[151.202450135225,-33.8633846789838],[151.202323167595,-33.8633175107263],[151.202264978692,-33.8628596703777],[151.201642351977,-33.8628647213066],[151.201674238578,-33.8626216233491],[151.202126914482,-33.8625576967019],[151.201878385004,-33.8592039335927],[151.201775769036,-33.8590349770652],[151.201847176366,-33.8589251020123],[151.201247752869,-33.8588944086151],[151.201179910309,-33.8587724963547],[151.200889796622,-33.8586076028384],[151.200458505933,-33.8585506533298],[151.200328652337,-33.8584159545499],[151.200262294344,-33.8572112083059],[151.200249892057,-33.8569860332926],[151.200255400565,-33.8569130707631],[151.200255407062,-33.8569129671576],[151.200255431746,-33.8569126149366],[151.200270821098,-33.8566895095268],[151.200256828966,-33.8563531173474],[151.200240873607,-33.8561840563822],[151.200229627263,-33.8560326238303],[151.200229857535,-33.8559871369612],[151.200229858436,-33.8559869394926],[151.200227513562,-33.8558754434896],[151.200223393262,-33.8556957281347],[151.200217299472,-33.8556221209206],[151.202193196821,-33.8555859169135],[151.202456711667,-33.8556783835181],[151.202429250445,-33.8558058979624],[151.2025962003,-33.8561327209795],[151.202642598869,-33.8561583435678],[151.202677227333,-33.8562793287824],[151.203459803384,-33.8566648061753],[151.203521545044,-33.856564052735],[151.20358071713,-33.8565142472871],[151.20358770508,-33.8566161569138],[151.204197145849,-33.8566257025849],[151.204936234198,-33.8565969377514],[151.204969422669,-33.8565956465713],[151.204988060376,-33.8565126176652],[151.205202236329,-33.8564271337293],[151.205316366198,-33.8564947909887],[151.205416980384,-33.8564665627538],[151.205645325431,-33.8562828211458],[151.205897006109,-33.8561273359356],[151.205909218955,-33.8560704739186],[151.20591508616,-33.8560657521411],[151.205983068389,-33.85590046025],[151.205909641755,-33.8555957821119],[151.206096115395,-33.8555542031424],[151.206243788595,-33.85574476413],[151.206337912124,-33.8557923675043],[151.206370268264,-33.8557664615371],[151.206571279244,-33.8556055248548],[151.206793938563,-33.8554324371342],[151.206793329116,-33.8553876575591],[151.206790906396,-33.8552096278804],[151.2071938072,-33.8550558849245],[151.207601148173,-33.8549360503829],[151.207672659646,-33.8549150121824],[151.207687141883,-33.8548621867078],[151.20769062191,-33.8548591975412],[151.207722488694,-33.854733251748],[151.207855159573,-33.8542493040624],[151.207972911225,-33.8537981692327],[151.208032601244,-33.8535694827374],[151.208043453875,-33.8535526047836],[151.208059825625,-33.8535427387951],[151.208110734852,-33.8535399496263],[151.208125492142,-33.8535420227012],[151.208277304656,-33.8535633434175],[151.208367965024,-33.853576075804],[151.208370750744,-33.8535764670829],[151.208424260369,-33.853583201947],[151.208427264172,-33.8535685453706],[151.208518475444,-33.8535819150738],[151.208518752935,-33.8535808415226],[151.20852231496,-33.8535670388953],[151.208525166802,-33.8535559834799],[151.208741372497,-33.8535883004764],[151.208740741469,-33.853591605217],[151.208734703673,-33.8536232489587],[151.208737960266,-33.8536383572397],[151.208765367983,-33.8536552052538],[151.208778025073,-33.8536626203207],[151.208798652271,-33.8536738556008],[151.208832122726,-33.8536925456163],[151.208948190948,-33.8537573574411],[151.209116694322,-33.8538514497709],[151.20929680046,-33.8539520208879],[151.209588377573,-33.8541171341955],[151.209787678047,-33.8542125234115],[151.20980745611,-33.8542432256885],[151.209820250205,-33.8542534064898],[151.209832424014,-33.8542641003894],[151.209843951623,-33.8542753061095],[151.209854779452,-33.8542869498304],[151.209864918456,-33.8542990244975],[151.209874330647,-33.8543115376749],[151.20988297139,-33.854324401245],[151.209890743031,-33.8543374262266],[151.209956050222,-33.8544361033106],[151.210118589457,-33.8546817775898],[151.210127589634,-33.8547246068449],[151.210162647575,-33.8547251088234],[151.210228160824,-33.8548463657532],[151.210329028718,-33.8549836524332],[151.210386326764,-33.8550752884806],[151.210404450653,-33.855098677837],[151.210410817967,-33.8551085136605],[151.210483948508,-33.8552214786182],[151.210526434087,-33.8552871059834],[151.210500632391,-33.8554023314186],[151.210474432372,-33.8556619664319],[151.210124109569,-33.8559007023259],[151.20974523299,-33.8558306057783],[151.209284594502,-33.8557914924288],[151.209104870395,-33.8560815572198],[151.209241894181,-33.8565582999769],[151.209909902225,-33.8572710022869],[151.20990975124,-33.8572782365949],[151.209821757579,-33.8578221414037],[151.209816646122,-33.8578537328108],[151.20976362562,-33.8581814590751],[151.209554497807,-33.8594740660204],[151.209676515717,-33.8595489288797],[151.209675122294,-33.8596151092956],[151.209540588105,-33.8597531206063],[151.209531322419,-33.8601445963867],[151.209506939917,-33.860222915676],[151.209447595244,-33.8608062320969],[151.209431653233,-33.86096292917],[151.209737980043,-33.8613586631716],[151.211502081893,-33.8615178899226],[151.212093544236,-33.8612389467253],[151.212099510409,-33.8612385526635],[151.21210170875,-33.8612384078189],[151.212103961214,-33.861238259251],[151.212105804542,-33.8612381372093],[151.212107485501,-33.8612380263379],[151.212109506345,-33.861237892444],[151.212115973653,-33.8612374659759],[151.212122794419,-33.8612335657053],[151.212318733783,-33.8611216065363],[151.212378256219,-33.8610874751648],[151.212406937101,-33.8610710295252],[151.212437227233,-33.8610536603921],[151.212485734276,-33.8610258463981],[151.21248868278,-33.8610238854941],[151.212494900944,-33.8610197501225],[151.212505973735,-33.8610123856902],[151.212524303895,-33.8609970261617],[151.212529149707,-33.8609911602708],[151.212557744426,-33.8609565458938],[151.212575993974,-33.8609231160267],[151.212590733743,-33.860892386468],[151.212604563978,-33.8608618357853],[151.212616634029,-33.8608309962591],[151.212625614251,-33.8608046458848],[151.212629953555,-33.8607830958096],[151.212661616863,-33.8604724107589],[151.212661779974,-33.8604708080191],[151.212662023258,-33.8604684183172],[151.212663573606,-33.8604532058264],[151.212680294002,-33.8603052366737],[151.212695923943,-33.8601572562064],[151.212705653979,-33.8601581457857],[151.212706684254,-33.8601392060524],[151.21269804377,-33.8601383160455],[151.212703286741,-33.8600869385309],[151.212711754404,-33.8600039556414],[151.212721484404,-33.8600048461203],[151.212723604219,-33.8599859059582],[151.212714113839,-33.8599857060846],[151.212723864027,-33.8598980256692],[151.212724874027,-33.8598763758975],[151.21272279396,-33.8598438765985],[151.212722344921,-33.8598402685163],[151.21272144876,-33.8598330641023],[151.212718744086,-33.8598113460232],[151.212718165129,-33.8598081111824],[151.212710994144,-33.8597680364259],[151.21270525369,-33.8597298562441],[151.212697444049,-33.8597095357666],[151.212687333653,-33.8596781463626],[151.212679544125,-33.8596464362356],[151.212672913679,-33.8596087959125],[151.21266863388,-33.8595763557814],[151.212665973567,-33.8595437966647],[151.212664914023,-33.8595145061468],[151.212657484502,-33.8594748063692],[151.212668223425,-33.8593954363467],[151.21267407425,-33.8593976664628],[151.212677603831,-33.8593768963673],[151.212686363778,-33.8593388561701],[151.212697083583,-33.8593027759365],[151.21269852215,-33.8592997200483],[151.212717613858,-33.859259156031],[151.212694094022,-33.8592510057772],[151.21269710792,-33.8592444514244],[151.212717744328,-33.8591995760252],[151.212739464003,-33.8592059859473],[151.212745563626,-33.8591815460514],[151.212754973772,-33.8591493360419],[151.212765913493,-33.8591170156597],[151.212777764156,-33.8590855362904],[151.212791563571,-33.8590539562342],[151.212806663722,-33.8590232363696],[151.212822594272,-33.8589926060965],[151.212840414014,-33.858962606488],[151.212859614534,-33.8589335160229],[151.212867841957,-33.8589219072498],[151.21288412828,-33.8589066731122],[151.212885091697,-33.8589054111152],[151.212901571403,-33.8588838008351],[151.212918911147,-33.8588626214351],[151.212936930891,-33.8588418504655],[151.212955641176,-33.8588215007032],[151.212975001609,-33.8588015914005],[151.212995021746,-33.8587821308115],[151.21300812358,-33.8587700697048],[151.213015661343,-33.8587631309766],[151.213036931685,-33.8587446209151],[151.213054666921,-33.8587301877744],[151.213059161737,-33.8587265305522],[151.213081991209,-33.858708980907],[151.2131054106,-33.8586919610205],[151.213112577621,-33.8586870449347],[151.213129390972,-33.8586755110513],[151.213153920645,-33.8586596209105],[151.213162349615,-33.8586544697305],[151.213178971093,-33.8586443109243],[151.213204521579,-33.8586295907108],[151.213230560866,-33.8586154808471],[151.213257071666,-33.858601981082],[151.213283841291,-33.8585891316152],[151.213313321139,-33.8585752213098],[151.213315573114,-33.8585741069422],[151.213342591278,-33.8585607407589],[151.213371450631,-33.8585456915558],[151.21339989064,-33.8585301213694],[151.213427910824,-33.8585140013369],[151.213455470564,-33.8584973615292],[151.213458458609,-33.8584954688035],[151.21348258089,-33.8584801912856],[151.213497015489,-33.8584706130146],[151.213509031997,-33.8584623405801],[151.2135341276,-33.8584450644673],[151.213536045546,-33.8584437441636],[151.213537932804,-33.8584424441552],[151.21354079688,-33.8584403278008],[151.213562315337,-33.8584244263832],[151.213577058386,-33.8584135306156],[151.213577644579,-33.8584130981603],[151.213581785677,-33.8584098154249],[151.213588189677,-33.8584047376573],[151.213589180983,-33.8584039521803],[151.213611183328,-33.8583865094721],[151.213613582488,-33.8583846073037],[151.213615301357,-33.858383244436],[151.213616100338,-33.8583826112708],[151.213616733029,-33.8583820739853],[151.213616965192,-33.8583818771635],[151.213638187822,-33.8583638307001],[151.213650662569,-33.8583532239633],[151.213652319685,-33.8583518160144],[151.21365325499,-33.8583510207076],[151.21365418272,-33.8583501738915],[151.213662375682,-33.858342702671],[151.21368323276,-33.8583236797205],[151.213684850203,-33.8583222044668],[151.213686010396,-33.8583211464049],[151.213686147031,-33.8583210212395],[151.213688223904,-33.8583191279238],[151.213688643702,-33.8583187444553],[151.213689061264,-33.8583183645614],[151.213689975942,-33.8583174697633],[151.213708847825,-33.8582989996561],[151.213722484245,-33.8582856540177],[151.213723379078,-33.8582847778683],[151.213723476156,-33.8582846836906],[151.213724318211,-33.8582837986604],[151.213725011089,-33.8582830701749],[151.213725416641,-33.8582826441178],[151.213731237016,-33.8582765253837],[151.21375300668,-33.8582536444569],[151.213754518395,-33.8582520558531],[151.213754923966,-33.8582516288945],[151.213755641141,-33.8582508755121],[151.21375645668,-33.8582500180515],[151.213757320081,-33.8582490422542],[151.213773960419,-33.8582302377037],[151.213787150486,-33.8582153318804],[151.213787555615,-33.8582148742558],[151.213787965178,-33.858214411285],[151.213788314523,-33.8582139853147],[151.213794439369,-33.8582065328008],[151.213814304484,-33.8581823554993],[151.213817201111,-33.8581788310838],[151.213817959651,-33.8581779078708],[151.213818668618,-33.858176977627],[151.213819945475,-33.8581752999523],[151.213821872397,-33.8581727696319],[151.213835639814,-33.8581546890106],[151.213845745613,-33.8581414175236],[151.213846405722,-33.8581405496936],[151.213846984932,-33.8581397257783],[151.213856143887,-33.8581267137947],[151.213861464645,-33.8581191531352],[151.213867066071,-33.8581111943653],[151.213870677077,-33.8581060643755],[151.213873266719,-33.8581023849173],[151.213875877635,-33.8580983585955],[151.213891233738,-33.8580746804162],[151.213894586124,-33.8580695124106],[151.213898511431,-33.8580634590796],[151.21391232389,-33.8580402553845],[151.213922107511,-33.8580238204067],[151.213929611259,-33.858010670806],[151.213932899774,-33.8580045730758],[151.213941524117,-33.8579885811835],[151.213944100997,-33.8579838014094],[151.213946683104,-33.8579787187245],[151.213957830775,-33.8579567812254],[151.213961362603,-33.8579493280906],[151.213970760911,-33.8579294915505],[151.213982870895,-33.8579019311859],[151.213994160962,-33.8578741407139],[151.214004631095,-33.8578461210361],[151.214011125083,-33.8578270638882],[151.214014250645,-33.8578178906453],[151.214023031049,-33.8577894713492],[151.214027671356,-33.8577730610091],[151.214075976637,-33.8576018983452],[151.214087874111,-33.8575774801759],[151.214095376642,-33.857551875637],[151.214098324769,-33.8575256315814],[151.214098402097,-33.8575224369162],[151.214124900134,-33.8574285470605],[151.21413370681,-33.8574093998815],[151.214143626645,-33.8573863651778],[151.214149713215,-33.857362421869],[151.214149961983,-33.8573609601378],[151.214152251662,-33.8573595902046],[151.214154908341,-33.8573583996269],[151.214157450534,-33.8573573606866],[151.214162410886,-33.8573561006952],[151.2141675404,-33.8573555411061],[151.214172721487,-33.8573556711978],[151.214177811047,-33.85735651144],[151.214182660773,-33.8573580209085],[151.21418715021,-33.8573601708053],[151.21419117057,-33.8573628910211],[151.214194610491,-33.8573661312481],[151.214197370467,-33.857369790852],[151.214199381211,-33.8573737714404],[151.214200590798,-33.8573779712653],[151.214200971243,-33.85738228081],[151.214200684208,-33.8573849575397],[151.214200510978,-33.8573865808765],[151.214199890662,-33.8573886008143],[151.214199220749,-33.8573907706248],[151.214265141125,-33.8574033909014],[151.214270614689,-33.8573833991691],[151.214271067483,-33.8573817420103],[151.214611272284,-33.856139049627],[151.214635247802,-33.8561198759979],[151.214655537454,-33.8561183664641],[151.214664657677,-33.8561176879278],[151.214833945296,-33.8561436750969],[151.21493006068,-33.8561182621418],[151.214994653873,-33.856104245056],[151.215041385454,-33.8560941037195],[151.215170983868,-33.8560786763599],[151.215279415552,-33.8560776128131],[151.21536351968,-33.8560848590273],[151.215480516629,-33.8561074017127],[151.215532580076,-33.8561233870371],[151.215559457567,-33.8561316394676],[151.215578446652,-33.8561374700969],[151.215585371791,-33.8561408906046],[151.215597817358,-33.8561470376739],[151.215679073593,-33.8561871714925],[151.215681944858,-33.8561891716596],[151.215764694015,-33.8562468064834],[151.215766575676,-33.8562489411082],[151.215843049355,-33.8563356844539],[151.215891457968,-33.8564362996763],[151.215907968628,-33.8565044410884],[151.215910535682,-33.8565666915099],[151.215915966413,-33.8565678603461],[151.215918195957,-33.856568339891],[151.215920518031,-33.8565688397122],[151.215945135713,-33.8565745425712],[151.215944715635,-33.8565761875862],[151.215916776455,-33.856685534588],[151.215875791694,-33.8568459425309],[151.215803493999,-33.856926144875],[151.215721835041,-33.8570167313943],[151.215669253195,-33.8572112755445],[151.215496692789,-33.8578497186849],[151.215503253136,-33.8578509895648],[151.215505258697,-33.8578513784047],[151.215507189982,-33.8578517526428],[151.215528696792,-33.8578559199546],[151.21552897979,-33.8578573316778],[151.215529244153,-33.8578586520548],[151.215554196442,-33.8579831540164],[151.215564126058,-33.8580358993382],[151.215568983817,-33.8580617027997],[151.215577496449,-33.8581020827026],[151.215584564943,-33.8581356100673],[151.215588571926,-33.85815461467],[151.215593325025,-33.8581783317787],[151.215607800686,-33.8582505656264],[151.215619938886,-33.8582440179795],[151.215621920756,-33.8582429483519],[151.215624108113,-33.8582417689816],[151.215657855453,-33.8582235644691],[151.215674193101,-33.8581923770082],[151.215708801425,-33.8581374090538],[151.215756655678,-33.85806140128],[151.215724323119,-33.8578901812551],[151.215752820044,-33.8578873277545],[151.21580425312,-33.857882178655],[151.215805216215,-33.8578868528217],[151.215837610844,-33.8580440813385],[151.215840378397,-33.8580575132351],[151.215820311926,-33.8580902554453],[151.215790687122,-33.858138594718],[151.215774304976,-33.858165325124],[151.215756171985,-33.8581997887962],[151.215756075033,-33.8581999289665],[151.215746013394,-33.8582145205087],[151.215725868938,-33.8582437339432],[151.215718673786,-33.8582541675592],[151.215712249848,-33.8582634833562],[151.215645700635,-33.8583193360055],[151.215682581584,-33.8583781733177],[151.215741371795,-33.858437637158],[151.215751001856,-33.8584473774834],[151.215802577182,-33.8584987951529],[151.215814056832,-33.8585102404027],[151.215821390848,-33.8585175524417],[151.215826012658,-33.8585223327854],[151.215898570056,-33.8585973895871],[151.215984083466,-33.8586724734109],[151.215997544193,-33.8586842926942],[151.216002389771,-33.8586882412546],[151.216030931744,-33.8587115029015],[151.21606617189,-33.8587402223902],[151.21608935161,-33.8587590698992],[151.216094356803,-33.8587631397973],[151.216094702245,-33.8587634207324],[151.216188593019,-33.8588268525041],[151.216193769454,-33.8588294974137],[151.216283315192,-33.8588752614347],[151.216329665631,-33.8588989494228],[151.216425541108,-33.8589446110897],[151.216565056151,-33.859036896027],[151.216570520663,-33.8590416461581],[151.216642940702,-33.859104595512],[151.216731862818,-33.8591947250972],[151.21673982692,-33.8592043862318],[151.216745561385,-33.8592082664704],[151.216751360831,-33.8592183787122],[151.21680796145,-33.8592870415435],[151.216893433717,-33.8594103928054],[151.216910029737,-33.8594370054128],[151.217032187549,-33.8596328873181],[151.217069145467,-33.8596921491648],[151.217113986927,-33.8597700496287],[151.217157101498,-33.8598742975473],[151.217188963553,-33.8599990055727],[151.217204218737,-33.8601126433544],[151.217213144737,-33.8602003626638],[151.217216454801,-33.860232895041],[151.217220860408,-33.8603678842835],[151.217216861682,-33.8604877595058],[151.217200501268,-33.8606418718987],[151.217184262774,-33.8607606349154],[151.217183788555,-33.8607641042836],[151.217157147246,-33.8608958209481],[151.217152745389,-33.8609136749441],[151.217116250867,-33.8610616968707],[151.21708076772,-33.8611911682777],[151.217058499041,-33.8612724215711],[151.217024458598,-33.8614270617086],[151.216980977799,-33.8616136520366],[151.216937825866,-33.8618538693918],[151.216939722942,-33.8620400288207],[151.21698443483,-33.8622457038706],[151.217006027779,-33.8622991760196],[151.217039160996,-33.8623812264438],[151.217143639776,-33.8625827931164],[151.217297135718,-33.8627779180471],[151.217471560161,-33.8629279616139],[151.217485375886,-33.8629375639776],[151.217532060123,-33.8629700141239],[151.217644593425,-33.8630482362368],[151.217680195395,-33.8630678736317],[151.21793563366,-33.8632087679083],[151.218272370735,-33.8632836545377],[151.218292150203,-33.8632824319285],[151.218313456795,-33.8632869953551],[151.218316383915,-33.8632876220116],[151.21856054573,-33.8633117941378],[151.218798788478,-33.8633074499826],[151.219034208574,-33.863272986842],[151.219255502569,-33.8632083991751],[151.219460376868,-33.8631177307028],[151.219670517905,-33.8629909914982],[151.219682518416,-33.8629837534402],[151.219841688085,-33.8628641244493],[151.219987409928,-33.8627223948628],[151.22011106493,-33.8625770883307],[151.220224247967,-33.862419989768],[151.220318872329,-33.8622829393817],[151.220483518397,-33.8620411875874],[151.220613109183,-33.8618049169221],[151.220785365407,-33.8614346278525],[151.220862408067,-33.8612458280044],[151.220903325278,-33.8611455575651],[151.221007879553,-33.8608893371898],[151.221053379427,-33.8607769259105],[151.221101828548,-33.8606339979048],[151.221138782384,-33.8605058052853],[151.221162195993,-33.8604028725837],[151.221186367763,-33.8602670839658],[151.221191452279,-33.8602433215012],[151.221210960829,-33.8601521488971],[151.221257591734,-33.8600008579129],[151.221302241684,-33.8598730477433],[151.221354121767,-33.8597450713911],[151.221413133918,-33.8596257735649],[151.221476600992,-33.8595156647783],[151.221506288522,-33.8594704793134],[151.221553152979,-33.8593991503319],[151.221554150781,-33.8593976317636],[151.221646501634,-33.8592862354431],[151.221732732173,-33.8592031512361],[151.22175108836,-33.8591872730663],[151.221795370775,-33.8591489692645],[151.221811338916,-33.8591429091086],[151.221817067308,-33.8591447474728],[151.221826653646,-33.8591478236983],[151.221829888811,-33.8591488623042],[151.22188243986,-33.8591686393623],[151.221884455071,-33.8591688785485],[151.221912925624,-33.8591722624313],[151.22195575746,-33.8591608069862],[151.221988032337,-33.8591586305685],[151.222012464599,-33.8591492460393],[151.222034044332,-33.8591444012204],[151.222061636357,-33.859136615982],[151.222109192484,-33.859138883798],[151.22214349968,-33.8591366942797],[151.222171122668,-33.8591323162625],[151.222193951173,-33.8591383518737],[151.222222944464,-33.8591374797679],[151.222247666561,-33.8591399230767],[151.222274678468,-33.8591377013143],[151.222333679593,-33.859156366501],[151.22236015121,-33.8591623770878],[151.222399969517,-33.8591644790607],[151.222407892207,-33.8591675646066],[151.222466663235,-33.8591904501932],[151.222473469279,-33.8591939055748],[151.222526493981,-33.8592208256178],[151.222530540331,-33.8592242907846],[151.222544867065,-33.8592364609172],[151.222552255907,-33.8592412628934],[151.222568041659,-33.8592516163089],[151.222569319329,-33.8592529170225],[151.222582961959,-33.8592668041282],[151.22260694029,-33.8592912131094],[151.222610048145,-33.8592933364636],[151.222613853027,-33.8592959360749],[151.222627998245,-33.8593056003307],[151.222629557876,-33.8593077428335],[151.222638634036,-33.8593202096432],[151.222644569902,-33.8593283631897],[151.22266719221,-33.8593584354091],[151.222678707806,-33.8593817574616],[151.222695987595,-33.8594022193505],[151.222710828003,-33.8594407720664],[151.222716045765,-33.8594467546668],[151.222741981514,-33.8594764914209],[151.222751454978,-33.859499987808],[151.222762838888,-33.8595221555211],[151.222756898215,-33.8595485018425],[151.222761911927,-33.8595591678763],[151.22276449378,-33.8595646633874],[151.222765660461,-33.8595892113348],[151.222771295176,-33.8595927039114],[151.222777367431,-33.8595964679119],[151.222787995337,-33.8596035321825],[151.222788842352,-33.8596313010676],[151.222763826755,-33.8596614779296],[151.222732202726,-33.8596797556065],[151.222727364012,-33.8596825515683],[151.222730859758,-33.8596852044293],[151.222738240742,-33.8596908052292],[151.222745190767,-33.8596960778894],[151.222748631203,-33.8596986875699],[151.222755624352,-33.8597279590391],[151.222754327329,-33.8597297302996],[151.22273239542,-33.8597597009443],[151.222708299904,-33.85977677155],[151.222698584786,-33.8598162063861],[151.222710599912,-33.8599698146026],[151.222739565375,-33.8603401027399],[151.222902722494,-33.8614384351767],[151.222922493268,-33.8615605029923],[151.222929218845,-33.8616153188726],[151.222940114836,-33.8617041330313],[151.222952543392,-33.8618287920745],[151.222960537655,-33.8619775693017],[151.222964269816,-33.8621286440276],[151.22295518387,-33.8622917417344],[151.222884688856,-33.8624507489752],[151.222808677666,-33.8625538404681],[151.222708133795,-33.8626532704483],[151.222571289761,-33.8627575078389],[151.222531623981,-33.8627858267029],[151.222500219665,-33.8628204056233],[151.222464801107,-33.8628818230136],[151.222449715938,-33.8628869716872],[151.222446522686,-33.862885781305],[151.222436669411,-33.8628821079218],[151.222418946821,-33.8629203144369],[151.222389269921,-33.8629499306881],[151.222346536327,-33.8629910758556],[151.222332066599,-33.863010387203],[151.222238564235,-33.8630171485101],[151.22216769981,-33.8630542537061],[151.221911731969,-33.8631330727174],[151.221795496312,-33.8632491453389],[151.221603519066,-33.8634408506535],[151.22147281287,-33.863571371977],[151.221364682366,-33.8636793480512],[151.221254626525,-33.8637892476082],[151.221310295638,-33.8638262671551],[151.22120620857,-33.8641074429787],[151.221278915855,-33.8641422674842],[151.221273553874,-33.8641698574482],[151.221251635365,-33.864207124],[151.221190500441,-33.8643096644783],[151.221195440174,-33.864343491747],[151.221181988854,-33.8643700144829],[151.22116112827,-33.8643883253588],[151.221151614278,-33.8644313401538],[151.221096923155,-33.864487950301],[151.221048448072,-33.8645840230968],[151.221004050334,-33.8646387222245],[151.220976989655,-33.8646520146059],[151.220961154672,-33.8646721311622],[151.220933838959,-33.8646831790131],[151.220916743912,-33.8646979128837],[151.220910912766,-33.86470293798],[151.220852407864,-33.86474104593],[151.22080614061,-33.8647889368585],[151.22079574013,-33.8648058459035],[151.220785006989,-33.8648108119318],[151.220768644253,-33.864818382066],[151.220694017389,-33.8649571543647],[151.220658044253,-33.8650058602769],[151.220639255028,-33.8650460241183],[151.220621093008,-33.8650594530402],[151.220600712358,-33.8650745208537],[151.220601097197,-33.8651025959511],[151.220574571203,-33.8651430348989],[151.220553195588,-33.8651942212836],[151.220560821175,-33.8651998744423],[151.220571489345,-33.8652077826213],[151.220586644709,-33.8652190181179],[151.220572559198,-33.8652348306034],[151.220547446833,-33.865253663393],[151.220533124969,-33.8652644046497],[151.220377881017,-33.8654382463652],[151.220377380518,-33.8654534028903],[151.220382843951,-33.865457036482],[151.220425880818,-33.8654856563715],[151.220427243482,-33.8654865624685],[151.220432413709,-33.8654900006532],[151.220478747417,-33.8655208142955],[151.220467536655,-33.8655405070169],[151.220424338006,-33.8655827529909],[151.22037211534,-33.8656209929082],[151.220286475473,-33.8656679930138],[151.220279799567,-33.8656717885192],[151.220229384208,-33.8657004436746],[151.220167807742,-33.8657450391529],[151.220132968218,-33.8657806066067],[151.22013104117,-33.8657830910325],[151.220105568807,-33.8658159208296],[151.220080409623,-33.8658483475562],[151.220077973913,-33.8658505486989],[151.220057204875,-33.8658693151754],[151.220051303759,-33.8658768713183],[151.220042550935,-33.8658880780104],[151.220035625972,-33.8658969440258],[151.220049631881,-33.865907263041],[151.22001987477,-33.8659404439196],[151.219970668326,-33.8659953112317],[151.219927905446,-33.8660429945284],[151.21992786534,-33.866043103962],[151.219936836973,-33.8660471850251],[151.219949431321,-33.8660529136127],[151.219951238925,-33.8660537359684],[151.219967385336,-33.8660617558066],[151.219966083024,-33.8660632014268],[151.219916404032,-33.8661183838106],[151.219904442921,-33.8661316695546],[151.219897743166,-33.8661391104503],[151.219887119855,-33.866152989932],[151.21988410027,-33.866161133253],[151.219888180901,-33.866162800922],[151.21988969118,-33.8661634178938],[151.219896106369,-33.8661660390714],[151.219898566334,-33.866167043988],[151.219850786312,-33.8662257759954],[151.219850670949,-33.8662259177061],[151.21977555147,-33.8663182558936],[151.21960494331,-33.8664771066721],[151.219777404454,-33.8666274487647],[151.219475017291,-33.8671834977739]],[[151.218204031031,-33.8850260839665],[151.218185756172,-33.8851180696881],[151.218204756494,-33.8850234857191],[151.218204031031,-33.8850260839665]]]},"properties":{"OBJECTID":27,"DateOrder":4,"StartDate":"1949","EndDate":"1968","CouncilName":"City of Sydney","Details":"On 1 January 1949, following the passing of the Local Government (Areas) Act 1948, the City of Sydney absorbed the surrounding municipalities of Alexandria, Darlington, Erskineville, The Glebe, Newtown, Paddington, Redfern and Waterloo.","Shape__Area":29058621.921020508,"Shape__Length":36093.289445581671}},{"type":"Feature","id":34,"geometry":{"type":"Polygon","coordinates":[[[151.21988410027,-33.866161133253],[151.219888180901,-33.866162800922],[151.21988969118,-33.8661634178938],[151.219896106369,-33.8661660390714],[151.219898566334,-33.866167043988],[151.220002591221,-33.866201469565],[151.219907233273,-33.8664882590954],[151.220063734782,-33.8665235554871],[151.220064304833,-33.8665236935735],[151.220064818595,-33.8665238353555],[151.220065325575,-33.8665239914674],[151.22006582579,-33.8665241610077],[151.220066319202,-33.8665243457795],[151.220066803708,-33.866524543047],[151.220067281412,-33.866524755546],[151.220067749127,-33.8665249805251],[151.220068207917,-33.8665252189014],[151.220068656719,-33.8665254697579],[151.220069094434,-33.8665257339803],[151.22006952108,-33.8665260106673],[151.220069936676,-33.8665262989174],[151.220070340142,-33.8665265987149],[151.220070731478,-33.8665269100599],[151.220071109621,-33.8665272320353],[151.220071474571,-33.866527564641],[151.220071825249,-33.8665279078614],[151.220072161691,-33.8665282598937],[151.22007248386,-33.8665286225407],[151.220072790732,-33.8665289930824],[151.220073082287,-33.8665293724204],[151.220073358526,-33.8665297605545],[151.220073618424,-33.8665301547648],[151.220073861926,-33.8665305577556],[151.220074089086,-33.8665309668226],[151.220074299906,-33.8665313819658],[151.220074492243,-33.8665318022524],[151.220074669319,-33.8665322286308],[151.220074826832,-33.8665326601371],[151.220074968059,-33.8665330950151],[151.220075090822,-33.866533534135],[151.22007519514,-33.8665339765955],[151.22007528211,-33.8665344215106],[151.220075350672,-33.8665348679633],[151.220075400807,-33.866535316855],[151.220075432534,-33.8665357672843],[151.22007544587,-33.8665362183497],[151.220075440855,-33.8665366682482],[151.220075417449,-33.8665371187827],[151.220075375691,-33.8665375681504],[151.220075315581,-33.8665380163513],[151.220075237137,-33.8665384624838],[151.220075140379,-33.8665389056465],[151.220075025286,-33.8665393467408],[151.220074892997,-33.8665397830781],[151.219916968348,-33.8670248155807],[151.219916360993,-33.8670266824362],[151.219591463893,-33.868024523097],[151.219470851924,-33.8685840289789],[151.219463562648,-33.8686047494392],[151.219772420769,-33.8689008206292],[151.219786629309,-33.8689059837223],[151.219809954324,-33.8689325786551],[151.219848715494,-33.8689350467919],[151.219964039793,-33.8689956799056],[151.220065815921,-33.869038821718],[151.220131136092,-33.8690604667225],[151.220164973387,-33.8690698061649],[151.220215230725,-33.8690814072124],[151.220267009998,-33.8690919733788],[151.220274626373,-33.8690875665564],[151.220334022457,-33.8691116715076],[151.220340857394,-33.8691144448108],[151.220413492426,-33.8691439232823],[151.220527946806,-33.8691893155429],[151.220548590438,-33.8691919906967],[151.220594596581,-33.8691979528983],[151.221251534019,-33.8692195944439],[151.221251754301,-33.8692147606626],[151.22125416423,-33.8691618070997],[151.221294687088,-33.8691509092997],[151.221388911398,-33.8691255679748],[151.221489972343,-33.8690929643175],[151.22149378259,-33.8690994406473],[151.221537083368,-33.8690816222937],[151.221661468627,-33.8690304365541],[151.221666288026,-33.8690386055928],[151.221748335881,-33.8689387772027],[151.221752879256,-33.8689193939326],[151.222723456334,-33.8677778826001],[151.222727478911,-33.867775890957],[151.222827340086,-33.8678363208966],[151.222844870013,-33.8678274805432],[151.222900222014,-33.8678456916314],[151.222916850887,-33.8677925490285],[151.22300011421,-33.8675264526391],[151.223009522839,-33.867528500938],[151.223754231118,-33.8659651477029],[151.223921061673,-33.8656149157629],[151.223938852928,-33.8655775666933],[151.223970695907,-33.8655107175468],[151.223907757385,-33.86544691983],[151.225679709754,-33.8617849441581],[151.226263142527,-33.8633214914708],[151.226501926987,-33.8633288475796],[151.227453909467,-33.863111792521],[151.227143291615,-33.8622316153704],[151.227145108752,-33.8621433000383],[151.227297600453,-33.8620456398731],[151.227100728537,-33.8617214562277],[151.227107603996,-33.8613895615292],[151.227218535074,-33.8611555002872],[151.227169826802,-33.8609476212331],[151.227306421443,-33.8607722090518],[151.227432060038,-33.8607515665427],[151.227715434298,-33.8601939385994],[151.227778562686,-33.8597499179154],[151.227604098681,-33.8592041146308],[151.228484679744,-33.858402600751],[151.228661158167,-33.8581561659582],[151.229430192068,-33.8581891892564],[151.229798965213,-33.8583273852549],[151.230476408796,-33.8589574441205],[151.23068189248,-33.8592924310805],[151.230704815324,-33.859469972698],[151.230502135293,-33.8595008003934],[151.229842185167,-33.8600999223699],[151.229735603438,-33.8600577142745],[151.229055678108,-33.860367797058],[151.229036413135,-33.8605532558962],[151.22868551591,-33.8609289960005],[151.228384326344,-33.8625595479114],[151.228284920599,-33.862674932802],[151.228399430908,-33.8631134921123],[151.228193623608,-33.8640691046915],[151.228681813957,-33.8661520539742],[151.228699211018,-33.8665951529406],[151.22866993563,-33.8667274980834],[151.227657301717,-33.8674551898417],[151.227459079531,-33.867706285495],[151.22742415483,-33.8678991698222],[151.227439919971,-33.8685212194062],[151.227477742197,-33.8686288711835],[151.227541785782,-33.868812268142],[151.227613233256,-33.869038186122],[151.227611005365,-33.8690462355247],[151.227612094746,-33.8690478175296],[151.227640338971,-33.8690888312779],[151.227710545384,-33.8691674139305],[151.227783957819,-33.8692497803992],[151.227909043124,-33.8693366800904],[151.227995551912,-33.8693931797386],[151.22801193833,-33.8694038810827],[151.228036570751,-33.8694199681205],[151.228164191722,-33.8695070158438],[151.228263042969,-33.8695743875189],[151.228344906771,-33.8696301708744],[151.228652016838,-33.8698388285936],[151.228903007342,-33.8700087559012],[151.228931506834,-33.8700267307031],[151.22906569009,-33.8701109646169],[151.229079234771,-33.870119467998],[151.22910044631,-33.8701314135315],[151.229129061623,-33.8701456693471],[151.229158592059,-33.8701585892963],[151.229186217194,-33.8701690759941],[151.229240985568,-33.8701954817809],[151.229268562109,-33.8701926210103],[151.229283897251,-33.8701960353954],[151.229316542822,-33.8702017004392],[151.229349509585,-33.87020584163],[151.229382698115,-33.8702084575385],[151.229416012524,-33.8702095323586],[151.229449355716,-33.870209056579],[151.229482607526,-33.8702070383922],[151.229512420164,-33.8702038372792],[151.229546969591,-33.8701972460278],[151.229547290894,-33.8701971821122],[151.229584576508,-33.8701876012019],[151.229617533446,-33.8701724835758],[151.229662974493,-33.870153312526],[151.229696426964,-33.8701372831186],[151.229723594081,-33.8701232040439],[151.22974722482,-33.870108356361],[151.229760833363,-33.8700950806972],[151.229761918962,-33.8700940214132],[151.22978010718,-33.8700652266598],[151.229794944242,-33.8700399907413],[151.22980517269,-33.8700203669046],[151.229808171347,-33.8700146126588],[151.229821570576,-33.8699893795237],[151.229836267071,-33.8699679658879],[151.22985635488,-33.8699461202223],[151.229871614876,-33.8699337492789],[151.229888654549,-33.8699237186862],[151.229914150605,-33.8699191542363],[151.230178263177,-33.8699390058339],[151.23020757718,-33.8699393214141],[151.230294164499,-33.8699516927239],[151.230322120208,-33.8699579520186],[151.230347257617,-33.8699688238405],[151.230385354272,-33.8699900670234],[151.230389559676,-33.8699924124524],[151.230429086215,-33.8700157664088],[151.230435817787,-33.8700197442108],[151.230478862035,-33.8700576036775],[151.230501358616,-33.8700698343461],[151.230507155942,-33.8700729862526],[151.230523967134,-33.8700944494063],[151.230546010354,-33.870112304965],[151.23058178121,-33.8701506009858],[151.23060481635,-33.870187650034],[151.230619064788,-33.8702288444656],[151.230627117927,-33.8702616565579],[151.230628707072,-33.8702935525246],[151.23062405107,-33.8703348271454],[151.23062830193,-33.8703758779978],[151.230636603436,-33.8704041993497],[151.230665208117,-33.8704424005486],[151.230697678963,-33.8704716785684],[151.230765237203,-33.8705094201625],[151.230830469451,-33.8705749616389],[151.230855768399,-33.8706014854968],[151.230890062375,-33.8706573560107],[151.2309078035,-33.870691232388],[151.230910405035,-33.8706993241463],[151.23092108038,-33.8707325282586],[151.230943589284,-33.8707506167739],[151.230961045252,-33.870759023718],[151.231006864876,-33.8707957415685],[151.231028620584,-33.8708113033804],[151.231083501806,-33.8708527727622],[151.231210772051,-33.8709225980167],[151.231410809583,-33.8710006249001],[151.231444285557,-33.871013902132],[151.231442487394,-33.8710152316455],[151.23143528595,-33.8710205567872],[151.23145531074,-33.8710362911612],[151.231486578165,-33.8710716826817],[151.231498634545,-33.871094287599],[151.231508185758,-33.8711121963274],[151.231518808484,-33.8711394228569],[151.231525546744,-33.8711529348673],[151.231539014659,-33.8711534410918],[151.231547028962,-33.8711672473519],[151.23157182066,-33.8711779760012],[151.231602144453,-33.8712082311244],[151.231603563696,-33.8712292531812],[151.231622013027,-33.8712571682569],[151.231619364498,-33.8712687492508],[151.231639987274,-33.8713087960618],[151.231653282459,-33.8713212407278],[151.231663086027,-33.8713649132708],[151.231670451103,-33.8713707324497],[151.231679800675,-33.8713787668477],[151.231679757877,-33.8714270646997],[151.231661280606,-33.8714689967431],[151.231661353604,-33.8714886216068],[151.231661359399,-33.8714899652928],[151.231661374481,-33.8714942127372],[151.231661565006,-33.8715450866209],[151.231661671932,-33.8715736527918],[151.231657348149,-33.8715974266076],[151.231644857938,-33.8716191155976],[151.231628232284,-33.8716585917012],[151.231592046204,-33.8717346991464],[151.231562051377,-33.871758394845],[151.231536867543,-33.8718303354177],[151.231505259461,-33.871909328308],[151.231459938407,-33.8719329266179],[151.231387830836,-33.8720281160084],[151.23141014835,-33.87203522383],[151.231382117171,-33.8720533351975],[151.231379192816,-33.8720872944808],[151.231363008309,-33.8721218830953],[151.231362754384,-33.8721597600277],[151.231317904208,-33.8722060593012],[151.231319152477,-33.8722319591561],[151.231305565266,-33.8722398464541],[151.231253828175,-33.8722844958288],[151.23125463933,-33.8722889314435],[151.231258423048,-33.8722978887097],[151.231254782672,-33.8723032036432],[151.231251575869,-33.8723078863645],[151.231246653646,-33.8723150738577],[151.231242314315,-33.8723208891448],[151.231239120683,-33.8723218947318],[151.231235319408,-33.8723236382412],[151.231236923679,-33.8723319690656],[151.231237928499,-33.8723371829629],[151.231233192974,-33.872340089839],[151.231230596931,-33.8723416829265],[151.231223850024,-33.8723458251744],[151.231181243379,-33.8723719809232],[151.231173743042,-33.872393356453],[151.231162473078,-33.8724254717685],[151.231171313814,-33.8724328640699],[151.231172472205,-33.8724338311421],[151.231180087655,-33.8724401976985],[151.231146606782,-33.872465901925],[151.231109577214,-33.8724824700933],[151.230970137715,-33.8725196587946],[151.230943199211,-33.872526560804],[151.230938372764,-33.8725286340507],[151.230878855362,-33.8725541969888],[151.230876435056,-33.8725552362144],[151.230784227566,-33.8725948396891],[151.230650167832,-33.8726524180197],[151.230465611692,-33.8727501696454],[151.230239069596,-33.8728703574929],[151.230095905783,-33.8729458799312],[151.230036147777,-33.8729764725426],[151.230033522246,-33.8729778162983],[151.230027331532,-33.8729809853687],[151.229986724735,-33.8730017733702],[151.229999547812,-33.8730636262293],[151.230015272944,-33.8731233096978],[151.23004809111,-33.8731926619813],[151.230084723719,-33.8732716807698],[151.230087881387,-33.8732784928382],[151.230124647191,-33.8733727404177],[151.23013428582,-33.8733935856864],[151.230173940279,-33.8734793532462],[151.230229625204,-33.8735829594744],[151.230270933831,-33.8736517636683],[151.230392726077,-33.8738226194217],[151.230428650826,-33.8738649972031],[151.230449883957,-33.8738881515344],[151.230470332602,-33.8739104505599],[151.230496035164,-33.8739541206861],[151.230504603899,-33.8739795638942],[151.230514285901,-33.8740083180725],[151.230518775252,-33.8740698158255],[151.230513774439,-33.8741178269179],[151.23051362062,-33.8741193080813],[151.230494904965,-33.8741685397322],[151.230482223206,-33.8741935036809],[151.230251991288,-33.8746467308979],[151.230195138926,-33.8747586468974],[151.229712791857,-33.8757081572958],[151.229596146248,-33.8759368266676],[151.229589092981,-33.8759506536746],[151.229577664329,-33.8759687290504],[151.2295364268,-33.8760339503498],[151.229527257734,-33.876044326624],[151.229463825991,-33.8761161029445],[151.229415440776,-33.8761502041215],[151.229337090102,-33.8762054236136],[151.229373684642,-33.8762132537174],[151.229357184377,-33.8762270423202],[151.22932662231,-33.8762512414585],[151.229255982315,-33.8763071731851],[151.229400174552,-33.8763338416718],[151.22957679711,-33.8763665082602],[151.229580283326,-33.8763671526109],[151.229587392514,-33.8763684676244],[151.229597313676,-33.87637030458],[151.229601420905,-33.8763717117141],[151.229601858884,-33.8763718622875],[151.229602296882,-33.8763720119594],[151.229602708028,-33.8763721531298],[151.229603557153,-33.8763724448735],[151.229607116796,-33.8763736691995],[151.229636821614,-33.876380659883],[151.229675473397,-33.8763897557557],[151.229684166446,-33.8763918013945],[151.229698761737,-33.8763952357723],[151.229735576963,-33.8764039021547],[151.229744531922,-33.8764061436247],[151.229777224547,-33.8764143043905],[151.229742439655,-33.8764660922854],[151.229710032967,-33.8765134398809],[151.229709853486,-33.876513702415],[151.229685417185,-33.8765494048687],[151.22964998945,-33.8766011672653],[151.229554701888,-33.8767403881976],[151.229546195238,-33.8767528164448],[151.229543737266,-33.876756405237],[151.22952572509,-33.8767827235315],[151.229517741243,-33.8767943882971],[151.229485202727,-33.876841929611],[151.229472650601,-33.8768602692688],[151.229472291973,-33.8768607781097],[151.229433684988,-33.8769156012595],[151.22943080694,-33.8769196898911],[151.229430451628,-33.8769201951726],[151.229430427125,-33.8769202299885],[151.229430143106,-33.8769206334956],[151.229426193774,-33.8769262351894],[151.229419563538,-33.8769355928984],[151.229371028004,-33.8770041061095],[151.229370346503,-33.8770050674946],[151.229369947438,-33.8770056496972],[151.229366327903,-33.8770109342057],[151.22930729816,-33.8770971240706],[151.22914014395,-33.8773411847262],[151.229123396052,-33.8773656373821],[151.228666903581,-33.8780321464085],[151.228489403941,-33.878291304941],[151.228483678479,-33.8782996647483],[151.228316820457,-33.8785432847602],[151.228301130291,-33.8785622563657],[151.228295835535,-33.878568659258],[151.228289075982,-33.8785768337533],[151.228276416266,-33.8785921418637],[151.228268604428,-33.8786015880144],[151.228263620008,-33.8786076220459],[151.228213222494,-33.8786604717077],[151.228213110891,-33.8786605882312],[151.228212990417,-33.8786607154481],[151.228181895413,-33.8786933243999],[151.228102806804,-33.8787789050012],[151.227945924117,-33.8789486635109],[151.227883690189,-33.879006049874],[151.227829723396,-33.8790558136499],[151.227822293692,-33.8790614671165],[151.227767713216,-33.8791029999229],[151.227767221126,-33.8791033742818],[151.227712019981,-33.8791453796652],[151.227669978922,-33.8791025641378],[151.22764548491,-33.8790776184452],[151.227608235048,-33.8790556832052],[151.227406025862,-33.8789916615919],[151.227261021953,-33.878949014536],[151.227203259909,-33.8789338212169],[151.227195577007,-33.8789318007579],[151.22717428534,-33.8789262002066],[151.227129869915,-33.8789146652317],[151.227119490588,-33.8789119693308],[151.227090455974,-33.8789044294957],[151.227063695756,-33.878897479665],[151.227043369397,-33.8788922004789],[151.226887383688,-33.8788553545705],[151.226885988629,-33.8788550080593],[151.226885401341,-33.878854862541],[151.226883634112,-33.8788544241055],[151.226801016948,-33.8788338501298],[151.226754313232,-33.8788205732765],[151.22671851603,-33.8788142958428],[151.22671698609,-33.8788141980732],[151.226711522806,-33.8788138480057],[151.226669365154,-33.8788121761905],[151.226655694651,-33.8788116340338],[151.226577328691,-33.8788142526685],[151.226380464446,-33.8788208300048],[151.226174382563,-33.8788277152538],[151.226076182524,-33.8788298973834],[151.225991724422,-33.8788334532023],[151.225907141808,-33.8788429713104],[151.225725035398,-33.8788654008904],[151.225707118013,-33.8788680013608],[151.225706973799,-33.8788680218273],[151.225675506938,-33.8788725895249],[151.225665047979,-33.8788741080123],[151.225640501706,-33.8788776707421],[151.22557872718,-33.8788866379343],[151.22530168169,-33.8789344568234],[151.224958668785,-33.8789915476565],[151.224836590301,-33.8790160329449],[151.224786225417,-33.8790308162833],[151.224745868869,-33.879045742025],[151.22472794788,-33.8790531062164],[151.224727268559,-33.8790533849851],[151.224695380442,-33.879066487684],[151.224640454025,-33.8790943265102],[151.224573891691,-33.879131540776],[151.224503296704,-33.8791692749013],[151.224365847208,-33.8792323276183],[151.224278426733,-33.8792672238691],[151.224236050278,-33.8792841393294],[151.224221821499,-33.879290501627],[151.22410224695,-33.879343963757],[151.223991936969,-33.8793932832626],[151.223964647,-33.8794054844866],[151.223714848192,-33.879512342024],[151.223708384512,-33.8795153454128],[151.223690324155,-33.8795237390353],[151.223634432459,-33.8795497140032],[151.223625963392,-33.8795536497297],[151.22358935576,-33.8795706634774],[151.223568650373,-33.879582681825],[151.223508406574,-33.8796176483895],[151.223479150093,-33.8796357843792],[151.223467717145,-33.8796428713301],[151.223461448208,-33.87964857914],[151.223449586885,-33.8796593805085],[151.223421321844,-33.8796485171594],[151.223413069946,-33.8796609594513],[151.22334593652,-33.8797621787197],[151.223327765341,-33.8797895767523],[151.223331593006,-33.8797872098713],[151.223330282185,-33.8797885886698],[151.223227797904,-33.8799333202699],[151.223192390563,-33.8799831629726],[151.223169729275,-33.8800121779688],[151.223089499223,-33.8801280021937],[151.223026698835,-33.8802186621251],[151.222967748995,-33.8803025098835],[151.222933749817,-33.8803557020562],[151.222899973187,-33.8803981603619],[151.222893060237,-33.8804045243372],[151.222889998786,-33.8804088337929],[151.222862658321,-33.8804473243823],[151.222517304141,-33.8806750457678],[151.222486940507,-33.8806944595359],[151.222454281788,-33.8807162081585],[151.222443993414,-33.8807230933031],[151.222303736536,-33.8808169445673],[151.222127938086,-33.8809345775044],[151.221956839064,-33.8810466294872],[151.221767762972,-33.8811657754388],[151.221682934031,-33.8812192299104],[151.221658553706,-33.8812317404253],[151.221602595877,-33.8812604538778],[151.221506559581,-33.8813097327644],[151.221409004581,-33.8813473742859],[151.221375220435,-33.8813639898679],[151.221356439822,-33.8813638728994],[151.221343748499,-33.881367028809],[151.221280784441,-33.8813685056791],[151.221189248307,-33.8813683769301],[151.220926129041,-33.8813657701903],[151.220820929458,-33.8813653157885],[151.220654284289,-33.8813645950667],[151.220635348014,-33.8813643729409],[151.220620568869,-33.8813642000398],[151.220572787714,-33.8813636396968],[151.220461786035,-33.8813606105605],[151.220434232017,-33.881359858127],[151.220380157663,-33.8813538197806],[151.220372871298,-33.8813530066481],[151.220299570502,-33.8813333879862],[151.22029748571,-33.8813328303466],[151.22020928015,-33.8813100836653],[151.220195939089,-33.8813080306157],[151.220183932249,-33.881306182601],[151.220171519622,-33.8813026857455],[151.220145275642,-33.8813002325507],[151.220138956613,-33.8812996425857],[151.220064963151,-33.8813032264572],[151.220000297792,-33.8813178002605],[151.219996144032,-33.8813189422636],[151.219938435717,-33.8813347753017],[151.219870842053,-33.8813529109897],[151.219710652298,-33.8814088756898],[151.219585573918,-33.8814525735556],[151.219446275772,-33.8815118895477],[151.219335271041,-33.8815676385819],[151.219334343442,-33.8815681049007],[151.219304050922,-33.8815833185704],[151.219230092911,-33.8816294061151],[151.219191010812,-33.8816537599083],[151.219297510856,-33.8817107927465],[151.219321297018,-33.8817235680181],[151.219324243824,-33.8817251507926],[151.219739473399,-33.8819439376351],[151.219756518985,-33.8819573187693],[151.219776628382,-33.8819731049424],[151.219789454093,-33.8819851887977],[151.219813662307,-33.8820079965593],[151.2198426706,-33.8820437271321],[151.219971167312,-33.8821925528226],[151.220147490826,-33.8824043330027],[151.220165679988,-33.8824261168181],[151.220173208147,-33.8824344485866],[151.220194788573,-33.8824583337644],[151.220211367263,-33.8824777010778],[151.220271064721,-33.8825474414474],[151.22036095682,-33.8826524541648],[151.220507940328,-33.8828218410283],[151.220808156948,-33.8831678138578],[151.220821370724,-33.883183041281],[151.220902016819,-33.8832556611063],[151.22104866281,-33.8833877130023],[151.22105725547,-33.8833954505132],[151.221138076695,-33.8834451233495],[151.22114312308,-33.8834482251798],[151.221234789973,-33.8834972655492],[151.221348112865,-33.8835504374331],[151.221470784583,-33.8835941992421],[151.221594817792,-33.8836274833918],[151.221831525956,-33.8836900702809],[151.221985203819,-33.8837285539955],[151.222091529027,-33.8837549380043],[151.222315139712,-33.8838201609989],[151.222531040684,-33.883892944378],[151.222536359562,-33.8838950581665],[151.222887403063,-33.884034557748],[151.222929212101,-33.8840523751987],[151.223047331189,-33.8841027147299],[151.223244378976,-33.8841825660038],[151.223352575777,-33.8842264111476],[151.223500793907,-33.8842867581817],[151.223627171463,-33.8843382126958],[151.224133251218,-33.8845440133407],[151.224323930197,-33.8846192930387],[151.224538729912,-33.8846901480859],[151.224551450238,-33.8846938554453],[151.224659295758,-33.8847252882052],[151.224942811258,-33.8847933149261],[151.225236663259,-33.8848595818389],[151.22536665709,-33.8848814959708],[151.225670174242,-33.8849230878133],[151.226023059587,-33.8849568007886],[151.226112381381,-33.8849664688402],[151.226147816448,-33.8849703047617],[151.226342432711,-33.8849913702117],[151.226572228528,-33.8850162431297],[151.226733806521,-33.8850337537495],[151.226765179906,-33.8850371540939],[151.226987774425,-33.8850632625651],[151.227098421533,-33.8850801243765],[151.227223780557,-33.88510483289],[151.227338864997,-33.8851284393715],[151.227437935037,-33.8851518152986],[151.227498189331,-33.8851708146239],[151.227550435335,-33.8851896986874],[151.227655973376,-33.8852322547325],[151.227684289392,-33.8852447410152],[151.227691898753,-33.885248096779],[151.227738751793,-33.8852687562542],[151.227762263015,-33.8852805583998],[151.227897305952,-33.8853483394145],[151.228013847371,-33.8854140281],[151.228062613692,-33.8854415150322],[151.228092959508,-33.8854599503735],[151.228124285731,-33.8854803331502],[151.228176446799,-33.8855174571184],[151.2283183777,-33.8856279099154],[151.228319570558,-33.8856288378342],[151.228565855788,-33.8858180445875],[151.228569530876,-33.8858208675981],[151.22874070351,-33.885961071486],[151.228801589546,-33.8860067195062],[151.228854138847,-33.8860461184683],[151.229005299605,-33.8861630641146],[151.229093678775,-33.8862267336748],[151.229216401138,-33.8863151448009],[151.22925230606,-33.8863410108017],[151.229366102727,-33.8864230624155],[151.229728030867,-33.8866840299015],[151.229741068537,-33.8866931265116],[151.229813732966,-33.8867438235612],[151.229952608209,-33.8868407161675],[151.229962664705,-33.8868477319726],[151.230622045825,-33.8872999530708],[151.230624992639,-33.8873019738284],[151.230726433078,-33.8873769159155],[151.230828644067,-33.8874700012695],[151.230907738477,-33.8875447512024],[151.230911701749,-33.8875484962599],[151.231456388902,-33.8880478076868],[151.231867546382,-33.8884192263255],[151.232036014117,-33.8885733856187],[151.232170100699,-33.8886970447848],[151.232271904693,-33.8887909310992],[151.232279889495,-33.8887981243894],[151.232394616224,-33.8889014786256],[151.232677111812,-33.8891565662997],[151.2327448156,-33.8892167679211],[151.232770617894,-33.8892362100265],[151.232837779111,-33.88928681466],[151.232922415487,-33.8893752826404],[151.232965783139,-33.8893960831452],[151.232987231965,-33.8894063704588],[151.233011640407,-33.8894154431943],[151.233133223436,-33.8894606360957],[151.233129129562,-33.8894882212582],[151.233126032736,-33.8895090900999],[151.233117305124,-33.8895678921212],[151.233102974163,-33.8896644491677],[151.233098327894,-33.8896957488062],[151.233097345948,-33.8897023616423],[151.233082079358,-33.8898052228856],[151.233074061204,-33.8898592441078],[151.233067415647,-33.8899040159854],[151.233048010498,-33.8900422834698],[151.233029930118,-33.8901711016329],[151.232999482029,-33.8903880375922],[151.232996403202,-33.8904088165104],[151.232878767594,-33.8912027083186],[151.232871236298,-33.8912155556292],[151.232864578057,-33.8912269131588],[151.232806077021,-33.8913267085001],[151.232794217447,-33.8913469385066],[151.232630764835,-33.8916257616245],[151.232336507277,-33.8921277096295],[151.232242251089,-33.8922896230624],[151.232227496847,-33.8923147133425],[151.232105140364,-33.8925227821969],[151.232097674651,-33.8925354789019],[151.232023309023,-33.8926619379169],[151.231945869235,-33.8927936243472],[151.231933180188,-33.8928152012805],[151.231904379573,-33.8928641772668],[151.231538676435,-33.8934210966681],[151.230899680645,-33.894394185001],[151.230645555218,-33.8947811707653],[151.230541924758,-33.8949409019972],[151.230511011917,-33.894988041077],[151.23050713761,-33.8949939495462],[151.230418787813,-33.8951286775316],[151.229710556835,-33.8962086613867],[151.229640772551,-33.8963034144097],[151.229537942786,-33.896420199864],[151.229460314299,-33.8965008665997],[151.229355543596,-33.8965919423422],[151.229243145174,-33.8966809587523],[151.229118734911,-33.8967659942781],[151.228986992568,-33.8968420979774],[151.228976013201,-33.8968484407603],[151.228898123152,-33.8968871723087],[151.22882726829,-33.8969224043213],[151.228688424903,-33.8969795447127],[151.22851572299,-33.8970385054954],[151.228336732052,-33.8970862074765],[151.228163896083,-33.8971194814864],[151.228003804782,-33.8971394882255],[151.227870005453,-33.8971463893139],[151.227712267392,-33.8971407767543],[151.227527670528,-33.8971178661657],[151.22732045889,-33.8970678056584],[151.227008663937,-33.8969558315283],[151.227001207149,-33.8969531542137],[151.226934711921,-33.8970192883827],[151.226603655266,-33.8973485426157],[151.226714831618,-33.8973955948654],[151.226793280751,-33.8974287957636],[151.226919859585,-33.897508109408],[151.227018610685,-33.8975877897023],[151.227118908465,-33.8976964543527],[151.227159713476,-33.8977618274399],[151.227203927505,-33.8978326627462],[151.227251034996,-33.8979751362428],[151.227268972695,-33.8981303480787],[151.227262915744,-33.8982198950044],[151.227261941979,-33.8982342863248],[151.227258496981,-33.8982852068315],[151.227234633572,-33.8983906557655],[151.227180205432,-33.8985322258682],[151.227114410473,-33.8986446593256],[151.227011452751,-33.8987720190163],[151.226638890816,-33.8991344431551],[151.226456911158,-33.8993114686088],[151.226331975082,-33.8994330042356],[151.225857679438,-33.8998943831589],[151.225378326133,-33.9003606747864],[151.225240830231,-33.9004966887644],[151.224764944895,-33.9009573360259],[151.224664272226,-33.9010354084819],[151.224544880267,-33.9010963664454],[151.22441684529,-33.9011351169252],[151.224307741817,-33.9011586212674],[151.224159885692,-33.9011904750097],[151.224144305538,-33.9011935101386],[151.224035607129,-33.9012146836655],[151.223928063809,-33.9012216145153],[151.223814702299,-33.9012153112599],[151.223685229182,-33.9012130046775],[151.223556020767,-33.9012210835264],[151.223457975925,-33.9012362801778],[151.223446115771,-33.9012381181659],[151.223442938109,-33.9012386097635],[151.22335872345,-33.9012603730423],[151.223289296491,-33.9012888367347],[151.22321490297,-33.9013243678175],[151.223190359285,-33.9013394235641],[151.223187692071,-33.9013410605172],[151.223145060679,-33.9013672136192],[151.223035629757,-33.9014343464577],[151.223016120265,-33.9014463151059],[151.222981354453,-33.9014669187084],[151.222935627392,-33.9014742861762],[151.222904605948,-33.9014792841484],[151.222836823185,-33.9014902035813],[151.222836290423,-33.9014902896742],[151.222835755479,-33.9014903766373],[151.222744042078,-33.9015052005842],[151.222732694537,-33.9015070350795],[151.222684560291,-33.9015148149772],[151.222680529301,-33.901515466472],[151.222647678071,-33.9015207770258],[151.222593494726,-33.9015322902623],[151.222646129573,-33.9017645449261],[151.222646726,-33.901766445387],[151.22271406773,-33.9019811777304],[151.222781958002,-33.9021223439878],[151.222813624872,-33.9021621755096],[151.222837609793,-33.9021923449233],[151.222976718684,-33.9025273130389],[151.22308707083,-33.9027567699426],[151.223123316962,-33.9028321365487],[151.22318760704,-33.9029658130808],[151.223408497646,-33.9034251042362],[151.223469378744,-33.9035516942574],[151.223478953894,-33.9035716021614],[151.223544373043,-33.9037076212923],[151.223798278678,-33.9042355641585],[151.223877636332,-33.9043880687016],[151.223903855958,-33.90444161983],[151.223938349022,-33.9045120491347],[151.223958661248,-33.9046132252709],[151.224001849844,-33.9048412338764],[151.224002257739,-33.9048552492081],[151.22400594557,-33.9049819861896],[151.223997680218,-33.9050917684772],[151.22399624725,-33.9051107988932],[151.223987184598,-33.9051665815432],[151.223978432901,-33.9051652496963],[151.22314709892,-33.9050387108151],[151.222102059388,-33.9048709609867],[151.222098320942,-33.9048779838739],[151.221710015063,-33.9048247237085],[151.221658667667,-33.9048176808446],[151.219716730454,-33.9045513036546],[151.215518193219,-33.9039752762007],[151.215111464084,-33.9039366864318],[151.21467710536,-33.9038793281356],[151.214672818749,-33.9038787979872],[151.214591627848,-33.9038687504734],[151.214517194779,-33.9038595394122],[151.214489360987,-33.9038560951844],[151.214451477314,-33.9038514069146],[151.214431409889,-33.9038489238183],[151.214391457338,-33.9038439800974],[151.214345938414,-33.9038378005216],[151.214315128759,-33.9038336178627],[151.214307104446,-33.9038325285288],[151.214295997018,-33.9038310202653],[151.214285228197,-33.9038295583909],[151.214274613582,-33.9038281176882],[151.214260629159,-33.9038084265098],[151.214271667263,-33.9037752510712],[151.214306151104,-33.9036716056225],[151.214308042157,-33.9036659205248],[151.214481065749,-33.9030265441295],[151.21451873098,-33.9028873548707],[151.214663141598,-33.9023537016041],[151.214734499122,-33.9021031498118],[151.214738527093,-33.9020890058042],[151.214808223657,-33.9018442875744],[151.214919781804,-33.9013765987195],[151.214933591556,-33.9013187025009],[151.214973958811,-33.901149471969],[151.215024802293,-33.900882362412],[151.215073056015,-33.9006288703306],[151.215091938538,-33.9005336650752],[151.21509474691,-33.900519503374],[151.215247643426,-33.8997485881124],[151.215250451741,-33.8997344264043],[151.215362244103,-33.8991707491612],[151.215387619605,-33.8990428019504],[151.215404085657,-33.8989635214961],[151.215518464107,-33.8984127889964],[151.215567111517,-33.8981785499313],[151.215677211074,-33.8976484104529],[151.215686505814,-33.8976036528695],[151.215728785992,-33.8973935593302],[151.215830666175,-33.8968872922483],[151.215886766568,-33.896608513961],[151.215938671257,-33.8963505871203],[151.215939585956,-33.8963460249382],[151.216000654291,-33.8960992275258],[151.216166168682,-33.8954303158814],[151.216180043422,-33.8953742400947],[151.216262920487,-33.8950392939696],[151.216266422433,-33.8950251431703],[151.216279070287,-33.8949740245026],[151.216361425061,-33.8945594370652],[151.216457416934,-33.8940761837546],[151.216507732054,-33.8938130998894],[151.216627141503,-33.8931887230051],[151.216640774355,-33.8931052784925],[151.216771414639,-33.8923056338091],[151.216788621067,-33.8922003124562],[151.216805919204,-33.8920944270345],[151.21674180098,-33.8920751834517],[151.216194186778,-33.8920021794908],[151.21617324938,-33.8919993883517],[151.214930236948,-33.8918336716192],[151.214908460632,-33.8918308248242],[151.214447640664,-33.8917705871762],[151.213993776366,-33.8917097218721],[151.21362354707,-33.891660070056],[151.212817147024,-33.8915515075786],[151.212609443136,-33.891522284488],[151.212169683489,-33.8914601383289],[151.21216105417,-33.8914589255712],[151.21214665792,-33.891456904103],[151.211741694089,-33.891400230995],[151.211676686879,-33.8913748626009],[151.210766404162,-33.8910311924824],[151.210701602569,-33.8910067751997],[151.210092268312,-33.8907740340434],[151.209205542054,-33.8904348194559],[151.209139476727,-33.8904098635882],[151.208790234309,-33.8902763214643],[151.208527427575,-33.890170029142],[151.208328180435,-33.8900894433675],[151.207928317057,-33.8899277162161],[151.207926927027,-33.8899275381873],[151.207860620907,-33.8899190394052],[151.207803978753,-33.8899008441226],[151.207410034632,-33.889847440897],[151.207013669871,-33.8897934276747],[151.206949819386,-33.889784831596],[151.206531609842,-33.8897283680127],[151.20607786696,-33.8896662924693],[151.20526884988,-33.8895575049126],[151.204557342871,-33.8894618326684],[151.202960615413,-33.8892452448223],[151.202823260567,-33.8892266090905],[151.202718221251,-33.8892074618551],[151.202390999821,-33.8891477617594],[151.202065581004,-33.8891033265036],[151.20183476761,-33.8890502595559],[151.20164859363,-33.889007465496],[151.201644927796,-33.8890068655195],[151.201527679496,-33.888987924964],[151.201464984955,-33.8889777865356],[151.201309961758,-33.8889527313563],[151.201213455558,-33.8889371259497],[151.200701890412,-33.8888544057314],[151.200393475624,-33.8888116022574],[151.200027781045,-33.8887684776662],[151.199660661258,-33.8887150874119],[151.198898589535,-33.8886059967009],[151.198490475822,-33.8885448879147],[151.197680814279,-33.8884343984175],[151.197556385643,-33.8884176890502],[151.197000615284,-33.8883419606248],[151.196980554086,-33.8883392268635],[151.196977800475,-33.8883388520107],[151.196403832869,-33.8882605514921],[151.196332811944,-33.8882513814523],[151.195958959924,-33.8882030648375],[151.195159453181,-33.8881050262323],[151.195157214041,-33.8881047129819],[151.195014361917,-33.8884459599742],[151.194764338936,-33.8890351613285],[151.194636324605,-33.889353230567],[151.194376323869,-33.8899826365605],[151.194346895428,-33.8900528968535],[151.19417045684,-33.89048235147],[151.193991931255,-33.890916288368],[151.193832667746,-33.8913470528598],[151.192471899811,-33.8917873190004],[151.192645496088,-33.8921479489149],[151.191953048323,-33.8923734475314],[151.191885754989,-33.8923956793755],[151.191778418475,-33.8924305914561],[151.191735173438,-33.8923311072817],[151.191608399691,-33.8920852955484],[151.191597759587,-33.8920646644908],[151.19143972459,-33.8917279412825],[151.191385903668,-33.8916127097641],[151.191279126458,-33.8913843333502],[151.191205094218,-33.8912250842436],[151.191107484254,-33.8911043230155],[151.191103010136,-33.891005489183],[151.191051297736,-33.8910207102765],[151.190987330798,-33.8910395341463],[151.188546520031,-33.891873488946],[151.188088702252,-33.8920299284098],[151.18802036956,-33.892029444339],[151.187965088892,-33.8919922712531],[151.187865132071,-33.8919291101659],[151.187720533441,-33.8920665911656],[151.187612671004,-33.8921584986941],[151.187524052724,-33.8922247238334],[151.187398054908,-33.8922903951952],[151.187209443505,-33.8923707295676],[151.186969827438,-33.8924569721653],[151.186876710477,-33.892490489569],[151.18653355931,-33.8925336406979],[151.185698054357,-33.8927641047784],[151.185044597647,-33.8929186173025],[151.184513839095,-33.8930465159111],[151.184373985657,-33.8930775308773],[151.184120358483,-33.8931475663051],[151.183932804402,-33.8932136042152],[151.183726364336,-33.8933356658562],[151.183530419942,-33.8934694538987],[151.183459264355,-33.8935187645309],[151.183089260472,-33.8938409160313],[151.182826631034,-33.8940697268326],[151.18267029091,-33.8942274743359],[151.182413114297,-33.8944887477534],[151.182159648602,-33.8947531133115],[151.182060821013,-33.8948568897046],[151.181701347381,-33.8952241887486],[151.181536625674,-33.8953908102736],[151.181374780742,-33.8955425620627],[151.181258579181,-33.8956515024381],[151.181181718182,-33.8957333170026],[151.181178709033,-33.8957263824121],[151.181144623932,-33.8956478330378],[151.181137055209,-33.8956312050961],[151.181089953615,-33.8955277334126],[151.181041939125,-33.8954171506787],[151.181019000421,-33.8953643219424],[151.180994917462,-33.8953088567639],[151.180987433882,-33.8952912264406],[151.180929640176,-33.8951550829478],[151.180919534537,-33.8951316932906],[151.180901092847,-33.8950890132445],[151.180899117053,-33.8950844411245],[151.180877529822,-33.8950344800007],[151.180877512306,-33.8950344391639],[151.180759449115,-33.8947653265562],[151.180530925449,-33.8942273034983],[151.180353233693,-33.8938109725537],[151.180317153759,-33.8937273419675],[151.180305789794,-33.893701000328],[151.18030474363,-33.893698582651],[151.180285270661,-33.8936535752311],[151.180249066476,-33.8935698949977],[151.180182686692,-33.893408585844],[151.180180726911,-33.8934038741805],[151.180053667138,-33.8930984278557],[151.179927628096,-33.8928009101072],[151.179831394135,-33.892570229212],[151.179762793281,-33.8924095028972],[151.179665703718,-33.8921820302256],[151.179604988102,-33.8920397778744],[151.179601817749,-33.8920323503201],[151.17958347139,-33.8919893649004],[151.179571146085,-33.8919607068578],[151.179568293206,-33.8919541135907],[151.17951365805,-33.8918278324132],[151.179407544638,-33.8915815701794],[151.179395306964,-33.8915531695074],[151.179321225696,-33.8913774301219],[151.17929770472,-33.8913265032401],[151.179297581971,-33.8913262245931],[151.179296974632,-33.8913248350597],[151.179269711256,-33.8912625189508],[151.179210636109,-33.8911157387045],[151.179210307463,-33.8911149727822],[151.17915884143,-33.8909952037362],[151.179133561393,-33.8910000790018],[151.179078641498,-33.891014514496],[151.179000358781,-33.8910350898265],[151.17872585836,-33.8911090482356],[151.178551402075,-33.8911601504625],[151.178523636336,-33.8911667436162],[151.178443574414,-33.8911857539161],[151.178416201,-33.8911819820015],[151.178414479248,-33.89118174463],[151.178407333846,-33.8911679803829],[151.178405118373,-33.8911591809561],[151.178404168159,-33.8911554075725],[151.178398872016,-33.8911420881779],[151.178386763098,-33.8911142105177],[151.178383251454,-33.8911064658859],[151.178331739556,-33.8909928745199],[151.178263241558,-33.8908298368802],[151.17818606575,-33.8906485369701],[151.178165113068,-33.8905993151775],[151.1781294773,-33.8905155994685],[151.178128399192,-33.8905130613704],[151.178004947848,-33.8902224142508],[151.177971606142,-33.8901439156014],[151.177970109972,-33.8901403938376],[151.177864240741,-33.8898912357682],[151.17785631812,-33.8898725906266],[151.177853371078,-33.8898656550728],[151.177851433178,-33.8898610933851],[151.177812716955,-33.889769981076],[151.177812585137,-33.8897696716344],[151.17778518962,-33.8897049474287],[151.177780027632,-33.8896927508485],[151.177644699862,-33.8893730306907],[151.177623062637,-33.889321910448],[151.177374849396,-33.888735474754],[151.177357069879,-33.8886934739809],[151.177352614161,-33.8886829497309],[151.177151032167,-33.8882066615557],[151.177147761458,-33.8881989357846],[151.177020135828,-33.8878969326008],[151.176986868497,-33.8878205069772],[151.176908286532,-33.8876399826055],[151.17678443099,-33.8873434976916],[151.176783068702,-33.8873403449013],[151.176772177642,-33.8873151380157],[151.176725812612,-33.887207829719],[151.176627680602,-33.8869797225129],[151.176601436425,-33.8869091925935],[151.176584384513,-33.8868633674055],[151.176568003429,-33.8868084274945],[151.176565123175,-33.886798769661],[151.176564233133,-33.8867957816629],[151.176563577087,-33.8867935852448],[151.17656322592,-33.8867924059879],[151.176559018648,-33.8867782946809],[151.176528681959,-33.8866708935552],[151.176520444214,-33.8866417312434],[151.176422093209,-33.8862895554878],[151.176375600267,-33.8861218587096],[151.176318480951,-33.8859158305528],[151.176278859152,-33.8857692278479],[151.176222914204,-33.8855672748377],[151.176213499762,-33.8855359029652],[151.176210459925,-33.8855257711531],[151.176203671435,-33.8855031498185],[151.176203328138,-33.8855020076481],[151.176185480594,-33.8854425345932],[151.176176168149,-33.8854115023784],[151.176153342439,-33.8853391951624],[151.176125133193,-33.8852498348775],[151.176120694242,-33.8852357949685],[151.17611148408,-33.8852066642181],[151.176008297219,-33.8848984464134],[151.175879229154,-33.8845112212048],[151.175793784585,-33.8842725480391],[151.175731157844,-33.8840770884285],[151.1757069955,-33.8840016783025],[151.175618185604,-33.8837391133082],[151.175591060356,-33.8836695223555],[151.175506025762,-33.8834735125265],[151.175483849495,-33.8834155875548],[151.175598406861,-33.8833380975608],[151.175951091607,-33.8829672719268],[151.176018880875,-33.8825199159823],[151.176070064237,-33.8825415616459],[151.176066561367,-33.8825265725396],[151.176153845475,-33.8825769932388],[151.176721553511,-33.8829049372553],[151.17697317763,-33.8830502897618],[151.177166969802,-33.8831622342431],[151.177484667086,-33.8831890565058],[151.177486078154,-33.8831227150859],[151.177651790688,-33.8831251667686],[151.177857273652,-33.8831282065369],[151.177875446504,-33.8831498437765],[151.178064214255,-33.8833745935676],[151.178593301017,-33.8834787486418],[151.17867168831,-33.8834941794595],[151.17896486459,-33.883561369455],[151.179113312891,-33.8834692830104],[151.179853441109,-33.8830688182581],[151.180166778451,-33.8834715947537],[151.179752764531,-33.883741937005],[151.179806628517,-33.8837542805763],[151.179963552939,-33.8838583538532],[151.180591255578,-33.8842746441843],[151.181178302192,-33.8846304504278],[151.18137683101,-33.8847507759677],[151.181714481579,-33.8850875678347],[151.182043271471,-33.8855150923349],[151.183245815,-33.8853014033014],[151.183603935738,-33.8852333663959],[151.184534969751,-33.8850564984205],[151.184630809346,-33.8850382918493],[151.185005884506,-33.8849670362201],[151.185044425459,-33.8849597139127],[151.185062108298,-33.8849563539867],[151.185132750569,-33.8849429336849],[151.185139034185,-33.8849417746557],[151.185139093206,-33.8849389882581],[151.185153025522,-33.8849391935316],[151.18548842339,-33.8848773178124],[151.185809540549,-33.8848253889034],[151.186276329823,-33.8847634749106],[151.186704011057,-33.8847171669033],[151.187111853915,-33.8846907949924],[151.187199610507,-33.8846865462564],[151.187432200269,-33.8846752788381],[151.187478715732,-33.8846741445007],[151.187486987898,-33.8846739434004],[151.187637934951,-33.8846702598521],[151.187742675893,-33.8846677043037],[151.189119372922,-33.8846839114365],[151.189561987197,-33.8847041159314],[151.18983216847,-33.8847178975791],[151.189924894805,-33.8847226272916],[151.190149118585,-33.8847340646886],[151.190158974121,-33.8847344033684],[151.190190299615,-33.8847354813154],[151.190583235741,-33.8847489719119],[151.190961415898,-33.8847502712749],[151.191417638092,-33.8847105428988],[151.19147001131,-33.8847059852998],[151.191632181864,-33.8846918716278],[151.192036628326,-33.8846594125996],[151.192151760546,-33.884644613232],[151.192435640918,-33.8846081208602],[151.192753997417,-33.884567209268],[151.192885578705,-33.884551898495],[151.192904884371,-33.8845496514439],[151.193260147546,-33.8845083078941],[151.193529914375,-33.8844854485484],[151.193587693988,-33.8844805527273],[151.193636173466,-33.8844774880894],[151.193636195492,-33.884476443298],[151.194084430591,-33.8844384598655],[151.194177192507,-33.8844314985641],[151.194179526171,-33.8844313235727],[151.194353538659,-33.8844182645052],[151.194377581384,-33.8844164599804],[151.194388785137,-33.8844156196739],[151.194414671196,-33.8844145383041],[151.194465242111,-33.8844124264733],[151.194486294205,-33.8844115474597],[151.194495323644,-33.8844111703275],[151.194523432431,-33.8844099961729],[151.194592478865,-33.884407111779],[151.194619025025,-33.8844060030698],[151.194651735101,-33.8844046366242],[151.19476610293,-33.8843998599396],[151.194777247959,-33.8843993947619],[151.194908291737,-33.8843939182142],[151.194925448091,-33.8843932020605],[151.195010615243,-33.8843896447121],[151.194994027268,-33.8841213382775],[151.194992398923,-33.8840950125121],[151.194982110756,-33.8839286001353],[151.194942176084,-33.8832827453621],[151.194899685752,-33.8828847355843],[151.194885174207,-33.8827518618674],[151.194823536666,-33.8821854206595],[151.194799125917,-33.8818967987436],[151.194788263677,-33.8818153424147],[151.194777632685,-33.8817229613026],[151.194748761002,-33.8814836207356],[151.194718283273,-33.8812010489085],[151.194687353697,-33.8809195074433],[151.194686674102,-33.8809133277873],[151.19468572518,-33.8809046905531],[151.194612159191,-33.880226072951],[151.194534002062,-33.8795075022556],[151.195000805475,-33.8793270607784],[151.195726229036,-33.8790466461152],[151.195651564692,-33.8789187111895],[151.195644640161,-33.8789068456763],[151.194856489957,-33.8775563490298],[151.194000511762,-33.8760866414838],[151.193373355235,-33.8750056747404],[151.193369178787,-33.8749985573842],[151.193117631422,-33.8745707757757],[151.193111750413,-33.8745607748973],[151.193036167678,-33.8744340450247],[151.192974861958,-33.8743312519861],[151.192866325345,-33.8742129893112],[151.192812658055,-33.8741791957096],[151.192760963482,-33.8741513626648],[151.192689412247,-33.8741195673209],[151.192621824329,-33.8740957148885],[151.192554236183,-33.874059929701],[151.192500569117,-33.8740261359698],[151.192415518954,-33.8739612190177],[151.192430852872,-33.8739498837036],[151.192329371846,-33.8738812214581],[151.192323209321,-33.8738860112479],[151.192317335855,-33.8738905762372],[151.192303090706,-33.8738653556761],[151.191759011315,-33.8729020587115],[151.191576437364,-33.8727882449203],[151.191576763464,-33.8727840097293],[151.191598058998,-33.8727579284146],[151.191602966965,-33.8727542384009],[151.191618584958,-33.8727424988659],[151.191588998024,-33.8726979064009],[151.191447417219,-33.8724845199367],[151.19139360076,-33.8724034083888],[151.191355509698,-33.8723459972436],[151.191353311268,-33.872346336486],[151.191298437081,-33.8723548133927],[151.191203570202,-33.8723309916545],[151.191068064643,-33.872204058037],[151.191036444425,-33.8721744387264],[151.191010427847,-33.8721500677518],[151.190908232712,-33.8720543372057],[151.190881903875,-33.8719423702824],[151.190973578732,-33.8718857805886],[151.190915761473,-33.8718395344531],[151.190879821603,-33.8718107867777],[151.190877277646,-33.8718087511673],[151.190724977579,-33.8716869287036],[151.190699253264,-33.871612766116],[151.190694295918,-33.8716093217108],[151.190648025127,-33.8715771777942],[151.190435439942,-33.8714294941425],[151.190236629041,-33.8712913779336],[151.190229936175,-33.8712867285416],[151.190150927995,-33.8712369650895],[151.190095715788,-33.8712021890975],[151.190082890223,-33.8711941113666],[151.190040009661,-33.8711671028409],[151.189996535221,-33.8711444662245],[151.189846418515,-33.8710580464004],[151.189831425593,-33.8710509900312],[151.189815934871,-33.8710446242921],[151.189687483066,-33.8709919004672],[151.189434612853,-33.8708881086768],[151.189387334515,-33.8708694169643],[151.18938460378,-33.870873719608],[151.189357117401,-33.8708646228936],[151.18934096632,-33.8708592771769],[151.189320759481,-33.8708525895787],[151.189292930352,-33.8708415517793],[151.189249589142,-33.8708269549642],[151.189232636994,-33.8708200248271],[151.189219152546,-33.870814384644],[151.189217679739,-33.8708160438388],[151.189202438047,-33.8708094589545],[151.189196079241,-33.8708042499289],[151.18914478679,-33.8707869067408],[151.189019920372,-33.8707329589696],[151.188971930364,-33.8707102502129],[151.188944003971,-33.8706964010876],[151.188921549662,-33.8706852663752],[151.18888625021,-33.8706655061627],[151.18883731499,-33.870638112452],[151.188798327528,-33.8706162871207],[151.188762594367,-33.8705962842419],[151.188748937213,-33.8705886396088],[151.18870218977,-33.870559059731],[151.188667272652,-33.870535892898],[151.188668307026,-33.8705342633335],[151.188668807665,-33.8705327224081],[151.188607972169,-33.8704881657898],[151.188567513162,-33.8704585322361],[151.188537612301,-33.8704366321208],[151.188475038668,-33.8703850668165],[151.188419840023,-33.8703395785332],[151.18841869251,-33.8703386328691],[151.188412978521,-33.8703326352466],[151.188403366375,-33.870322545925],[151.18829049009,-33.8702040703596],[151.188212919487,-33.8701226514503],[151.188210281946,-33.8701198830999],[151.18807660735,-33.8699795760812],[151.188075303418,-33.8699782060997],[151.18806913894,-33.8699717365394],[151.188039048568,-33.8699637266111],[151.187252931183,-33.8691213384043],[151.187183444317,-33.8685958033516],[151.187079743068,-33.8685205747547],[151.187134276297,-33.8684448961834],[151.187064984223,-33.8683331710114],[151.187099842345,-33.868332124822],[151.1871180334,-33.8683160656036],[151.187478589386,-33.8679977533355],[151.187474379642,-33.8679944478499],[151.187526019813,-33.8679482052789],[151.187540000847,-33.8679342662703],[151.187603074911,-33.8678713861527],[151.187635981886,-33.8678410280304],[151.18773788899,-33.8677549338877],[151.187893291762,-33.8676084786296],[151.187929858392,-33.8675736357954],[151.187947183162,-33.8675609569508],[151.18796119428,-33.86755070284],[151.187963082768,-33.8675493211958],[151.188061163687,-33.8674623535217],[151.188104525719,-33.8674209908996],[151.188117832866,-33.8674110537488],[151.188397855171,-33.8671691182867],[151.188507307679,-33.8670260470968],[151.188614414221,-33.8668984223729],[151.188711918097,-33.8667995580318],[151.188728529068,-33.8664427683977],[151.189070558392,-33.8660802884017],[151.189091817933,-33.8660577570987],[151.189139341385,-33.8660073927612],[151.189170238262,-33.8659746475073],[151.189206769373,-33.8660265465878],[151.189232151585,-33.8660337566098],[151.189285814058,-33.8659942789648],[151.189350416025,-33.8659467544225],[151.189375018232,-33.8659286555469],[151.189392708806,-33.8659221236106],[151.189469629133,-33.865841485087],[151.189507028554,-33.8658125432497],[151.189769023329,-33.8656164220572],[151.18997483574,-33.8654582786256],[151.189992884206,-33.8654423133463],[151.190001890273,-33.8654343462191],[151.190153829319,-33.8654756703552],[151.190333344251,-33.8655244969232],[151.190335978442,-33.8655179970964],[151.190341755416,-33.8655037424766],[151.190736487209,-33.8656157102818],[151.190749571704,-33.8656194219074],[151.190853893136,-33.8656490131711],[151.190931187716,-33.8656266415223],[151.19135268932,-33.8655046444786],[151.191361264267,-33.8655229521375],[151.191368672766,-33.8655205612637],[151.191514344578,-33.8654355877916],[151.191533815394,-33.8654242303102],[151.191499224489,-33.8653404027014],[151.19097075392,-33.8640596635379],[151.191027761568,-33.8638832977249],[151.19127019222,-33.8637096476119],[151.191757494518,-33.863665701954],[151.192129046319,-33.8632793000381],[151.192333373422,-33.8631627820354],[151.192385821793,-33.8631379285185],[151.192385908053,-33.8631378874022],[151.192385942993,-33.8631378707817],[151.193675498629,-33.8625267718505],[151.193737438863,-33.8625276789566],[151.193839581827,-33.8627285223197],[151.193338546157,-33.8634995082062],[151.19344937146,-33.8636089137115],[151.19336393151,-33.8638825133656],[151.193497090079,-33.8641677232319],[151.193849469534,-33.8643208701956],[151.195114070441,-33.8627252303471],[151.195302279617,-33.8626170539864],[151.195486921667,-33.8626699455169],[151.195647202689,-33.8626221234465],[151.195776209047,-33.8628011839386],[151.194174822675,-33.8647663070967],[151.194246067154,-33.8648605813171],[151.194165697692,-33.8651506178969],[151.19432713376,-33.8653473044536],[151.194625983882,-33.8652749816589],[151.194634278252,-33.8652665519842],[151.194696307058,-33.8653101699918],[151.19470321158,-33.8653150251338],[151.1947250571,-33.8652940019075],[151.194798495565,-33.8652233236639],[151.194801680195,-33.8652256273795],[151.195152793651,-33.8648876460331],[151.195745975389,-33.8643166421618],[151.195741984791,-33.8643135998651],[151.196627574346,-33.8634455019913],[151.196631793872,-33.8634485548239],[151.196640768677,-33.8634526231805],[151.196875568216,-33.8635590464192],[151.197002756369,-33.8636206741334],[151.197349864646,-33.8637888607413],[151.197384365682,-33.8638049160219],[151.197385297374,-33.8638100614632],[151.197395510502,-33.8638152335791],[151.197405148547,-33.8638233378598],[151.197409943332,-33.8638251492686],[151.197420097018,-33.8638289841319],[151.197455290062,-33.8638400944472],[151.197458132597,-33.8638335280696],[151.197513447098,-33.8638507146947],[151.19752964519,-33.8638556903036],[151.197517987266,-33.8638841798138],[151.197375714466,-33.8642298117692],[151.19717070527,-33.8647278459723],[151.196663805002,-33.8659592473082],[151.196661035716,-33.8659659734416],[151.196400758359,-33.8665982445855],[151.196356557998,-33.8667056161993],[151.196176712639,-33.8671424918463],[151.196159842272,-33.8671834715462],[151.196155325072,-33.8671821772412],[151.196155274566,-33.8671821629757],[151.196153553216,-33.8671816697708],[151.196143491579,-33.8671787874829],[151.196127961974,-33.8672165125865],[151.196117967786,-33.8672407890118],[151.196104074064,-33.8672745397435],[151.19610969858,-33.8672792065418],[151.196117031492,-33.8672852906399],[151.196146149619,-33.8673094489644],[151.196176563923,-33.8673346830989],[151.196137657766,-33.8674272452811],[151.196112893914,-33.86748615955],[151.196116512108,-33.8674871800915],[151.196119750976,-33.8674880931824],[151.196121598218,-33.8674886143815],[151.196123304692,-33.8674890956465],[151.19613300194,-33.8674918301266],[151.196132295416,-33.8675016226064],[151.196449158742,-33.8679379814468],[151.196828875173,-33.8682841411884],[151.197931219416,-33.8685525331913],[151.199159247178,-33.8685873611246],[151.199148694222,-33.8690839391135],[151.199224498281,-33.8692746751307],[151.199143184259,-33.8693336381595],[151.199179869322,-33.8704122355291],[151.19898610562,-33.8717665177557],[151.19903597874,-33.8721753034296],[151.199269226955,-33.8721990038334],[151.199400683586,-33.8726282357548],[151.199544509559,-33.8727985899211],[151.199681356041,-33.8728030334557],[151.199620280486,-33.8728711051707],[151.199685770077,-33.8729811755206],[151.200141496785,-33.8734472972978],[151.200393379977,-33.8735437461963],[151.201102262239,-33.8736047742139],[151.20175705579,-33.8733752179669],[151.201875069734,-33.8732476028497],[151.201943293514,-33.8725703251141],[151.202172809466,-33.8717431879957],[151.202160213807,-33.8710895609005],[151.202391078074,-33.8701962035301],[151.202459418055,-33.8694923452425],[151.202352098177,-33.8682201594486],[151.202168405853,-33.8681659969259],[151.202023294413,-33.8672371331382],[151.201859860886,-33.8670637507524],[151.201688243658,-33.8670072704625],[151.201603890871,-33.8659650422177],[151.202287960119,-33.8659073699823],[151.202401524916,-33.865817352173],[151.202384816471,-33.8654448322538],[151.202545880571,-33.8653583928508],[151.202426642867,-33.8647145181382],[151.20251888287,-33.864124069209],[151.202476119955,-33.8636206319764],[151.202450135225,-33.8633846789838],[151.202323167595,-33.8633175107263],[151.202264978692,-33.8628596703777],[151.201642351977,-33.8628647213066],[151.201674238578,-33.8626216233491],[151.202126914482,-33.8625576967019],[151.202051044911,-33.861533900827],[151.201878385004,-33.8592039335927],[151.201775769036,-33.8590349770652],[151.201847176366,-33.8589251020123],[151.201247752869,-33.8588944086151],[151.201179910309,-33.8587724963547],[151.200889796622,-33.8586076028384],[151.200458505933,-33.8585506533298],[151.200328652337,-33.8584159545499],[151.200262294344,-33.8572112083059],[151.200249892057,-33.8569860332926],[151.200255400565,-33.8569130707631],[151.200255407062,-33.8569129671576],[151.200255431746,-33.8569126149366],[151.200270821098,-33.8566895095268],[151.200256828966,-33.8563531173474],[151.200240873607,-33.8561840563822],[151.200229627263,-33.8560326238303],[151.200229857535,-33.8559871369612],[151.200229858436,-33.8559869394926],[151.200227513562,-33.8558754434896],[151.200223393262,-33.8556957281347],[151.200217299472,-33.8556221209206],[151.202193196821,-33.8555859169135],[151.202456711667,-33.8556783835181],[151.202429250445,-33.8558058979624],[151.2025962003,-33.8561327209795],[151.202642598869,-33.8561583435678],[151.202677227333,-33.8562793287824],[151.203459803384,-33.8566648061753],[151.203521545044,-33.856564052735],[151.20358071713,-33.8565142472871],[151.20358770508,-33.8566161569138],[151.204197145849,-33.8566257025849],[151.204936234198,-33.8565969377514],[151.204969422669,-33.8565956465713],[151.204988060376,-33.8565126176652],[151.205202236329,-33.8564271337293],[151.205316366198,-33.8564947909887],[151.205416980384,-33.8564665627538],[151.205645325431,-33.8562828211458],[151.205897006109,-33.8561273359356],[151.205909218955,-33.8560704739186],[151.20591508616,-33.8560657521411],[151.205983068389,-33.85590046025],[151.205909641755,-33.8555957821119],[151.206096115395,-33.8555542031424],[151.206243788595,-33.85574476413],[151.206337912124,-33.8557923675043],[151.206370268264,-33.8557664615371],[151.206571279244,-33.8556055248548],[151.206793938563,-33.8554324371342],[151.206793329116,-33.8553876575591],[151.206790906396,-33.8552096278804],[151.2071938072,-33.8550558849245],[151.207601148173,-33.8549360503829],[151.207672659646,-33.8549150121824],[151.207687141883,-33.8548621867078],[151.20769062191,-33.8548591975412],[151.207722488694,-33.854733251748],[151.207855159573,-33.8542493040624],[151.207972911225,-33.8537981692327],[151.208032601244,-33.8535694827374],[151.208043453875,-33.8535526047836],[151.208059825625,-33.8535427387951],[151.208110734852,-33.8535399496263],[151.208125492142,-33.8535420227012],[151.208277304656,-33.8535633434175],[151.208367965024,-33.853576075804],[151.208370750744,-33.8535764670829],[151.208424260369,-33.853583201947],[151.208427264172,-33.8535685453706],[151.208518475444,-33.8535819150738],[151.208518752935,-33.8535808415226],[151.20852231496,-33.8535670388953],[151.208525166802,-33.8535559834799],[151.208741372497,-33.8535883004764],[151.208740741469,-33.853591605217],[151.208734703673,-33.8536232489587],[151.208737960266,-33.8536383572397],[151.208765367983,-33.8536552052538],[151.208778025073,-33.8536626203207],[151.208798652271,-33.8536738556008],[151.208832122726,-33.8536925456163],[151.208948190948,-33.8537573574411],[151.209116694322,-33.8538514497709],[151.20929680046,-33.8539520208879],[151.209588377573,-33.8541171341955],[151.209787678047,-33.8542125234115],[151.20980745611,-33.8542432256885],[151.209820250205,-33.8542534064898],[151.209832424014,-33.8542641003894],[151.209843951623,-33.8542753061095],[151.209854779452,-33.8542869498304],[151.209864918456,-33.8542990244975],[151.209874330647,-33.8543115376749],[151.20988297139,-33.854324401245],[151.209890743031,-33.8543374262266],[151.209956050222,-33.8544361033106],[151.210118589457,-33.8546817775898],[151.210127589634,-33.8547246068449],[151.210162647575,-33.8547251088234],[151.210228160824,-33.8548463657532],[151.210329028718,-33.8549836524332],[151.210386326764,-33.8550752884806],[151.210404450653,-33.855098677837],[151.210410817967,-33.8551085136605],[151.210483948508,-33.8552214786182],[151.210526434087,-33.8552871059834],[151.210500632391,-33.8554023314186],[151.210474432372,-33.8556619664319],[151.210124109569,-33.8559007023259],[151.20974523299,-33.8558306057783],[151.209284594502,-33.8557914924288],[151.209104870395,-33.8560815572198],[151.209241894181,-33.8565582999769],[151.209909902225,-33.8572710022869],[151.20990975124,-33.8572782365949],[151.209821757579,-33.8578221414037],[151.209816646122,-33.8578537328108],[151.20976362562,-33.8581814590751],[151.209554497807,-33.8594740660204],[151.209676515717,-33.8595489288797],[151.209675122294,-33.8596151092956],[151.209540588105,-33.8597531206063],[151.209531322419,-33.8601445963867],[151.209506939917,-33.860222915676],[151.209447595244,-33.8608062320969],[151.209431653233,-33.86096292917],[151.209737980043,-33.8613586631716],[151.211502081893,-33.8615178899226],[151.212093544236,-33.8612389467253],[151.212099510409,-33.8612385526635],[151.21210170875,-33.8612384078189],[151.212103961214,-33.861238259251],[151.212105804542,-33.8612381372093],[151.212107485501,-33.8612380263379],[151.212109506345,-33.861237892444],[151.212115973653,-33.8612374659759],[151.212122794419,-33.8612335657053],[151.212318733783,-33.8611216065363],[151.212378256219,-33.8610874751648],[151.212406937101,-33.8610710295252],[151.212437227233,-33.8610536603921],[151.212485734276,-33.8610258463981],[151.21248868278,-33.8610238854941],[151.212494900944,-33.8610197501225],[151.212505973735,-33.8610123856902],[151.212524303895,-33.8609970261617],[151.212529149707,-33.8609911602708],[151.212557744426,-33.8609565458938],[151.212575993974,-33.8609231160267],[151.212590733743,-33.860892386468],[151.212604563978,-33.8608618357853],[151.212616634029,-33.8608309962591],[151.212625614251,-33.8608046458848],[151.212629953555,-33.8607830958096],[151.212661616863,-33.8604724107589],[151.212661779974,-33.8604708080191],[151.212662023258,-33.8604684183172],[151.212663573606,-33.8604532058264],[151.212680294002,-33.8603052366737],[151.212695923943,-33.8601572562064],[151.212705653979,-33.8601581457857],[151.212706684254,-33.8601392060524],[151.21269804377,-33.8601383160455],[151.212703286741,-33.8600869385309],[151.212711754404,-33.8600039556414],[151.212721484404,-33.8600048461203],[151.212723604219,-33.8599859059582],[151.212714113839,-33.8599857060846],[151.212723864027,-33.8598980256692],[151.212724874027,-33.8598763758975],[151.21272279396,-33.8598438765985],[151.212722344921,-33.8598402685163],[151.21272144876,-33.8598330641023],[151.212718744086,-33.8598113460232],[151.212718165129,-33.8598081111824],[151.212710994144,-33.8597680364259],[151.21270525369,-33.8597298562441],[151.212697444049,-33.8597095357666],[151.212687333653,-33.8596781463626],[151.212679544125,-33.8596464362356],[151.212672913679,-33.8596087959125],[151.21266863388,-33.8595763557814],[151.212665973567,-33.8595437966647],[151.212664914023,-33.8595145061468],[151.212657484502,-33.8594748063692],[151.212668223425,-33.8593954363467],[151.21267407425,-33.8593976664628],[151.212677603831,-33.8593768963673],[151.212686363778,-33.8593388561701],[151.212697083583,-33.8593027759365],[151.21269852215,-33.8592997200483],[151.212717613858,-33.859259156031],[151.212694094022,-33.8592510057772],[151.21269710792,-33.8592444514244],[151.212717744328,-33.8591995760252],[151.212739464003,-33.8592059859473],[151.212745563626,-33.8591815460514],[151.212754973772,-33.8591493360419],[151.212765913493,-33.8591170156597],[151.212777764156,-33.8590855362904],[151.212791563571,-33.8590539562342],[151.212806663722,-33.8590232363696],[151.212822594272,-33.8589926060965],[151.212840414014,-33.858962606488],[151.212859614534,-33.8589335160229],[151.212867841957,-33.8589219072498],[151.21288412828,-33.8589066731122],[151.212885091697,-33.8589054111152],[151.212901571403,-33.8588838008351],[151.212918911147,-33.8588626214351],[151.212936930891,-33.8588418504655],[151.212955641176,-33.8588215007032],[151.212975001609,-33.8588015914005],[151.212995021746,-33.8587821308115],[151.21300812358,-33.8587700697048],[151.213015661343,-33.8587631309766],[151.213036931685,-33.8587446209151],[151.213054666921,-33.8587301877744],[151.213059161737,-33.8587265305522],[151.213081991209,-33.858708980907],[151.2131054106,-33.8586919610205],[151.213112577621,-33.8586870449347],[151.213129390972,-33.8586755110513],[151.213153920645,-33.8586596209105],[151.213162349615,-33.8586544697305],[151.213178971093,-33.8586443109243],[151.213204521579,-33.8586295907108],[151.213230560866,-33.8586154808471],[151.213257071666,-33.858601981082],[151.213283841291,-33.8585891316152],[151.213313321139,-33.8585752213098],[151.213315573114,-33.8585741069422],[151.213342591278,-33.8585607407589],[151.213371450631,-33.8585456915558],[151.21339989064,-33.8585301213694],[151.213427910824,-33.8585140013369],[151.213455470564,-33.8584973615292],[151.213458458609,-33.8584954688035],[151.21348258089,-33.8584801912856],[151.213497015489,-33.8584706130146],[151.213509031997,-33.8584623405801],[151.2135341276,-33.8584450644673],[151.213536045546,-33.8584437441636],[151.213537932804,-33.8584424441552],[151.21354079688,-33.8584403278008],[151.213562315337,-33.8584244263832],[151.213577058386,-33.8584135306156],[151.213577644579,-33.8584130981603],[151.213581785677,-33.8584098154249],[151.213588189677,-33.8584047376573],[151.213589180983,-33.8584039521803],[151.213611183328,-33.8583865094721],[151.213613582488,-33.8583846073037],[151.213615301357,-33.858383244436],[151.213616100338,-33.8583826112708],[151.213616733029,-33.8583820739853],[151.213616965192,-33.8583818771635],[151.213638187822,-33.8583638307001],[151.213650662569,-33.8583532239633],[151.213652319685,-33.8583518160144],[151.21365325499,-33.8583510207076],[151.21365418272,-33.8583501738915],[151.213662375682,-33.858342702671],[151.21368323276,-33.8583236797205],[151.213684850203,-33.8583222044668],[151.213686010396,-33.8583211464049],[151.213686147031,-33.8583210212395],[151.213688223904,-33.8583191279238],[151.213688643702,-33.8583187444553],[151.213689061264,-33.8583183645614],[151.213689975942,-33.8583174697633],[151.213708847825,-33.8582989996561],[151.213722484245,-33.8582856540177],[151.213723379078,-33.8582847778683],[151.213723476156,-33.8582846836906],[151.213724318211,-33.8582837986604],[151.213725011089,-33.8582830701749],[151.213725416641,-33.8582826441178],[151.213731237016,-33.8582765253837],[151.21375300668,-33.8582536444569],[151.213754518395,-33.8582520558531],[151.213754923966,-33.8582516288945],[151.213755641141,-33.8582508755121],[151.21375645668,-33.8582500180515],[151.213757320081,-33.8582490422542],[151.213773960419,-33.8582302377037],[151.213787150486,-33.8582153318804],[151.213787555615,-33.8582148742558],[151.213787965178,-33.858214411285],[151.213788314523,-33.8582139853147],[151.213794439369,-33.8582065328008],[151.213814304484,-33.8581823554993],[151.213817201111,-33.8581788310838],[151.213817959651,-33.8581779078708],[151.213818668618,-33.858176977627],[151.213819945475,-33.8581752999523],[151.213835639814,-33.8581546890106],[151.213845745613,-33.8581414175236],[151.213846405722,-33.8581405496936],[151.213846984932,-33.8581397257783],[151.213856143887,-33.8581267137947],[151.213861464645,-33.8581191531352],[151.213867066071,-33.8581111943653],[151.213870677077,-33.8581060643755],[151.213873266719,-33.8581023849173],[151.213875877635,-33.8580983585955],[151.213891233738,-33.8580746804162],[151.213894586124,-33.8580695124106],[151.213898511431,-33.8580634590796],[151.21391232389,-33.8580402553845],[151.213922107511,-33.8580238204067],[151.213929611259,-33.858010670806],[151.213932899774,-33.8580045730758],[151.213941524117,-33.8579885811835],[151.214140998195,-33.8577792671833],[151.214395386051,-33.8572630378232],[151.214453312305,-33.8570081664777],[151.214619713333,-33.8562759956087],[151.214628582217,-33.8562369721069],[151.214655537454,-33.8561183664641],[151.214664657677,-33.8561176879278],[151.214833945296,-33.8561436750969],[151.21493006068,-33.8561182621418],[151.214994653873,-33.856104245056],[151.215041385454,-33.8560941037195],[151.215170983868,-33.8560786763599],[151.215279415552,-33.8560776128131],[151.21536351968,-33.8560848590273],[151.215480516629,-33.8561074017127],[151.215532580076,-33.8561233870371],[151.215559457567,-33.8561316394676],[151.215578446652,-33.8561374700969],[151.215585371791,-33.8561408906046],[151.215597817358,-33.8561470376739],[151.215679073593,-33.8561871714925],[151.215681944858,-33.8561891716596],[151.215764694015,-33.8562468064834],[151.215766575676,-33.8562489411082],[151.215843049355,-33.8563356844539],[151.215891457968,-33.8564362996763],[151.215907968628,-33.8565044410884],[151.215910535682,-33.8565666915099],[151.215915966413,-33.8565678603461],[151.215918195957,-33.856568339891],[151.215920518031,-33.8565688397122],[151.215945135713,-33.8565745425712],[151.215944715635,-33.8565761875862],[151.215916776455,-33.856685534588],[151.215875791694,-33.8568459425309],[151.215803493999,-33.856926144875],[151.215721835041,-33.8570167313943],[151.215669253195,-33.8572112755445],[151.215496692789,-33.8578497186849],[151.215503253136,-33.8578509895648],[151.215505258697,-33.8578513784047],[151.215507189982,-33.8578517526428],[151.215528696792,-33.8578559199546],[151.21552897979,-33.8578573316778],[151.215529244153,-33.8578586520548],[151.215554196442,-33.8579831540164],[151.215564126058,-33.8580358993382],[151.215565833196,-33.8579538462653],[151.215592339932,-33.8579542301055],[151.215593720175,-33.8578878879211],[151.215646733609,-33.8578886555824],[151.215647193675,-33.8578665415201],[151.215753220522,-33.857868076773],[151.215752820044,-33.8578873277545],[151.21580425312,-33.857882178655],[151.215805216215,-33.8578868528217],[151.215840378397,-33.8580575132351],[151.215820311926,-33.8580902554453],[151.215828140455,-33.8580903687937],[151.215826760383,-33.8581567109843],[151.215800253581,-33.8581563271926],[151.215799793549,-33.8581784412556],[151.21577328674,-33.8581780574579],[151.215772826701,-33.8582001715205],[151.215756075033,-33.8581999289665],[151.215746013394,-33.8582145205087],[151.215725868938,-33.8582437339432],[151.215718673786,-33.8582541675592],[151.215717052725,-33.8583320891791],[151.215690545869,-33.858331705362],[151.215690085806,-33.8583538194231],[151.215716592668,-33.8583542032405],[151.215715672554,-33.858398431363],[151.21574217943,-33.8583988151753],[151.215741371795,-33.858437637158],[151.215751001856,-33.8584473774834],[151.215802577182,-33.8584987951529],[151.215814056832,-33.8585102404027],[151.215821390848,-33.8585175524417],[151.215898570056,-33.8585973895871],[151.215984083466,-33.8586724734109],[151.215997544193,-33.8586842926942],[151.216002389771,-33.8586882412546],[151.216030931744,-33.8587115029015],[151.21606617189,-33.8587402223902],[151.216094356803,-33.8587631397973],[151.216094702245,-33.8587634207324],[151.216188593019,-33.8588268525041],[151.216193769454,-33.8588294974137],[151.216283315192,-33.8588752614347],[151.216329665631,-33.8588989494228],[151.216425541108,-33.8589446110897],[151.216565056151,-33.859036896027],[151.216570520663,-33.8590416461581],[151.216642940702,-33.859104595512],[151.216731862818,-33.8591947250972],[151.21673982692,-33.8592043862318],[151.216745561385,-33.8592082664704],[151.216751360831,-33.8592183787122],[151.21680796145,-33.8592870415435],[151.216893433717,-33.8594103928054],[151.216910029737,-33.8594370054128],[151.217032187549,-33.8596328873181],[151.217069145467,-33.8596921491648],[151.217113986927,-33.8597700496287],[151.217157101498,-33.8598742975473],[151.217188963553,-33.8599990055727],[151.217204218737,-33.8601126433544],[151.217213144737,-33.8602003626638],[151.217216454801,-33.860232895041],[151.217220860408,-33.8603678842835],[151.217216861682,-33.8604877595058],[151.217200501268,-33.8606418718987],[151.217184262774,-33.8607606349154],[151.217183788555,-33.8607641042836],[151.217157147246,-33.8608958209481],[151.217152745389,-33.8609136749441],[151.217116250867,-33.8610616968707],[151.21708076772,-33.8611911682777],[151.217058499041,-33.8612724215711],[151.217024458598,-33.8614270617086],[151.216980977799,-33.8616136520366],[151.216937825866,-33.8618538693918],[151.216939722942,-33.8620400288207],[151.21698443483,-33.8622457038706],[151.217006027779,-33.8622991760196],[151.217039160996,-33.8623812264438],[151.217143639776,-33.8625827931164],[151.217297135718,-33.8627779180471],[151.217471560161,-33.8629279616139],[151.217485375886,-33.8629375639776],[151.217532060123,-33.8629700141239],[151.217644593425,-33.8630482362368],[151.217680195395,-33.8630678736317],[151.21793563366,-33.8632087679083],[151.218272370735,-33.8632836545377],[151.218292150203,-33.8632824319285],[151.218313456795,-33.8632869953551],[151.218316383915,-33.8632876220116],[151.21856054573,-33.8633117941378],[151.218798788478,-33.8633074499826],[151.219034208574,-33.863272986842],[151.219255502569,-33.8632083991751],[151.219460376868,-33.8631177307028],[151.219670517905,-33.8629909914982],[151.219682518416,-33.8629837534402],[151.219841688085,-33.8628641244493],[151.219987409928,-33.8627223948628],[151.22011106493,-33.8625770883307],[151.220224247967,-33.862419989768],[151.220318872329,-33.8622829393817],[151.220483518397,-33.8620411875874],[151.220613109183,-33.8618049169221],[151.220785365407,-33.8614346278525],[151.220862408067,-33.8612458280044],[151.220903325278,-33.8611455575651],[151.221007879553,-33.8608893371898],[151.221053379427,-33.8607769259105],[151.221101828548,-33.8606339979048],[151.221138782384,-33.8605058052853],[151.221162195993,-33.8604028725837],[151.221186367763,-33.8602670839658],[151.221191452279,-33.8602433215012],[151.221210960829,-33.8601521488971],[151.221257591734,-33.8600008579129],[151.221302241684,-33.8598730477433],[151.221354121767,-33.8597450713911],[151.221413133918,-33.8596257735649],[151.221476600992,-33.8595156647783],[151.221506288522,-33.8594704793134],[151.221553152979,-33.8593991503319],[151.221554150781,-33.8593976317636],[151.221646501634,-33.8592862354431],[151.221732732173,-33.8592031512361],[151.22175108836,-33.8591872730663],[151.221795370775,-33.8591489692645],[151.221811338916,-33.8591429091086],[151.221817067308,-33.8591447474728],[151.221826653646,-33.8591478236983],[151.221829888811,-33.8591488623042],[151.22188243986,-33.8591686393623],[151.221884455071,-33.8591688785485],[151.221912925624,-33.8591722624313],[151.22195575746,-33.8591608069862],[151.221988032337,-33.8591586305685],[151.222012464599,-33.8591492460393],[151.222034044332,-33.8591444012204],[151.222061636357,-33.859136615982],[151.222109192484,-33.859138883798],[151.22214349968,-33.8591366942797],[151.222171122668,-33.8591323162625],[151.222193951173,-33.8591383518737],[151.222222944464,-33.8591374797679],[151.222247666561,-33.8591399230767],[151.222274678468,-33.8591377013143],[151.222333679593,-33.859156366501],[151.22236015121,-33.8591623770878],[151.222399969517,-33.8591644790607],[151.222407892207,-33.8591675646066],[151.222466663235,-33.8591904501932],[151.222473469279,-33.8591939055748],[151.222526493981,-33.8592208256178],[151.222530540331,-33.8592242907846],[151.222544867065,-33.8592364609172],[151.222552255907,-33.8592412628934],[151.222568041659,-33.8592516163089],[151.222569319329,-33.8592529170225],[151.222582961959,-33.8592668041282],[151.22260694029,-33.8592912131094],[151.222610048145,-33.8592933364636],[151.222613853027,-33.8592959360749],[151.222627998245,-33.8593056003307],[151.222629557876,-33.8593077428335],[151.222638634036,-33.8593202096432],[151.222644569902,-33.8593283631897],[151.22266719221,-33.8593584354091],[151.222678707806,-33.8593817574616],[151.222695987595,-33.8594022193505],[151.222710828003,-33.8594407720664],[151.222716045765,-33.8594467546668],[151.222741981514,-33.8594764914209],[151.222751454978,-33.859499987808],[151.222762838888,-33.8595221555211],[151.222756898215,-33.8595485018425],[151.222761911927,-33.8595591678763],[151.22276449378,-33.8595646633874],[151.222765660461,-33.8595892113348],[151.222771295176,-33.8595927039114],[151.222777367431,-33.8595964679119],[151.222787995337,-33.8596035321825],[151.222788842352,-33.8596313010676],[151.222763826755,-33.8596614779296],[151.222732202726,-33.8596797556065],[151.222727364012,-33.8596825515683],[151.222730859758,-33.8596852044293],[151.222738240742,-33.8596908052292],[151.222745190767,-33.8596960778894],[151.222748631203,-33.8596986875699],[151.222755624352,-33.8597279590391],[151.222754327329,-33.8597297302996],[151.22273239542,-33.8597597009443],[151.222708299904,-33.85977677155],[151.222698584786,-33.8598162063861],[151.222710599912,-33.8599698146026],[151.222739565375,-33.8603401027399],[151.222902722494,-33.8614384351767],[151.222922493268,-33.8615605029923],[151.222929218845,-33.8616153188726],[151.222940114836,-33.8617041330313],[151.222952543392,-33.8618287920745],[151.222960537655,-33.8619775693017],[151.222964269816,-33.8621286440276],[151.22295518387,-33.8622917417344],[151.222884688856,-33.8624507489752],[151.222808677666,-33.8625538404681],[151.222708133795,-33.8626532704483],[151.222571289761,-33.8627575078389],[151.222531623981,-33.8627858267029],[151.222500219665,-33.8628204056233],[151.222464801107,-33.8628818230136],[151.222449715938,-33.8628869716872],[151.222446522686,-33.862885781305],[151.222436669411,-33.8628821079218],[151.222418946821,-33.8629203144369],[151.222389269921,-33.8629499306881],[151.222346536327,-33.8629910758556],[151.222332066599,-33.863010387203],[151.222238564235,-33.8630171485101],[151.22216769981,-33.8630542537061],[151.221911731969,-33.8631330727174],[151.221795496312,-33.8632491453389],[151.221603519066,-33.8634408506535],[151.22147281287,-33.863571371977],[151.221364682366,-33.8636793480512],[151.221254626525,-33.8637892476082],[151.221310295638,-33.8638262671551],[151.22120620857,-33.8641074429787],[151.221278915855,-33.8641422674842],[151.221273553874,-33.8641698574482],[151.221251635365,-33.864207124],[151.221190500441,-33.8643096644783],[151.221195440174,-33.864343491747],[151.221181988854,-33.8643700144829],[151.22116112827,-33.8643883253588],[151.221151614278,-33.8644313401538],[151.221096923155,-33.864487950301],[151.221048448072,-33.8645840230968],[151.221004050334,-33.8646387222245],[151.220976989655,-33.8646520146059],[151.220961154672,-33.8646721311622],[151.220933838959,-33.8646831790131],[151.220916743912,-33.8646979128837],[151.220910912766,-33.86470293798],[151.220852407864,-33.86474104593],[151.22080614061,-33.8647889368585],[151.22079574013,-33.8648058459035],[151.220785006989,-33.8648108119318],[151.220768644253,-33.864818382066],[151.220694017389,-33.8649571543647],[151.220658044253,-33.8650058602769],[151.220639255028,-33.8650460241183],[151.220621093008,-33.8650594530402],[151.220600712358,-33.8650745208537],[151.220601097197,-33.8651025959511],[151.220574571203,-33.8651430348989],[151.220553195588,-33.8651942212836],[151.220560821175,-33.8651998744423],[151.220571489345,-33.8652077826213],[151.220586644709,-33.8652190181179],[151.220572559198,-33.8652348306034],[151.220547446833,-33.865253663393],[151.220533124969,-33.8652644046497],[151.220377881017,-33.8654382463652],[151.220377380518,-33.8654534028903],[151.220382843951,-33.865457036482],[151.220425880818,-33.8654856563715],[151.220427243482,-33.8654865624685],[151.220432413709,-33.8654900006532],[151.220478747417,-33.8655208142955],[151.220467536655,-33.8655405070169],[151.220424338006,-33.8655827529909],[151.22037211534,-33.8656209929082],[151.220286475473,-33.8656679930138],[151.220279801691,-33.8656717903534],[151.220229384208,-33.8657004436746],[151.220167807742,-33.8657450391529],[151.220132968218,-33.8657806066067],[151.22013104117,-33.8657830910325],[151.220105568807,-33.8658159208296],[151.220080409623,-33.8658483475562],[151.220077973913,-33.8658505486989],[151.220057204875,-33.8658693151754],[151.220051303759,-33.8658768713183],[151.220042550935,-33.8658880780104],[151.220035625972,-33.8658969440258],[151.220049631881,-33.865907263041],[151.22001987477,-33.8659404439196],[151.219970668326,-33.8659953112317],[151.219927905446,-33.8660429945284],[151.21992786534,-33.866043103962],[151.219936836973,-33.8660471850251],[151.219949431321,-33.8660529136127],[151.219951238925,-33.8660537359684],[151.219967385336,-33.8660617558066],[151.219966083024,-33.8660632014268],[151.219916404032,-33.8661183838106],[151.219904442921,-33.8661316695546],[151.219897743166,-33.8661391104503],[151.219887119855,-33.866152989932],[151.21988410027,-33.866161133253]],[[151.218204031031,-33.8850260839665],[151.218185756172,-33.8851180696881],[151.218204756494,-33.8850234857191],[151.218204031031,-33.8850260839665]]]},"properties":{"OBJECTID":34,"DateOrder":5,"StartDate":"1968","EndDate":"1981","CouncilName":"City of Sydney","Details":"On 1 August 1968, the City of Sydney lost most of the areas it had previously absorbed. Paddington (north of Oxford Street) was transferred to Woollahra Council and Glebe was transferred to Leichhardt Council. Part of Camperdown (west of Church Street/Mal","Shape__Area":13426361.253540039,"Shape__Length":34398.223209429525}},{"type":"Feature","id":38,"geometry":{"type":"Polygon","coordinates":[[[151.179625719118,-33.9202854150033],[151.179624872186,-33.9202850084244],[151.179423165586,-33.9201881791396],[151.179363725547,-33.9201615629613],[151.179227561238,-33.9201005896381],[151.179058418061,-33.9200225798406],[151.179053296487,-33.9200199368634],[151.178949508609,-33.919956611564],[151.178721862431,-33.9198177131718],[151.178405477583,-33.9196305330175],[151.178260682563,-33.9195227041763],[151.177996057429,-33.9192354339139],[151.177955979267,-33.9191839985249],[151.177832409631,-33.9190254111007],[151.177597630093,-33.9187618797388],[151.17729828852,-33.9184409330116],[151.177038049955,-33.9181619089053],[151.176693776589,-33.9177934099952],[151.176349941573,-33.9174509694434],[151.178787175863,-33.9158837640338],[151.18123675332,-33.9153473727228],[151.18124658231,-33.913354132542],[151.181232780739,-33.9133449113561],[151.181233986294,-33.9132730638366],[151.181238141859,-33.9130252887098],[151.181223726328,-33.9123570411631],[151.181217782149,-33.9114920867938],[151.181217345172,-33.910569954567],[151.181212544346,-33.9097412006777],[151.18121099935,-33.9094745608397],[151.181198675706,-33.9093797771618],[151.181195499246,-33.9093553483003],[151.181189266305,-33.9093074103125],[151.18118625531,-33.9092842544356],[151.181158684187,-33.909072219599],[151.181149024672,-33.9089979346722],[151.181146684831,-33.9089799421083],[151.181148351288,-33.9089594360792],[151.181148621981,-33.9089561126849],[151.181155357051,-33.9089084951924],[151.1811739606,-33.9088436180103],[151.181174086189,-33.9088377072055],[151.181175648467,-33.9088377302817],[151.181180804241,-33.9088197501456],[151.181202833642,-33.9087429251075],[151.181218712132,-33.9086875479948],[151.181293524467,-33.9083493057821],[151.181334450236,-33.9081642705536],[151.181391232959,-33.9079075409874],[151.181435621972,-33.9076796028179],[151.181486839087,-33.9074165924717],[151.181507147679,-33.9073123013099],[151.181510258502,-33.9072949176578],[151.181530762963,-33.907180333397],[151.181530870952,-33.9071797299291],[151.181533122713,-33.9071671488426],[151.181530126498,-33.9071122891623],[151.181527972192,-33.9070728317879],[151.181524746174,-33.9070226811687],[151.181521493726,-33.906973724053],[151.181515478812,-33.906946778919],[151.181509023177,-33.9069180274174],[151.181508501489,-33.906915806861],[151.181497927159,-33.9068707840844],[151.181497437455,-33.9068692980108],[151.181493106128,-33.9068561634294],[151.18148448607,-33.90683002745],[151.181439447629,-33.9067066382862],[151.181438517586,-33.9067040915836],[151.181405826973,-33.9066460457796],[151.181391599343,-33.9066207837166],[151.181143233298,-33.9060821471225],[151.181136031599,-33.9060665300427],[151.18112059238,-33.9060330460881],[151.180990155723,-33.9057640450468],[151.180913442844,-33.9055895392737],[151.180909863223,-33.9055813951454],[151.180716714467,-33.9051777205816],[151.180651982207,-33.9050423338849],[151.180629898478,-33.9049961472799],[151.180627677476,-33.904991502102],[151.180609690529,-33.9049543635931],[151.180481030571,-33.9046887201812],[151.18028923996,-33.9042886431099],[151.18021820476,-33.9041519574355],[151.18016553942,-33.9040506178992],[151.180159534045,-33.9040391258367],[151.18002669155,-33.903784930775],[151.179893284654,-33.903532445034],[151.179860227507,-33.9034723104125],[151.179852818545,-33.9034612746067],[151.17981169187,-33.9034000179738],[151.179711861689,-33.9032506202893],[151.179618777568,-33.9031204092305],[151.179503478972,-33.9029542431377],[151.179484130365,-33.9029263586632],[151.179479114514,-33.902918484522],[151.179404491393,-33.9028013255816],[151.179370608206,-33.9027481282771],[151.179255011029,-33.9025328861409],[151.179033049862,-33.902071256066],[151.179004295171,-33.9020114517555],[151.178994933706,-33.901992266021],[151.178720526632,-33.9014298820237],[151.178357288898,-33.9006837060771],[151.178203886227,-33.9003629276078],[151.178160236357,-33.9002674980131],[151.178145104304,-33.900234415905],[151.178104083972,-33.9001416032462],[151.178057888444,-33.9000303294772],[151.178055468918,-33.900023692996],[151.178028151035,-33.8999487705246],[151.177974117053,-33.8997988560165],[151.177936788063,-33.8996706616104],[151.17783897701,-33.8992922512301],[151.177820756774,-33.8992072845572],[151.177810229685,-33.8991641837573],[151.177802512274,-33.8991235105151],[151.177798932175,-33.8990900555448],[151.177798870361,-33.8990840671223],[151.177798541175,-33.8990519704714],[151.177798466256,-33.8990447176251],[151.177802804247,-33.8989923460295],[151.177810405218,-33.8989542322237],[151.177818165278,-33.8989257170151],[151.17782735446,-33.8988972229511],[151.177851200967,-33.8988522447539],[151.17785645372,-33.8988443430357],[151.177862530956,-33.8988351992052],[151.177866452112,-33.8988292994703],[151.177876325415,-33.8988144425155],[151.177914625086,-33.8987625210904],[151.178035294312,-33.8986044552141],[151.178129359027,-33.8984865546988],[151.178245202939,-33.898339849388],[151.17827294336,-33.8983047188178],[151.178324891249,-33.898238933903],[151.178333832723,-33.8982272579653],[151.178467619595,-33.8980525629187],[151.178471914411,-33.8980470383998],[151.178595559881,-33.8978879942769],[151.178608816717,-33.8978709419816],[151.178730812095,-33.8977176669432],[151.178855318345,-33.8975666101951],[151.179007780708,-33.8973932664336],[151.17908482769,-33.8973094352765],[151.179141126351,-33.8972413815284],[151.17914352479,-33.897238482748],[151.179144323916,-33.8972375161821],[151.179180164119,-33.8971941920607],[151.179182321707,-33.8971915845855],[151.179310432736,-33.8970331494449],[151.179313301496,-33.8970294902386],[151.179382187985,-33.8969416400436],[151.179473165163,-33.8968281031424],[151.179477414039,-33.8968228006343],[151.179547700755,-33.896746538477],[151.179581628294,-33.8967117298835],[151.17963988753,-33.8966629659005],[151.179689893125,-33.8966255310143],[151.179698361144,-33.8966203927544],[151.179707243261,-33.8966150027184],[151.17980351128,-33.8965565891937],[151.179951797982,-33.8964719365147],[151.180005297423,-33.8964447165702],[151.180025395247,-33.8964344903353],[151.180096608268,-33.8963982568783],[151.180145005856,-33.8963736315149],[151.180311595471,-33.8962892479402],[151.180464293866,-33.8962122947884],[151.18063224705,-33.8961209082067],[151.180701643978,-33.8960831479762],[151.180862877673,-33.8959815073803],[151.181001147401,-33.8958833435376],[151.18110818394,-33.8958009431663],[151.181133911521,-33.8957788248582],[151.181159474996,-33.8957568465949],[151.181181718182,-33.8957333170026],[151.181178709033,-33.8957263824121],[151.181144623932,-33.8956478330378],[151.181137055209,-33.8956312050961],[151.181089953615,-33.8955277334126],[151.181041939125,-33.8954171506787],[151.181019000421,-33.8953643219424],[151.180994917462,-33.8953088567639],[151.180987433882,-33.8952912264406],[151.180929640176,-33.8951550829478],[151.180919534537,-33.8951316932906],[151.180901092847,-33.8950890132445],[151.180899117053,-33.8950844411245],[151.180877529822,-33.8950344800007],[151.180877512306,-33.8950344391639],[151.180759449115,-33.8947653265562],[151.180530925449,-33.8942273034983],[151.180353233693,-33.8938109725537],[151.180317153759,-33.8937273419675],[151.180305789794,-33.893701000328],[151.18030474363,-33.893698582651],[151.180285270661,-33.8936535752311],[151.180249066476,-33.8935698949977],[151.180182686692,-33.893408585844],[151.180180726911,-33.8934038741805],[151.180053667138,-33.8930984278557],[151.179927628096,-33.8928009101072],[151.179831394135,-33.892570229212],[151.179762793281,-33.8924095028972],[151.179665703718,-33.8921820302256],[151.179604988102,-33.8920397778744],[151.179601817749,-33.8920323503201],[151.17958347139,-33.8919893649004],[151.179571146085,-33.8919607068578],[151.179568293206,-33.8919541135907],[151.17951365805,-33.8918278324132],[151.179407544638,-33.8915815701794],[151.179395306964,-33.8915531695074],[151.179321225696,-33.8913774301219],[151.17929770472,-33.8913265032401],[151.179297581971,-33.8913262245931],[151.179296974632,-33.8913248350597],[151.179269711256,-33.8912625189508],[151.179210636109,-33.8911157387045],[151.179210307463,-33.8911149727822],[151.17915884143,-33.8909952037362],[151.179133561393,-33.8910000790018],[151.179078641498,-33.891014514496],[151.179000358781,-33.8910350898265],[151.17872585836,-33.8911090482356],[151.178551402075,-33.8911601504625],[151.178523636336,-33.8911667436162],[151.178443574414,-33.8911857539161],[151.178416201,-33.8911819820015],[151.178414479248,-33.89118174463],[151.178407333846,-33.8911679803829],[151.178405118373,-33.8911591809561],[151.178404168159,-33.8911554075725],[151.178398872016,-33.8911420881779],[151.178386763098,-33.8911142105177],[151.178383251454,-33.8911064658859],[151.178331739556,-33.8909928745199],[151.178263241558,-33.8908298368802],[151.17818606575,-33.8906485369701],[151.178165113068,-33.8905993151775],[151.1781294773,-33.8905155994685],[151.178128399192,-33.8905130613704],[151.178004947848,-33.8902224142508],[151.177971606142,-33.8901439156014],[151.177970109972,-33.8901403938376],[151.177864240741,-33.8898912357682],[151.17785631812,-33.8898725906266],[151.177853371078,-33.8898656550728],[151.177851433178,-33.8898610933851],[151.177812716955,-33.889769981076],[151.177812585137,-33.8897696716344],[151.17778518962,-33.8897049474287],[151.177780027632,-33.8896927508485],[151.177644699862,-33.8893730306907],[151.177623062637,-33.889321910448],[151.177374849396,-33.888735474754],[151.177357069879,-33.8886934739809],[151.177352614161,-33.8886829497309],[151.177151032167,-33.8882066615557],[151.177147761458,-33.8881989357846],[151.177020135828,-33.8878969326008],[151.176986868497,-33.8878205069772],[151.176908286532,-33.8876399826055],[151.17678443099,-33.8873434976916],[151.176783068702,-33.8873403449013],[151.176772177642,-33.8873151380157],[151.176725812612,-33.887207829719],[151.176627680602,-33.8869797225129],[151.176601436425,-33.8869091925935],[151.176584384513,-33.8868633674055],[151.176568003429,-33.8868084274945],[151.176565123175,-33.886798769661],[151.176564233133,-33.8867957816629],[151.176563577087,-33.8867935852448],[151.17656322592,-33.8867924059879],[151.176559018648,-33.8867782946809],[151.176528681959,-33.8866708935552],[151.176520444214,-33.8866417312434],[151.176422093209,-33.8862895554878],[151.176375600267,-33.8861218587096],[151.176318480951,-33.8859158305528],[151.176278859152,-33.8857692278479],[151.176222914204,-33.8855672748377],[151.176213499762,-33.8855359029652],[151.176210459925,-33.8855257711531],[151.176203671435,-33.8855031498185],[151.176203328138,-33.8855020076481],[151.176185480594,-33.8854425345932],[151.176176168149,-33.8854115023784],[151.176153342439,-33.8853391951624],[151.176125133193,-33.8852498348775],[151.176120694242,-33.8852357949685],[151.17611148408,-33.8852066642181],[151.176008297219,-33.8848984464134],[151.175879229154,-33.8845112212048],[151.175793784585,-33.8842725480391],[151.175731157844,-33.8840770884285],[151.1757069955,-33.8840016783025],[151.175618185604,-33.8837391133082],[151.175591060356,-33.8836695223555],[151.175506025762,-33.8834735125265],[151.175483849495,-33.8834155875548],[151.175598406861,-33.8833380975608],[151.175951091607,-33.8829672719268],[151.176018880875,-33.8825199159823],[151.176070064237,-33.8825415616459],[151.176066561367,-33.8825265725396],[151.176153845475,-33.8825769932388],[151.176721553511,-33.8829049372553],[151.17697317763,-33.8830502897618],[151.177166969802,-33.8831622342431],[151.177484667086,-33.8831890565058],[151.177486078154,-33.8831227150859],[151.177651790688,-33.8831251667686],[151.177857273652,-33.8831282065369],[151.177875446504,-33.8831498437765],[151.178064214255,-33.8833745935676],[151.178593301017,-33.8834787486418],[151.17867168831,-33.8834941794595],[151.17896486459,-33.883561369455],[151.179113312891,-33.8834692830104],[151.179853441109,-33.8830688182581],[151.180166778451,-33.8834715947537],[151.179752764531,-33.883741937005],[151.179806628517,-33.8837542805763],[151.179963552939,-33.8838583538532],[151.180591255578,-33.8842746441843],[151.181178302192,-33.8846304504278],[151.18137683101,-33.8847507759677],[151.181714481579,-33.8850875678347],[151.182043271471,-33.8855150923349],[151.183245815,-33.8853014033014],[151.183603935738,-33.8852333663959],[151.184534969751,-33.8850564984205],[151.184630809346,-33.8850382918493],[151.185005884506,-33.8849670362201],[151.185044425459,-33.8849597139127],[151.185062108298,-33.8849563539867],[151.185132750569,-33.8849429336849],[151.185139034185,-33.8849417746557],[151.185139093206,-33.8849389882581],[151.185153025522,-33.8849391935316],[151.18548842339,-33.8848773178124],[151.185809540549,-33.8848253889034],[151.186276329823,-33.8847634749106],[151.186704011057,-33.8847171669033],[151.187111853915,-33.8846907949924],[151.187199610507,-33.8846865462564],[151.187432200269,-33.8846752788381],[151.187478715732,-33.8846741445007],[151.187486987898,-33.8846739434004],[151.187637934951,-33.8846702598521],[151.187742675893,-33.8846677043037],[151.189119372922,-33.8846839114365],[151.189561987197,-33.8847041159314],[151.18983216847,-33.8847178975791],[151.189924894805,-33.8847226272916],[151.190149118585,-33.8847340646886],[151.190158974121,-33.8847344033684],[151.190190299615,-33.8847354813154],[151.190583235741,-33.8847489719119],[151.190961415898,-33.8847502712749],[151.191417638092,-33.8847105428988],[151.19147001131,-33.8847059852998],[151.191632181864,-33.8846918716278],[151.192036628326,-33.8846594125996],[151.192151760546,-33.884644613232],[151.192435640918,-33.8846081208602],[151.192753997417,-33.884567209268],[151.192885578705,-33.884551898495],[151.192904884371,-33.8845496514439],[151.193260147546,-33.8845083078941],[151.193529914375,-33.8844854485484],[151.193587693988,-33.8844805527273],[151.193636173466,-33.8844774880894],[151.193636195492,-33.884476443298],[151.194084430591,-33.8844384598655],[151.194177192507,-33.8844314985641],[151.194179526171,-33.8844313235727],[151.194353538659,-33.8844182645052],[151.194377581384,-33.8844164599804],[151.194388785137,-33.8844156196739],[151.194414671196,-33.8844145383041],[151.194465242111,-33.8844124264733],[151.194486294205,-33.8844115474597],[151.194495323644,-33.8844111703275],[151.194523432431,-33.8844099961729],[151.194592478865,-33.884407111779],[151.194619025025,-33.8844060030698],[151.194651735101,-33.8844046366242],[151.19476610293,-33.8843998599396],[151.194777247959,-33.8843993947619],[151.194908291737,-33.8843939182142],[151.194925448091,-33.8843932020605],[151.195010615243,-33.8843896447121],[151.194994027268,-33.8841213382775],[151.194992398923,-33.8840950125121],[151.194982110756,-33.8839286001353],[151.194942176084,-33.8832827453621],[151.194899685752,-33.8828847355843],[151.194885174207,-33.8827518618674],[151.194823536666,-33.8821854206595],[151.194799125917,-33.8818967987436],[151.194788263677,-33.8818153424147],[151.194777632685,-33.8817229613026],[151.194748761002,-33.8814836207356],[151.194718283273,-33.8812010489085],[151.194687353697,-33.8809195074433],[151.194686674102,-33.8809133277873],[151.19468572518,-33.8809046905531],[151.194612159191,-33.880226072951],[151.194534002062,-33.8795075022556],[151.195000805475,-33.8793270607784],[151.195726229036,-33.8790466461152],[151.195651564692,-33.8789187111895],[151.195644640161,-33.8789068456763],[151.194856489957,-33.8775563490298],[151.194000511762,-33.8760866414838],[151.193373355235,-33.8750056747404],[151.193369178787,-33.8749985573842],[151.193117631422,-33.8745707757757],[151.193111750413,-33.8745607748973],[151.193036167678,-33.8744340450247],[151.192974861958,-33.8743312519861],[151.192866325345,-33.8742129893112],[151.192812658055,-33.8741791957096],[151.192760963482,-33.8741513626648],[151.192689412247,-33.8741195673209],[151.192621824329,-33.8740957148885],[151.192554236183,-33.874059929701],[151.192500569117,-33.8740261359698],[151.192415518954,-33.8739612190177],[151.192430852872,-33.8739498837036],[151.192329371846,-33.8738812214581],[151.192323209321,-33.8738860112479],[151.192317335855,-33.8738905762372],[151.192303090706,-33.8738653556761],[151.191759011315,-33.8729020587115],[151.191576437364,-33.8727882449203],[151.191576763464,-33.8727840097293],[151.191598058998,-33.8727579284146],[151.191602966965,-33.8727542384009],[151.191618584958,-33.8727424988659],[151.191588998024,-33.8726979064009],[151.191447417219,-33.8724845199367],[151.19139360076,-33.8724034083888],[151.191355509698,-33.8723459972436],[151.191353311268,-33.872346336486],[151.191298437081,-33.8723548133927],[151.191203570202,-33.8723309916545],[151.191068064643,-33.872204058037],[151.191036444425,-33.8721744387264],[151.191010427847,-33.8721500677518],[151.190908232712,-33.8720543372057],[151.190881903875,-33.8719423702824],[151.190973578732,-33.8718857805886],[151.190915761473,-33.8718395344531],[151.190879821603,-33.8718107867777],[151.190877277646,-33.8718087511673],[151.190724977579,-33.8716869287036],[151.190699253264,-33.871612766116],[151.190694295918,-33.8716093217108],[151.190648025127,-33.8715771777942],[151.190435439942,-33.8714294941425],[151.190236629041,-33.8712913779336],[151.190229936175,-33.8712867285416],[151.190150927995,-33.8712369650895],[151.190095715788,-33.8712021890975],[151.190082890223,-33.8711941113666],[151.190040009661,-33.8711671028409],[151.189996535221,-33.8711444662245],[151.189846418515,-33.8710580464004],[151.189831425593,-33.8710509900312],[151.189815934871,-33.8710446242921],[151.189687483066,-33.8709919004672],[151.189434612853,-33.8708881086768],[151.189387334515,-33.8708694169643],[151.18938460378,-33.870873719608],[151.189357117401,-33.8708646228936],[151.18934096632,-33.8708592771769],[151.189320759481,-33.8708525895787],[151.189292930352,-33.8708415517793],[151.189249589142,-33.8708269549642],[151.189232636994,-33.8708200248271],[151.189219152546,-33.870814384644],[151.189217679739,-33.8708160438388],[151.189202438047,-33.8708094589545],[151.189196079241,-33.8708042499289],[151.18914478679,-33.8707869067408],[151.189019920372,-33.8707329589696],[151.188971930364,-33.8707102502129],[151.188944003971,-33.8706964010876],[151.188921549662,-33.8706852663752],[151.18888625021,-33.8706655061627],[151.18883731499,-33.870638112452],[151.188798327528,-33.8706162871207],[151.188762594367,-33.8705962842419],[151.188748937213,-33.8705886396088],[151.18870218977,-33.870559059731],[151.188667272652,-33.870535892898],[151.188668307026,-33.8705342633335],[151.188668807665,-33.8705327224081],[151.188607972169,-33.8704881657898],[151.188567513162,-33.8704585322361],[151.188537612301,-33.8704366321208],[151.188475038668,-33.8703850668165],[151.188419840023,-33.8703395785332],[151.18841869251,-33.8703386328691],[151.188412978521,-33.8703326352466],[151.188403366375,-33.870322545925],[151.18829049009,-33.8702040703596],[151.188212919487,-33.8701226514503],[151.188210281946,-33.8701198830999],[151.18807660735,-33.8699795760812],[151.188075303418,-33.8699782060997],[151.18806913894,-33.8699717365394],[151.188039048568,-33.8699637266111],[151.187252931183,-33.8691213384043],[151.187183444317,-33.8685958033516],[151.187079743068,-33.8685205747547],[151.187134276297,-33.8684448961834],[151.187064984223,-33.8683331710114],[151.187099842345,-33.868332124822],[151.1871180334,-33.8683160656036],[151.187478589386,-33.8679977533355],[151.187474379642,-33.8679944478499],[151.187526019813,-33.8679482052789],[151.187540000847,-33.8679342662703],[151.187603074911,-33.8678713861527],[151.187635981886,-33.8678410280304],[151.18773788899,-33.8677549338877],[151.187893291762,-33.8676084786296],[151.187929858392,-33.8675736357954],[151.187947183162,-33.8675609569508],[151.18796119428,-33.86755070284],[151.187963082768,-33.8675493211958],[151.188061163687,-33.8674623535217],[151.188104525719,-33.8674209908996],[151.188117832866,-33.8674110537488],[151.188397855171,-33.8671691182867],[151.188507307679,-33.8670260470968],[151.188614414221,-33.8668984223729],[151.188711918097,-33.8667995580318],[151.188728529068,-33.8664427683977],[151.189070558392,-33.8660802884017],[151.189091817933,-33.8660577570987],[151.189139341385,-33.8660073927612],[151.189170238262,-33.8659746475073],[151.189206769373,-33.8660265465878],[151.189232151585,-33.8660337566098],[151.189285814058,-33.8659942789648],[151.189350416025,-33.8659467544225],[151.189375018232,-33.8659286555469],[151.189392708806,-33.8659221236106],[151.189469629133,-33.865841485087],[151.189507028554,-33.8658125432497],[151.189769023329,-33.8656164220572],[151.18997483574,-33.8654582786256],[151.189992884206,-33.8654423133463],[151.190001890273,-33.8654343462191],[151.190153829319,-33.8654756703552],[151.190333344251,-33.8655244969232],[151.190335978442,-33.8655179970964],[151.190341755416,-33.8655037424766],[151.190736487209,-33.8656157102818],[151.190749571704,-33.8656194219074],[151.190853893136,-33.8656490131711],[151.190931187716,-33.8656266415223],[151.19135268932,-33.8655046444786],[151.191361264267,-33.8655229521375],[151.191368672766,-33.8655205612637],[151.191514344578,-33.8654355877916],[151.191533815394,-33.8654242303102],[151.191499224489,-33.8653404027014],[151.19097075392,-33.8640596635379],[151.191027761568,-33.8638832977249],[151.19127019222,-33.8637096476119],[151.191757494518,-33.863665701954],[151.192129046319,-33.8632793000381],[151.192333373422,-33.8631627820354],[151.192385821793,-33.8631379285185],[151.192385908053,-33.8631378874022],[151.192385942993,-33.8631378707817],[151.193675498629,-33.8625267718505],[151.193782343933,-33.8626159756212],[151.19399919856,-33.8627970244789],[151.193543612336,-33.8636253427585],[151.193460204948,-33.8637853421283],[151.193412534611,-33.8639036558361],[151.193395979064,-33.8640138564958],[151.193483110529,-33.8641630429313],[151.193492342788,-33.8641575550354],[151.193497090079,-33.8641677232319],[151.193757583265,-33.8642809359446],[151.193784430223,-33.8642642757801],[151.194083638303,-33.8638727486316],[151.194379106591,-33.8634861083229],[151.195155318026,-33.8624705164253],[151.196066416635,-33.8625755421576],[151.195078976519,-33.8638684594797],[151.194252452555,-33.8649962822797],[151.194634278252,-33.8652665519842],[151.194696307058,-33.8653101699918],[151.19470321158,-33.8653150251338],[151.1947250571,-33.8652940019075],[151.194798495565,-33.8652233236639],[151.194801680195,-33.8652256273795],[151.195152793651,-33.8648876460331],[151.195745975389,-33.8643166421618],[151.195741984791,-33.8643135998651],[151.196627574346,-33.8634455019913],[151.196631793872,-33.8634485548239],[151.196640768677,-33.8634526231805],[151.196875568216,-33.8635590464192],[151.197002756369,-33.8636206741334],[151.197349864646,-33.8637888607413],[151.197384365682,-33.8638049160219],[151.197385297374,-33.8638100614632],[151.197395510502,-33.8638152335791],[151.197405148547,-33.8638233378598],[151.197409943332,-33.8638251492686],[151.197420097018,-33.8638289841319],[151.197455290062,-33.8638400944472],[151.197458132597,-33.8638335280696],[151.197513447098,-33.8638507146947],[151.19752964519,-33.8638556903036],[151.197517987266,-33.8638841798138],[151.197375714466,-33.8642298117692],[151.19717070527,-33.8647278459723],[151.196663805002,-33.8659592473082],[151.196661035716,-33.8659659734416],[151.196400758359,-33.8665982445855],[151.196356557998,-33.8667056161993],[151.196176712639,-33.8671424918463],[151.196159842272,-33.8671834715462],[151.196155325072,-33.8671821772412],[151.196155274566,-33.8671821629757],[151.196153553216,-33.8671816697708],[151.196143491579,-33.8671787874829],[151.196127961974,-33.8672165125865],[151.196117967786,-33.8672407890118],[151.196104074064,-33.8672745397435],[151.19610969858,-33.8672792065418],[151.196117031492,-33.8672852906399],[151.196146149619,-33.8673094489644],[151.196176563923,-33.8673346830989],[151.196137657766,-33.8674272452811],[151.196112893914,-33.86748615955],[151.196116512108,-33.8674871800915],[151.196119750976,-33.8674880931824],[151.196121598218,-33.8674886143815],[151.196123304692,-33.8674890956465],[151.19613300194,-33.8674918301266],[151.196132295416,-33.8675016226064],[151.196449158742,-33.8679379814468],[151.196828875173,-33.8682841411884],[151.197931219416,-33.8685525331913],[151.199159247178,-33.8685873611246],[151.199148694222,-33.8690839391135],[151.199224498281,-33.8692746751307],[151.199143184259,-33.8693336381595],[151.199179869322,-33.8704122355291],[151.19898610562,-33.8717665177557],[151.19903597874,-33.8721753034296],[151.199269226955,-33.8721990038334],[151.199400683586,-33.8726282357548],[151.199544509559,-33.8727985899211],[151.199681356041,-33.8728030334557],[151.199620280486,-33.8728711051707],[151.199685770077,-33.8729811755206],[151.200141496785,-33.8734472972978],[151.200393379977,-33.8735437461963],[151.201102262239,-33.8736047742139],[151.20175705579,-33.8733752179669],[151.201875069734,-33.8732476028497],[151.201943293514,-33.8725703251141],[151.202172809466,-33.8717431879957],[151.202160213807,-33.8710895609005],[151.202391078074,-33.8701962035301],[151.202459418055,-33.8694923452425],[151.202352098177,-33.8682201594486],[151.202168405853,-33.8681659969259],[151.202023294413,-33.8672371331382],[151.201859860886,-33.8670637507524],[151.201688243658,-33.8670072704625],[151.201603890871,-33.8659650422177],[151.202287960119,-33.8659073699823],[151.202401524916,-33.865817352173],[151.202384816471,-33.8654448322538],[151.202545880571,-33.8653583928508],[151.202426642867,-33.8647145181382],[151.20251888287,-33.864124069209],[151.202476119955,-33.8636206319764],[151.202450135225,-33.8633846789838],[151.202323167595,-33.8633175107263],[151.202264978692,-33.8628596703777],[151.201642351977,-33.8628647213066],[151.201674238578,-33.8626216233491],[151.202126914482,-33.8625576967019],[151.202051044911,-33.861533900827],[151.201878385004,-33.8592039335927],[151.201775769036,-33.8590349770652],[151.201847176366,-33.8589251020123],[151.201247752869,-33.8588944086151],[151.201179910309,-33.8587724963547],[151.200889796622,-33.8586076028384],[151.200458505933,-33.8585506533298],[151.200328652337,-33.8584159545499],[151.200262294344,-33.8572112083059],[151.200249892057,-33.8569860332926],[151.200255400565,-33.8569130707631],[151.200255407062,-33.8569129671576],[151.200255431746,-33.8569126149366],[151.200270821098,-33.8566895095268],[151.200256828966,-33.8563531173474],[151.200240873607,-33.8561840563822],[151.200229627263,-33.8560326238303],[151.200229857535,-33.8559871369612],[151.200229858436,-33.8559869394926],[151.200227513562,-33.8558754434896],[151.200223393262,-33.8556957281347],[151.200217299472,-33.8556221209206],[151.202193196821,-33.8555859169135],[151.202456711667,-33.8556783835181],[151.202429250445,-33.8558058979624],[151.2025962003,-33.8561327209795],[151.202642598869,-33.8561583435678],[151.202677227333,-33.8562793287824],[151.203459803384,-33.8566648061753],[151.203521545044,-33.856564052735],[151.20358071713,-33.8565142472871],[151.20358770508,-33.8566161569138],[151.204197145849,-33.8566257025849],[151.204936234198,-33.8565969377514],[151.204969422669,-33.8565956465713],[151.204988060376,-33.8565126176652],[151.205202236329,-33.8564271337293],[151.205316366198,-33.8564947909887],[151.205416980384,-33.8564665627538],[151.205645325431,-33.8562828211458],[151.205897006109,-33.8561273359356],[151.205909218955,-33.8560704739186],[151.20591508616,-33.8560657521411],[151.205983068389,-33.85590046025],[151.205909641755,-33.8555957821119],[151.206096115395,-33.8555542031424],[151.206243788595,-33.85574476413],[151.206337912124,-33.8557923675043],[151.206370268264,-33.8557664615371],[151.206571279244,-33.8556055248548],[151.206793938563,-33.8554324371342],[151.206793329116,-33.8553876575591],[151.206790906396,-33.8552096278804],[151.2071938072,-33.8550558849245],[151.207601148173,-33.8549360503829],[151.207672659646,-33.8549150121824],[151.207687141883,-33.8548621867078],[151.20769062191,-33.8548591975412],[151.207722488694,-33.854733251748],[151.207855159573,-33.8542493040624],[151.207972911225,-33.8537981692327],[151.208032601244,-33.8535694827374],[151.208043453875,-33.8535526047836],[151.208059825625,-33.8535427387951],[151.208110734852,-33.8535399496263],[151.208125492142,-33.8535420227012],[151.208277304656,-33.8535633434175],[151.208367965024,-33.853576075804],[151.208370750744,-33.8535764670829],[151.208424260369,-33.853583201947],[151.208427264172,-33.8535685453706],[151.208518475444,-33.8535819150738],[151.208518752935,-33.8535808415226],[151.20852231496,-33.8535670388953],[151.208525166802,-33.8535559834799],[151.208741372497,-33.8535883004764],[151.208740741469,-33.853591605217],[151.208734703673,-33.8536232489587],[151.208737960266,-33.8536383572397],[151.208765367983,-33.8536552052538],[151.208778025073,-33.8536626203207],[151.208798652271,-33.8536738556008],[151.208832122726,-33.8536925456163],[151.208948190948,-33.8537573574411],[151.209116694322,-33.8538514497709],[151.20929680046,-33.8539520208879],[151.209588377573,-33.8541171341955],[151.209787678047,-33.8542125234115],[151.20980745611,-33.8542432256885],[151.209820250205,-33.8542534064898],[151.209832424014,-33.8542641003894],[151.209843951623,-33.8542753061095],[151.209854779452,-33.8542869498304],[151.209864918456,-33.8542990244975],[151.209874330647,-33.8543115376749],[151.20988297139,-33.854324401245],[151.209890743031,-33.8543374262266],[151.209956050222,-33.8544361033106],[151.210118589457,-33.8546817775898],[151.210127589634,-33.8547246068449],[151.210162647575,-33.8547251088234],[151.210228160824,-33.8548463657532],[151.210329028718,-33.8549836524332],[151.210386326764,-33.8550752884806],[151.210404450653,-33.855098677837],[151.210410817967,-33.8551085136605],[151.210483948508,-33.8552214786182],[151.210526434087,-33.8552871059834],[151.210500632391,-33.8554023314186],[151.210474432372,-33.8556619664319],[151.210124109569,-33.8559007023259],[151.20974523299,-33.8558306057783],[151.209284594502,-33.8557914924288],[151.209104870395,-33.8560815572198],[151.209241894181,-33.8565582999769],[151.209909902225,-33.8572710022869],[151.20990975124,-33.8572782365949],[151.209821757579,-33.8578221414037],[151.209816646122,-33.8578537328108],[151.20976362562,-33.8581814590751],[151.209554497807,-33.8594740660204],[151.209676515717,-33.8595489288797],[151.209675122294,-33.8596151092956],[151.209540588105,-33.8597531206063],[151.209531322419,-33.8601445963867],[151.209506939917,-33.860222915676],[151.209447595244,-33.8608062320969],[151.209431653233,-33.86096292917],[151.209737980043,-33.8613586631716],[151.211502081893,-33.8615178899226],[151.212093544236,-33.8612389467253],[151.212099510409,-33.8612385526635],[151.21210170875,-33.8612384078189],[151.212103961214,-33.861238259251],[151.212105804542,-33.8612381372093],[151.212107485501,-33.8612380263379],[151.212109506345,-33.861237892444],[151.212115973653,-33.8612374659759],[151.212122794419,-33.8612335657053],[151.212318733783,-33.8611216065363],[151.212378256219,-33.8610874751648],[151.212406937101,-33.8610710295252],[151.212437227233,-33.8610536603921],[151.212485734276,-33.8610258463981],[151.21248868278,-33.8610238854941],[151.212494900944,-33.8610197501225],[151.212505973735,-33.8610123856902],[151.212524303895,-33.8609970261617],[151.212529149707,-33.8609911602708],[151.212557744426,-33.8609565458938],[151.212575993974,-33.8609231160267],[151.212590733743,-33.860892386468],[151.212604563978,-33.8608618357853],[151.212616634029,-33.8608309962591],[151.212625614251,-33.8608046458848],[151.212629953555,-33.8607830958096],[151.212661616863,-33.8604724107589],[151.212661779974,-33.8604708080191],[151.212662023258,-33.8604684183172],[151.212663573606,-33.8604532058264],[151.212680294002,-33.8603052366737],[151.212695923943,-33.8601572562064],[151.212705653979,-33.8601581457857],[151.212706684254,-33.8601392060524],[151.21269804377,-33.8601383160455],[151.212703286741,-33.8600869385309],[151.212711754404,-33.8600039556414],[151.212721484404,-33.8600048461203],[151.212723604219,-33.8599859059582],[151.212714113839,-33.8599857060846],[151.212723864027,-33.8598980256692],[151.212724874027,-33.8598763758975],[151.21272279396,-33.8598438765985],[151.212722344921,-33.8598402685163],[151.21272144876,-33.8598330641023],[151.212718744086,-33.8598113460232],[151.212718165129,-33.8598081111824],[151.212710994144,-33.8597680364259],[151.21270525369,-33.8597298562441],[151.212697444049,-33.8597095357666],[151.212687333653,-33.8596781463626],[151.212679544125,-33.8596464362356],[151.212672913679,-33.8596087959125],[151.21266863388,-33.8595763557814],[151.212665973567,-33.8595437966647],[151.212664914023,-33.8595145061468],[151.212657484502,-33.8594748063692],[151.212668223425,-33.8593954363467],[151.21267407425,-33.8593976664628],[151.212677603831,-33.8593768963673],[151.212686363778,-33.8593388561701],[151.212697083583,-33.8593027759365],[151.21269852215,-33.8592997200483],[151.212717613858,-33.859259156031],[151.212694094022,-33.8592510057772],[151.21269710792,-33.8592444514244],[151.212717744328,-33.8591995760252],[151.212739464003,-33.8592059859473],[151.212745563626,-33.8591815460514],[151.212754973772,-33.8591493360419],[151.212765913493,-33.8591170156597],[151.212777764156,-33.8590855362904],[151.212791563571,-33.8590539562342],[151.212806663722,-33.8590232363696],[151.212822594272,-33.8589926060965],[151.212840414014,-33.858962606488],[151.212859614534,-33.8589335160229],[151.212867841957,-33.8589219072498],[151.21288412828,-33.8589066731122],[151.212885091697,-33.8589054111152],[151.212901571403,-33.8588838008351],[151.212918911147,-33.8588626214351],[151.212936930891,-33.8588418504655],[151.212955641176,-33.8588215007032],[151.212975001609,-33.8588015914005],[151.212995021746,-33.8587821308115],[151.21300812358,-33.8587700697048],[151.213015661343,-33.8587631309766],[151.213036931685,-33.8587446209151],[151.213054666921,-33.8587301877744],[151.213059161737,-33.8587265305522],[151.213081991209,-33.858708980907],[151.2131054106,-33.8586919610205],[151.213112577621,-33.8586870449347],[151.213129390972,-33.8586755110513],[151.213153920645,-33.8586596209105],[151.213162349615,-33.8586544697305],[151.213178971093,-33.8586443109243],[151.213204521579,-33.8586295907108],[151.213230560866,-33.8586154808471],[151.213257071666,-33.858601981082],[151.213283841291,-33.8585891316152],[151.213313321139,-33.8585752213098],[151.213315573114,-33.8585741069422],[151.213342591278,-33.8585607407589],[151.213371450631,-33.8585456915558],[151.21339989064,-33.8585301213694],[151.213427910824,-33.8585140013369],[151.213455470564,-33.8584973615292],[151.213458458609,-33.8584954688035],[151.21348258089,-33.8584801912856],[151.213497015489,-33.8584706130146],[151.213509031997,-33.8584623405801],[151.2135341276,-33.8584450644673],[151.213536045546,-33.8584437441636],[151.213537932804,-33.8584424441552],[151.21354079688,-33.8584403278008],[151.213562315337,-33.8584244263832],[151.213577058386,-33.8584135306156],[151.213577644579,-33.8584130981603],[151.213581785677,-33.8584098154249],[151.213588189677,-33.8584047376573],[151.213589180983,-33.8584039521803],[151.213611183328,-33.8583865094721],[151.213613582488,-33.8583846073037],[151.213615301357,-33.858383244436],[151.213616100338,-33.8583826112708],[151.213616733029,-33.8583820739853],[151.213616965192,-33.8583818771635],[151.213638187822,-33.8583638307001],[151.213650662569,-33.8583532239633],[151.213652319685,-33.8583518160144],[151.21365325499,-33.8583510207076],[151.21365418272,-33.8583501738915],[151.213662375682,-33.858342702671],[151.21368323276,-33.8583236797205],[151.213684850203,-33.8583222044668],[151.213686010396,-33.8583211464049],[151.213686147031,-33.8583210212395],[151.213688223904,-33.8583191279238],[151.213688643702,-33.8583187444553],[151.213689061264,-33.8583183645614],[151.213689975942,-33.8583174697633],[151.213708847825,-33.8582989996561],[151.213722484245,-33.8582856540177],[151.213723379078,-33.8582847778683],[151.213723476156,-33.8582846836906],[151.213724318211,-33.8582837986604],[151.213725011089,-33.8582830701749],[151.213725416641,-33.8582826441178],[151.213731237016,-33.8582765253837],[151.21375300668,-33.8582536444569],[151.213754518395,-33.8582520558531],[151.213754923966,-33.8582516288945],[151.213755641141,-33.8582508755121],[151.21375645668,-33.8582500180515],[151.213757320081,-33.8582490422542],[151.213773960419,-33.8582302377037],[151.213787150486,-33.8582153318804],[151.213787555615,-33.8582148742558],[151.213787965178,-33.858214411285],[151.213788314523,-33.8582139853147],[151.213794439369,-33.8582065328008],[151.213814304484,-33.8581823554993],[151.213817201111,-33.8581788310838],[151.213817959651,-33.8581779078708],[151.213818668618,-33.858176977627],[151.213819945475,-33.8581752999523],[151.213835639814,-33.8581546890106],[151.213845745613,-33.8581414175236],[151.213846405722,-33.8581405496936],[151.213846984932,-33.8581397257783],[151.213856143887,-33.8581267137947],[151.213861464645,-33.8581191531352],[151.213867066071,-33.8581111943653],[151.213870677077,-33.8581060643755],[151.213873266719,-33.8581023849173],[151.213875877635,-33.8580983585955],[151.213891233738,-33.8580746804162],[151.213894586124,-33.8580695124106],[151.213898511431,-33.8580634590796],[151.21391232389,-33.8580402553845],[151.213922107511,-33.8580238204067],[151.213929611259,-33.858010670806],[151.213932899774,-33.8580045730758],[151.213941524117,-33.8579885811835],[151.214140998195,-33.8577792671833],[151.214395386051,-33.8572630378232],[151.214453312305,-33.8570081664777],[151.214619713333,-33.8562759956087],[151.214628582217,-33.8562369721069],[151.214655537454,-33.8561183664641],[151.214664657677,-33.8561176879278],[151.214833945296,-33.8561436750969],[151.21493006068,-33.8561182621418],[151.214994653873,-33.856104245056],[151.215041385454,-33.8560941037195],[151.215170983868,-33.8560786763599],[151.215279415552,-33.8560776128131],[151.21536351968,-33.8560848590273],[151.215480516629,-33.8561074017127],[151.215532580076,-33.8561233870371],[151.215559457567,-33.8561316394676],[151.215578446652,-33.8561374700969],[151.215585371791,-33.8561408906046],[151.215597817358,-33.8561470376739],[151.215679073593,-33.8561871714925],[151.215681944858,-33.8561891716596],[151.215764694015,-33.8562468064834],[151.215766575676,-33.8562489411082],[151.215843049355,-33.8563356844539],[151.215891457968,-33.8564362996763],[151.215907968628,-33.8565044410884],[151.215910535682,-33.8565666915099],[151.215915966413,-33.8565678603461],[151.215918195957,-33.856568339891],[151.215920518031,-33.8565688397122],[151.215945135713,-33.8565745425712],[151.215944715635,-33.8565761875862],[151.215916776455,-33.856685534588],[151.215875791694,-33.8568459425309],[151.215803493999,-33.856926144875],[151.215721835041,-33.8570167313943],[151.215669253195,-33.8572112755445],[151.215496692789,-33.8578497186849],[151.215503253136,-33.8578509895648],[151.215505258697,-33.8578513784047],[151.215507189982,-33.8578517526428],[151.215528696792,-33.8578559199546],[151.21552897979,-33.8578573316778],[151.215529244153,-33.8578586520548],[151.215554196442,-33.8579831540164],[151.215564126058,-33.8580358993382],[151.215565833196,-33.8579538462653],[151.215592339932,-33.8579542301055],[151.215593720175,-33.8578878879211],[151.215646733609,-33.8578886555824],[151.215647193675,-33.8578665415201],[151.215753220522,-33.857868076773],[151.215752820044,-33.8578873277545],[151.21580425312,-33.857882178655],[151.215805216215,-33.8578868528217],[151.215840378397,-33.8580575132351],[151.215820311926,-33.8580902554453],[151.215828140455,-33.8580903687937],[151.215826760383,-33.8581567109843],[151.215800253581,-33.8581563271926],[151.215799793549,-33.8581784412556],[151.21577328674,-33.8581780574579],[151.215772826701,-33.8582001715205],[151.215756075033,-33.8581999289665],[151.215746013394,-33.8582145205087],[151.215725868938,-33.8582437339432],[151.215718673786,-33.8582541675592],[151.215717052725,-33.8583320891791],[151.215690545869,-33.858331705362],[151.215690085806,-33.8583538194231],[151.215716592668,-33.8583542032405],[151.215715672554,-33.858398431363],[151.21574217943,-33.8583988151753],[151.215741371795,-33.858437637158],[151.215751001856,-33.8584473774834],[151.215802577182,-33.8584987951529],[151.215814056832,-33.8585102404027],[151.215821390848,-33.8585175524417],[151.215898570056,-33.8585973895871],[151.215984083466,-33.8586724734109],[151.215997544193,-33.8586842926942],[151.216002389771,-33.8586882412546],[151.216030931744,-33.8587115029015],[151.21606617189,-33.8587402223902],[151.216094356803,-33.8587631397973],[151.216094702245,-33.8587634207324],[151.216188593019,-33.8588268525041],[151.216193769454,-33.8588294974137],[151.216283315192,-33.8588752614347],[151.216329665631,-33.8588989494228],[151.216425541108,-33.8589446110897],[151.216565056151,-33.859036896027],[151.216570520663,-33.8590416461581],[151.216642940702,-33.859104595512],[151.216731862818,-33.8591947250972],[151.21673982692,-33.8592043862318],[151.216745561385,-33.8592082664704],[151.216751360831,-33.8592183787122],[151.21680796145,-33.8592870415435],[151.216893433717,-33.8594103928054],[151.216910029737,-33.8594370054128],[151.217032187549,-33.8596328873181],[151.217069145467,-33.8596921491648],[151.217113986927,-33.8597700496287],[151.217157101498,-33.8598742975473],[151.217188963553,-33.8599990055727],[151.217204218737,-33.8601126433544],[151.217213144737,-33.8602003626638],[151.217216454801,-33.860232895041],[151.217220860408,-33.8603678842835],[151.217216861682,-33.8604877595058],[151.217200501268,-33.8606418718987],[151.217184262774,-33.8607606349154],[151.217183788555,-33.8607641042836],[151.217157147246,-33.8608958209481],[151.217152745389,-33.8609136749441],[151.217116250867,-33.8610616968707],[151.21708076772,-33.8611911682777],[151.217058499041,-33.8612724215711],[151.217024458598,-33.8614270617086],[151.216980977799,-33.8616136520366],[151.216937825866,-33.8618538693918],[151.216939722942,-33.8620400288207],[151.21698443483,-33.8622457038706],[151.217006027779,-33.8622991760196],[151.217039160996,-33.8623812264438],[151.217143639776,-33.8625827931164],[151.217297135718,-33.8627779180471],[151.217471560161,-33.8629279616139],[151.217485375886,-33.8629375639776],[151.217532060123,-33.8629700141239],[151.217644593425,-33.8630482362368],[151.217680195395,-33.8630678736317],[151.21793563366,-33.8632087679083],[151.218272370735,-33.8632836545377],[151.218292150203,-33.8632824319285],[151.218313456795,-33.8632869953551],[151.218316383915,-33.8632876220116],[151.21856054573,-33.8633117941378],[151.218798788478,-33.8633074499826],[151.219034208574,-33.863272986842],[151.219255502569,-33.8632083991751],[151.219460376868,-33.8631177307028],[151.219670517905,-33.8629909914982],[151.219682518416,-33.8629837534402],[151.219841688085,-33.8628641244493],[151.219987409928,-33.8627223948628],[151.22011106493,-33.8625770883307],[151.220224247967,-33.862419989768],[151.220318872329,-33.8622829393817],[151.220483518397,-33.8620411875874],[151.220613109183,-33.8618049169221],[151.220785365407,-33.8614346278525],[151.220862408067,-33.8612458280044],[151.220903325278,-33.8611455575651],[151.221007879553,-33.8608893371898],[151.221053379427,-33.8607769259105],[151.221101828548,-33.8606339979048],[151.221138782384,-33.8605058052853],[151.221162195993,-33.8604028725837],[151.221186367763,-33.8602670839658],[151.221191452279,-33.8602433215012],[151.221210960829,-33.8601521488971],[151.221257591734,-33.8600008579129],[151.221302241684,-33.8598730477433],[151.221354121767,-33.8597450713911],[151.221413133918,-33.8596257735649],[151.221476600992,-33.8595156647783],[151.221506288522,-33.8594704793134],[151.221553152979,-33.8593991503319],[151.221554150781,-33.8593976317636],[151.221646501634,-33.8592862354431],[151.221732732173,-33.8592031512361],[151.22175108836,-33.8591872730663],[151.221795370775,-33.8591489692645],[151.221811338916,-33.8591429091086],[151.221817067308,-33.8591447474728],[151.221826653646,-33.8591478236983],[151.221829888811,-33.8591488623042],[151.22188243986,-33.8591686393623],[151.221884455071,-33.8591688785485],[151.221912925624,-33.8591722624313],[151.22195575746,-33.8591608069862],[151.221988032337,-33.8591586305685],[151.222012464599,-33.8591492460393],[151.222034044332,-33.8591444012204],[151.222061636357,-33.859136615982],[151.222109192484,-33.859138883798],[151.22214349968,-33.8591366942797],[151.222171122668,-33.8591323162625],[151.222193951173,-33.8591383518737],[151.222222944464,-33.8591374797679],[151.222247666561,-33.8591399230767],[151.222274678468,-33.8591377013143],[151.222333679593,-33.859156366501],[151.22236015121,-33.8591623770878],[151.222399969517,-33.8591644790607],[151.222407892207,-33.8591675646066],[151.222466663235,-33.8591904501932],[151.222473469279,-33.8591939055748],[151.222526493981,-33.8592208256178],[151.222530540331,-33.8592242907846],[151.222544867065,-33.8592364609172],[151.222552255907,-33.8592412628934],[151.222568041659,-33.8592516163089],[151.222569319329,-33.8592529170225],[151.222582961959,-33.8592668041282],[151.22260694029,-33.8592912131094],[151.222610048145,-33.8592933364636],[151.222613853027,-33.8592959360749],[151.222627998245,-33.8593056003307],[151.222629557876,-33.8593077428335],[151.222638634036,-33.8593202096432],[151.222644569902,-33.8593283631897],[151.22266719221,-33.8593584354091],[151.222678707806,-33.8593817574616],[151.222695987595,-33.8594022193505],[151.222710828003,-33.8594407720664],[151.222716045765,-33.8594467546668],[151.222741981514,-33.8594764914209],[151.222751454978,-33.859499987808],[151.222762838888,-33.8595221555211],[151.222756898215,-33.8595485018425],[151.222761911927,-33.8595591678763],[151.22276449378,-33.8595646633874],[151.222765660461,-33.8595892113348],[151.222771295176,-33.8595927039114],[151.222777367431,-33.8595964679119],[151.222787995337,-33.8596035321825],[151.222788842352,-33.8596313010676],[151.222763826755,-33.8596614779296],[151.222732202726,-33.8596797556065],[151.222727364012,-33.8596825515683],[151.222730859758,-33.8596852044293],[151.222738240742,-33.8596908052292],[151.222745190767,-33.8596960778894],[151.222748631203,-33.8596986875699],[151.222755624352,-33.8597279590391],[151.222754327329,-33.8597297302996],[151.22273239542,-33.8597597009443],[151.222708299904,-33.85977677155],[151.222698584786,-33.8598162063861],[151.222710599912,-33.8599698146026],[151.222739565375,-33.8603401027399],[151.222902722494,-33.8614384351767],[151.222922493268,-33.8615605029923],[151.222929218845,-33.8616153188726],[151.222940114836,-33.8617041330313],[151.222952543392,-33.8618287920745],[151.222960537655,-33.8619775693017],[151.222964269816,-33.8621286440276],[151.22295518387,-33.8622917417344],[151.222884688856,-33.8624507489752],[151.222808677666,-33.8625538404681],[151.222708133795,-33.8626532704483],[151.222571289761,-33.8627575078389],[151.222531623981,-33.8627858267029],[151.222500219665,-33.8628204056233],[151.222464801107,-33.8628818230136],[151.222449715938,-33.8628869716872],[151.222446522686,-33.862885781305],[151.222436669411,-33.8628821079218],[151.222418946821,-33.8629203144369],[151.222389269921,-33.8629499306881],[151.222346536327,-33.8629910758556],[151.222332066599,-33.863010387203],[151.222238564235,-33.8630171485101],[151.22216769981,-33.8630542537061],[151.221911731969,-33.8631330727174],[151.221795496312,-33.8632491453389],[151.221603519066,-33.8634408506535],[151.22147281287,-33.863571371977],[151.221364682366,-33.8636793480512],[151.221254626525,-33.8637892476082],[151.221310295638,-33.8638262671551],[151.22120620857,-33.8641074429787],[151.221278915855,-33.8641422674842],[151.221273553874,-33.8641698574482],[151.221251635365,-33.864207124],[151.221190500441,-33.8643096644783],[151.221195440174,-33.864343491747],[151.221181988854,-33.8643700144829],[151.22116112827,-33.8643883253588],[151.221151614278,-33.8644313401538],[151.221096923155,-33.864487950301],[151.221048448072,-33.8645840230968],[151.221004050334,-33.8646387222245],[151.220976989655,-33.8646520146059],[151.220961154672,-33.8646721311622],[151.220933838959,-33.8646831790131],[151.220916743912,-33.8646979128837],[151.220910912766,-33.86470293798],[151.220852407864,-33.86474104593],[151.22080614061,-33.8647889368585],[151.22079574013,-33.8648058459035],[151.220785006989,-33.8648108119318],[151.220768644253,-33.864818382066],[151.220694017389,-33.8649571543647],[151.220658044253,-33.8650058602769],[151.220639255028,-33.8650460241183],[151.220621093008,-33.8650594530402],[151.220600712358,-33.8650745208537],[151.220601097197,-33.8651025959511],[151.220574571203,-33.8651430348989],[151.220553195588,-33.8651942212836],[151.220560821175,-33.8651998744423],[151.220571489345,-33.8652077826213],[151.220586644709,-33.8652190181179],[151.220572559198,-33.8652348306034],[151.220547446833,-33.865253663393],[151.220533124969,-33.8652644046497],[151.220377881017,-33.8654382463652],[151.220377380518,-33.8654534028903],[151.220382843951,-33.865457036482],[151.220425880818,-33.8654856563715],[151.220427243482,-33.8654865624685],[151.220432413709,-33.8654900006532],[151.220478747417,-33.8655208142955],[151.220467536655,-33.8655405070169],[151.220424338006,-33.8655827529909],[151.22037211534,-33.8656209929082],[151.220286475473,-33.8656679930138],[151.220279801691,-33.8656717903534],[151.220229384208,-33.8657004436746],[151.220167807742,-33.8657450391529],[151.220132968218,-33.8657806066067],[151.22013104117,-33.8657830910325],[151.220105568807,-33.8658159208296],[151.220080409623,-33.8658483475562],[151.220077973913,-33.8658505486989],[151.220057204875,-33.8658693151754],[151.220051303759,-33.8658768713183],[151.220042550935,-33.8658880780104],[151.220035625972,-33.8658969440258],[151.220049631881,-33.865907263041],[151.22001987477,-33.8659404439196],[151.219970668326,-33.8659953112317],[151.219927905446,-33.8660429945284],[151.21992786534,-33.866043103962],[151.219936836973,-33.8660471850251],[151.219949431321,-33.8660529136127],[151.219951238925,-33.8660537359684],[151.219967385336,-33.8660617558066],[151.219966083024,-33.8660632014268],[151.219916404032,-33.8661183838106],[151.219904442921,-33.8661316695546],[151.219897743166,-33.8661391104503],[151.219887119855,-33.866152989932],[151.21988410027,-33.866161133253],[151.219888180901,-33.866162800922],[151.21988969118,-33.8661634178938],[151.219896106369,-33.8661660390714],[151.219898566334,-33.866167043988],[151.220002591221,-33.866201469565],[151.219907233273,-33.8664882590954],[151.220063734782,-33.8665235554871],[151.220064304833,-33.8665236935735],[151.220064818595,-33.8665238353555],[151.220065325575,-33.8665239914674],[151.22006582579,-33.8665241610077],[151.220066319202,-33.8665243457795],[151.220066803708,-33.866524543047],[151.220067281412,-33.866524755546],[151.220067749127,-33.8665249805251],[151.220068207917,-33.8665252189014],[151.220068656719,-33.8665254697579],[151.220069094434,-33.8665257339803],[151.22006952108,-33.8665260106673],[151.220069936676,-33.8665262989174],[151.220070340142,-33.8665265987149],[151.220070731478,-33.8665269100599],[151.220071109621,-33.8665272320353],[151.220071474571,-33.866527564641],[151.220071825249,-33.8665279078614],[151.220072161691,-33.8665282598937],[151.22007248386,-33.8665286225407],[151.220072790732,-33.8665289930824],[151.220073082287,-33.8665293724204],[151.220073358526,-33.8665297605545],[151.220073618424,-33.8665301547648],[151.220073861926,-33.8665305577556],[151.220074089086,-33.8665309668226],[151.220074299906,-33.8665313819658],[151.220074492243,-33.8665318022524],[151.220074669319,-33.8665322286308],[151.220074826832,-33.8665326601371],[151.220074968059,-33.8665330950151],[151.220075090822,-33.866533534135],[151.22007519514,-33.8665339765955],[151.22007528211,-33.8665344215106],[151.220075350672,-33.8665348679633],[151.220075400807,-33.866535316855],[151.220075432534,-33.8665357672843],[151.22007544587,-33.8665362183497],[151.220075440855,-33.8665366682482],[151.220075417449,-33.8665371187827],[151.220075375691,-33.8665375681504],[151.220075315581,-33.8665380163513],[151.220075237137,-33.8665384624838],[151.220075140379,-33.8665389056465],[151.220075025286,-33.8665393467408],[151.220074892997,-33.8665397830781],[151.219916968348,-33.8670248155807],[151.219916360993,-33.8670266824362],[151.219591463893,-33.868024523097],[151.219514449019,-33.8683817889224],[151.219862685753,-33.8687097005595],[151.220577052815,-33.8690970719784],[151.220584690368,-33.8690975294557],[151.220586639168,-33.8690976459723],[151.220588354766,-33.8690977482998],[151.220675275501,-33.869102949655],[151.220955427631,-33.869135805984],[151.220987558084,-33.8691395739215],[151.221171456732,-33.8691507912092],[151.221179989135,-33.8691513120671],[151.221254287954,-33.8691558438409],[151.22125711755,-33.8691434667578],[151.221285802525,-33.8690179810072],[151.221544187982,-33.869027154826],[151.221544379845,-33.8689800729624],[151.222655441265,-33.8676641607155],[151.222681290853,-33.8676742832777],[151.222686838851,-33.8676764562602],[151.222688678329,-33.8676731887178],[151.222693142961,-33.8676652555376],[151.222719124411,-33.8676754313935],[151.222752661797,-33.8676882239905],[151.222776539097,-33.8676973315737],[151.222969531534,-33.8673002757205],[151.223146881674,-33.8669286612255],[151.223511558757,-33.866164513992],[151.223519030545,-33.866148856494],[151.223631021631,-33.865908098009],[151.223737535452,-33.8656833800563],[151.223785429128,-33.8655823354838],[151.223843541149,-33.8654597331579],[151.224367579246,-33.8643541190264],[151.224374266298,-33.8643400101795],[151.224749262927,-33.8635370130789],[151.225453522227,-33.8620289026844],[151.225481188558,-33.8619696568658],[151.225518810201,-33.8619288986458],[151.225562532478,-33.8619064778228],[151.225612530985,-33.8618995510057],[151.225623684276,-33.8619007341958],[151.225657988655,-33.861904373471],[151.225665351316,-33.8619068555952],[151.225696692283,-33.8619174208884],[151.225700885101,-33.8619202451176],[151.22572271064,-33.8619349431592],[151.225734213582,-33.8619428935753],[151.225745460279,-33.8619581092837],[151.225780544111,-33.8620505096943],[151.226002921226,-33.862636171534],[151.226146764448,-33.8630261568188],[151.226272281411,-33.863366454279],[151.226275760983,-33.8633658776537],[151.226277955234,-33.8633655142749],[151.226280406542,-33.8633651086074],[151.226499727601,-33.8633287798533],[151.226501926987,-33.8633288475796],[151.226505808549,-33.8633279629257],[151.226509230718,-33.8633271825744],[151.226591830938,-33.8633129425358],[151.226991473355,-33.8632440471222],[151.227594747176,-33.8631358156806],[151.227270150549,-33.8622498261789],[151.22726627722,-33.8622321710519],[151.227275361475,-33.8622138610126],[151.227401913546,-33.8621463579896],[151.227442349126,-33.862124790057],[151.227278053128,-33.8619201952205],[151.227127104335,-33.861764887845],[151.226959870451,-33.8615928259513],[151.226919989951,-33.8615517943015],[151.226986699065,-33.8613075609707],[151.227024935851,-33.8611675675066],[151.227103538523,-33.8608797839929],[151.227104479711,-33.8608797975346],[151.227104557107,-33.860876053691],[151.227123188282,-33.8608078385411],[151.227127974658,-33.8607903161162],[151.227128100995,-33.8607898517305],[151.227149622965,-33.8607901613791],[151.227149996145,-33.860772109255],[151.227171633733,-33.8607724205632],[151.227172380062,-33.8607363172158],[151.227194018722,-33.8607366285353],[151.227452350196,-33.8607116395764],[151.227715434298,-33.8601939385994],[151.227778562686,-33.8597499179154],[151.227604098681,-33.8592041146308],[151.228484679744,-33.858402600751],[151.228661158167,-33.8581561659582],[151.229430192068,-33.8581891892564],[151.229798965213,-33.8583273852549],[151.230476408796,-33.8589574441205],[151.23068189248,-33.8592924310805],[151.230704815324,-33.859469972698],[151.230502135293,-33.8595008003934],[151.229842185167,-33.8600999223699],[151.229735603438,-33.8600577142745],[151.229055678108,-33.860367797058],[151.229036413135,-33.8605532558962],[151.22868551591,-33.8609289960005],[151.228384326344,-33.8625595479114],[151.228284920599,-33.862674932802],[151.228399430908,-33.8631134921123],[151.228193623608,-33.8640691046915],[151.228681813957,-33.8661520539742],[151.228699211018,-33.8665951529406],[151.22866993563,-33.8667274980834],[151.227657301717,-33.8674551898417],[151.227459079531,-33.867706285495],[151.22742415483,-33.8678991698222],[151.227439919971,-33.8685212194062],[151.227477742197,-33.8686288711835],[151.227541785782,-33.868812268142],[151.227613233256,-33.869038186122],[151.227611005365,-33.8690462355247],[151.227612094746,-33.8690478175296],[151.227640338971,-33.8690888312779],[151.227710545384,-33.8691674139305],[151.227783957819,-33.8692497803992],[151.227909043124,-33.8693366800904],[151.227995551912,-33.8693931797386],[151.22801193833,-33.8694038810827],[151.228036570751,-33.8694199681205],[151.228164191722,-33.8695070158438],[151.228263042969,-33.8695743875189],[151.228344906771,-33.8696301708744],[151.228652016838,-33.8698388285936],[151.228903007342,-33.8700087559012],[151.228931506834,-33.8700267307031],[151.22906569009,-33.8701109646169],[151.229079234771,-33.870119467998],[151.22910044631,-33.8701314135315],[151.229129061623,-33.8701456693471],[151.229158592059,-33.8701585892963],[151.229186217194,-33.8701690759941],[151.229240985568,-33.8701954817809],[151.229268562109,-33.8701926210103],[151.229283897251,-33.8701960353954],[151.229316542822,-33.8702017004392],[151.229349509585,-33.87020584163],[151.229382698115,-33.8702084575385],[151.229416012524,-33.8702095323586],[151.229449355716,-33.870209056579],[151.229482607526,-33.8702070383922],[151.229512420164,-33.8702038372792],[151.229546969591,-33.8701972460278],[151.229547290894,-33.8701971821122],[151.229584576508,-33.8701876012019],[151.229617533446,-33.8701724835758],[151.229662974493,-33.870153312526],[151.229696426964,-33.8701372831186],[151.229723594081,-33.8701232040439],[151.22974722482,-33.870108356361],[151.229760833363,-33.8700950806972],[151.229761918962,-33.8700940214132],[151.22978010718,-33.8700652266598],[151.229794944242,-33.8700399907413],[151.22980517269,-33.8700203669046],[151.229808171347,-33.8700146126588],[151.229821570576,-33.8699893795237],[151.229836267071,-33.8699679658879],[151.22985635488,-33.8699461202223],[151.229871614876,-33.8699337492789],[151.229888654549,-33.8699237186862],[151.229914150605,-33.8699191542363],[151.230178263177,-33.8699390058339],[151.23020757718,-33.8699393214141],[151.230294164499,-33.8699516927239],[151.230322120208,-33.8699579520186],[151.230347257617,-33.8699688238405],[151.230385354272,-33.8699900670234],[151.230389559676,-33.8699924124524],[151.230429086215,-33.8700157664088],[151.230435817787,-33.8700197442108],[151.230478862035,-33.8700576036775],[151.230501358616,-33.8700698343461],[151.230507155942,-33.8700729862526],[151.230523967134,-33.8700944494063],[151.230546010354,-33.870112304965],[151.23058178121,-33.8701506009858],[151.23060481635,-33.870187650034],[151.230619064788,-33.8702288444656],[151.230627117927,-33.8702616565579],[151.230628707072,-33.8702935525246],[151.23062405107,-33.8703348271454],[151.23062830193,-33.8703758779978],[151.230636603436,-33.8704041993497],[151.230665208117,-33.8704424005486],[151.230697678963,-33.8704716785684],[151.230765237203,-33.8705094201625],[151.230830469451,-33.8705749616389],[151.230855768399,-33.8706014854968],[151.230890062375,-33.8706573560107],[151.2309078035,-33.870691232388],[151.230910405035,-33.8706993241463],[151.23092108038,-33.8707325282586],[151.230943589284,-33.8707506167739],[151.230961045252,-33.870759023718],[151.231006864876,-33.8707957415685],[151.231028620584,-33.8708113033804],[151.231083501806,-33.8708527727622],[151.231210772051,-33.8709225980167],[151.231410809583,-33.8710006249001],[151.231444285557,-33.871013902132],[151.231442487394,-33.8710152316455],[151.23143528595,-33.8710205567872],[151.23145531074,-33.8710362911612],[151.231486578165,-33.8710716826817],[151.231498634545,-33.871094287599],[151.231508185758,-33.8711121963274],[151.231518808484,-33.8711394228569],[151.231525546744,-33.8711529348673],[151.231539014659,-33.8711534410918],[151.231547028962,-33.8711672473519],[151.23157182066,-33.8711779760012],[151.231602144453,-33.8712082311244],[151.231603563696,-33.8712292531812],[151.231622013027,-33.8712571682569],[151.231619364498,-33.8712687492508],[151.231639987274,-33.8713087960618],[151.231653282459,-33.8713212407278],[151.231663086027,-33.8713649132708],[151.231670451103,-33.8713707324497],[151.231679800675,-33.8713787668477],[151.231679757877,-33.8714270646997],[151.231661280606,-33.8714689967431],[151.231661353604,-33.8714886216068],[151.231661359399,-33.8714899652928],[151.231661374481,-33.8714942127372],[151.231661565006,-33.8715450866209],[151.231661671932,-33.8715736527918],[151.231657348149,-33.8715974266076],[151.231644857938,-33.8716191155976],[151.231628232284,-33.8716585917012],[151.231592046204,-33.8717346991464],[151.231562051377,-33.871758394845],[151.231536867543,-33.8718303354177],[151.231505259461,-33.871909328308],[151.231459938407,-33.8719329266179],[151.231387830836,-33.8720281160084],[151.23141014835,-33.87203522383],[151.231382117171,-33.8720533351975],[151.231379192816,-33.8720872944808],[151.231363008309,-33.8721218830953],[151.231362754384,-33.8721597600277],[151.231317904208,-33.8722060593012],[151.231319152477,-33.8722319591561],[151.231305565266,-33.8722398464541],[151.231253828175,-33.8722844958288],[151.23125463933,-33.8722889314435],[151.231258423048,-33.8722978887097],[151.231254782672,-33.8723032036432],[151.231251575869,-33.8723078863645],[151.231246653646,-33.8723150738577],[151.231242314315,-33.8723208891448],[151.231239120683,-33.8723218947318],[151.231235319408,-33.8723236382412],[151.231236923679,-33.8723319690656],[151.231237928499,-33.8723371829629],[151.231233192974,-33.872340089839],[151.231230596931,-33.8723416829265],[151.231223850024,-33.8723458251744],[151.231181243379,-33.8723719809232],[151.231173743042,-33.872393356453],[151.231162473078,-33.8724254717685],[151.231171313814,-33.8724328640699],[151.231172472205,-33.8724338311421],[151.231180087655,-33.8724401976985],[151.231146606782,-33.872465901925],[151.231109577214,-33.8724824700933],[151.230970137715,-33.8725196587946],[151.230943199211,-33.872526560804],[151.230938372764,-33.8725286340507],[151.230878855362,-33.8725541969888],[151.230876435056,-33.8725552362144],[151.230784227566,-33.8725948396891],[151.230650167832,-33.8726524180197],[151.230465611692,-33.8727501696454],[151.230239069596,-33.8728703574929],[151.230095905783,-33.8729458799312],[151.230036147777,-33.8729764725426],[151.230033522246,-33.8729778162983],[151.230027331532,-33.8729809853687],[151.229986724735,-33.8730017733702],[151.229999547812,-33.8730636262293],[151.230015272944,-33.8731233096978],[151.23004809111,-33.8731926619813],[151.230084723719,-33.8732716807698],[151.230087881387,-33.8732784928382],[151.230124647191,-33.8733727404177],[151.23013428582,-33.8733935856864],[151.230173940279,-33.8734793532462],[151.230229625204,-33.8735829594744],[151.230270933831,-33.8736517636683],[151.230392726077,-33.8738226194217],[151.230428650826,-33.8738649972031],[151.230449883957,-33.8738881515344],[151.230470332602,-33.8739104505599],[151.230496035164,-33.8739541206861],[151.230504603899,-33.8739795638942],[151.230514285901,-33.8740083180725],[151.230518775252,-33.8740698158255],[151.230513774439,-33.8741178269179],[151.23051362062,-33.8741193080813],[151.230494904965,-33.8741685397322],[151.230482223206,-33.8741935036809],[151.230251991288,-33.8746467308979],[151.230195138926,-33.8747586468974],[151.229712791857,-33.8757081572958],[151.229596146248,-33.8759368266676],[151.229589092981,-33.8759506536746],[151.229577664329,-33.8759687290504],[151.2295364268,-33.8760339503498],[151.229527257734,-33.876044326624],[151.229463825991,-33.8761161029445],[151.229415440776,-33.8761502041215],[151.229337090102,-33.8762054236136],[151.229373684642,-33.8762132537174],[151.229357184377,-33.8762270423202],[151.22932662231,-33.8762512414585],[151.229255982315,-33.8763071731851],[151.229400174552,-33.8763338416718],[151.22957679711,-33.8763665082602],[151.229580283326,-33.8763671526109],[151.229587392514,-33.8763684676244],[151.229597313676,-33.87637030458],[151.229601420905,-33.8763717117141],[151.229601858884,-33.8763718622875],[151.229602296882,-33.8763720119594],[151.229602708028,-33.8763721531298],[151.229603557153,-33.8763724448735],[151.229607116796,-33.8763736691995],[151.229636821614,-33.876380659883],[151.229675473397,-33.8763897557557],[151.229684166446,-33.8763918013945],[151.229698761737,-33.8763952357723],[151.229735576963,-33.8764039021547],[151.229744531922,-33.8764061436247],[151.229777224547,-33.8764143043905],[151.229742439655,-33.8764660922854],[151.229710032967,-33.8765134398809],[151.229709853486,-33.876513702415],[151.229685417185,-33.8765494048687],[151.22964998945,-33.8766011672653],[151.229554701888,-33.8767403881976],[151.229546195238,-33.8767528164448],[151.229543737266,-33.876756405237],[151.22952572509,-33.8767827235315],[151.229517741243,-33.8767943882971],[151.229485202727,-33.876841929611],[151.229472650601,-33.8768602692688],[151.229472291973,-33.8768607781097],[151.229433684988,-33.8769156012595],[151.22943080694,-33.8769196898911],[151.229430451628,-33.8769201951726],[151.229430427125,-33.8769202299885],[151.229430143106,-33.8769206334956],[151.229426193774,-33.8769262351894],[151.229419563538,-33.8769355928984],[151.229371028004,-33.8770041061095],[151.229370346503,-33.8770050674946],[151.229369947438,-33.8770056496972],[151.229366327903,-33.8770109342057],[151.22930729816,-33.8770971240706],[151.22914014395,-33.8773411847262],[151.229123396052,-33.8773656373821],[151.228666903581,-33.8780321464085],[151.228489403941,-33.878291304941],[151.228483678479,-33.8782996647483],[151.228316820457,-33.8785432847602],[151.228301130291,-33.8785622563657],[151.228295835535,-33.878568659258],[151.228289075982,-33.8785768337533],[151.228276416266,-33.8785921418637],[151.228268604428,-33.8786015880144],[151.228263620008,-33.8786076220459],[151.228213222494,-33.8786604717077],[151.228213110891,-33.8786605882312],[151.228212990417,-33.8786607154481],[151.228181895413,-33.8786933243999],[151.228102806804,-33.8787789050012],[151.227945924117,-33.8789486635109],[151.227883690189,-33.879006049874],[151.227829723396,-33.8790558136499],[151.227822293692,-33.8790614671165],[151.227767713216,-33.8791029999229],[151.227767221126,-33.8791033742818],[151.227712019981,-33.8791453796652],[151.227669978922,-33.8791025641378],[151.22764548491,-33.8790776184452],[151.227608235048,-33.8790556832052],[151.227406025862,-33.8789916615919],[151.227261021953,-33.878949014536],[151.227203259909,-33.8789338212169],[151.227195577007,-33.8789318007579],[151.22717428534,-33.8789262002066],[151.227129869915,-33.8789146652317],[151.227119490588,-33.8789119693308],[151.227090455974,-33.8789044294957],[151.227063695756,-33.878897479665],[151.227043369397,-33.8788922004789],[151.226887383688,-33.8788553545705],[151.226885988629,-33.8788550080593],[151.226885401341,-33.878854862541],[151.226883634112,-33.8788544241055],[151.226801016948,-33.8788338501298],[151.226754313232,-33.8788205732765],[151.22671851603,-33.8788142958428],[151.22671698609,-33.8788141980732],[151.226711522806,-33.8788138480057],[151.226669365154,-33.8788121761905],[151.226655694651,-33.8788116340338],[151.226577328691,-33.8788142526685],[151.226380464446,-33.8788208300048],[151.226174382563,-33.8788277152538],[151.226076182524,-33.8788298973834],[151.225991724422,-33.8788334532023],[151.225907141808,-33.8788429713104],[151.225725035398,-33.8788654008904],[151.225707118013,-33.8788680013608],[151.225706973799,-33.8788680218273],[151.225675506938,-33.8788725895249],[151.225665047979,-33.8788741080123],[151.225640501706,-33.8788776707421],[151.22557872718,-33.8788866379343],[151.22530168169,-33.8789344568234],[151.224958668785,-33.8789915476565],[151.224836590301,-33.8790160329449],[151.224786225417,-33.8790308162833],[151.224745868869,-33.879045742025],[151.22472794788,-33.8790531062164],[151.224727268559,-33.8790533849851],[151.224695380442,-33.879066487684],[151.224640454025,-33.8790943265102],[151.224573891691,-33.879131540776],[151.224503296704,-33.8791692749013],[151.224365847208,-33.8792323276183],[151.224278426733,-33.8792672238691],[151.224236050278,-33.8792841393294],[151.224221821499,-33.879290501627],[151.22410224695,-33.879343963757],[151.223991936969,-33.8793932832626],[151.223964647,-33.8794054844866],[151.223714848192,-33.879512342024],[151.223708384512,-33.8795153454128],[151.223690324155,-33.8795237390353],[151.223634432459,-33.8795497140032],[151.223625963392,-33.8795536497297],[151.22358935576,-33.8795706634774],[151.223568650373,-33.879582681825],[151.223508406574,-33.8796176483895],[151.223479150093,-33.8796357843792],[151.223467717145,-33.8796428713301],[151.223461448208,-33.87964857914],[151.223449586885,-33.8796593805085],[151.223421321844,-33.8796485171594],[151.223413069946,-33.8796609594513],[151.22334593652,-33.8797621787197],[151.223327765341,-33.8797895767523],[151.223331593006,-33.8797872098713],[151.223330282185,-33.8797885886698],[151.223227797904,-33.8799333202699],[151.223192390563,-33.8799831629726],[151.223169729275,-33.8800121779688],[151.223089499223,-33.8801280021937],[151.223026698835,-33.8802186621251],[151.222967748995,-33.8803025098835],[151.222933749817,-33.8803557020562],[151.222899973187,-33.8803981603619],[151.222893060237,-33.8804045243372],[151.222889998786,-33.8804088337929],[151.222862658321,-33.8804473243823],[151.222517304141,-33.8806750457678],[151.222486940507,-33.8806944595359],[151.222454281788,-33.8807162081585],[151.222443993414,-33.8807230933031],[151.222303736536,-33.8808169445673],[151.222127938086,-33.8809345775044],[151.221956839064,-33.8810466294872],[151.221767762972,-33.8811657754388],[151.221682934031,-33.8812192299104],[151.221658553706,-33.8812317404253],[151.221602595877,-33.8812604538778],[151.221506559581,-33.8813097327644],[151.221409004581,-33.8813473742859],[151.221375220435,-33.8813639898679],[151.221356439822,-33.8813638728994],[151.221343748499,-33.881367028809],[151.221280784441,-33.8813685056791],[151.221189248307,-33.8813683769301],[151.220926129041,-33.8813657701903],[151.220820929458,-33.8813653157885],[151.220654284289,-33.8813645950667],[151.220635348014,-33.8813643729409],[151.220620568869,-33.8813642000398],[151.220572787714,-33.8813636396968],[151.220461786035,-33.8813606105605],[151.220434232017,-33.881359858127],[151.220380157663,-33.8813538197806],[151.220372871298,-33.8813530066481],[151.220299570502,-33.8813333879862],[151.22029748571,-33.8813328303466],[151.22020928015,-33.8813100836653],[151.220195939089,-33.8813080306157],[151.220183932249,-33.881306182601],[151.220171519622,-33.8813026857455],[151.220145275642,-33.8813002325507],[151.220138956613,-33.8812996425857],[151.220064963151,-33.8813032264572],[151.220000297792,-33.8813178002605],[151.219996144032,-33.8813189422636],[151.219938435717,-33.8813347753017],[151.219870842053,-33.8813529109897],[151.219710652298,-33.8814088756898],[151.219585573918,-33.8814525735556],[151.219446275772,-33.8815118895477],[151.219335271041,-33.8815676385819],[151.219334343442,-33.8815681049007],[151.219304050922,-33.8815833185704],[151.219230092911,-33.8816294061151],[151.219191010812,-33.8816537599083],[151.219297510856,-33.8817107927465],[151.219321297018,-33.8817235680181],[151.219324243824,-33.8817251507926],[151.219739473399,-33.8819439376351],[151.219756518985,-33.8819573187693],[151.219776628382,-33.8819731049424],[151.219789454093,-33.8819851887977],[151.219813662307,-33.8820079965593],[151.2198426706,-33.8820437271321],[151.219971167312,-33.8821925528226],[151.220147490826,-33.8824043330027],[151.220165679988,-33.8824261168181],[151.220173208147,-33.8824344485866],[151.220194788573,-33.8824583337644],[151.220211367263,-33.8824777010778],[151.220271064721,-33.8825474414474],[151.22036095682,-33.8826524541648],[151.220507940328,-33.8828218410283],[151.220808156948,-33.8831678138578],[151.220821370724,-33.883183041281],[151.220902016819,-33.8832556611063],[151.22104866281,-33.8833877130023],[151.22105725547,-33.8833954505132],[151.221138076695,-33.8834451233495],[151.22114312308,-33.8834482251798],[151.221234789973,-33.8834972655492],[151.221348112865,-33.8835504374331],[151.221470784583,-33.8835941992421],[151.221594817792,-33.8836274833918],[151.221831525956,-33.8836900702809],[151.221985203819,-33.8837285539955],[151.222091529027,-33.8837549380043],[151.222315139712,-33.8838201609989],[151.222531040684,-33.883892944378],[151.222536359562,-33.8838950581665],[151.222887403063,-33.884034557748],[151.222929212101,-33.8840523751987],[151.223047331189,-33.8841027147299],[151.223244378976,-33.8841825660038],[151.223352575777,-33.8842264111476],[151.223500793907,-33.8842867581817],[151.223627171463,-33.8843382126958],[151.224133251218,-33.8845440133407],[151.224323930197,-33.8846192930387],[151.224538729912,-33.8846901480859],[151.224551450238,-33.8846938554453],[151.224659295758,-33.8847252882052],[151.224942811258,-33.8847933149261],[151.225236663259,-33.8848595818389],[151.22536665709,-33.8848814959708],[151.225670174242,-33.8849230878133],[151.226023059587,-33.8849568007886],[151.226112381381,-33.8849664688402],[151.226147816448,-33.8849703047617],[151.226342432711,-33.8849913702117],[151.226572228528,-33.8850162431297],[151.226733806521,-33.8850337537495],[151.226765179906,-33.8850371540939],[151.226987774425,-33.8850632625651],[151.227098421533,-33.8850801243765],[151.227223780557,-33.88510483289],[151.227338864997,-33.8851284393715],[151.227437935037,-33.8851518152986],[151.227498189331,-33.8851708146239],[151.227550435335,-33.8851896986874],[151.227655973376,-33.8852322547325],[151.227684289392,-33.8852447410152],[151.227691898753,-33.885248096779],[151.227738751793,-33.8852687562542],[151.227762263015,-33.8852805583998],[151.227897305952,-33.8853483394145],[151.228013847371,-33.8854140281],[151.228062613692,-33.8854415150322],[151.228092959508,-33.8854599503735],[151.228124285731,-33.8854803331502],[151.228176446799,-33.8855174571184],[151.2283183777,-33.8856279099154],[151.228319570558,-33.8856288378342],[151.228565855788,-33.8858180445875],[151.228569530876,-33.8858208675981],[151.22874070351,-33.885961071486],[151.228801589546,-33.8860067195062],[151.228854138847,-33.8860461184683],[151.229005299605,-33.8861630641146],[151.229093678775,-33.8862267336748],[151.229216401138,-33.8863151448009],[151.22925230606,-33.8863410108017],[151.229366102727,-33.8864230624155],[151.229728030867,-33.8866840299015],[151.229741068537,-33.8866931265116],[151.229813732966,-33.8867438235612],[151.229952608209,-33.8868407161675],[151.229962664705,-33.8868477319726],[151.230622045825,-33.8872999530708],[151.230624992639,-33.8873019738284],[151.230726433078,-33.8873769159155],[151.230828644067,-33.8874700012695],[151.230907738477,-33.8875447512024],[151.230911701749,-33.8875484962599],[151.231456388902,-33.8880478076868],[151.231867546382,-33.8884192263255],[151.232036014117,-33.8885733856187],[151.232170100699,-33.8886970447848],[151.232271904693,-33.8887909310992],[151.232279889495,-33.8887981243894],[151.232394616224,-33.8889014786256],[151.232677111812,-33.8891565662997],[151.2327448156,-33.8892167679211],[151.232770617894,-33.8892362100265],[151.232837779111,-33.88928681466],[151.232922415487,-33.8893752826404],[151.232965783139,-33.8893960831452],[151.232987231965,-33.8894063704588],[151.233011640407,-33.8894154431943],[151.233133223436,-33.8894606360957],[151.233129129562,-33.8894882212582],[151.233126032736,-33.8895090900999],[151.233117305124,-33.8895678921212],[151.233102974163,-33.8896644491677],[151.233098327894,-33.8896957488062],[151.233097345948,-33.8897023616423],[151.233082079358,-33.8898052228856],[151.233074061204,-33.8898592441078],[151.233067415647,-33.8899040159854],[151.233048010498,-33.8900422834698],[151.233029930118,-33.8901711016329],[151.232999482029,-33.8903880375922],[151.232996403202,-33.8904088165104],[151.232878767594,-33.8912027083186],[151.232871236298,-33.8912155556292],[151.232864578057,-33.8912269131588],[151.232806077021,-33.8913267085001],[151.232794217447,-33.8913469385066],[151.232630764835,-33.8916257616245],[151.232336507277,-33.8921277096295],[151.232242251089,-33.8922896230624],[151.232227496847,-33.8923147133425],[151.232105140364,-33.8925227821969],[151.232097674651,-33.8925354789019],[151.232023309023,-33.8926619379169],[151.231945869235,-33.8927936243472],[151.231933180188,-33.8928152012805],[151.231904379573,-33.8928641772668],[151.231538676435,-33.8934210966681],[151.230899680645,-33.894394185001],[151.230645555218,-33.8947811707653],[151.230541924758,-33.8949409019972],[151.230511011917,-33.894988041077],[151.23050713761,-33.8949939495462],[151.230418787813,-33.8951286775316],[151.229710556835,-33.8962086613867],[151.229640772551,-33.8963034144097],[151.229537942786,-33.896420199864],[151.229460314299,-33.8965008665997],[151.229355543596,-33.8965919423422],[151.229243145174,-33.8966809587523],[151.229118734911,-33.8967659942781],[151.228986992568,-33.8968420979774],[151.228976013201,-33.8968484407603],[151.228898123152,-33.8968871723087],[151.22882726829,-33.8969224043213],[151.228688424903,-33.8969795447127],[151.22851572299,-33.8970385054954],[151.228336732052,-33.8970862074765],[151.228163896083,-33.8971194814864],[151.228003804782,-33.8971394882255],[151.227870005453,-33.8971463893139],[151.227712267392,-33.8971407767543],[151.227527670528,-33.8971178661657],[151.22732045889,-33.8970678056584],[151.227008663937,-33.8969558315283],[151.227001207149,-33.8969531542137],[151.226934711921,-33.8970192883827],[151.226603655266,-33.8973485426157],[151.226714831618,-33.8973955948654],[151.226793280751,-33.8974287957636],[151.226919859585,-33.897508109408],[151.227018610685,-33.8975877897023],[151.227118908465,-33.8976964543527],[151.227159713476,-33.8977618274399],[151.227203927505,-33.8978326627462],[151.227251034996,-33.8979751362428],[151.227268972695,-33.8981303480787],[151.227262915744,-33.8982198950044],[151.227261941979,-33.8982342863248],[151.227258496981,-33.8982852068315],[151.227234633572,-33.8983906557655],[151.227180205432,-33.8985322258682],[151.227114410473,-33.8986446593256],[151.227011452751,-33.8987720190163],[151.226638890816,-33.8991344431551],[151.226456911158,-33.8993114686088],[151.226331975082,-33.8994330042356],[151.225857679438,-33.8998943831589],[151.225378326133,-33.9003606747864],[151.225240830231,-33.9004966887644],[151.224764944895,-33.9009573360259],[151.224664272226,-33.9010354084819],[151.224544880267,-33.9010963664454],[151.22441684529,-33.9011351169252],[151.224307741817,-33.9011586212674],[151.224159885692,-33.9011904750097],[151.224144305538,-33.9011935101386],[151.224035607129,-33.9012146836655],[151.223928063809,-33.9012216145153],[151.223814702299,-33.9012153112599],[151.223685229182,-33.9012130046775],[151.223556020767,-33.9012210835264],[151.223457975925,-33.9012362801778],[151.223446115771,-33.9012381181659],[151.223442938109,-33.9012386097635],[151.22335872345,-33.9012603730423],[151.223289296491,-33.9012888367347],[151.22321490297,-33.9013243678175],[151.223190359285,-33.9013394235641],[151.223187692071,-33.9013410605172],[151.223145060679,-33.9013672136192],[151.223035629757,-33.9014343464577],[151.223016120265,-33.9014463151059],[151.222981354453,-33.9014669187084],[151.222935627392,-33.9014742861762],[151.222904605948,-33.9014792841484],[151.222836823185,-33.9014902035813],[151.222836290423,-33.9014902896742],[151.222835755479,-33.9014903766373],[151.222744042078,-33.9015052005842],[151.222732694537,-33.9015070350795],[151.222684560291,-33.9015148149772],[151.222680529301,-33.901515466472],[151.222647678071,-33.9015207770258],[151.222593494726,-33.9015322902623],[151.222646129573,-33.9017645449261],[151.222646726,-33.901766445387],[151.22271406773,-33.9019811777304],[151.222781958002,-33.9021223439878],[151.222813624872,-33.9021621755096],[151.222837609793,-33.9021923449233],[151.222976718684,-33.9025273130389],[151.22308707083,-33.9027567699426],[151.223123316962,-33.9028321365487],[151.22318760704,-33.9029658130808],[151.223408497646,-33.9034251042362],[151.223469378744,-33.9035516942574],[151.223478953894,-33.9035716021614],[151.223544373043,-33.9037076212923],[151.223798278678,-33.9042355641585],[151.223877636332,-33.9043880687016],[151.223903855958,-33.90444161983],[151.223938349022,-33.9045120491347],[151.223958661248,-33.9046132252709],[151.224001849844,-33.9048412338764],[151.224002257739,-33.9048552492081],[151.22400594557,-33.9049819861896],[151.223997680218,-33.9050917684772],[151.22399624725,-33.9051107988932],[151.223987184598,-33.9051665815432],[151.223978432901,-33.9051652496963],[151.22314709892,-33.9050387108151],[151.222102059388,-33.9048709609867],[151.222098320942,-33.9048779838739],[151.221710015063,-33.9048247237085],[151.221658667667,-33.9048176808446],[151.219716730454,-33.9045513036546],[151.215518193219,-33.9039752762007],[151.215111464084,-33.9039366864318],[151.21467710536,-33.9038793281356],[151.214672818749,-33.9038787979872],[151.214591627848,-33.9038687504734],[151.214517194779,-33.9038595394122],[151.214489360987,-33.9038560951844],[151.214451477314,-33.9038514069146],[151.214431409889,-33.9038489238183],[151.214391457338,-33.9038439800974],[151.214345938414,-33.9038378005216],[151.214315128759,-33.9038336178627],[151.214307104446,-33.9038325285288],[151.214295997018,-33.9038310202653],[151.214285228197,-33.9038295583909],[151.214274613582,-33.9038281176882],[151.21424967916,-33.9039109018949],[151.214196738139,-33.9040866667899],[151.214192089377,-33.9041020993729],[151.214190826578,-33.9041071127657],[151.214184629427,-33.904131710716],[151.21414786743,-33.904277624572],[151.214131083393,-33.9043442442352],[151.214007101434,-33.9047461331815],[151.21397777884,-33.9048529264992],[151.213977687553,-33.9048533625187],[151.213937011518,-33.9050472055662],[151.213875023889,-33.9053428109379],[151.213809003673,-33.9056950401799],[151.213682185735,-33.90637162754],[151.213545156671,-33.9071294096822],[151.2134483947,-33.9076611787466],[151.213345784795,-33.9081903045903],[151.213215196519,-33.9088608055579],[151.213207331356,-33.9089011894083],[151.213162391708,-33.9091287357486],[151.213141785192,-33.9092441946949],[151.213130132862,-33.9093094818969],[151.213067936761,-33.9097666633417],[151.213058612838,-33.9098447971196],[151.213053326441,-33.9099218839571],[151.213049736356,-33.9099742345776],[151.213033880578,-33.9101918049386],[151.21303062034,-33.9102464345268],[151.213030581904,-33.9102470841223],[151.213027608195,-33.9102968989787],[151.213024481316,-33.9105323687],[151.213017689161,-33.9106962386044],[151.213017562973,-33.9106992783361],[151.213008048313,-33.9108260671229],[151.212983764882,-33.9111120174818],[151.21296032855,-33.9113170806784],[151.212924102748,-33.9116121807479],[151.212893491127,-33.9119155608747],[151.212882464635,-33.912030356207],[151.212881148976,-33.9120440552523],[151.212863316023,-33.9122297230813],[151.212861044313,-33.9122533652407],[151.212853420125,-33.9123222222091],[151.212848488297,-33.9123667668195],[151.212844673456,-33.9124012227659],[151.212809180599,-33.9126520553399],[151.212807074444,-33.9126669386136],[151.212753857965,-33.912997425014],[151.212701268551,-33.913313812782],[151.212626766137,-33.9136786754435],[151.212553593449,-33.9140069711288],[151.212469165102,-33.9143225863189],[151.212404478613,-33.9145697756396],[151.212355457733,-33.9147246217809],[151.212286713426,-33.9149741462126],[151.212259440297,-33.9150731397319],[151.212227262191,-33.9151952213472],[151.212161875493,-33.915443292136],[151.212032689804,-33.9158737334907],[151.211910050976,-33.916319537953],[151.211852387766,-33.9165591947448],[151.211803120146,-33.9167731016879],[151.211757967941,-33.9169691436413],[151.211685503528,-33.9173145169097],[151.211607641743,-33.9176989389808],[151.21155088695,-33.9179943514222],[151.211526939212,-33.9181190005339],[151.211497065612,-33.9182938272752],[151.211474368447,-33.9184159218792],[151.211429658916,-33.9186564202846],[151.211355694704,-33.9190733467964],[151.211303230458,-33.9193378908915],[151.211278993447,-33.919456831328],[151.211258270385,-33.9195720057577],[151.211232530225,-33.9197081015225],[151.211178788642,-33.9200337051986],[151.211149459095,-33.9203415305077],[151.211144011393,-33.9204378397829],[151.211142981736,-33.9205113046315],[151.211141684889,-33.9206038616724],[151.21114366208,-33.9206735567641],[151.211148327347,-33.9207242047562],[151.211152507147,-33.9207556486248],[151.211175793514,-33.9209308679484],[151.211174051278,-33.9210142036677],[151.211152398661,-33.9210138890623],[151.211149756907,-33.9211402488881],[151.211128103178,-33.9211399342617],[151.211125461357,-33.9212662949846],[151.211103807595,-33.9212659803529],[151.211101165745,-33.9213923401702],[151.211084841867,-33.921392102979],[151.211079513033,-33.9213920255489],[151.211078206429,-33.9214545194427],[151.211077248539,-33.9215003344753],[151.21107334166,-33.9215002777064],[151.210863903479,-33.9234701818433],[151.210623401419,-33.9234438887946],[151.21000288464,-33.9233424872461],[151.209595958672,-33.923285955604],[151.209072584134,-33.923213244106],[151.20852465078,-33.923138467847],[151.208048146016,-33.923069501743],[151.207657349871,-33.9230077448083],[151.207173527029,-33.922934021254],[151.206895638279,-33.9228916765805],[151.206879620611,-33.9228894612717],[151.206544370561,-33.9228430872916],[151.206462201824,-33.9228317213939],[151.206461877187,-33.9228316760864],[151.206220024736,-33.9227998379905],[151.205881071774,-33.922755217143],[151.20558240046,-33.9227136144742],[151.205364566389,-33.9226832708871],[151.20533637741,-33.9226795235488],[151.205042064741,-33.9226403961575],[151.204680416925,-33.9225918233737],[151.204474136758,-33.9225641174605],[151.204436437511,-33.9225588344282],[151.204148327244,-33.9225184580988],[151.204056091215,-33.9225055316353],[151.203995256581,-33.9224975926128],[151.203716449701,-33.9224612104238],[151.203604465664,-33.9224455508857],[151.203364034248,-33.9224119298855],[151.203111393718,-33.9223785351012],[151.202816327812,-33.9223395302918],[151.202815933005,-33.92233947854],[151.202806073863,-33.922338174987],[151.202774048837,-33.9223336352515],[151.202593946264,-33.9223081055041],[151.202578100376,-33.9223058596843],[151.202496474643,-33.9222942889782],[151.202248188632,-33.9222608405878],[151.20181267031,-33.9222006800187],[151.201581861035,-33.9221687966767],[151.201548157094,-33.9221642708735],[151.200904065031,-33.9220777754858],[151.200481426343,-33.9220222791654],[151.200341817618,-33.9220039468332],[151.200255811843,-33.9219917028542],[151.199828208798,-33.9219308268291],[151.199461773826,-33.9218827973116],[151.199254544797,-33.9218556342119],[151.198998837582,-33.9218191734857],[151.198713832857,-33.9217785350741],[151.198326265443,-33.9217271749008],[151.197508134254,-33.9216141593427],[151.196985998469,-33.9215385167209],[151.196916518302,-33.9215281202307],[151.196623677896,-33.9214843008645],[151.196393664743,-33.9214547667258],[151.196232983691,-33.9214341345336],[151.196232512271,-33.9214340744245],[151.195808841689,-33.9213781214159],[151.195419319472,-33.9213246954972],[151.195208156475,-33.9212953561014],[151.195034153486,-33.9212614311856],[151.19479773078,-33.9212153777432],[151.19432827627,-33.9211524262911],[151.193661942604,-33.9210615326663],[151.193645796782,-33.9210592226903],[151.193474664252,-33.9210347400741],[151.193375042694,-33.9210204880592],[151.193299576256,-33.9210096914998],[151.192412021872,-33.920891687413],[151.19193237342,-33.9208240198493],[151.191921239614,-33.9208224487333],[151.191745400792,-33.9207973499639],[151.191627600522,-33.9207805364363],[151.191306359013,-33.9207346840479],[151.190458038155,-33.9206156904461],[151.189016963791,-33.9204185462318],[151.188628164832,-33.9203651095898],[151.188196704949,-33.9202991149115],[151.187947712764,-33.9202662821106],[151.187636628165,-33.9202252605054],[151.187606442754,-33.9202206600669],[151.187051834917,-33.9201361294662],[151.185793100912,-33.9199446137771],[151.185354240064,-33.9198904291524],[151.185249264266,-33.9198849358694],[151.185223256934,-33.9198835750397],[151.184957598927,-33.9198696713017],[151.184616626737,-33.9198237325058],[151.183560719665,-33.919681465154],[151.182070578047,-33.9194541323415],[151.180555609716,-33.9207340681922],[151.179637178304,-33.9203196716595],[151.179627385254,-33.9202833115542],[151.179625719118,-33.9202854150033]],[[151.218204031031,-33.8850260839665],[151.218185756172,-33.8851180696881],[151.218204756494,-33.8850234857191],[151.218204031031,-33.8850260839665]]]},"properties":{"OBJECTID":38,"DateOrder":6,"StartDate":"1982","EndDate":"1988","CouncilName":"City of Sydney","Details":"On 1 January 1982, South Sydney Municipal Council (SSMC) was abolished and all the areas lost to it in 1968 returned to the City of Sydney. The areas lost to Woollahra, Marrickville, and Leichhardt did not return. The City of Sydney also gained responsibi","Shape__Area":24072471.83984375,"Shape__Length":37654.475010197733}},{"type":"Feature","id":46,"geometry":{"type":"Polygon","coordinates":[[[151.221544379845,-33.8689800729624],[151.222655441265,-33.8676641607155],[151.222681290853,-33.8676742832777],[151.222686838851,-33.8676764562602],[151.222688678329,-33.8676731887178],[151.222693142961,-33.8676652555376],[151.222719124411,-33.8676754313935],[151.222752661797,-33.8676882239905],[151.222776539097,-33.8676973315737],[151.222969531534,-33.8673002757205],[151.223146881674,-33.8669286612255],[151.223511558757,-33.866164513992],[151.223519030545,-33.866148856494],[151.223519098429,-33.8661487104881],[151.223527459221,-33.8661307356953],[151.223631021631,-33.865908098009],[151.223737535452,-33.8656833800563],[151.223785429128,-33.8655823354838],[151.223843541149,-33.8654597331579],[151.224367579246,-33.8643541190264],[151.224374266298,-33.8643400101795],[151.224749262927,-33.8635370130789],[151.225453522227,-33.8620289026844],[151.225481188558,-33.8619696568658],[151.225518810201,-33.8619288986458],[151.225562532478,-33.8619064778228],[151.225612530985,-33.8618995510057],[151.225623684276,-33.8619007341958],[151.225657988655,-33.861904373471],[151.225665351316,-33.8619068555952],[151.225696692283,-33.8619174208884],[151.225700885101,-33.8619202451176],[151.225722713845,-33.8619349450088],[151.225734213582,-33.8619428935753],[151.225745460279,-33.8619581092837],[151.225780544111,-33.8620505096943],[151.226002921226,-33.862636171534],[151.226146764448,-33.8630261568188],[151.226272281411,-33.863366454279],[151.226275760983,-33.8633658776537],[151.226277955234,-33.8633655142749],[151.226280406542,-33.8633651086074],[151.226499727601,-33.8633287798533],[151.226501926987,-33.8633288475796],[151.226505808549,-33.8633279629257],[151.226506540249,-33.8633309988184],[151.226538413817,-33.8634630224672],[151.226542812906,-33.8634622543724],[151.226545006488,-33.8634618711409],[151.226547396426,-33.8634614537638],[151.227022976811,-33.8633784270099],[151.226991473355,-33.8632440471222],[151.227594747176,-33.8631358156806],[151.227270150549,-33.8622498261789],[151.22726627722,-33.8622321710519],[151.227275361475,-33.8622138610126],[151.227401913546,-33.8621463579896],[151.227442349126,-33.862124790057],[151.227278053128,-33.8619201952205],[151.227127104335,-33.861764887845],[151.227050175347,-33.8616857383531],[151.226959870451,-33.8615928259513],[151.226919989951,-33.8615517943015],[151.226986699065,-33.8613075609707],[151.227024935851,-33.8611675675066],[151.227103538523,-33.8608797839929],[151.227104557107,-33.860876053691],[151.227123188282,-33.8608078385411],[151.227127974658,-33.8607903161162],[151.227128100995,-33.8607898517305],[151.227608607474,-33.859030551554],[151.228733641674,-33.858010443846],[151.228882310197,-33.8581224416042],[151.22902413059,-33.858080545814],[151.229230127681,-33.8580734038846],[151.229548135286,-33.8581150143655],[151.229748464848,-33.8581869239661],[151.229948100011,-33.8582924972593],[151.230278162894,-33.8586488178842],[151.230616329799,-33.8590138828495],[151.230646830751,-33.8590468089976],[151.230668677399,-33.8590703941055],[151.230727085725,-33.859133447977],[151.230800639463,-33.8592128515512],[151.230821915628,-33.8592912908124],[151.230811046457,-33.8593137064225],[151.230792178091,-33.8593203807854],[151.2307364313,-33.8592987445858],[151.230683876681,-33.8593077974079],[151.230673603099,-33.8593095670115],[151.230634087053,-33.8593163741096],[151.229897565939,-33.8600107378973],[151.229813985939,-33.8600887549084],[151.229725103448,-33.8601717202215],[151.229040213245,-33.86081101201],[151.22892298115,-33.8609447587775],[151.228840617668,-33.8611033150379],[151.228799688124,-33.8612711488467],[151.228792667331,-33.8613255387393],[151.228665892449,-33.8623075374652],[151.228581847446,-33.8628762282619],[151.228578611762,-33.8628981230641],[151.228563295452,-33.8630017580272],[151.228561465726,-33.8630903320151],[151.228550228434,-33.8630901704619],[151.228547335767,-33.8631097445871],[151.228538332962,-33.8631732009748],[151.228537857207,-33.8631765567512],[151.228537012534,-33.8632174451651],[151.228532066563,-33.8632173740582],[151.22852053984,-33.8632986162931],[151.228512881441,-33.8633289104061],[151.228512558162,-33.8633445591913],[151.228508938099,-33.8633445071459],[151.228489111705,-33.8634229329248],[151.228327810809,-33.864060959865],[151.22829506094,-33.8642861007134],[151.228384163217,-33.8642766465717],[151.228384234706,-33.8642766394839],[151.22841961952,-33.864465203125],[151.22840204477,-33.8644676412493],[151.228328640983,-33.8644778261027],[151.228334145684,-33.8644881085224],[151.228372803612,-33.8645603144916],[151.228695827044,-33.8659192863669],[151.228835325448,-33.8665061477288],[151.228798439562,-33.8666991729779],[151.22879250999,-33.8666990877385],[151.228792472167,-33.8667009186429],[151.22879178939,-33.8667339704796],[151.228788028549,-33.8667536511491],[151.228776205548,-33.8668155177738],[151.228657433741,-33.8670568933345],[151.22845035951,-33.8672738486115],[151.228397924722,-33.867304475471],[151.228214391198,-33.86741167544],[151.227923698426,-33.8675116727817],[151.227797079907,-33.867595509439],[151.227671751035,-33.8677511318228],[151.227611064282,-33.8678858797397],[151.227538890961,-33.8680461305943],[151.227522133166,-33.8680492773809],[151.227428404804,-33.8680668746709],[151.227390783876,-33.868073937853],[151.22709833726,-33.8681288458709],[151.227080880572,-33.8681321232126],[151.227073203707,-33.8681237410253],[151.226901209994,-33.8681867571256],[151.226851208057,-33.8682099834142],[151.226754841934,-33.8682530255779],[151.226681611941,-33.8682872019451],[151.226674725407,-33.8682904176481],[151.226553743095,-33.8683469183014],[151.226333942972,-33.8684495670502],[151.225849505695,-33.8683820634887],[151.225741646286,-33.8683567529054],[151.225769560384,-33.8682125021587],[151.225807925094,-33.8680123736881],[151.225844732812,-33.8677676927405],[151.225549557309,-33.8674930533886],[151.225216536109,-33.8671922045105],[151.224894004476,-33.8668163985364],[151.224761614014,-33.8668382034317],[151.224754950599,-33.8668316373952],[151.224716787799,-33.8667946687089],[151.224677000944,-33.8667355865333],[151.224659698156,-33.8666287517173],[151.224691407213,-33.8665288956472],[151.22474193149,-33.8664246612568],[151.224761952369,-33.8663807984178],[151.224770710222,-33.8663246303829],[151.224762082276,-33.8663257604009],[151.224762892618,-33.8663205581793],[151.224778253457,-33.866214457295],[151.224729844347,-33.8661440764668],[151.224716538616,-33.8661230390846],[151.224686978502,-33.866081737009],[151.22463590546,-33.8660381654548],[151.224582556103,-33.866000485553],[151.22449565723,-33.8659579802735],[151.224319017034,-33.8659104358048],[151.224439942827,-33.8661158955774],[151.224444015331,-33.86612281475],[151.224300803482,-33.8663818875958],[151.224022344147,-33.8669967245164],[151.223858129112,-33.8673370461246],[151.223789544705,-33.8674791906608],[151.22376313178,-33.8675339291074],[151.22366463782,-33.867629551434],[151.223705663114,-33.8676885841476],[151.223659565161,-33.8679705474548],[151.223628773841,-33.8681708564985],[151.223591832887,-33.8682916907667],[151.223500822073,-33.8685764041952],[151.223470703398,-33.8686441094357],[151.223461685416,-33.8686847608569],[151.223382676467,-33.8690847424341],[151.2226700051,-33.8689753196038],[151.22251380709,-33.8687491944089],[151.222153088183,-33.8690305826258],[151.222130194149,-33.8690431679689],[151.221922515673,-33.869158238338],[151.221808109105,-33.8692033814836],[151.221654753489,-33.8692792790563],[151.221631894873,-33.8692850431115],[151.221488560763,-33.8693225481346],[151.221379675957,-33.8693300514777],[151.221361860523,-33.8693299133218],[151.221332591476,-33.8693296855608],[151.221056085317,-33.8693275411561],[151.220555804884,-33.8692928315467],[151.220417751625,-33.8692708882922],[151.220327735123,-33.8692587418821],[151.220237539039,-33.8692405628431],[151.220148687885,-33.8692167546365],[151.220062661659,-33.8691877300041],[151.219977736004,-33.8691521429829],[151.219916799011,-33.8691261381652],[151.21982661195,-33.8690836397979],[151.219738415733,-33.8690380401753],[151.219652657016,-33.868989590129],[151.219569776013,-33.8689384862935],[151.219514782238,-33.8688990725507],[151.219511799054,-33.8688966073532],[151.219410908527,-33.8688132411263],[151.219367603249,-33.8687803075539],[151.219357419788,-33.868772572195],[151.219299826211,-33.8687372273321],[151.21923428219,-33.8687052518748],[151.21920580077,-33.8686933979772],[151.219168684393,-33.8686779493502],[151.219165214108,-33.8686765050933],[151.219138381576,-33.8686672368707],[151.219112010577,-33.8686581277083],[151.219093637811,-33.8686517816743],[151.219042603899,-33.8686379308191],[151.219020615991,-33.8686319626501],[151.218947173798,-33.8686178626847],[151.218867628006,-33.8686098126179],[151.21884100574,-33.8690520059365],[151.218847306854,-33.8691604966767],[151.218840145451,-33.869186291258],[151.218574476999,-33.869610953978],[151.218573985955,-33.8696205910377],[151.218572973588,-33.8696295649912],[151.21787317679,-33.8701832523447],[151.217863447034,-33.8701919640317],[151.217825430804,-33.870222747044],[151.217785541863,-33.8702519871218],[151.217744065708,-33.870279471073],[151.217701298739,-33.8703049813545],[151.217663532283,-33.870397839506],[151.217546678747,-33.8704997594237],[151.21689120586,-33.8710809757492],[151.216984923568,-33.8712795814105],[151.216822890646,-33.8720120378555],[151.216768300221,-33.8722583057493],[151.216743298475,-33.8723710910995],[151.216760632162,-33.8723782547618],[151.216742348842,-33.872375375066],[151.216633541321,-33.8723582801824],[151.21624991326,-33.8722980077517],[151.215920912961,-33.8722463171804],[151.21589797789,-33.8722427135285],[151.215885302992,-33.8722407219837],[151.215817661502,-33.872230094671],[151.215798406265,-33.8723173868674],[151.215764612442,-33.8723427982478],[151.215724641007,-33.8723728552073],[151.21568268508,-33.8724044019484],[151.21567225623,-33.8724122430624],[151.215551602592,-33.8725343852429],[151.215542933651,-33.8725431616954],[151.215534474137,-33.8725535102148],[151.215566207296,-33.8725752690281],[151.215565225045,-33.8725762872978],[151.215461696249,-33.8726836678911],[151.215388022281,-33.8727622463248],[151.215378915446,-33.8727719587438],[151.215288022412,-33.8728678220909],[151.215227880669,-33.8729312442665],[151.215164525304,-33.8730045615773],[151.21512714719,-33.873044464166],[151.214917490208,-33.873272106986],[151.214864232618,-33.8732398328951],[151.214709699769,-33.8731461866137],[151.214408259269,-33.8735492996876],[151.214402005636,-33.8735388534287],[151.214398250931,-33.8735325823904],[151.21434639139,-33.8734459649353],[151.214344980238,-33.8734520023942],[151.214339662275,-33.8734747430304],[151.214330769152,-33.8735423765417],[151.214329289921,-33.8735760721886],[151.21433095825,-33.8736296671409],[151.214337761492,-33.8736831651879],[151.214343050744,-33.8737095466071],[151.214376716645,-33.8737949959195],[151.214394351528,-33.8738397561583],[151.21440754684,-33.8738732379686],[151.21441850998,-33.8739010524312],[151.214439538076,-33.8739544419314],[151.214459948961,-33.8740107351137],[151.214450636985,-33.8740686877541],[151.214449058656,-33.8740784947831],[151.214432680952,-33.8741803960786],[151.214430242822,-33.8741955650358],[151.214410029156,-33.8743212474116],[151.214394511953,-33.8744259475554],[151.214363894626,-33.8745660215412],[151.214239201982,-33.8751364649128],[151.214236886136,-33.8751470583872],[151.214211198817,-33.8752645727253],[151.214103840994,-33.8752663736609],[151.213864049521,-33.875229721287],[151.213813191619,-33.8754593522213],[151.213799751626,-33.875541417062],[151.213395468013,-33.8754784085674],[151.212826729838,-33.8753748234439],[151.212789862695,-33.875678127259],[151.212754347876,-33.875950262988],[151.212759104051,-33.8759512265169],[151.212760705632,-33.8759513588627],[151.21301214105,-33.8759721357972],[151.213231256272,-33.8760062392283],[151.213323795997,-33.8760206421993],[151.213259237333,-33.8763143801286],[151.21317783615,-33.8766827706685],[151.213103812644,-33.8770052233487],[151.212903955356,-33.8769750871451],[151.212786490022,-33.8769590147123],[151.212587014789,-33.8769317204226],[151.212362835258,-33.876912724964],[151.21228490258,-33.8769060474498],[151.212290191897,-33.8769081459125],[151.212318567426,-33.8769194038392],[151.212416216645,-33.8769581466417],[151.212560553995,-33.8770456972997],[151.212691355999,-33.877138492534],[151.212901336594,-33.8772996197009],[151.213703344444,-33.877943610294],[151.213789596314,-33.8780159588362],[151.21400990348,-33.8782007504444],[151.21423046316,-33.878376893109],[151.214223398843,-33.878419866053],[151.214204834714,-33.8785007087025],[151.214213334426,-33.8785139955561],[151.214203588618,-33.8785061353613],[151.214101303715,-33.8789491810468],[151.21402903274,-33.8792665503367],[151.213943695441,-33.8796416129697],[151.213840690544,-33.8800837876156],[151.213853408886,-33.8800868080047],[151.21383945311,-33.8800892630883],[151.213718699239,-33.8806235357789],[151.213260114975,-33.8805442913102],[151.212212090967,-33.8803395370753],[151.211951782552,-33.8802877439374],[151.211748327748,-33.880283817663],[151.211342983098,-33.8802729389413],[151.210909693307,-33.8802610668999],[151.210552165327,-33.8802461242403],[151.210203833748,-33.8802315946015],[151.210144421299,-33.8812732890124],[151.210114052881,-33.8818208072438],[151.210096093534,-33.8821430189648],[151.210095455751,-33.8821544527968],[151.210094705382,-33.8821679121076],[151.209963293674,-33.8822667036485],[151.209906481019,-33.8823094168449],[151.209763012083,-33.8825296435895],[151.209227328511,-33.8833504176474],[151.208994225415,-33.8837069468794],[151.208805076866,-33.883630600089],[151.208731194472,-33.8840380576811],[151.208663746773,-33.8843626062242],[151.208655307523,-33.8843625267802],[151.20866307832,-33.8843658256375],[151.208726372803,-33.8843910597187],[151.209151973724,-33.8845625317603],[151.210264491919,-33.8850108019395],[151.210131664446,-33.8852566568617],[151.21001034972,-33.8854809965565],[151.209863342292,-33.8857507296841],[151.209871735052,-33.8857775179389],[151.209895006288,-33.8861164111584],[151.20989620759,-33.8861744700712],[151.209864591334,-33.8862957798789],[151.209658150844,-33.8866677224132],[151.209597491218,-33.8866392438452],[151.209171792484,-33.8864563521305],[151.208958170806,-33.8868088241348],[151.208734206631,-33.8867045462686],[151.208664377558,-33.8866685107715],[151.208371407032,-33.8865027579622],[151.208234527857,-33.8864139067842],[151.208139921436,-33.8863529246177],[151.207714061264,-33.8861070074505],[151.207428389185,-33.8859427157644],[151.207367036242,-33.8859204597583],[151.207048656033,-33.8858049658975],[151.206986983667,-33.8858027877159],[151.206930107846,-33.885820797154],[151.206893741284,-33.8858492569161],[151.206844412215,-33.8860870356122],[151.206740465949,-33.8865881127169],[151.206702127184,-33.8867764817566],[151.206551504568,-33.8875166382196],[151.206322753022,-33.8885802586879],[151.206077991835,-33.8896603292799],[151.206076846963,-33.889666154977],[151.20526884988,-33.8895575049126],[151.204557342871,-33.8894618326684],[151.202960615413,-33.8892452448223],[151.202823260567,-33.8892266090905],[151.202718221251,-33.8892074618551],[151.202390999821,-33.8891477617594],[151.202092766963,-33.8891070390293],[151.202065581004,-33.8891033265036],[151.20183476761,-33.8890502595559],[151.20164859363,-33.889007465496],[151.201646561367,-33.8890071328398],[151.201645052977,-33.8890009023439],[151.201527804685,-33.8889819617888],[151.201511784958,-33.8889134040191],[151.201474585184,-33.8887542765193],[151.201470435568,-33.8886805654951],[151.201460386784,-33.8885022982621],[151.201459176368,-33.8884807939509],[151.201471663216,-33.8881823563855],[151.201563032299,-33.8876972888181],[151.201687811227,-33.8870319913502],[151.201726365802,-33.8868306773519],[151.201930224776,-33.8866473729775],[151.201827981905,-33.8865853511804],[151.201516169427,-33.886547254109],[151.200098068178,-33.8863621181057],[151.200082245984,-33.8863596289492],[151.2001256496,-33.8861371792522],[151.200120621516,-33.8860159418074],[151.199460298446,-33.8860599438347],[151.198724239683,-33.8861095067698],[151.198694748088,-33.8856742435071],[151.198688384543,-33.8855823723691],[151.198592173343,-33.8843329271264],[151.198588866019,-33.8842900353352],[151.198573465141,-33.8842501453134],[151.198279866246,-33.8834894500291],[151.198252048225,-33.8834309991005],[151.197414468922,-33.8819859061855],[151.19718642495,-33.8815870355084],[151.19656669991,-33.8805109724404],[151.195763044029,-33.879115335158],[151.195726354582,-33.8790406829494],[151.195705442122,-33.8790048499347],[151.195699685942,-33.8790011649816],[151.195651564692,-33.8789187111895],[151.195644640161,-33.8789068456763],[151.194856489957,-33.8775563490298],[151.194000511762,-33.8760866414838],[151.193373355235,-33.8750056747404],[151.193369178787,-33.8749985573842],[151.193117631422,-33.8745707757757],[151.193111750413,-33.8745607748973],[151.193036167678,-33.8744340450247],[151.192974861958,-33.8743312519861],[151.192866325345,-33.8742129893112],[151.192812658055,-33.8741791957096],[151.192760963482,-33.8741513626648],[151.192689412247,-33.8741195673209],[151.192621824329,-33.8740957148885],[151.192554236183,-33.874059929701],[151.192500569117,-33.8740261359698],[151.192415518954,-33.8739612190177],[151.192430852872,-33.8739498837036],[151.192329371846,-33.8738812214581],[151.192323209321,-33.8738860112479],[151.192317335855,-33.8738905762372],[151.192303090706,-33.8738653556761],[151.191759011315,-33.8729020587115],[151.191576437364,-33.8727882449203],[151.191576763464,-33.8727840097293],[151.191598058998,-33.8727579284146],[151.191602966965,-33.8727542384009],[151.191618584958,-33.8727424988659],[151.191588998024,-33.8726979064009],[151.191447417219,-33.8724845199367],[151.19139360076,-33.8724034083888],[151.191355509698,-33.8723459972436],[151.191353311268,-33.872346336486],[151.191298437081,-33.8723548133927],[151.191203570202,-33.8723309916545],[151.191068064643,-33.872204058037],[151.191036444425,-33.8721744387264],[151.191010427847,-33.8721500677518],[151.190908232712,-33.8720543372057],[151.190881903875,-33.8719423702824],[151.190973578732,-33.8718857805886],[151.190915761473,-33.8718395344531],[151.190879821603,-33.8718107867777],[151.190877277646,-33.8718087511673],[151.190724977579,-33.8716869287036],[151.190699253264,-33.871612766116],[151.190694295918,-33.8716093217108],[151.190648025127,-33.8715771777942],[151.190435439942,-33.8714294941425],[151.190236629041,-33.8712913779336],[151.190229936175,-33.8712867285416],[151.190150927995,-33.8712369650895],[151.190095715788,-33.8712021890975],[151.190082890223,-33.8711941113666],[151.190040009661,-33.8711671028409],[151.189996535221,-33.8711444662245],[151.189846418515,-33.8710580464004],[151.189831425593,-33.8710509900312],[151.189815934871,-33.8710446242921],[151.189687483066,-33.8709919004672],[151.189434612853,-33.8708881086768],[151.189387334515,-33.8708694169643],[151.18938460378,-33.870873719608],[151.189357117401,-33.8708646228936],[151.18934096632,-33.8708592771769],[151.189320759481,-33.8708525895787],[151.189292930352,-33.8708415517793],[151.189249589142,-33.8708269549642],[151.189232636994,-33.8708200248271],[151.189219152546,-33.870814384644],[151.189217679739,-33.8708160438388],[151.189202438047,-33.8708094589545],[151.189196079241,-33.8708042499289],[151.18914478679,-33.8707869067408],[151.189019920372,-33.8707329589696],[151.188971930364,-33.8707102502129],[151.188944003971,-33.8706964010876],[151.188921549662,-33.8706852663752],[151.18888625021,-33.8706655061627],[151.18883731499,-33.870638112452],[151.188798327528,-33.8706162871207],[151.188762594367,-33.8705962842419],[151.188748937213,-33.8705886396088],[151.18870218977,-33.870559059731],[151.188667272652,-33.870535892898],[151.188668307026,-33.8705342633335],[151.188668807665,-33.8705327224081],[151.188607972169,-33.8704881657898],[151.188567513162,-33.8704585322361],[151.188537612301,-33.8704366321208],[151.188475038668,-33.8703850668165],[151.188419840023,-33.8703395785332],[151.18841869251,-33.8703386328691],[151.188412978521,-33.8703326352466],[151.188403366375,-33.870322545925],[151.18829049009,-33.8702040703596],[151.188212919487,-33.8701226514503],[151.188210281946,-33.8701198830999],[151.18807660735,-33.8699795760812],[151.188075303418,-33.8699782060997],[151.18806913894,-33.8699717365394],[151.188039048568,-33.8699637266111],[151.187252931183,-33.8691213384043],[151.187183444317,-33.8685958033516],[151.187079743068,-33.8685205747547],[151.187134276297,-33.8684448961834],[151.187064984223,-33.8683331710114],[151.187099842345,-33.868332124822],[151.1871180334,-33.8683160656036],[151.187478589386,-33.8679977533355],[151.187474379642,-33.8679944478499],[151.187526019813,-33.8679482052789],[151.187540000847,-33.8679342662703],[151.187603074911,-33.8678713861527],[151.187635981886,-33.8678410280304],[151.18773788899,-33.8677549338877],[151.187893291762,-33.8676084786296],[151.187929858392,-33.8675736357954],[151.187947183162,-33.8675609569508],[151.18796119428,-33.86755070284],[151.187963082768,-33.8675493211958],[151.188061163687,-33.8674623535217],[151.188104525719,-33.8674209908996],[151.188117832866,-33.8674110537488],[151.188397855171,-33.8671691182867],[151.188507307679,-33.8670260470968],[151.188614414221,-33.8668984223729],[151.188711918097,-33.8667995580318],[151.188728529068,-33.8664427683977],[151.189070558392,-33.8660802884017],[151.189091817933,-33.8660577570987],[151.189139341385,-33.8660073927612],[151.189170238262,-33.8659746475073],[151.189206769373,-33.8660265465878],[151.189232151585,-33.8660337566098],[151.189285814058,-33.8659942789648],[151.189350416025,-33.8659467544225],[151.189375018232,-33.8659286555469],[151.189392708806,-33.8659221236106],[151.189469629133,-33.865841485087],[151.189507028554,-33.8658125432497],[151.189769023329,-33.8656164220572],[151.18997483574,-33.8654582786256],[151.189992884206,-33.8654423133463],[151.190001890273,-33.8654343462191],[151.190153829319,-33.8654756703552],[151.190333344251,-33.8655244969232],[151.190335978442,-33.8655179970964],[151.190341755416,-33.8655037424766],[151.190736487209,-33.8656157102818],[151.190749571704,-33.8656194219074],[151.190853893136,-33.8656490131711],[151.190931187716,-33.8656266415223],[151.19135268932,-33.8655046444786],[151.191361264267,-33.8655229521375],[151.191368672766,-33.8655205612637],[151.191514344578,-33.8654355877916],[151.191533815394,-33.8654242303102],[151.191499224489,-33.8653404027014],[151.19097075392,-33.8640596635379],[151.191027761568,-33.8638832977249],[151.19127019222,-33.8637096476119],[151.191757494518,-33.863665701954],[151.192129046319,-33.8632793000381],[151.192333373422,-33.8631627820354],[151.192385821793,-33.8631379285185],[151.192385908053,-33.8631378874022],[151.192385942993,-33.8631378707817],[151.193675498629,-33.8625267718505],[151.193737438863,-33.8625276789566],[151.193839581827,-33.8627285223197],[151.193338546157,-33.8634995082062],[151.19344937146,-33.8636089137115],[151.19336393151,-33.8638825133656],[151.193497090079,-33.8641677232319],[151.193849469534,-33.8643208701956],[151.195114070441,-33.8627252303471],[151.195302279617,-33.8626170539864],[151.195486921667,-33.8626699455169],[151.195647202689,-33.8626221234465],[151.195776209047,-33.8628011839386],[151.194174822675,-33.8647663070967],[151.194246067154,-33.8648605813171],[151.194165697692,-33.8651506178969],[151.19432713376,-33.8653473044536],[151.194625983882,-33.8652749816589],[151.194634278252,-33.8652665519842],[151.194696307058,-33.8653101699918],[151.19470321158,-33.8653150251338],[151.1947250571,-33.8652940019075],[151.194798495565,-33.8652233236639],[151.194801680195,-33.8652256273795],[151.195152793651,-33.8648876460331],[151.195745975389,-33.8643166421618],[151.195741984791,-33.8643135998651],[151.196627574346,-33.8634455019913],[151.196631793872,-33.8634485548239],[151.196640768677,-33.8634526231805],[151.196875568216,-33.8635590464192],[151.197002756369,-33.8636206741334],[151.197349864646,-33.8637888607413],[151.197384365682,-33.8638049160219],[151.197385297374,-33.8638100614632],[151.197395510502,-33.8638152335791],[151.197405148547,-33.8638233378598],[151.197409943332,-33.8638251492686],[151.197420097018,-33.8638289841319],[151.197455290062,-33.8638400944472],[151.197458132597,-33.8638335280696],[151.197513447098,-33.8638507146947],[151.19752964519,-33.8638556903036],[151.197517987266,-33.8638841798138],[151.197375714466,-33.8642298117692],[151.19717070527,-33.8647278459723],[151.196663805002,-33.8659592473082],[151.196661035716,-33.8659659734416],[151.196400758359,-33.8665982445855],[151.196356557998,-33.8667056161993],[151.196176712639,-33.8671424918463],[151.196159842272,-33.8671834715462],[151.196155325072,-33.8671821772412],[151.196155274566,-33.8671821629757],[151.196153553216,-33.8671816697708],[151.196143491579,-33.8671787874829],[151.196127961974,-33.8672165125865],[151.196117967786,-33.8672407890118],[151.196104074064,-33.8672745397435],[151.19610969858,-33.8672792065418],[151.196117031492,-33.8672852906399],[151.196146149619,-33.8673094489644],[151.196176563923,-33.8673346830989],[151.196137657766,-33.8674272452811],[151.196112893914,-33.86748615955],[151.196116512108,-33.8674871800915],[151.196119750976,-33.8674880931824],[151.196121598218,-33.8674886143815],[151.196123304692,-33.8674890956465],[151.19613300194,-33.8674918301266],[151.196132295416,-33.8675016226064],[151.196449158742,-33.8679379814468],[151.196828875173,-33.8682841411884],[151.197931219416,-33.8685525331913],[151.199159247178,-33.8685873611246],[151.199148694222,-33.8690839391135],[151.199224498281,-33.8692746751307],[151.199143184259,-33.8693336381595],[151.199179869322,-33.8704122355291],[151.19898610562,-33.8717665177557],[151.19903597874,-33.8721753034296],[151.199269226955,-33.8721990038334],[151.199400683586,-33.8726282357548],[151.199544509559,-33.8727985899211],[151.199681356041,-33.8728030334557],[151.199620280486,-33.8728711051707],[151.199685770077,-33.8729811755206],[151.200141496785,-33.8734472972978],[151.200393379977,-33.8735437461963],[151.201102262239,-33.8736047742139],[151.20175705579,-33.8733752179669],[151.201875069734,-33.8732476028497],[151.201943293514,-33.8725703251141],[151.202172809466,-33.8717431879957],[151.202160213807,-33.8710895609005],[151.202391078074,-33.8701962035301],[151.202459418055,-33.8694923452425],[151.202352098177,-33.8682201594486],[151.202168405853,-33.8681659969259],[151.202023294413,-33.8672371331382],[151.201859860886,-33.8670637507524],[151.201688243658,-33.8670072704625],[151.201603890871,-33.8659650422177],[151.202287960119,-33.8659073699823],[151.202401524916,-33.865817352173],[151.202384816471,-33.8654448322538],[151.202545880571,-33.8653583928508],[151.202426642867,-33.8647145181382],[151.20251888287,-33.864124069209],[151.202476119955,-33.8636206319764],[151.202450135225,-33.8633846789838],[151.202323167595,-33.8633175107263],[151.202264978692,-33.8628596703777],[151.201642351977,-33.8628647213066],[151.201674238578,-33.8626216233491],[151.202126914482,-33.8625576967019],[151.202051044911,-33.861533900827],[151.201878385004,-33.8592039335927],[151.201775769036,-33.8590349770652],[151.201847176366,-33.8589251020123],[151.201247752869,-33.8588944086151],[151.201179910309,-33.8587724963547],[151.200889796622,-33.8586076028384],[151.200458505933,-33.8585506533298],[151.200328652337,-33.8584159545499],[151.200262294344,-33.8572112083059],[151.200249892057,-33.8569860332926],[151.200255400565,-33.8569130707631],[151.200255407062,-33.8569129671576],[151.200255431746,-33.8569126149366],[151.200270821098,-33.8566895095268],[151.200256828966,-33.8563531173474],[151.200240873607,-33.8561840563822],[151.200229627263,-33.8560326238303],[151.200229857535,-33.8559871369612],[151.200229858436,-33.8559869394926],[151.200227513562,-33.8558754434896],[151.200223393262,-33.8556957281347],[151.200217299472,-33.8556221209206],[151.202193196821,-33.8555859169135],[151.202456711667,-33.8556783835181],[151.202429250445,-33.8558058979624],[151.2025962003,-33.8561327209795],[151.202642598869,-33.8561583435678],[151.202677227333,-33.8562793287824],[151.203459803384,-33.8566648061753],[151.203521545044,-33.856564052735],[151.20358071713,-33.8565142472871],[151.20358770508,-33.8566161569138],[151.204197145849,-33.8566257025849],[151.204936234198,-33.8565969377514],[151.204969422669,-33.8565956465713],[151.204988060376,-33.8565126176652],[151.205202236329,-33.8564271337293],[151.205316366198,-33.8564947909887],[151.205416980384,-33.8564665627538],[151.205645325431,-33.8562828211458],[151.205897006109,-33.8561273359356],[151.205909218955,-33.8560704739186],[151.20591508616,-33.8560657521411],[151.205983068389,-33.85590046025],[151.205909641755,-33.8555957821119],[151.206096115395,-33.8555542031424],[151.206243788595,-33.85574476413],[151.206337912124,-33.8557923675043],[151.206370268264,-33.8557664615371],[151.206571279244,-33.8556055248548],[151.206793938563,-33.8554324371342],[151.206793329116,-33.8553876575591],[151.206790906396,-33.8552096278804],[151.2071938072,-33.8550558849245],[151.207601148173,-33.8549360503829],[151.207672659646,-33.8549150121824],[151.207687141883,-33.8548621867078],[151.20769062191,-33.8548591975412],[151.207722488694,-33.854733251748],[151.207855159573,-33.8542493040624],[151.207972911225,-33.8537981692327],[151.208032601244,-33.8535694827374],[151.208043453875,-33.8535526047836],[151.208059825625,-33.8535427387951],[151.208110734852,-33.8535399496263],[151.208125492142,-33.8535420227012],[151.208277304656,-33.8535633434175],[151.208367965024,-33.853576075804],[151.208370750744,-33.8535764670829],[151.208424260369,-33.853583201947],[151.208427264172,-33.8535685453706],[151.208518475444,-33.8535819150738],[151.208518752935,-33.8535808415226],[151.20852231496,-33.8535670388953],[151.208525166802,-33.8535559834799],[151.208741372497,-33.8535883004764],[151.208740741469,-33.853591605217],[151.208734703673,-33.8536232489587],[151.208737960266,-33.8536383572397],[151.208765367983,-33.8536552052538],[151.208778025073,-33.8536626203207],[151.208798652271,-33.8536738556008],[151.208832122726,-33.8536925456163],[151.208948190948,-33.8537573574411],[151.209116694322,-33.8538514497709],[151.20929680046,-33.8539520208879],[151.209588377573,-33.8541171341955],[151.209787678047,-33.8542125234115],[151.20980745611,-33.8542432256885],[151.209820250205,-33.8542534064898],[151.209832424014,-33.8542641003894],[151.209843951623,-33.8542753061095],[151.209854779452,-33.8542869498304],[151.209864918456,-33.8542990244975],[151.209874330647,-33.8543115376749],[151.20988297139,-33.854324401245],[151.209890743031,-33.8543374262266],[151.209956050222,-33.8544361033106],[151.210118589457,-33.8546817775898],[151.210127589634,-33.8547246068449],[151.210162647575,-33.8547251088234],[151.210228160824,-33.8548463657532],[151.210329028718,-33.8549836524332],[151.210386326764,-33.8550752884806],[151.210404450653,-33.855098677837],[151.210410817967,-33.8551085136605],[151.210483948508,-33.8552214786182],[151.210526434087,-33.8552871059834],[151.210500632391,-33.8554023314186],[151.210474432372,-33.8556619664319],[151.210124109569,-33.8559007023259],[151.20974523299,-33.8558306057783],[151.209284594502,-33.8557914924288],[151.209104870395,-33.8560815572198],[151.209241894181,-33.8565582999769],[151.209909902225,-33.8572710022869],[151.20990975124,-33.8572782365949],[151.209821757579,-33.8578221414037],[151.209816646122,-33.8578537328108],[151.20976362562,-33.8581814590751],[151.209554497807,-33.8594740660204],[151.209676515717,-33.8595489288797],[151.209675122294,-33.8596151092956],[151.209540588105,-33.8597531206063],[151.209531322419,-33.8601445963867],[151.209506939917,-33.860222915676],[151.209447595244,-33.8608062320969],[151.209431653233,-33.86096292917],[151.209737980043,-33.8613586631716],[151.211502081893,-33.8615178899226],[151.212093544236,-33.8612389467253],[151.212099510409,-33.8612385526635],[151.21210170875,-33.8612384078189],[151.212103961214,-33.861238259251],[151.212105804542,-33.8612381372093],[151.212107485501,-33.8612380263379],[151.212109506345,-33.861237892444],[151.212115973653,-33.8612374659759],[151.212122794419,-33.8612335657053],[151.212318733783,-33.8611216065363],[151.212378256219,-33.8610874751648],[151.212406937101,-33.8610710295252],[151.212437227233,-33.8610536603921],[151.212485734276,-33.8610258463981],[151.21248868278,-33.8610238854941],[151.212494900944,-33.8610197501225],[151.212505973735,-33.8610123856902],[151.212524303895,-33.8609970261617],[151.212529149707,-33.8609911602708],[151.212557744426,-33.8609565458938],[151.212575993974,-33.8609231160267],[151.212590733743,-33.860892386468],[151.212604563978,-33.8608618357853],[151.212616634029,-33.8608309962591],[151.212625614251,-33.8608046458848],[151.212629953555,-33.8607830958096],[151.212661616863,-33.8604724107589],[151.212661779974,-33.8604708080191],[151.212662023258,-33.8604684183172],[151.212663573606,-33.8604532058264],[151.212680294002,-33.8603052366737],[151.212695923943,-33.8601572562064],[151.212705653979,-33.8601581457857],[151.212706684254,-33.8601392060524],[151.21269804377,-33.8601383160455],[151.212703286741,-33.8600869385309],[151.212711754404,-33.8600039556414],[151.212721484404,-33.8600048461203],[151.212723604219,-33.8599859059582],[151.212714113839,-33.8599857060846],[151.212723864027,-33.8598980256692],[151.212724874027,-33.8598763758975],[151.21272279396,-33.8598438765985],[151.212722344921,-33.8598402685163],[151.21272144876,-33.8598330641023],[151.212718744086,-33.8598113460232],[151.212718165129,-33.8598081111824],[151.212710994144,-33.8597680364259],[151.21270525369,-33.8597298562441],[151.212697444049,-33.8597095357666],[151.212687333653,-33.8596781463626],[151.212679544125,-33.8596464362356],[151.212672913679,-33.8596087959125],[151.21266863388,-33.8595763557814],[151.212665973567,-33.8595437966647],[151.212664914023,-33.8595145061468],[151.212657484502,-33.8594748063692],[151.212668223425,-33.8593954363467],[151.21267407425,-33.8593976664628],[151.212677603831,-33.8593768963673],[151.212686363778,-33.8593388561701],[151.212697083583,-33.8593027759365],[151.21269852215,-33.8592997200483],[151.212717613858,-33.859259156031],[151.212694094022,-33.8592510057772],[151.21269710792,-33.8592444514244],[151.212717744328,-33.8591995760252],[151.212739464003,-33.8592059859473],[151.212745563626,-33.8591815460514],[151.212754973772,-33.8591493360419],[151.212765913493,-33.8591170156597],[151.212777764156,-33.8590855362904],[151.212791563571,-33.8590539562342],[151.212806663722,-33.8590232363696],[151.212822594272,-33.8589926060965],[151.212840414014,-33.858962606488],[151.212859614534,-33.8589335160229],[151.212867841957,-33.8589219072498],[151.21288412828,-33.8589066731122],[151.212885091697,-33.8589054111152],[151.212901571403,-33.8588838008351],[151.212918911147,-33.8588626214351],[151.212936930891,-33.8588418504655],[151.212955641176,-33.8588215007032],[151.212975001609,-33.8588015914005],[151.212995021746,-33.8587821308115],[151.21300812358,-33.8587700697048],[151.213015661343,-33.8587631309766],[151.213036931685,-33.8587446209151],[151.213054666921,-33.8587301877744],[151.213059161737,-33.8587265305522],[151.213081991209,-33.858708980907],[151.2131054106,-33.8586919610205],[151.213112577621,-33.8586870449347],[151.213129390972,-33.8586755110513],[151.213153920645,-33.8586596209105],[151.213162349615,-33.8586544697305],[151.213178971093,-33.8586443109243],[151.213204521579,-33.8586295907108],[151.213230560866,-33.8586154808471],[151.213257071666,-33.858601981082],[151.213283841291,-33.8585891316152],[151.213313321139,-33.8585752213098],[151.213315573114,-33.8585741069422],[151.213342591278,-33.8585607407589],[151.213371450631,-33.8585456915558],[151.21339989064,-33.8585301213694],[151.213427910824,-33.8585140013369],[151.213455470564,-33.8584973615292],[151.213458458609,-33.8584954688035],[151.21348258089,-33.8584801912856],[151.213497015489,-33.8584706130146],[151.213509031997,-33.8584623405801],[151.2135341276,-33.8584450644673],[151.213536045546,-33.8584437441636],[151.213537932804,-33.8584424441552],[151.21354079688,-33.8584403278008],[151.213562315337,-33.8584244263832],[151.213577058386,-33.8584135306156],[151.213577644579,-33.8584130981603],[151.213581785677,-33.8584098154249],[151.213588189677,-33.8584047376573],[151.213589180983,-33.8584039521803],[151.213611183328,-33.8583865094721],[151.213613582488,-33.8583846073037],[151.213615301357,-33.858383244436],[151.213616100338,-33.8583826112708],[151.213616733029,-33.8583820739853],[151.213616965192,-33.8583818771635],[151.213638187822,-33.8583638307001],[151.213650662569,-33.8583532239633],[151.213652319685,-33.8583518160144],[151.21365325499,-33.8583510207076],[151.21365418272,-33.8583501738915],[151.213662375682,-33.858342702671],[151.21368323276,-33.8583236797205],[151.213684850203,-33.8583222044668],[151.213686010396,-33.8583211464049],[151.213686147031,-33.8583210212395],[151.213688223904,-33.8583191279238],[151.213688643702,-33.8583187444553],[151.213689061264,-33.8583183645614],[151.213689975942,-33.8583174697633],[151.213708847825,-33.8582989996561],[151.213722484245,-33.8582856540177],[151.213723379078,-33.8582847778683],[151.213723476156,-33.8582846836906],[151.213724318211,-33.8582837986604],[151.213725011089,-33.8582830701749],[151.213725416641,-33.8582826441178],[151.213731237016,-33.8582765253837],[151.21375300668,-33.8582536444569],[151.213754518395,-33.8582520558531],[151.213754923966,-33.8582516288945],[151.213755641141,-33.8582508755121],[151.21375645668,-33.8582500180515],[151.213757320081,-33.8582490422542],[151.213773960419,-33.8582302377037],[151.213787150486,-33.8582153318804],[151.213787555615,-33.8582148742558],[151.213787965178,-33.858214411285],[151.213788314523,-33.8582139853147],[151.213794439369,-33.8582065328008],[151.213814304484,-33.8581823554993],[151.213817201111,-33.8581788310838],[151.213817959651,-33.8581779078708],[151.213818668618,-33.858176977627],[151.213819945475,-33.8581752999523],[151.213835639814,-33.8581546890106],[151.213845745613,-33.8581414175236],[151.213846405722,-33.8581405496936],[151.213846984932,-33.8581397257783],[151.213856143887,-33.8581267137947],[151.213861464645,-33.8581191531352],[151.213867066071,-33.8581111943653],[151.213870677077,-33.8581060643755],[151.213873266719,-33.8581023849173],[151.213875877635,-33.8580983585955],[151.213891233738,-33.8580746804162],[151.213894586124,-33.8580695124106],[151.213898511431,-33.8580634590796],[151.21391232389,-33.8580402553845],[151.213922107511,-33.8580238204067],[151.213929611259,-33.858010670806],[151.213932899774,-33.8580045730758],[151.213941524117,-33.8579885811835],[151.214140998195,-33.8577792671833],[151.214395386051,-33.8572630378232],[151.214453312305,-33.8570081664777],[151.214655537454,-33.8561183664641],[151.214664657677,-33.8561176879278],[151.214833945296,-33.8561436750969],[151.21493006068,-33.8561182621418],[151.214994653873,-33.856104245056],[151.215041385454,-33.8560941037195],[151.215170983868,-33.8560786763599],[151.215279415552,-33.8560776128131],[151.21536351968,-33.8560848590273],[151.215480516629,-33.8561074017127],[151.215532580076,-33.8561233870371],[151.215559457567,-33.8561316394676],[151.215578446652,-33.8561374700969],[151.215585371791,-33.8561408906046],[151.215597817358,-33.8561470376739],[151.215679073593,-33.8561871714925],[151.215681944858,-33.8561891716596],[151.215764694015,-33.8562468064834],[151.215766575676,-33.8562489411082],[151.215843049355,-33.8563356844539],[151.215891457968,-33.8564362996763],[151.215907968628,-33.8565044410884],[151.215910535682,-33.8565666915099],[151.215915966413,-33.8565678603461],[151.215918195957,-33.856568339891],[151.215920518031,-33.8565688397122],[151.215945135713,-33.8565745425712],[151.215944715635,-33.8565761875862],[151.215916776455,-33.856685534588],[151.215875791694,-33.8568459425309],[151.215803493999,-33.856926144875],[151.215721835041,-33.8570167313943],[151.215669253195,-33.8572112755445],[151.215496692789,-33.8578497186849],[151.215503253136,-33.8578509895648],[151.215505258697,-33.8578513784047],[151.215507189982,-33.8578517526428],[151.215528696792,-33.8578559199546],[151.21552897979,-33.8578573316778],[151.215529244153,-33.8578586520548],[151.215554196442,-33.8579831540164],[151.215568983817,-33.8580617027997],[151.215577496449,-33.8581020827026],[151.215584564943,-33.8581356100673],[151.215588571926,-33.85815461467],[151.215593325025,-33.8581783317787],[151.215607800686,-33.8582505656264],[151.215619938886,-33.8582440179795],[151.215621920756,-33.8582429483519],[151.215624108113,-33.8582417689816],[151.215657855453,-33.8582235644691],[151.215674193101,-33.8581923770082],[151.215708801425,-33.8581374090538],[151.215756655678,-33.85806140128],[151.215724323119,-33.8578901812551],[151.21580425312,-33.857882178655],[151.215805216215,-33.8578868528217],[151.215840378397,-33.8580575132351],[151.215790687122,-33.858138594718],[151.215774304976,-33.858165325124],[151.215756171985,-33.8581997887962],[151.215712249848,-33.8582634833562],[151.215645700635,-33.8583193360055],[151.215682581584,-33.8583781733177],[151.215751001856,-33.8584473774834],[151.215802577182,-33.8584987951529],[151.215814056832,-33.8585102404027],[151.215821390848,-33.8585175524417],[151.215898570056,-33.8585973895871],[151.215997544193,-33.8586842926942],[151.216002389771,-33.8586882412546],[151.216030931744,-33.8587115029015],[151.21606617189,-33.8587402223902],[151.216094356803,-33.8587631397973],[151.216094702245,-33.8587634207324],[151.216188593019,-33.8588268525041],[151.216193769454,-33.8588294974137],[151.216283315192,-33.8588752614347],[151.216329665631,-33.8588989494228],[151.216425541108,-33.8589446110897],[151.216565056151,-33.859036896027],[151.216570520663,-33.8590416461581],[151.216642940702,-33.859104595512],[151.216731862818,-33.8591947250972],[151.21673982692,-33.8592043862318],[151.216745561385,-33.8592082664704],[151.216751360831,-33.8592183787122],[151.21680796145,-33.8592870415435],[151.216893433717,-33.8594103928054],[151.216910029737,-33.8594370054128],[151.217032187549,-33.8596328873181],[151.217069145467,-33.8596921491648],[151.217113986927,-33.8597700496287],[151.217157101498,-33.8598742975473],[151.217188963553,-33.8599990055727],[151.217204218737,-33.8601126433544],[151.217213144737,-33.8602003626638],[151.217216454801,-33.860232895041],[151.217220860408,-33.8603678842835],[151.217216861682,-33.8604877595058],[151.217200501268,-33.8606418718987],[151.217184262774,-33.8607606349154],[151.217183788555,-33.8607641042836],[151.217157147246,-33.8608958209481],[151.217152745389,-33.8609136749441],[151.217116250867,-33.8610616968707],[151.21708076772,-33.8611911682777],[151.217058499041,-33.8612724215711],[151.217024458598,-33.8614270617086],[151.216980977799,-33.8616136520366],[151.216937825866,-33.8618538693918],[151.216939722942,-33.8620400288207],[151.21698443483,-33.8622457038706],[151.217006027779,-33.8622991760196],[151.217039160996,-33.8623812264438],[151.217143639776,-33.8625827931164],[151.217297135718,-33.8627779180471],[151.217471560161,-33.8629279616139],[151.217485375886,-33.8629375639776],[151.217532060123,-33.8629700141239],[151.217644593425,-33.8630482362368],[151.217680195395,-33.8630678736317],[151.21793563366,-33.8632087679083],[151.218272370735,-33.8632836545377],[151.218292150203,-33.8632824319285],[151.218313456795,-33.8632869953551],[151.218316383915,-33.8632876220116],[151.21856054573,-33.8633117941378],[151.218798788478,-33.8633074499826],[151.219034208574,-33.863272986842],[151.219255502569,-33.8632083991751],[151.219460376868,-33.8631177307028],[151.219670517905,-33.8629909914982],[151.219682518416,-33.8629837534402],[151.219841688085,-33.8628641244493],[151.219987409928,-33.8627223948628],[151.22011106493,-33.8625770883307],[151.220224247967,-33.862419989768],[151.220318872329,-33.8622829393817],[151.220483518397,-33.8620411875874],[151.220613109183,-33.8618049169221],[151.220785365407,-33.8614346278525],[151.220862408067,-33.8612458280044],[151.220903325278,-33.8611455575651],[151.221007879553,-33.8608893371898],[151.221053379427,-33.8607769259105],[151.221101828548,-33.8606339979048],[151.221138782384,-33.8605058052853],[151.221162195993,-33.8604028725837],[151.221186367763,-33.8602670839658],[151.221191452279,-33.8602433215012],[151.221210960829,-33.8601521488971],[151.221257591734,-33.8600008579129],[151.221302241684,-33.8598730477433],[151.221354121767,-33.8597450713911],[151.221413133918,-33.8596257735649],[151.221476600992,-33.8595156647783],[151.221506288522,-33.8594704793134],[151.221553152979,-33.8593991503319],[151.221554150781,-33.8593976317636],[151.221646501634,-33.8592862354431],[151.221732732173,-33.8592031512361],[151.22175108836,-33.8591872730663],[151.221795370775,-33.8591489692645],[151.221811338916,-33.8591429091086],[151.221817067308,-33.8591447474728],[151.221826653646,-33.8591478236983],[151.221829888811,-33.8591488623042],[151.22188243986,-33.8591686393623],[151.221884455071,-33.8591688785485],[151.221912925624,-33.8591722624313],[151.22195575746,-33.8591608069862],[151.221988032337,-33.8591586305685],[151.222012464599,-33.8591492460393],[151.222034044332,-33.8591444012204],[151.222061636357,-33.859136615982],[151.222109192484,-33.859138883798],[151.22214349968,-33.8591366942797],[151.222171122668,-33.8591323162625],[151.222193951173,-33.8591383518737],[151.222222944464,-33.8591374797679],[151.222247666561,-33.8591399230767],[151.222274678468,-33.8591377013143],[151.222333679593,-33.859156366501],[151.22236015121,-33.8591623770878],[151.222399969517,-33.8591644790607],[151.222407892207,-33.8591675646066],[151.222466663235,-33.8591904501932],[151.222473469279,-33.8591939055748],[151.222526493981,-33.8592208256178],[151.222530540331,-33.8592242907846],[151.222544867065,-33.8592364609172],[151.222552255907,-33.8592412628934],[151.222568041659,-33.8592516163089],[151.222569319329,-33.8592529170225],[151.222582961959,-33.8592668041282],[151.22260694029,-33.8592912131094],[151.222610048145,-33.8592933364636],[151.222613853027,-33.8592959360749],[151.222627998245,-33.8593056003307],[151.222629557876,-33.8593077428335],[151.222638634036,-33.8593202096432],[151.222644569902,-33.8593283631897],[151.22266719221,-33.8593584354091],[151.222678707806,-33.8593817574616],[151.222695987595,-33.8594022193505],[151.222710828003,-33.8594407720664],[151.222716045765,-33.8594467546668],[151.222741981514,-33.8594764914209],[151.222751454978,-33.859499987808],[151.222762838888,-33.8595221555211],[151.222756898215,-33.8595485018425],[151.222761911927,-33.8595591678763],[151.22276449378,-33.8595646633874],[151.222765660461,-33.8595892113348],[151.222771295176,-33.8595927039114],[151.222777367431,-33.8595964679119],[151.222787995337,-33.8596035321825],[151.222788842352,-33.8596313010676],[151.222763826755,-33.8596614779296],[151.222732202726,-33.8596797556065],[151.222727364012,-33.8596825515683],[151.222730859758,-33.8596852044293],[151.222738240742,-33.8596908052292],[151.222745190767,-33.8596960778894],[151.222748631203,-33.8596986875699],[151.222755624352,-33.8597279590391],[151.222754327329,-33.8597297302996],[151.22273239542,-33.8597597009443],[151.222708299904,-33.85977677155],[151.222698584786,-33.8598162063861],[151.222710599912,-33.8599698146026],[151.222739565375,-33.8603401027399],[151.222902722494,-33.8614384351767],[151.222922493268,-33.8615605029923],[151.222929218845,-33.8616153188726],[151.222940114836,-33.8617041330313],[151.222952543392,-33.8618287920745],[151.222960537655,-33.8619775693017],[151.222964269816,-33.8621286440276],[151.22295518387,-33.8622917417344],[151.222884688856,-33.8624507489752],[151.222808677666,-33.8625538404681],[151.222708133795,-33.8626532704483],[151.222571289761,-33.8627575078389],[151.222531623981,-33.8627858267029],[151.222500219665,-33.8628204056233],[151.222464801107,-33.8628818230136],[151.222449715938,-33.8628869716872],[151.222446522686,-33.862885781305],[151.222436669411,-33.8628821079218],[151.222418946821,-33.8629203144369],[151.222389269921,-33.8629499306881],[151.222346536327,-33.8629910758556],[151.222332066599,-33.863010387203],[151.222238564235,-33.8630171485101],[151.22216769981,-33.8630542537061],[151.221911731969,-33.8631330727174],[151.221795496312,-33.8632491453389],[151.221603519066,-33.8634408506535],[151.22147281287,-33.863571371977],[151.221364682366,-33.8636793480512],[151.221254626525,-33.8637892476082],[151.221310295638,-33.8638262671551],[151.221218831132,-33.8640733462327],[151.22120620857,-33.8641074429787],[151.221278915855,-33.8641422674842],[151.221273553874,-33.8641698574482],[151.221251635365,-33.864207124],[151.221190500441,-33.8643096644783],[151.221195440174,-33.864343491747],[151.221181988854,-33.8643700144829],[151.22116112827,-33.8643883253588],[151.221151614278,-33.8644313401538],[151.221096923155,-33.864487950301],[151.221048448072,-33.8645840230968],[151.221004050334,-33.8646387222245],[151.220976989655,-33.8646520146059],[151.220961154672,-33.8646721311622],[151.220933838959,-33.8646831790131],[151.220916743912,-33.8646979128837],[151.220910912766,-33.86470293798],[151.220852407864,-33.86474104593],[151.22080614061,-33.8647889368585],[151.22079574013,-33.8648058459035],[151.220785006989,-33.8648108119318],[151.220768644253,-33.864818382066],[151.220694017389,-33.8649571543647],[151.220658044253,-33.8650058602769],[151.220639255028,-33.8650460241183],[151.220621093008,-33.8650594530402],[151.220600712358,-33.8650745208537],[151.220601097197,-33.8651025959511],[151.220574571203,-33.8651430348989],[151.220553195588,-33.8651942212836],[151.220560821175,-33.8651998744423],[151.220571489345,-33.8652077826213],[151.220586644709,-33.8652190181179],[151.220572559198,-33.8652348306034],[151.220547446833,-33.865253663393],[151.220533124969,-33.8652644046497],[151.220377881017,-33.8654382463652],[151.220377380518,-33.8654534028903],[151.220382843951,-33.865457036482],[151.220425880818,-33.8654856563715],[151.220427243482,-33.8654865624685],[151.220432413709,-33.8654900006532],[151.220478747417,-33.8655208142955],[151.220467536655,-33.8655405070169],[151.220424338006,-33.8655827529909],[151.22037211534,-33.8656209929082],[151.220286475473,-33.8656679930138],[151.220279799567,-33.8656717885192],[151.220229384208,-33.8657004436746],[151.220167807742,-33.8657450391529],[151.220132968218,-33.8657806066067],[151.22013104117,-33.8657830910325],[151.220105568807,-33.8658159208296],[151.220080409623,-33.8658483475562],[151.220077973913,-33.8658505486989],[151.220057204875,-33.8658693151754],[151.220051303759,-33.8658768713183],[151.220042550935,-33.8658880780104],[151.220035625972,-33.8658969440258],[151.220049631881,-33.865907263041],[151.22001987477,-33.8659404439196],[151.219970668326,-33.8659953112317],[151.219927905446,-33.8660429945284],[151.21992786534,-33.866043103962],[151.219936836973,-33.8660471850251],[151.219949431321,-33.8660529136127],[151.219951238925,-33.8660537359684],[151.219967385336,-33.8660617558066],[151.219966083024,-33.8660632014268],[151.219916404032,-33.8661183838106],[151.219904442921,-33.8661316695546],[151.219897743166,-33.8661391104503],[151.219887119855,-33.866152989932],[151.21988410027,-33.866161133253],[151.219888180901,-33.866162800922],[151.21988969118,-33.8661634178938],[151.219896106369,-33.8661660390714],[151.219898566334,-33.866167043988],[151.220002591221,-33.866201469565],[151.219988302609,-33.8662444432215],[151.219982884841,-33.8662607379438],[151.219982846719,-33.8662625742485],[151.219982277218,-33.866262566021],[151.219907233273,-33.8664882590954],[151.220043011147,-33.8665188817409],[151.220063734782,-33.8665235554871],[151.220064304833,-33.8665236935735],[151.220064736915,-33.8665238125336],[151.220063691167,-33.8665741869591],[151.220063331704,-33.8665915024916],[151.220058078655,-33.8665914266049],[151.220040375298,-33.8666457985915],[151.21999374584,-33.8667890101491],[151.219993708709,-33.8667907986755],[151.219993166221,-33.8667907908382],[151.219977155396,-33.8668399652572],[151.219970431002,-33.8668606181719],[151.219957760405,-33.8668995338946],[151.219916968348,-33.8670248155807],[151.219916360993,-33.8670266824362],[151.219591463893,-33.868024523097],[151.219588631537,-33.8680332236856],[151.21958954392,-33.868033430745],[151.219536782761,-33.8682781873516],[151.219514449019,-33.8683817889224],[151.219617495196,-33.8684788205974],[151.219630964822,-33.8684915044047],[151.219637133452,-33.8684973133108],[151.219652375866,-33.8685116657122],[151.219656772796,-33.8685158060369],[151.219660412688,-33.8685192338647],[151.21969519586,-33.8685519864826],[151.219696051492,-33.8685527923818],[151.219745093175,-33.868598972401],[151.219748927179,-33.86860382869],[151.219754960945,-33.8686111875449],[151.219761146835,-33.8686184566197],[151.219767484868,-33.8686256350127],[151.219773970778,-33.8686327199571],[151.219780604621,-33.8686397087484],[151.219787383173,-33.8686466004383],[151.219794306491,-33.8686533923224],[151.219801369209,-33.8686600825195],[151.219808571383,-33.8686666683253],[151.219815909789,-33.8686731487914],[151.219823383385,-33.8686795220992],[151.219830988984,-33.8686857854975],[151.219838724501,-33.868691935349],[151.219846586655,-33.8686979734099],[151.21984885214,-33.8686996536308],[151.21985457444,-33.8687038960586],[151.219862685753,-33.8687097005595],[151.219875549693,-33.8687166765609],[151.220040234927,-33.8688059786675],[151.220189001372,-33.8688866490433],[151.220577052815,-33.8690970719784],[151.220584690368,-33.8690975294557],[151.220586639168,-33.8690976459723],[151.220588354766,-33.8690977482998],[151.220675275501,-33.869102949655],[151.220955427631,-33.869135805984],[151.220987558084,-33.8691395739215],[151.221171456732,-33.8691507912092],[151.221179989135,-33.8691513120671],[151.221254287954,-33.8691558438409],[151.22125711755,-33.8691434667578],[151.221285802525,-33.8690179810072],[151.221544187982,-33.869027154826],[151.221544379845,-33.8689800729624]]]},"properties":{"OBJECTID":46,"DateOrder":7,"StartDate":"1989","EndDate":"2003","CouncilName":"City of Sydney","Details":"On 1 January 1989, a new South Sydney City Council (SSCC) was created. The City of Sydney was reduced in size to only the Central Business District, and some immediately adjacent neighbourhoods such as The Rocks, Haymarket, Pyrmont, and part of Ultimo. In","Shape__Area":6236933.9935302734,"Shape__Length":24501.373348427143}},{"type":"Feature","id":47,"geometry":{"type":"Polygon","coordinates":[[[151.210034197238,-33.8537364706244],[151.209743328428,-33.8542048797864],[151.209826477676,-33.8542568343138],[151.209874487081,-33.8542997947173],[151.209912146508,-33.854348923286],[151.21012657256,-33.8546709968524],[151.210150631793,-33.8547119645037],[151.21017584997,-33.8547145355434],[151.210174684618,-33.8547485784321],[151.210208917118,-33.8547504129108],[151.210208828717,-33.8547143490364],[151.210252607942,-33.8547155187021],[151.210252046227,-33.8547245171743],[151.210236927302,-33.8547241199507],[151.210235405945,-33.8548410136174],[151.210329029798,-33.8549836524489],[151.210386327845,-33.8550752884963],[151.210404451734,-33.8550986778527],[151.210410819048,-33.8551085136762],[151.210483948527,-33.8552214777167],[151.210538562492,-33.855305841821],[151.210548737708,-33.8553232886552],[151.210564934977,-33.8553510622508],[151.210583818225,-33.8553834421861],[151.210597314908,-33.8554065857783],[151.210600818977,-33.8554125953916],[151.210622147737,-33.8554592962776],[151.210627453195,-33.8554783279978],[151.210631286009,-33.8555052096669],[151.210632383661,-33.8555312418529],[151.21063194052,-33.8555421221867],[151.210631825634,-33.8555442098618],[151.210631261272,-33.8555495544258],[151.210630131386,-33.8555588485372],[151.21062861662,-33.8555712561961],[151.210625545341,-33.8555866224228],[151.210621755359,-33.8556010016234],[151.210617324664,-33.8556147484143],[151.210606016898,-33.8556419521804],[151.210588730552,-33.8556729087613],[151.210567117129,-33.8556992252479],[151.21055537521,-33.8557125782123],[151.210543061578,-33.8557252032811],[151.210528223512,-33.8557374463218],[151.210516909718,-33.8557485655647],[151.210503212569,-33.8557591199703],[151.21048877301,-33.8557693056003],[151.210473840322,-33.855778934003],[151.21045871535,-33.8557878319033],[151.210439601905,-33.8557980335155],[151.210419889518,-33.8558075690544],[151.210392339689,-33.8558188276255],[151.210322765266,-33.8558434763628],[151.210287146981,-33.8558562877623],[151.210268103904,-33.855862286434],[151.210207871105,-33.8558550786705],[151.210205866342,-33.8558723702705],[151.21019174265,-33.8559941658175],[151.210104128894,-33.8559871112786],[151.210103921718,-33.8559870947432],[151.21010088634,-33.8560148234965],[151.210099661583,-33.8560250351014],[151.210087451348,-33.8561306441483],[151.210087244172,-33.8561306276129],[151.210071973944,-33.8561294409438],[151.210068600565,-33.8561291854452],[151.209741468253,-33.8561027968755],[151.209758019072,-33.8559593560027],[151.209381218732,-33.8559290283924],[151.209381040743,-33.8559292187794],[151.209298056317,-33.8560179971338],[151.20929532995,-33.8560209197472],[151.209270786967,-33.8560471844078],[151.209267992195,-33.8560501736574],[151.209236936547,-33.8560834034302],[151.209319566397,-33.8563177989758],[151.209319494574,-33.8563178222792],[151.209250776807,-33.8563354699759],[151.20924559236,-33.8563367986524],[151.209272899899,-33.8564269831043],[151.209270423982,-33.856442551817],[151.209281818647,-33.8564522659759],[151.209290927557,-33.8564759474064],[151.209304397201,-33.8564874338868],[151.209302044295,-33.8565066366153],[151.209310112525,-33.8565303101357],[151.209312800753,-33.8565365667293],[151.209361377669,-33.8566366241389],[151.209387869768,-33.8566425016216],[151.209397908118,-33.856666655538],[151.209429194794,-33.8566920560194],[151.209467072568,-33.8567095835454],[151.20948553469,-33.8567374325666],[151.209523698659,-33.8567860392586],[151.209576301185,-33.8568100261824],[151.209611760891,-33.8568390626679],[151.209638382482,-33.8568812525341],[151.209679583797,-33.8568935079898],[151.20968246877,-33.8568958295149],[151.209734868469,-33.8569379799752],[151.209755748881,-33.8569543190527],[151.209772232504,-33.8569688403576],[151.210272245183,-33.8569937226203],[151.210303186651,-33.8569681900287],[151.210325348485,-33.8569499025857],[151.210322153523,-33.8569456531515],[151.21032135109,-33.856944586456],[151.210319276366,-33.8569410395192],[151.210317338891,-33.8569368200706],[151.210315991688,-33.8569328535675],[151.210315130639,-33.8569292088339],[151.210314617734,-33.8569256106368],[151.21031443338,-33.8569222210058],[151.210314560412,-33.8569185157777],[151.210315035993,-33.8569147858541],[151.210315845886,-33.8569111437464],[151.210317049035,-33.8569074063546],[151.210318435076,-33.856904124295],[151.210320468906,-33.8569003069895],[151.210322862772,-33.8568966914932],[151.210325686721,-33.8568931841403],[151.210327709675,-33.8568910276908],[151.210330473284,-33.8568884437499],[151.2103338381,-33.8568857440996],[151.210337373115,-33.8568833309707],[151.210341907074,-33.8568807510988],[151.210346315248,-33.8568787086434],[151.21035121796,-33.8568768970027],[151.210354605629,-33.8568758992762],[151.210358109756,-33.8568750700638],[151.21036274165,-33.8568742716578],[151.210367476111,-33.8568737894501],[151.210372165889,-33.8568736357302],[151.210377676736,-33.856873862748],[151.210384645074,-33.8568747908481],[151.210389118556,-33.8568757828093],[151.210393704284,-33.8568771452141],[151.210397372346,-33.8568785087196],[151.21040010478,-33.8568796981266],[151.210403488057,-33.8568813974539],[151.210406842089,-33.8568833587642],[151.210409342916,-33.8568850290445],[151.210412126626,-33.8568871281547],[151.21041450532,-33.8568891609661],[151.210417464605,-33.8568920660807],[151.210420251667,-33.8568952996344],[151.210422835217,-33.856898910769],[151.21041203567,-33.8569037649282],[151.210413800738,-33.8569068195226],[151.210415038357,-33.8569095111695],[151.210416249136,-33.8569130230145],[151.210416863502,-33.8569155919903],[151.210417358456,-33.8569191700879],[151.210417433907,-33.8569230135185],[151.210416991988,-33.8569271506184],[151.210416324355,-33.8569301392243],[151.210415038996,-33.8569338799319],[151.210413018213,-33.8569380563229],[151.210410924047,-33.8569412947353],[151.210407515741,-33.8569453535873],[151.210404292017,-33.8569483880324],[151.210402180508,-33.8569500228904],[151.210401534514,-33.8569505238965],[151.210407754276,-33.8569566108272],[151.210409492489,-33.8569583106109],[151.21040471185,-33.8569613684345],[151.21040003982,-33.8569637794807],[151.210396263466,-33.8569653784378],[151.210392603891,-33.8569666643818],[151.210389340527,-33.8569676098098],[151.21038528635,-33.8569685374406],[151.210380450778,-33.8569693067388],[151.210375832427,-33.8569697148866],[151.210363715888,-33.8570138587759],[151.21032777778,-33.8571447986119],[151.210324694315,-33.8571381061669],[151.210323117424,-33.8571346836872],[151.21029121489,-33.8572553778807],[151.210282406784,-33.857288694767],[151.210292994637,-33.8572913986759],[151.210294579361,-33.8572918040316],[151.21029500941,-33.8572919139781],[151.210296976883,-33.8572924168707],[151.21032223374,-33.8572988686627],[151.210326449569,-33.8573008136357],[151.210328084301,-33.8573015677908],[151.210339160227,-33.8573066774253],[151.210339391633,-33.857305532865],[151.210340354461,-33.8573007775202],[151.210341400315,-33.8573010046194],[151.210342442721,-33.8573012415877],[151.210343482739,-33.8573014893423],[151.21034451821,-33.8573017478518],[151.210345549133,-33.8573020171162],[151.210346576589,-33.8573022971511],[151.210347599497,-33.8573025879409],[151.210348617857,-33.8573028894856],[151.210349631669,-33.8573032017852],[151.210350640952,-33.8573035239381],[151.210351644607,-33.8573038568303],[151.210352643733,-33.8573041995759],[151.210353638311,-33.8573045530763],[151.210354627261,-33.857304917316],[151.210355610582,-33.8573052922948],[151.210356588313,-33.8573056762099],[151.210357559335,-33.8573060708484],[151.210358525828,-33.8573064753404],[151.210359485649,-33.857306888753],[151.210360438743,-33.8573073137905],[151.210361386246,-33.8573077477642],[151.210362325959,-33.8573081924457],[151.210363259002,-33.8573086460479],[151.210364187515,-33.8573091095034],[151.210365107177,-33.8573095827496],[151.210366020168,-33.8573100649163],[151.210366925389,-33.8573105568893],[151.210367823919,-33.8573110586844],[151.210368713617,-33.8573115693686],[151.210371339423,-33.8573131557991],[151.210374725458,-33.8573153971161],[151.210378763762,-33.8573183909435],[151.210382570828,-33.8573215888139],[151.210385440427,-33.8573242861273],[151.210388795187,-33.85732781919],[151.210391285601,-33.8573307661901],[151.210394145755,-33.8573345896454],[151.210396715441,-33.8573385549648],[151.21039855615,-33.8573418180592],[151.210398985293,-33.8573426448793],[151.210399401356,-33.8573434769199],[151.210399806538,-33.8573443124095],[151.210400198642,-33.8573451531196],[151.210400578784,-33.857345997263],[151.210400944785,-33.8573468457098],[151.210401298845,-33.8573476966883],[151.210401640905,-33.8573485529031],[151.210401969943,-33.8573494116339],[151.210402285939,-33.8573502737824],[151.210402587813,-33.8573511393327],[151.210402877745,-33.8573520074148],[151.210403154616,-33.857352879816],[151.210403419583,-33.8573537529461],[151.210403670427,-33.857354629478],[151.210403908212,-33.8573555103289],[151.210404133011,-33.8573563918931],[151.210404344787,-33.8573572759733],[151.210404542479,-33.8573581616525],[151.210404727129,-33.8573590507493],[151.210404899874,-33.8573599405749],[151.210405058535,-33.8573608319995],[151.210405203093,-33.8573617259245],[151.210405453234,-33.8573635168154],[151.210405558818,-33.8573644137813],[151.210405650317,-33.8573653123462],[151.21040572883,-33.8573662116243],[151.210405794359,-33.8573671116155],[151.210405844741,-33.8573680122885],[151.210405884318,-33.8573689128046],[151.21040590873,-33.8573698149039],[151.210405920195,-33.8573707159134],[151.210405918726,-33.8573708899288],[151.210405917594,-33.8573716176205],[151.210405872411,-33.8573734204539],[151.210405829831,-33.8573743215803],[151.210405803683,-33.8573747459224],[151.210405774302,-33.8573752216169],[151.210405730093,-33.8573757863689],[151.210405704727,-33.8573761214496],[151.210405621123,-33.8573770201767],[151.210405525653,-33.8573779178298],[151.210405427967,-33.8573787144553],[151.210405415055,-33.8573788152632],[151.210405292609,-33.857379710721],[151.210405156135,-33.8573806050734],[151.210405006713,-33.8573814983359],[151.210404843282,-33.8573823895915],[151.210404666923,-33.8573832788559],[151.210404477615,-33.8573841670305],[151.210404274318,-33.8573850522967],[151.210404059172,-33.8573859355873],[151.210403830016,-33.857386816871],[151.210403586871,-33.8573876952462],[151.210403331877,-33.857388571646],[151.210403062911,-33.8573894442358],[151.210402782097,-33.85739031485],[151.210402487293,-33.8573911825559],[151.210402101589,-33.8573922626551],[151.210443748955,-33.8573979208613],[151.210454952705,-33.8573994433977],[151.210460942053,-33.8574002571832],[151.210470973158,-33.857401620213],[151.210471592901,-33.8574017040579],[151.210461148133,-33.8574582432685],[151.210300401875,-33.8582971184447],[151.210262271231,-33.8584961099045],[151.210240123833,-33.8586116831533],[151.210205800449,-33.8587908022262],[151.210126092163,-33.8592067554151],[151.2101149762,-33.859264770899],[151.210097156666,-33.8593557217113],[151.210080577266,-33.8593537414184],[151.210061815623,-33.8593514994793],[151.210060902108,-33.8593570490713],[151.21006081052,-33.859357605019],[151.210059863188,-33.8593608907411],[151.210058700311,-33.8593640425793],[151.210056289627,-33.8593684080747],[151.210054319586,-33.8593714958868],[151.21005317048,-33.8593729003442],[151.210052050239,-33.8593742682493],[151.210049837306,-33.859376668109],[151.210046894736,-33.8593794324955],[151.210044149019,-33.8593816208216],[151.210041909106,-33.8593833971838],[151.210037564267,-33.8593860753733],[151.210033873888,-33.8593879514994],[151.210030016857,-33.8593895781266],[151.210026018213,-33.8593909466011],[151.210021903035,-33.8593920464664],[151.210017696308,-33.859392871773],[151.210013424059,-33.8593934183905],[151.210009113434,-33.8593936804008],[151.210004792509,-33.8593936591135],[151.209998389904,-33.8593930115336],[151.209994115571,-33.8593923633087],[151.209988947062,-33.8593910555436],[151.209983951265,-33.8593893445022],[151.209979185618,-33.8593872229032],[151.209975569114,-33.8593852487501],[151.209972149841,-33.8593830430085],[151.209968950209,-33.85938061953],[151.209965991546,-33.8593779921508],[151.209963939418,-33.859375898247],[151.209962039557,-33.8593737073633],[151.209959230709,-33.8593698575912],[151.209957320182,-33.8593666241359],[151.209955721215,-33.8593632743728],[151.209954444162,-33.8593598300941],[151.209953703589,-33.859357197063],[151.209953008272,-33.8593536385979],[151.209952634897,-33.859349673614],[151.209939179621,-33.8593546667884],[151.209934873352,-33.8593496969381],[151.209930071233,-33.8593533622033],[151.209927225342,-33.8593555337418],[151.20992269456,-33.8593589901367],[151.209917252147,-33.8593631411574],[151.209912805902,-33.8593665347562],[151.209910404879,-33.8593683655854],[151.209907062754,-33.8593721476441],[151.209904094813,-33.8593755059082],[151.209900110593,-33.859380015364],[151.209896289128,-33.8593843396213],[151.209891298297,-33.8593907281168],[151.209887020814,-33.8593966003564],[151.209883684708,-33.8594011814474],[151.209878876708,-33.85940813168],[151.209875122794,-33.8594140872718],[151.209867954797,-33.8594254596401],[151.209861159922,-33.8594384786032],[151.209857564935,-33.8594453643983],[151.209850459488,-33.8594610930996],[151.20984360792,-33.8594762582915],[151.209838304647,-33.8594903133852],[151.209831617033,-33.8595080319931],[151.20982242591,-33.8595383422584],[151.209821934908,-33.8595399609703],[151.209821882181,-33.8595401567846],[151.209819175781,-33.8595500925628],[151.209815375414,-33.8595641244022],[151.2098007665,-33.8596180655208],[151.20976615306,-33.8596122775241],[151.209738953779,-33.8597143818382],[151.209773494484,-33.8597211706245],[151.209764313096,-33.8597582098416],[151.209741902415,-33.8597540464233],[151.209715013567,-33.8598617803201],[151.209737491332,-33.8598653721107],[151.209735899224,-33.8598723086423],[151.209733086126,-33.859884558547],[151.209733074248,-33.8598846097739],[151.209720267722,-33.8599403832589],[151.209715064699,-33.8599630442463],[151.209714083754,-33.8599673177886],[151.209714011159,-33.8599676368531],[151.209703715536,-33.8600126394103],[151.209703708243,-33.8600126780793],[151.209700929318,-33.8600269150221],[151.209693102781,-33.8600650145287],[151.209675640688,-33.8601488565909],[151.20967496241,-33.8601521453166],[151.20966918196,-33.8601844465754],[151.209657661417,-33.8602504807458],[151.209656256731,-33.8602583280553],[151.209652834116,-33.8602758010214],[151.209649399403,-33.8602949925361],[151.209626871169,-33.8602925704585],[151.209608338733,-33.860400960468],[151.209622163731,-33.8604024454261],[151.209631936866,-33.8604034963849],[151.209623128063,-33.8604642054731],[151.209620692571,-33.8604842537337],[151.209615872858,-33.8605172344341],[151.209610920734,-33.8605558842797],[151.209607166251,-33.8605933945884],[151.209604264656,-33.8606172333208],[151.209602670837,-33.8606319131022],[151.209602199576,-33.8606362616793],[151.209602111207,-33.8606370773756],[151.209600705845,-33.8606500303498],[151.209599305972,-33.8606629274955],[151.209597435005,-33.8606832716139],[151.209597430878,-33.8606833139359],[151.209597362178,-33.8606840676976],[151.209596696737,-33.8606916597324],[151.209595379062,-33.8607066771712],[151.209595289727,-33.8607083675453],[151.209594768063,-33.8607182367698],[151.209594458119,-33.8607292515805],[151.209594438225,-33.8607299456345],[151.209594132066,-33.8607483899706],[151.209594128894,-33.8607485937186],[151.209594146129,-33.8607491142755],[151.209594413522,-33.8607573267382],[151.209594575614,-33.8607623509068],[151.209594691455,-33.8607659144796],[151.20959525677,-33.860780152217],[151.209595263586,-33.8607803434858],[151.209595428551,-33.8607826931229],[151.209596023227,-33.8607911754538],[151.209596502961,-33.860798018547],[151.209596560301,-33.8607988444761],[151.209597399108,-33.8608108029711],[151.209598640184,-33.8608223389825],[151.20960011302,-33.8608360281195],[151.209600644333,-33.8608409701837],[151.20960252238,-33.8608526462031],[151.209603576937,-33.8608584642496],[151.20960533015,-33.8608681465022],[151.209606875036,-33.860876676004],[151.209612207743,-33.8608928000256],[151.209617049875,-33.8609090720191],[151.209622732888,-33.8609208943999],[151.209626985321,-33.860929740077],[151.209632565591,-33.8609377339623],[151.20964013783,-33.8609485819546],[151.209652371445,-33.860962615004],[151.209654739205,-33.8609653311938],[151.209655308197,-33.8609659833064],[151.209662626891,-33.8609733919681],[151.209672909937,-33.8609835200765],[151.209680031104,-33.8609893622428],[151.209692521063,-33.8609996080804],[151.20971746754,-33.8610084469276],[151.209736917164,-33.8610103697839],[151.209751874913,-33.8610118612675],[151.20975761112,-33.8610124378617],[151.209770725196,-33.8610137573759],[151.209772812346,-33.8610139680482],[151.209773030246,-33.8610139892489],[151.209790217255,-33.8610157187136],[151.209810087845,-33.8610177216174],[151.209828864243,-33.8608970191069],[151.209863172376,-33.8606732537421],[151.209863218661,-33.8606729523302],[151.209869905333,-33.8606729412635],[151.209870231779,-33.8606729405956],[151.209878096135,-33.8606255202996],[151.209880132539,-33.8606110732814],[151.209880123116,-33.8606086249088],[151.209880117894,-33.8606074769125],[151.209880116174,-33.8606071450456],[151.209874011174,-33.8606054404282],[151.209922589607,-33.8603240625012],[151.2099226462,-33.860323733285],[151.210045428586,-33.8603346966743],[151.210092394571,-33.8603388902988],[151.210099384987,-33.8603419847302],[151.210099607751,-33.8603420835509],[151.210097836869,-33.8603651478931],[151.2100975673,-33.8603686382367],[151.210089788903,-33.8604675169383],[151.210084936113,-33.8605287623557],[151.210080172853,-33.8605881000801],[151.210079370918,-33.8605945692675],[151.210075855586,-33.8606229096231],[151.210067946418,-33.8606228172772],[151.210067908835,-33.8606231161103],[151.210059400015,-33.8606897666749],[151.210065521107,-33.860691270428],[151.210046779418,-33.8608218773466],[151.210030609125,-33.8609350322825],[151.210015497874,-33.8610404286609],[151.210015263779,-33.8610420637295],[151.210022411845,-33.8610410773581],[151.21002289411,-33.8610411204335],[151.210077636695,-33.8610459780032],[151.210320062656,-33.8610686225749],[151.21032035286,-33.8610686493335],[151.210370593133,-33.8607192362097],[151.210370634905,-33.8607189437495],[151.210377028985,-33.8607187615831],[151.210377356681,-33.8607187528163],[151.210387616277,-33.8606555227207],[151.210387855432,-33.860651935448],[151.210379430678,-33.8606509104442],[151.210403627532,-33.8605209561991],[151.210432219344,-33.8603676348475],[151.210432285012,-33.8603672850226],[151.210531703423,-33.8603755298067],[151.210572100036,-33.8603788821035],[151.210604349247,-33.8603815425634],[151.210604106204,-33.8603850576408],[151.210592240584,-33.8605753626085],[151.210588375349,-33.8606368505336],[151.210587563523,-33.8606441582036],[151.210584750682,-33.8606694545698],[151.210577096322,-33.8606690647741],[151.21057705048,-33.8606693968521],[151.210568080785,-33.8607340136442],[151.210574372826,-33.8607351474343],[151.21057371454,-33.860739137111],[151.210538257658,-33.8609939547214],[151.210525041777,-33.8610892530107],[151.210532014435,-33.8610900423021],[151.210643827949,-33.8611000712202],[151.210818523646,-33.8611160331236],[151.2108525726,-33.8608938480473],[151.210852627518,-33.8608934953609],[151.210853573551,-33.8608873700211],[151.210857448102,-33.8608622649043],[151.210872051669,-33.8607635880429],[151.210872094427,-33.8607633001055],[151.210881600837,-33.8607641342816],[151.210881898624,-33.8607641602472],[151.210887607777,-33.8607176409887],[151.210888436906,-33.8607078447529],[151.210889321887,-33.8606973919563],[151.210889349057,-33.860697074035],[151.210883171003,-33.8606963828691],[151.210939633694,-33.8604104876017],[151.21093970372,-33.8604101360363],[151.210990463988,-33.8604147324823],[151.211111111636,-33.8604256566059],[151.211110797323,-33.8604292211476],[151.211092203756,-33.8606571683185],[151.211089923359,-33.8606805237589],[151.211086543223,-33.8607151458602],[151.211079540295,-33.8607143579647],[151.211079497133,-33.8607147171341],[151.211071496252,-33.8607810460192],[151.211079390474,-33.8607815447707],[151.21107897275,-33.8607845739781],[151.211041583955,-33.8610350741124],[151.211026565611,-33.8611361787789],[151.211033559007,-33.8611369070245],[151.211328324824,-33.861164333986],[151.211328591275,-33.8611643594957],[151.211377083292,-33.8608116129172],[151.211381841749,-33.8607774436507],[151.211406400319,-33.8605987199736],[151.211426282209,-33.8604540242672],[151.211426330659,-33.8604536705849],[151.211635486306,-33.8604724345497],[151.211635040385,-33.8604756247625],[151.211587519767,-33.8608329078302],[151.211554260943,-33.8610834338203],[151.211540830574,-33.8611838871027],[151.211547712371,-33.8611846804286],[151.211548289277,-33.8611847465136],[151.211564311422,-33.861186203631],[151.211889500342,-33.861215777818],[151.211889791629,-33.8612158045886],[151.211904593458,-33.8608651054751],[151.211904603579,-33.8608648792841],[151.211914630135,-33.8608635260824],[151.211915019265,-33.8608634740174],[151.21191625753,-33.8608311464066],[151.211916759872,-33.8608079346738],[151.211917065319,-33.8607938033573],[151.211917071409,-33.8607935112804],[151.211911366834,-33.8607933356205],[151.211939740095,-33.8604980075644],[151.211939773077,-33.8604976698887],[151.212112999852,-33.8605053423296],[151.212112969714,-33.8605091211044],[151.212112657056,-33.8607016444699],[151.212112593763,-33.8607578240483],[151.212112206371,-33.860766606831],[151.212110677646,-33.8608012567323],[151.212102870027,-33.8608013733915],[151.212102860358,-33.8608016816478],[151.212100562567,-33.8608712503709],[151.21210054756,-33.8608717109446],[151.21210519579,-33.8608719533274],[151.212108392855,-33.8608721205495],[151.212097799573,-33.8611357298556],[151.212095466731,-33.8612374641981],[151.212100867515,-33.8612377995596],[151.21210743259,-33.8612380237667],[151.212107486582,-33.8612380263536],[151.212115917274,-33.861238407481],[151.212123108379,-33.8612333863048],[151.212123581119,-33.8612330568133],[151.212318757311,-33.8611212037977],[151.212378372395,-33.8610871909971],[151.212407094189,-33.8610708568656],[151.212437316432,-33.8610535814308],[151.212486053759,-33.8610256093652],[151.212488683879,-33.8610238846083],[151.212488715686,-33.8610238625261],[151.212495155142,-33.861019637485],[151.212506323748,-33.8610123952763],[151.212524552352,-33.8609968259716],[151.212529320109,-33.8609910229723],[151.212558020066,-33.8609564416829],[151.21257624243,-33.8609229158365],[151.2125909822,-33.8608921862777],[151.212604812434,-33.8608616355951],[151.212616882485,-33.8608307960687],[151.212625956257,-33.8608045209944],[151.212630376304,-33.8607829865184],[151.212662023285,-33.8604716844373],[151.21266261977,-33.8604683214655],[151.212663823142,-33.8604530056516],[151.212680542475,-33.8603050355817],[151.212695070064,-33.8601673686124],[151.212696149425,-33.8601572766101],[151.212696173496,-33.86015705513],[151.212699835012,-33.86015744459],[151.212705666127,-33.8601579259361],[151.212705902433,-33.8601579455951],[151.212706932708,-33.8601390058618],[151.212701426384,-33.8601384994692],[151.212698293304,-33.8601381158706],[151.212703722002,-33.8600867473621],[151.212710978507,-33.8600139050613],[151.212712322941,-33.8600040080733],[151.212712351034,-33.8600038010794],[151.212721509537,-33.8600046255574],[151.212721732857,-33.8600046459297],[151.212723852672,-33.8599857057676],[151.212714620021,-33.8599855348811],[151.212722561575,-33.8599115618072],[151.212724113561,-33.8598978254943],[151.21272512248,-33.8598761757068],[151.212723042432,-33.8598436755063],[151.212718993639,-33.8598111449467],[151.212718414662,-33.8598079110074],[151.212711242597,-33.8597678362353],[151.212705503223,-33.8597296560691],[151.212697693582,-33.8597093355917],[151.212687583205,-33.8596779452862],[151.212679792597,-33.8596462351435],[151.212673163212,-33.8596085957376],[151.212668883413,-33.8595761556064],[151.212666223118,-33.8595435955883],[151.212665162475,-33.8595143059562],[151.212657732973,-33.8594746052772],[151.212668434698,-33.8593955160595],[151.212668472958,-33.8593952361718],[151.212674121116,-33.8593973885034],[151.21267432272,-33.8593974653707],[151.212677853382,-33.8593766952909],[151.212686612229,-33.8593386559794],[151.212697333115,-33.8593025757615],[151.212698771681,-33.8592995198733],[151.21271786339,-33.859258955856],[151.212694343554,-33.8592508056022],[151.212697357452,-33.8592442512493],[151.212717881832,-33.8591996167946],[151.212717992779,-33.8591993758344],[151.212739527688,-33.8592057307754],[151.212739712454,-33.8592057857565],[151.212745812077,-33.8591813458606],[151.212755223303,-33.8591491358667],[151.212766161944,-33.8591168154689],[151.212778012625,-33.859085335198],[151.212782326288,-33.8590756417832],[151.212792139505,-33.8590538608867],[151.212807157318,-33.8590230983476],[151.212822919808,-33.8589924412899],[151.212840662464,-33.858962406297],[151.212859862984,-33.8589333158318],[151.212880179694,-33.8589046049546],[151.212880209752,-33.8589045630085],[151.212884468988,-33.8589062470193],[151.212887205832,-33.8589028204035],[151.212901819853,-33.8588836006439],[151.212919159615,-33.8588624203425],[151.212937180421,-33.8588416502899],[151.212955890706,-33.8588213005276],[151.212975250077,-33.8588013903077],[151.212995270195,-33.8587819306201],[151.213015909792,-33.8587629307852],[151.213037180134,-33.8587444207236],[151.213059205673,-33.858726496923],[151.213059410186,-33.8587263303606],[151.213082239658,-33.8587087807154],[151.213105660129,-33.8586917608445],[151.213112811779,-33.8586868562586],[151.213129640501,-33.8586753108753],[151.213154170174,-33.8586594207344],[151.213162598082,-33.8586542686373],[151.213179219541,-33.8586441107325],[151.213204770027,-33.858629390519],[151.213230810395,-33.8586152806708],[151.213257320114,-33.85860178089],[151.213284089758,-33.8585889305217],[151.213314664915,-33.8585744310265],[151.213342839726,-33.8585605405667],[151.213371700178,-33.8585454904778],[151.213400140187,-33.8585299202913],[151.213428160351,-33.8585138011603],[151.21345572011,-33.8584971604511],[151.213482829337,-33.8584799910931],[151.213509459357,-33.8584623206252],[151.213536370233,-33.8584436199212],[151.213562749292,-33.8584244011134],[151.213581830252,-33.8584098548462],[151.213588521367,-33.8584047442693],[151.213613640623,-33.8583846703669],[151.213613671404,-33.8583846455642],[151.213613810999,-33.858384533968],[151.213638540973,-33.8583638448371],[151.213662701395,-33.858342684849],[151.21368625098,-33.8583210642267],[151.213709201388,-33.8582989939604],[151.213731551331,-33.858276483951],[151.213738890805,-33.8582687334364],[151.213753253578,-33.8582535704857],[151.213774323744,-33.8582302303459],[151.213794752622,-33.8582064904507],[151.213814563286,-33.8581822807989],[151.213835973522,-33.858154650564],[151.213856483092,-33.8581266709189],[151.213861684765,-33.8581191193543],[151.213867211191,-33.8581111288379],[151.213870783879,-33.8581059703385],[151.213876127981,-33.8580982747549],[151.213891529589,-33.8580746432241],[151.213894918958,-33.8580694640319],[151.213912809015,-33.8580402642196],[151.213929768442,-33.8580105450364],[151.213933036089,-33.8580044632351],[151.213944258218,-33.8579836738368],[151.213946802929,-33.857978622171],[151.213951736676,-33.8579688835931],[151.213957987977,-33.8579566545543],[151.213961519805,-33.8579492014195],[151.213970918132,-33.8579293639779],[151.213972770729,-33.8579250561391],[151.213983029196,-33.8579018036289],[151.213994318164,-33.8578740140427],[151.213998217309,-33.8578635066083],[151.214004788296,-33.8578459943649],[151.214011282284,-33.857826937217],[151.214014407828,-33.8578177648755],[151.214023188269,-33.8577893437766],[151.214027828539,-33.8577729352394],[151.214141050424,-33.8573717520279],[151.214142068047,-33.8573681444641],[151.214145278021,-33.8573645190766],[151.214148858711,-33.8573616213597],[151.214152397625,-33.8573594841104],[151.214152508891,-33.8573594352252],[151.214154908341,-33.8573583996269],[151.214157608815,-33.8573572340309],[151.214162568086,-33.8573559740238],[151.214167698681,-33.8573554144503],[151.214172878687,-33.8573555445263],[151.214177968247,-33.8573563847686],[151.214182819054,-33.8573578942527],[151.214187308491,-33.8573600441495],[151.21419132777,-33.8573627643497],[151.21419476879,-33.8573660036908],[151.214197528748,-33.8573696641962],[151.214199538411,-33.8573736447689],[151.214200747998,-33.8573778445938],[151.214201128443,-33.8573821541386],[151.214200684208,-33.8573849575397],[151.214200339366,-33.8573871401769],[151.214200254797,-33.8573876718829],[151.21419937903,-33.857390643969],[151.21426518206,-33.8574032418048],[151.214265298325,-33.8574032642299],[151.214270805582,-33.8573828482637],[151.214386857146,-33.8569591008207],[151.214578805641,-33.8562579721742],[151.214611403099,-33.8561389442146],[151.21463524674,-33.8561198750808],[151.214635378635,-33.856119769684],[151.214664789571,-33.8561175825309],[151.214834076129,-33.8561435687827],[151.214930191494,-33.856118156729],[151.215041516268,-33.8560939983065],[151.215159441731,-33.8560799664069],[151.215171114682,-33.8560785709468],[151.215279546384,-33.8560775064984],[151.215338439478,-33.856082589517],[151.215363650512,-33.8560847527125],[151.215480647443,-33.8561072962992],[151.215532710889,-33.8561232816236],[151.215559519107,-33.8561315907628],[151.215578577484,-33.8561373637819],[151.215585401553,-33.8561408107801],[151.215597918472,-33.8561469570792],[151.215617853157,-33.8561567952278],[151.215679205505,-33.856187065193],[151.215682045991,-33.8561890901634],[151.215764824847,-33.8562467001682],[151.21576670757,-33.8562488357101],[151.215843181249,-33.8563355790557],[151.215891588781,-33.8564361942625],[151.215908100541,-33.8565043347887],[151.215910666496,-33.8565665860961],[151.215916096015,-33.8565677612269],[151.215919339928,-33.8565685268832],[151.215920302827,-33.8565687933127],[151.215944880214,-33.8565756020306],[151.215916884166,-33.8566854486781],[151.215875923608,-33.8568458362312],[151.215803601728,-33.8569260580637],[151.215721966936,-33.8570166259963],[151.215669360925,-33.8572111887333],[151.215496823624,-33.8578496123701],[151.215504566499,-33.8578512439398],[151.215504697799,-33.8578512710901],[151.215529139608,-33.8578580662096],[151.215554328339,-33.8579830486187],[151.215569114652,-33.8580615964848],[151.21558469684,-33.8581355046695],[151.215588702761,-33.8581545083551],[151.215607931522,-33.8582504593115],[151.215614634633,-33.85824684389],[151.215621004052,-33.8582434220202],[151.215624069251,-33.8582417666154],[151.215657881318,-33.8582235161494],[151.21565798735,-33.8582234590713],[151.215674324998,-33.8581922716104],[151.215708932242,-33.8581373036402],[151.215756786494,-33.8580612958664],[151.21572447151,-33.8578901662705],[151.215724455035,-33.8578900749556],[151.215804383936,-33.8578820732413],[151.21580525953,-33.8578868489401],[151.215840509232,-33.8580574069199],[151.215790819018,-33.85813848932],[151.215774436873,-33.8581652197261],[151.215756302801,-33.8581996833826],[151.215712381764,-33.8582633770569],[151.215649973241,-33.858315754822],[151.215645832532,-33.8583192306077],[151.215682713481,-33.8583780679198],[151.215751056134,-33.8584473142454],[151.215802709098,-33.8584986888534],[151.215821522764,-33.8585174461422],[151.215898701972,-33.8585972832876],[151.215938522864,-33.858632285768],[151.215997695915,-33.8586841695481],[151.216002541474,-33.85868811901],[151.2160309736,-33.8587114133329],[151.216066323613,-33.858740099244],[151.216094778115,-33.8587633587085],[151.216188744723,-33.8588267302592],[151.216193890396,-33.8588293990707],[151.21619697379,-33.8588309748701],[151.216283466877,-33.8588751400913],[151.216329818396,-33.8588988280949],[151.216338054208,-33.8589027490675],[151.216425602225,-33.8589445308173],[151.216565208953,-33.8590367728959],[151.216570673466,-33.8590415230269],[151.216643093505,-33.8591044723808],[151.216732015602,-33.8591946028673],[151.216808113153,-33.8592869192979],[151.21689358544,-33.8594102696583],[151.216910182522,-33.8594368831827],[151.217067763722,-33.8596895673125],[151.21706929827,-33.859692026033],[151.217085837058,-33.8597210328261],[151.217114133115,-33.8597699327134],[151.217157247687,-33.859874180632],[151.21718910868,-33.8599988877402],[151.217204363865,-33.860112525522],[151.217213289845,-33.8602002457328],[151.21721660099,-33.8602327781256],[151.217221006598,-33.8603677673681],[151.217217007891,-33.860487641689],[151.217200646396,-33.8606417540663],[151.217184408983,-33.8607605170987],[151.217183934764,-33.8607639864668],[151.217157293455,-33.8608957031314],[151.217152891599,-33.8609135571274],[151.217116395977,-33.8610615799399],[151.217080913911,-33.8611910513626],[151.217058645232,-33.861272304656],[151.217024604808,-33.8614269438921],[151.216981122911,-33.861613535106],[151.216937972078,-33.8618537515755],[151.216939869154,-33.8620399110043],[151.216984581042,-33.8622455860541],[151.217039307189,-33.8623811095288],[151.217143784889,-33.8625826761857],[151.217297281912,-33.8627778011318],[151.21747169984,-33.8629279501084],[151.217485499012,-33.8629374647633],[151.217532205236,-33.8629698971927],[151.217654817456,-33.8630551246752],[151.217660394106,-33.8630579268092],[151.217782015204,-33.8631181975534],[151.217835678616,-33.8631446960189],[151.217893471895,-33.8631730865391],[151.217965932445,-33.8631965329792],[151.218089713523,-33.8632366274503],[151.218111808641,-33.8632436613747],[151.218316530127,-33.8632875041936],[151.218560691942,-33.8633116763196],[151.21879893359,-33.8633073330499],[151.219034354785,-33.8632728690231],[151.21925564768,-33.8632082822418],[151.219460521998,-33.8631176128678],[151.219670663016,-33.8629908745644],[151.219682664607,-33.862983636522],[151.219841724475,-33.8628640898069],[151.219841834276,-33.8628640075309],[151.219987556118,-33.8627222779442],[151.22011121004,-33.8625769713964],[151.220224394175,-33.8624198719476],[151.220319018518,-33.8622828224627],[151.220483664586,-33.8620410706681],[151.220613254309,-33.8618047990855],[151.220785511612,-33.8614345100314],[151.220862555334,-33.8612457111003],[151.220903471483,-33.8611454397438],[151.221008024658,-33.8608892202542],[151.221053525631,-33.860776808089],[151.221101973672,-33.8606338800676],[151.221138928588,-33.8605056874636],[151.221162342196,-33.860402754762],[151.221186513948,-33.8602669670456],[151.221211105951,-33.8601520310598],[151.221257739017,-33.8600007401066],[151.221302387867,-33.8598729308229],[151.22135426687,-33.8597449544551],[151.221413280101,-33.8596256566443],[151.221476746112,-33.8595155469406],[151.221554295883,-33.8593975148272],[151.221646646754,-33.8592861176052],[151.221702966282,-33.8592318480943],[151.221732858568,-33.859203050261],[151.221795386034,-33.8591489631725],[151.22179549717,-33.8591488682893],[151.221811464249,-33.8591428072164],[151.221826754758,-33.8591477430984],[151.221830014125,-33.8591487613134],[151.22188349102,-33.8591686653514],[151.221913050938,-33.8591721614405],[151.221955882755,-33.8591607068968],[151.22198815767,-33.8591585286761],[151.222012589913,-33.8591491450483],[151.222034169646,-33.8591443002294],[151.222061761671,-33.859136514991],[151.222109318897,-33.859138781921],[151.222143626093,-33.8591365924026],[151.222171247982,-33.8591322152714],[151.222194077567,-33.8591382508981],[151.222223070877,-33.8591373778908],[151.222247792975,-33.8591398211995],[151.222274804863,-33.8591376003386],[151.222333805987,-33.8591562655253],[151.222360276523,-33.8591622760964],[151.22240009593,-33.8591643771834],[151.222407993338,-33.8591674831048],[151.222466788549,-33.8591903492018],[151.222473563796,-33.8591938302897],[151.222526620394,-33.8592207237403],[151.222530666726,-33.8592241898086],[151.222544927504,-33.8592364130946],[151.222552255907,-33.8592412628934],[151.222568302059,-33.8592518815716],[151.222568610194,-33.8592520862041],[151.222607066703,-33.8592911112319],[151.222610174558,-33.8592932345861],[151.222613853046,-33.8592959351734],[151.222628399876,-33.859306613375],[151.222638634036,-33.8593202096432],[151.222644695234,-33.8593282612966],[151.222667317524,-33.8593583344175],[151.222678834219,-33.859381655584],[151.222696112909,-33.8594021183588],[151.222710954397,-33.8594406710903],[151.222742107927,-33.8594763895433],[151.222748385442,-33.8594911118278],[151.222751600098,-33.8594998699687],[151.222762983988,-33.8595220385833],[151.222757043315,-33.8595483849047],[151.22276463998,-33.8595645455637],[151.222765806642,-33.8595890944126],[151.222771441357,-33.8595925869892],[151.222777367431,-33.8595964679119],[151.222787992139,-33.8596034257303],[151.222788066788,-33.8596034745995],[151.222788988533,-33.8596311841453],[151.222763972936,-33.8596613610074],[151.222763879949,-33.8596614146728],[151.222727510212,-33.8596824337447],[151.222727534673,-33.8596824530342],[151.222738313292,-33.8596907467603],[151.222745190767,-33.8596960778894],[151.222748648152,-33.8596987563472],[151.222748752385,-33.859698838106],[151.222755769471,-33.8597278411998],[151.222732541601,-33.8597595840221],[151.222732417648,-33.8597596715073],[151.222696318675,-33.8597852519023],[151.222739710476,-33.8603399858022],[151.222902868697,-33.861438317353],[151.222922638372,-33.8615603860544],[151.222929340883,-33.861615219637],[151.222940259958,-33.861704015192],[151.222952688496,-33.8618286751366],[151.222960683859,-33.8619774514779],[151.22296441602,-33.8621285262038],[151.222955328994,-33.862291623895],[151.22288483506,-33.8624506311515],[151.22280882279,-33.8625537226289],[151.22270828,-33.8626531526249],[151.222708162488,-33.8626532420063],[151.222571434868,-33.8627573909016],[151.222531769106,-33.8627857088641],[151.222531734804,-33.8627857471444],[151.222500365871,-33.8628202878001],[151.222464947294,-33.862881706092],[151.222464850391,-33.8628817398622],[151.222450021554,-33.8628868291114],[151.222446646887,-33.8628856821012],[151.222436815598,-33.8628819910002],[151.222436747716,-33.8628821370055],[151.222419093008,-33.8629201975153],[151.222389416108,-33.8629498137666],[151.222346682514,-33.8629909589342],[151.222318904825,-33.8630280284476],[151.222390487349,-33.8631085392737],[151.222385447421,-33.8631154000917],[151.222391397479,-33.8631220975347],[151.221921297889,-33.8635788014101],[151.221841138797,-33.8636566772843],[151.221725495118,-33.8637690269342],[151.221662304576,-33.8638304183822],[151.221656562851,-33.863835984051],[151.221615943371,-33.8638116890884],[151.221608319626,-33.8638067312677],[151.221608188377,-33.8638068574213],[151.221585005774,-33.8638293045344],[151.221536557843,-33.8638762174522],[151.221504687189,-33.8638572545105],[151.2214974332,-33.8638526059084],[151.221497290215,-33.8638527246785],[151.221482475086,-33.863865011741],[151.221479713142,-33.8638921189384],[151.221486847465,-33.8639051430347],[151.221479164768,-33.863935026919],[151.221479049142,-33.86393502525],[151.221449518653,-33.8639348271402],[151.22144942109,-33.8639349447624],[151.221412995931,-33.8639786992182],[151.221340713157,-33.8640655228446],[151.221299878517,-33.8640433663189],[151.22129168102,-33.8640386057943],[151.221291596795,-33.8640387578753],[151.221274446891,-33.8640696421802],[151.221267908181,-33.864103256855],[151.221283608657,-33.8641187455548],[151.221273700083,-33.8641697396267],[151.221251781575,-33.8642070061785],[151.221190645571,-33.8643095466413],[151.221195586365,-33.8643433748271],[151.221182133965,-33.8643698975473],[151.221157278949,-33.8643917153578],[151.221149853403,-33.8644291000443],[151.221108369422,-33.8644654366461],[151.221048594265,-33.864583906177],[151.221004196545,-33.8646386044033],[151.221004112458,-33.8646386455713],[151.220977135847,-33.8646518976862],[151.220977077022,-33.8646519716818],[151.220961299802,-33.8646720133254],[151.220961221324,-33.8646720446552],[151.220933985152,-33.8646830620935],[151.220933856399,-33.8646831720509],[151.220916865957,-33.8646978136504],[151.220911058958,-33.8647028210604],[151.220911019532,-33.86470284574],[151.220824503638,-33.8647592000322],[151.220824480159,-33.8647592375666],[151.220795885243,-33.8648057289685],[151.220795782653,-33.8648057761814],[151.220768790464,-33.8648182642452],[151.220768754481,-33.8648183313565],[151.220694162502,-33.8649570374298],[151.220658189366,-33.8650057433421],[151.22063940124,-33.8650459062976],[151.22063926291,-33.8650460089024],[151.220600858476,-33.8650744075404],[151.220601243409,-33.8651024781304],[151.220574717415,-33.8651429170783],[151.220553341801,-33.8651941034631],[151.220586790921,-33.8652189002973],[151.22057270541,-33.8652347127828],[151.220572649943,-33.8652347291149],[151.220555166831,-33.8652397662662],[151.220555076086,-33.8652398677546],[151.220540431567,-33.8652562601013],[151.22037802723,-33.8654381285449],[151.220377526713,-33.8654532859714],[151.220382990164,-33.8654569186616],[151.220427243482,-33.8654865624685],[151.220478645318,-33.8655209940718],[151.220478673022,-33.8655210134085],[151.22046768285,-33.865540390098],[151.22042448422,-33.8655826351705],[151.220424382149,-33.8655827094429],[151.220372260473,-33.8656208750722],[151.220286621687,-33.8656678751935],[151.220279921632,-33.8656716883851],[151.220229530403,-33.8657003267559],[151.220167953956,-33.8657449213328],[151.220167913111,-33.8657449622231],[151.220133114413,-33.8657804896881],[151.220105691934,-33.8658158216128],[151.220080555837,-33.8658482297362],[151.22005735109,-33.8658691973555],[151.220051419191,-33.8658767783025],[151.220042674063,-33.8658879787937],[151.220035772186,-33.865896826206],[151.220042881972,-33.8659021247732],[151.220049776996,-33.8659071461069],[151.220019997898,-33.8659403447029],[151.219966219202,-33.8660003030425],[151.219927969784,-33.8660429675038],[151.219931586122,-33.8660446618281],[151.219936982088,-33.8660470680912],[151.219949569204,-33.8660528326441],[151.219951237863,-33.8660537350513],[151.219966959125,-33.866062239297],[151.219945311459,-33.866086303438],[151.219916513968,-33.8661182952243],[151.21990456605,-33.866131570338],[151.219897889362,-33.866138993532],[151.219881796153,-33.8661600151644],[151.219884028447,-33.8661611042612],[151.219888746676,-33.8661634051498],[151.219896106369,-33.8661660390714],[151.219898626859,-33.8661669402599],[151.219902071923,-33.8661681893537],[151.219982052608,-33.8661945522348],[151.220002892793,-33.8662013143127],[151.220281639012,-33.8660756753472],[151.220354952573,-33.8660922866954],[151.220426880391,-33.8661085840169],[151.220439272723,-33.8661114961913],[151.220584117854,-33.866145534252],[151.220535656381,-33.8662945746222],[151.220535587519,-33.8662945591997],[151.220402671404,-33.8662644446357],[151.220402640206,-33.8662645415736],[151.220357697,-33.8664025367021],[151.220349995038,-33.8664262342419],[151.220356577481,-33.8664278298219],[151.220357886438,-33.866428147206],[151.220380855432,-33.8664344268761],[151.220358875691,-33.8665021452007],[151.220366800309,-33.8665039684696],[151.220380996503,-33.8665071573904],[151.220418431909,-33.8665156388578],[151.220418526586,-33.8665157646661],[151.22042045801,-33.866518330074],[151.220417361469,-33.8665286725556],[151.220416664599,-33.866530998913],[151.220391682123,-33.8666077688776],[151.220399545117,-33.866609593058],[151.220408173774,-33.8666116095475],[151.220432600389,-33.8666194838075],[151.22039796322,-33.8667260667032],[151.220397894357,-33.8667260512806],[151.220314521493,-33.866707161122],[151.220314489195,-33.8667072589458],[151.220306725546,-33.866731061996],[151.220229137519,-33.8669694015601],[151.220229068675,-33.866969385236],[151.220208276509,-33.8669646744561],[151.220208244211,-33.8669647722798],[151.220185585283,-33.8670343672037],[151.220185516439,-33.8670343508795],[151.220154293191,-33.8670272774283],[151.220154261974,-33.8670273752676],[151.22003514077,-33.867393230169],[151.220035071926,-33.8673932138448],[151.220014279652,-33.8673885039309],[151.220014247372,-33.8673886008531],[151.219956513201,-33.8675658785873],[151.219843731672,-33.8679123011529],[151.219792401769,-33.8680699456396],[151.219792332924,-33.8680699293152],[151.219637377146,-33.8680348207951],[151.219591566136,-33.8680244407122],[151.219591533837,-33.8680245385357],[151.21958873268,-33.8680331421866],[151.219596648774,-33.8680349653837],[151.219634530146,-33.8680435500291],[151.21965915318,-33.8680492171079],[151.219757561397,-33.8680718679306],[151.219757656065,-33.8680718900386],[151.219759510082,-33.8680744877026],[151.21978605385,-33.8681115578293],[151.219765445165,-33.8681733821808],[151.219765356732,-33.8681734241868],[151.219717047525,-33.8681965664972],[151.219661394304,-33.8681832542255],[151.21966136737,-33.86818335393],[151.219654012973,-33.8682109104946],[151.219649836376,-33.8682308824105],[151.219646589108,-33.8682509741609],[151.219644275028,-33.8682711560439],[151.219642898017,-33.8682913974565],[151.219642460873,-33.8683116677797],[151.219642962052,-33.8683319372336],[151.219644403272,-33.8683521751839],[151.219646781911,-33.8683723518348],[151.219650093201,-33.8683924364583],[151.219654333439,-33.8684123992431],[151.219655451048,-33.8684167789368],[151.219659494597,-33.8684322103155],[151.21966557081,-33.8684518398332],[151.219672552932,-33.8684712597097],[151.219680428633,-33.8684904391074],[151.219689187668,-33.8685093508258],[151.219692004032,-33.8685150598907],[151.219693255099,-33.8685175938369],[151.2196974599,-33.8685257288198],[151.219701906156,-33.8685338970491],[151.21970648557,-33.868541951779],[151.219711231789,-33.8685499385828],[151.21971614593,-33.8685578556732],[151.219721223746,-33.8685656993819],[151.219726464174,-33.8685734687916],[151.219731868372,-33.8685811603122],[151.21973743099,-33.8685887711611],[151.21974315311,-33.8685963013538],[151.219749031584,-33.8686037463363],[151.219755064288,-33.8686111042741],[151.219761251259,-33.8686183733645],[151.219767588211,-33.8686255517419],[151.219774074121,-33.8686326366863],[151.219780707964,-33.8686396254776],[151.219787486535,-33.868646516266],[151.219794409834,-33.8686533090515],[151.219801472552,-33.8686599992487],[151.219808674726,-33.8686665850545],[151.219811239867,-33.8686689314865],[151.219816054909,-33.8686730318579],[151.219823528505,-33.8686794051657],[151.219830825883,-33.8686855189296],[151.219838869621,-33.8686918184154],[151.219847590429,-33.868698464936],[151.219854720641,-33.8687037791406],[151.219862830873,-33.8687095836259],[151.219875858929,-33.8687161526062],[151.220105212504,-33.8683200868159],[151.220107385663,-33.8683162686597],[151.220107354604,-33.8683162546848],[151.220073216269,-33.8683020603948],[151.220061930785,-33.8682973678928],[151.220058259148,-33.8682958332829],[151.22005450072,-33.8682943136504],[151.220044222041,-33.8682696079319],[151.220033257683,-33.8682432520321],[151.220068003138,-33.868183421825],[151.22006805582,-33.8681833315098],[151.220124606681,-33.8681669467673],[151.220124860069,-33.8681668737795],[151.220121466285,-33.8681652854737],[151.220581570012,-33.8673755495036],[151.220588068008,-33.8673643940748],[151.220614822082,-33.8673184695191],[151.220627776951,-33.8672961598668],[151.220627749154,-33.8672961450375],[151.220617515449,-33.8672908852496],[151.220617234154,-33.8672907405149],[151.220610648782,-33.8672879284509],[151.220807887948,-33.86694909553],[151.220807859051,-33.8669490815865],[151.220788575054,-33.866940192352],[151.220786653084,-33.8669393061363],[151.220779657705,-33.866936406102],[151.220803920342,-33.8668947306151],[151.220821641165,-33.866864292894],[151.220853918425,-33.8668088507557],[151.220926085458,-33.8666848189063],[151.220926056524,-33.8666848067658],[151.220859855208,-33.8666567849607],[151.220851802395,-33.8666533764069],[151.220845170679,-33.8666506637804],[151.220862392753,-33.8666210764094],[151.220910060413,-33.8665391891631],[151.220919496445,-33.8665229776675],[151.220896430898,-33.8665090535074],[151.22096645175,-33.8664279038041],[151.220914692289,-33.8663966585097],[151.220906501654,-33.8663917141005],[151.22089629753,-33.86638555392],[151.220886578074,-33.8663796874921],[151.220880999861,-33.8663763200829],[151.220937808839,-33.8663104932501],[151.220944231837,-33.866303050104],[151.220993746085,-33.8662456745783],[151.220981770836,-33.866238444611],[151.220979067667,-33.8662368130981],[151.220973964549,-33.866233732094],[151.220995380049,-33.8662089150653],[151.221051093488,-33.8661443537376],[151.220975545938,-33.8660987482792],[151.220971859525,-33.866096522747],[151.220986475971,-33.8660795591418],[151.220993269474,-33.8660717110478],[151.221048987255,-33.8660071443704],[151.221033949107,-33.8659980648913],[151.221031044172,-33.865996311436],[151.221042827897,-33.8659826569089],[151.22104923314,-33.8659752342402],[151.22110009069,-33.8659162991024],[151.221087745019,-33.8659088455753],[151.220993875705,-33.8658521735924],[151.220988201461,-33.8658487470901],[151.22107413749,-33.8657491681755],[151.221105629683,-33.865712675624],[151.221105747056,-33.8657125411549],[151.221113655634,-33.8657174273735],[151.221168630976,-33.8657505324199],[151.221210792066,-33.8657760031258],[151.221265689108,-33.8658092386543],[151.221299184728,-33.8658294704333],[151.221305317401,-33.8658331533229],[151.221565129267,-33.8659901057797],[151.221600401459,-33.8660101620322],[151.221605425489,-33.8660015777878],[151.221800482358,-33.8656635934993],[151.221800453424,-33.865663581359],[151.221736662642,-33.8656366778155],[151.221732281982,-33.8656348300369],[151.221725258317,-33.8656318899721],[151.22176180647,-33.8655689940568],[151.221761888348,-33.8655688509592],[151.221771556826,-33.8655727958637],[151.221799626582,-33.8655842969494],[151.221995141757,-33.8656644097941],[151.221995170691,-33.8656644219343],[151.221967456153,-33.8657121562937],[151.221974723138,-33.8657151963429],[151.222001507975,-33.8657261107417],[151.22235581162,-33.8658704894783],[151.222342276042,-33.8658938856701],[151.222349533424,-33.8658969210504],[151.222354567978,-33.8658990352391],[151.222419463372,-33.8659262772295],[151.222419492307,-33.8659262893696],[151.222194043532,-33.8663143735855],[151.221848072275,-33.8669098040106],[151.221440377781,-33.8676114516857],[151.221406099497,-33.8676704450165],[151.221357649329,-33.8677538270572],[151.221209662913,-33.8680084473277],[151.220864862225,-33.8686019004447],[151.220577197935,-33.8690969550439],[151.220586152088,-33.8690975199073],[151.220675420621,-33.8691028327205],[151.220955582631,-33.8691356296765],[151.220987703204,-33.8691394569865],[151.221171575447,-33.8691506964364],[151.221179850236,-33.8691512334134],[151.221254316472,-33.8691557198118],[151.221254434154,-33.8691557269212],[151.2212572429,-33.8691431042624],[151.221285920263,-33.8690179854122],[151.221285947625,-33.8690178649733],[151.221544189426,-33.8690270331113],[151.221544334182,-33.869027037906],[151.221544524964,-33.8689799560267],[151.222655476665,-33.8676641738506],[151.222655587461,-33.867664043794],[151.222681005828,-33.867674109638],[151.222686918531,-33.8676763149338],[151.222686983966,-33.8676763393231],[151.222688930876,-33.8676727910839],[151.222691531632,-33.8676682594544],[151.222693208358,-33.8676652817298],[151.222693288076,-33.8676651386004],[151.222719194732,-33.8676753764996],[151.222776563937,-33.8676972805324],[151.222776605765,-33.8676972964655],[151.222969676648,-33.8673001587829],[151.223147026805,-33.8669285433862],[151.223519175656,-33.8661487395557],[151.223631166742,-33.8659079810706],[151.223785574238,-33.8655822185452],[151.223843686277,-33.8654596153177],[151.224374411404,-33.8643398932401],[151.22548133366,-33.8619695399249],[151.225518881205,-33.8619288626967],[151.225518956383,-33.8619287817204],[151.225562677579,-33.8619063608817],[151.225612676086,-33.8618994340646],[151.225658133756,-33.8619042565298],[151.225665470034,-33.861906759916],[151.225696836303,-33.8619173039317],[151.225701012353,-33.8619201549718],[151.225722710621,-33.8619349440607],[151.22573404846,-33.8619426720731],[151.225734287231,-33.8619428342187],[151.225760307262,-33.8619778828617],[151.226146883168,-33.8630260611392],[151.226272426514,-33.8633663373372],[151.226276853321,-33.8633656399871],[151.226280506593,-33.8633650270869],[151.226295045304,-33.8633626176985],[151.226505908808,-33.8633276622834],[151.226506519313,-33.8633306522462],[151.22653855892,-33.8634629055251],[151.226543904351,-33.8634620076731],[151.226547515128,-33.8634613589853],[151.227022957007,-33.8633783392555],[151.227023121913,-33.8633783100672],[151.22699163936,-33.863244017048],[151.226991619537,-33.8632439301951],[151.227594716528,-33.8631357295737],[151.227594893357,-33.8631356987526],[151.227270295649,-33.8622497092357],[151.227266422319,-33.8622320541087],[151.227275479521,-33.8622137977851],[151.227275506574,-33.8622137440695],[151.227402058645,-33.8621462410463],[151.227442328092,-33.8621247618002],[151.227442494225,-33.8621246731136],[151.227278198226,-33.8619200782774],[151.226920135068,-33.8615516764573],[151.226951732204,-33.8614356722538],[151.227114296493,-33.8606268353938],[151.227343544058,-33.8594861891393],[151.227416393316,-33.8591232132676],[151.227433289145,-33.8590395099086],[151.227691373906,-33.8587826188211],[151.228548308559,-33.8579296252116],[151.228548410092,-33.8579295238719],[151.228554771989,-33.8579344477955],[151.228695250079,-33.8580395522971],[151.228699279173,-33.8580386814121],[151.229019858377,-33.857968815526],[151.229145168257,-33.8579497932097],[151.229251181974,-33.8579530949019],[151.229368851716,-33.8579789138181],[151.229377067829,-33.8579812492731],[151.229506468041,-33.8580175544153],[151.229832932383,-33.8581091234907],[151.229859172059,-33.8580855869603],[151.229833894123,-33.8580659291331],[151.229820841347,-33.8580557782103],[151.229815676231,-33.8580518328066],[151.229860252049,-33.8580086436636],[151.229860354605,-33.8580085450428],[151.22986784704,-33.8580139468351],[151.229900885769,-33.8580374205183],[151.230003344853,-33.8581102151418],[151.229959635812,-33.858153147164],[151.229915989095,-33.8581258627252],[151.229908735832,-33.8581208124461],[151.229908632213,-33.85812091015],[151.22988092388,-33.8581470009872],[151.230322363753,-33.8585847792808],[151.230645476039,-33.8589404157017],[151.230673576712,-33.8589854791778],[151.230684196057,-33.8590365795362],[151.230675676187,-33.8590790882596],[151.230648196393,-33.8591243275651],[151.2306481022,-33.8591243875315],[151.230602128919,-33.8591535716682],[151.230602064982,-33.8591536320691],[151.229974326786,-33.8597415442486],[151.229723307564,-33.8599766345952],[151.229605750909,-33.860086784972],[151.229605711543,-33.8600868069501],[151.229568985149,-33.860107265664],[151.229533130004,-33.8601123278147],[151.229466363363,-33.860112731036],[151.229426527784,-33.8601205954053],[151.229394050218,-33.860135929164],[151.229393955558,-33.8601360116664],[151.229371019599,-33.8601559786382],[151.229307677814,-33.8602122122125],[151.229307646086,-33.8602122306933],[151.229245537383,-33.8602493107918],[151.229167896023,-33.8602767110088],[151.229085115204,-33.860293472435],[151.229004210321,-33.8603051271158],[151.229004107947,-33.860305216721],[151.228851074031,-33.8604392171692],[151.228857067771,-33.860443711064],[151.228911931462,-33.8604848294079],[151.228928640811,-33.8604973531811],[151.228810389639,-33.8606512527945],[151.228634138331,-33.8608806388428],[151.228560852997,-33.8611183654009],[151.228514345807,-33.8614328521997],[151.228416234134,-33.8621608526476],[151.2283645903,-33.8625440318305],[151.228503697934,-33.8631564436255],[151.228507203472,-33.8631718760319],[151.22850297355,-33.8631915084802],[151.228428132331,-33.8635388460101],[151.228261361757,-33.8643128110447],[151.228267886642,-33.8643123791483],[151.228271242344,-33.8643121487604],[151.228390512434,-33.8643039706283],[151.228391480761,-33.864308009049],[151.228417150688,-33.8644041427864],[151.228422600725,-33.8644036250915],[151.22842622301,-33.8644032578597],[151.228478048522,-33.8643980045653],[151.228675602419,-33.8643780945405],[151.228676321769,-33.8643822033232],[151.228692190481,-33.8644625616129],[151.228692061588,-33.864462574188],[151.228476288882,-33.8644831772471],[151.228312805392,-33.8644987885648],[151.228312823223,-33.8644988672731],[151.22833165961,-33.8645809662639],[151.228369185225,-33.8647405199253],[151.228423095511,-33.8649793139275],[151.22854780362,-33.865522832415],[151.228717271842,-33.8662614244234],[151.228733351804,-33.8663821190706],[151.228736472332,-33.8664741213867],[151.228732645378,-33.8665793642715],[151.22870930348,-33.8667062706216],[151.228664381427,-33.8668467509185],[151.22860352025,-33.8669840334879],[151.228516397469,-33.8671142510883],[151.228429759838,-33.8672036066242],[151.228429623563,-33.8672037146779],[151.228304207213,-33.8673030242017],[151.228188938355,-33.8673677830049],[151.228086386453,-33.867414739243],[151.227972958248,-33.8674603531724],[151.227885944701,-33.8674899243047],[151.227817603585,-33.8675220309405],[151.227744391268,-33.8675715099561],[151.227744344837,-33.867571559786],[151.227705852033,-33.8676135964958],[151.227653819197,-33.8676734408932],[151.227608491545,-33.8677395668024],[151.227568673355,-33.8678123997872],[151.2275373075,-33.8678855410124],[151.22751090573,-33.8679638485095],[151.227488288272,-33.8680506886625],[151.227488446068,-33.8680544548228],[151.227491708108,-33.868088095418],[151.227491711648,-33.8680881333423],[151.227493020646,-33.8681016278746],[151.22749302508,-33.8681016748292],[151.227493029496,-33.8681017226853],[151.227501759663,-33.8681917082258],[151.227468511581,-33.8683707820749],[151.22744891506,-33.8684806421745],[151.227433441386,-33.8685062203308],[151.227454325736,-33.8686048084505],[151.227459440139,-33.8686289559554],[151.22745950904,-33.8686292833789],[151.227459579021,-33.868629610818],[151.227468556385,-33.868671980482],[151.227468732717,-33.868672810822],[151.227469012383,-33.8686741331988],[151.227477333239,-33.8687133823919],[151.22751276473,-33.8688730440615],[151.227579376316,-33.8690112454377],[151.227620215,-33.8690715186195],[151.227635398249,-33.8690939281136],[151.227706382829,-33.8691733551764],[151.227777277724,-33.8692482370091],[151.227798038476,-33.8692672234261],[151.227902375519,-33.8693384021106],[151.228030442482,-33.8694272905361],[151.228050854696,-33.8694413348369],[151.228054237749,-33.8694436613034],[151.228158951305,-33.8695156820118],[151.228166531615,-33.8695209012219],[151.228264850601,-33.8695886070033],[151.228270450584,-33.869592462243],[151.228342045861,-33.8696417577572],[151.228532256595,-33.8697699599756],[151.228627521059,-33.8698341669656],[151.228808207645,-33.8699554687374],[151.228887908513,-33.8700089752982],[151.228925003169,-33.8700292017808],[151.228929763032,-33.8700231257022],[151.22893439295,-33.8700172172839],[151.229041239522,-33.8698808661658],[151.229041663653,-33.8698803249021],[151.229060097981,-33.8698896019309],[151.229060188928,-33.8698896474237],[151.229182597053,-33.8697334289358],[151.22919616979,-33.8697408334777],[151.229073168942,-33.8698978009268],[151.22909445978,-33.869909411249],[151.229095119327,-33.8699097715085],[151.229155311734,-33.8698327284665],[151.229154524999,-33.8698322978466],[151.229149770342,-33.869829697403],[151.229163221394,-33.8698125348174],[151.22916648784,-33.869808367002],[151.229166997492,-33.8698077151504],[151.229190029475,-33.8698193432675],[151.229190121465,-33.8698193905787],[151.2291723823,-33.8698420345715],[151.229167254314,-33.869839243003],[151.229166650311,-33.8698389151034],[151.229161025582,-33.8698449949925],[151.229157184007,-33.8698498966788],[151.229199701387,-33.8698730902161],[151.229163628318,-33.8699191181024],[151.229370809676,-33.8700320908007],[151.229358817934,-33.8700460118615],[151.229164597768,-33.8699409525015],[151.229164140324,-33.8699415365707],[151.229097055448,-33.8700271526427],[151.229104081449,-33.8700599960505],[151.229082792208,-33.8700940970914],[151.229082378568,-33.8700947584383],[151.229081966009,-33.8700954198008],[151.229078221769,-33.8701014176037],[151.229072936887,-33.8701098838858],[151.229100572772,-33.870125448492],[151.229129188101,-33.870139703406],[151.229158718536,-33.8701526233551],[151.229189067033,-33.8701641438218],[151.229220125839,-33.8701742479269],[151.229251816806,-33.8701828984768],[151.2292840237,-33.8701900703553],[151.229316669269,-33.870195735399],[151.229349636049,-33.8701998756882],[151.229382824558,-33.8702024924981],[151.229416138983,-33.8702035664166],[151.229449481092,-33.8702030906214],[151.22948273398,-33.87020107245],[151.229515797978,-33.8701975221928],[151.229547417344,-33.8701912161698],[151.229584700775,-33.8701816361298],[151.229617657711,-33.8701665185035],[151.229663099817,-33.8701473483706],[151.229696553366,-33.8701313189786],[151.229723720481,-33.8701172399038],[151.229747350156,-33.8701023913038],[151.229760594639,-33.870089470206],[151.22976131836,-33.8700887646177],[151.229780137545,-33.8700594108296],[151.229780232514,-33.8700592616024],[151.229795070674,-33.870034024798],[151.229808296697,-33.8700086466998],[151.229821695888,-33.8699834153676],[151.229836391301,-33.8699620017162],[151.229856479127,-33.8699401551491],[151.229871741264,-33.8699277851381],[151.229888779856,-33.8699177545298],[151.229914277009,-33.8699131891939],[151.230178389582,-33.8699330398891],[151.230207702502,-33.8699333554538],[151.230294289816,-33.8699457267632],[151.230322246585,-33.8699519869749],[151.23034738401,-33.8699628578953],[151.230389686048,-33.8699864474085],[151.230435944174,-33.8700137782653],[151.230478987339,-33.8700516377164],[151.230507282306,-33.8700670212084],[151.230524092435,-33.8700884834451],[151.230546135653,-33.8701063390038],[151.230581907569,-33.8701446359414],[151.230604942708,-33.8701816849896],[151.230619191164,-33.8702228785197],[151.230627244302,-33.870255690612],[151.230628833447,-33.8702875865787],[151.230624177445,-33.8703288611996],[151.230628428305,-33.870369912052],[151.230636728712,-33.8703982342899],[151.230665333391,-33.8704364354887],[151.230697805316,-33.8704657135239],[151.23076536357,-33.8705034542164],[151.230830595795,-33.8705689965942],[151.230855893679,-33.870595519535],[151.230890188715,-33.8706513909658],[151.230907929857,-33.8706852664416],[151.230921206736,-33.8707265623122],[151.23094371562,-33.870744651729],[151.230961171607,-33.8707530577715],[151.231006990147,-33.8707897756064],[151.23103128022,-33.8708071502481],[151.23105061116,-33.8707943705053],[151.231057310891,-33.8707899417329],[151.231228643362,-33.8706766740734],[151.231229394101,-33.8706761780695],[151.231546790944,-33.8709302350838],[151.231548088345,-33.8709312753858],[151.23144916306,-33.8710044235487],[151.231448271665,-33.8710050825545],[151.231447381351,-33.8710057415758],[151.231442611499,-33.8710092683711],[151.231435412272,-33.8710145908394],[151.231455437061,-33.8710303252134],[151.231486704466,-33.8710657176353],[151.231498759782,-33.8710883216356],[151.231508312057,-33.871106231281],[151.231518934783,-33.8711334578105],[151.23152567198,-33.8711469689038],[151.231539140956,-33.8711474760453],[151.231547155259,-33.8711612823054],[151.231571945893,-33.8711720100376],[151.231602270764,-33.8712022651763],[151.231603690008,-33.8712232872331],[151.231622139338,-33.8712512023087],[151.231619490809,-33.8712627833027],[151.231640113584,-33.8713028301137],[151.231653408768,-33.8713152747796],[151.231663211255,-33.8713589473071],[151.231670577392,-33.871364767403],[151.231679926982,-33.8713728008995],[151.231679884165,-33.871421099653],[151.231661406915,-33.871463030795],[151.231661477696,-33.8714826583321],[151.231661479797,-33.8714834473908],[151.231661480303,-33.8714835276536],[151.231661484498,-33.8714844772532],[151.231661498573,-33.8714882494625],[151.231661691297,-33.8715391215744],[151.231661798241,-33.8715676868438],[151.23165747444,-33.8715914615612],[151.231644984248,-33.8716131496498],[151.231628358596,-33.8716526257535],[151.23159217032,-33.8717287349707],[151.231562177694,-33.8717524288975],[151.231536992781,-33.8718243694549],[151.231505384665,-33.8719033641484],[151.231460063632,-33.8719269615569],[151.231387957166,-33.8720221500618],[151.231410273561,-33.8720292596708],[151.231382242402,-33.8720473701369],[151.231379319148,-33.8720813285343],[151.231363134623,-33.8721159180503],[151.231362878536,-33.8721537949517],[151.231318100702,-33.8722002034735],[151.231319277714,-33.8722259940959],[151.231305690485,-33.8722338822953],[151.231254417874,-33.8722781307491],[151.231253796008,-33.872278667378],[151.231254765671,-33.8722829654976],[151.231258548289,-33.8722919236497],[151.231254906777,-33.8722972412721],[151.231251701092,-33.872301922206],[151.23124677887,-33.8723091096993],[151.231242437359,-33.8723149258568],[151.231241982526,-33.872315069017],[151.231239799774,-33.8723157554705],[151.231239058756,-33.8723159892053],[151.231235475681,-33.8723178458605],[151.231235608506,-33.8723185339966],[151.231237050021,-33.8723260031197],[151.231238052661,-33.8723312178875],[151.231233316037,-33.8723341256496],[151.231230721056,-33.8723357196541],[151.23122397415,-33.872339861902],[151.231181369707,-33.872366015879],[151.231162599407,-33.8724195067245],[151.231171168032,-33.8724266741912],[151.231171377402,-33.872426848529],[151.231171714284,-33.8724271302019],[151.231172596335,-33.87242786787],[151.231180212884,-33.8724342335403],[151.231146732013,-33.872459937767],[151.231109702448,-33.8724765059355],[151.230970262996,-33.8725136928343],[151.230943324457,-33.8725205966467],[151.230784351742,-33.8725888755169],[151.230650293098,-33.8726464538636],[151.23046573699,-33.8727442045885],[151.230239195973,-33.8728643933538],[151.230096031108,-33.8729399148756],[151.230036270926,-33.8729705083576],[151.230033646477,-33.8729718521289],[151.230027455762,-33.8729750211993],[151.229986851149,-33.8729958083306],[151.229999674244,-33.8730576602882],[151.230015399375,-33.8731173437567],[151.23004821644,-33.8731866969261],[151.230088007795,-33.8732725277985],[151.230124773597,-33.873366775378],[151.2301740667,-33.8734733873049],[151.230229751604,-33.8735769944345],[151.230298392388,-33.8736913245516],[151.230358197354,-33.8737757745929],[151.230428776151,-33.8738590312459],[151.230470459005,-33.8739044846181],[151.230496162572,-33.8739481583656],[151.230514412283,-33.8740023530321],[151.230518900553,-33.8740638507697],[151.230513898623,-33.8741118636495],[151.230513796052,-33.8741128522938],[151.230512080646,-33.8741173959025],[151.230495170924,-33.874162202472],[151.230495030268,-33.8741625746765],[151.230482349591,-33.8741875386408],[151.230252117691,-33.874640765859],[151.229712918321,-33.8757021913582],[151.229589219436,-33.8759446886391],[151.229536552178,-33.8760279852991],[151.229527380914,-33.8760383633451],[151.229463951375,-33.876110137894],[151.229415563965,-33.8761442408431],[151.229337215495,-33.8761994585637],[151.22937311468,-33.876207141608],[151.229373996206,-33.8762073301182],[151.22935730867,-33.8762210781561],[151.229326746605,-33.8762452772946],[151.229256107733,-33.876301207234],[151.229400301041,-33.8763278757358],[151.229576923587,-33.8763605423237],[151.229580409802,-33.8763611866743],[151.229587518971,-33.8763625025893],[151.229597440133,-33.8763643395449],[151.229602381412,-33.8763660355008],[151.229602420059,-33.8763660486807],[151.229603224108,-33.876366324447],[151.229603522535,-33.8763664270259],[151.22960368033,-33.8763664815948],[151.229607243252,-33.8763677041644],[151.229636949149,-33.8763746948632],[151.229675599867,-33.8763837898189],[151.229684290698,-33.876385838131],[151.229698888187,-33.8763892707369],[151.229735702329,-33.8763979371037],[151.229735914238,-33.876397988843],[151.229777629348,-33.8764083144988],[151.229742698793,-33.8764599316743],[151.229742566102,-33.8764601272499],[151.229710160516,-33.8765074739596],[151.229554828349,-33.876734423163],[151.2295463217,-33.8767468514102],[151.229543862647,-33.8767504401869],[151.229525851554,-33.876776758497],[151.229517867726,-33.8767884223612],[151.229485329194,-33.8768359645767],[151.229473124908,-33.8768537943368],[151.229472770435,-33.8768543113532],[151.229433810359,-33.8769096371114],[151.2294305759,-33.8769142319104],[151.22943052911,-33.8769142988689],[151.229430266297,-33.8769146702179],[151.229426318084,-33.8769202701243],[151.22941968783,-33.8769296287349],[151.229370602354,-33.876998910445],[151.229370071734,-33.8769996855338],[151.229369709452,-33.8770002141603],[151.22930742464,-33.8770911590371],[151.229123522546,-33.8773596723495],[151.22866703011,-33.878026181378],[151.228489552826,-33.8782853050646],[151.228489528284,-33.8782853416832],[151.228483802823,-33.8782937014905],[151.228316945933,-33.8785373197158],[151.22830125465,-33.8785562931088],[151.228295959875,-33.8785626969026],[151.228289201403,-33.8785708714134],[151.228276540626,-33.8785861786069],[151.228268729907,-33.8785956229702],[151.228263745488,-33.8786016570017],[151.228213374531,-33.8786544772881],[151.228213317024,-33.8786545395832],[151.228213239672,-33.8786546205295],[151.228213134721,-33.878654729033],[151.228213092681,-33.8786547753191],[151.228182020879,-33.8786873602575],[151.227834463072,-33.8790518411131],[151.227831906984,-33.8790545213003],[151.22782585986,-33.8790608637514],[151.227790313135,-33.8790981445216],[151.227788078701,-33.8791004839668],[151.227785221457,-33.8791027747754],[151.227784270567,-33.8791024887688],[151.227771049204,-33.8790985229578],[151.227770235837,-33.8790982786063],[151.227769989785,-33.8790982047304],[151.227764198443,-33.8790964649092],[151.227714455818,-33.8790815450013],[151.227711657859,-33.8790807076054],[151.227711394607,-33.8790806289732],[151.227711130293,-33.879080549424],[151.227676042457,-33.8790700217254],[151.227661714429,-33.8790657225671],[151.227430304063,-33.8789963014343],[151.22732597864,-33.8789650075048],[151.227310005603,-33.8789602166291],[151.227203257364,-33.8789281951927],[151.227195608751,-33.8789260850527],[151.227174411977,-33.8789202351818],[151.2271302404,-33.8789080445407],[151.227119796931,-33.8789055226553],[151.227063653153,-33.8788919612738],[151.227063544513,-33.8788919344614],[151.227063434793,-33.8788919076335],[151.226887503636,-33.878849400271],[151.226886377343,-33.8788491270626],[151.226885773806,-33.8788489831139],[151.226885517786,-33.8788489208155],[151.22688456144,-33.87884868973],[151.226883775061,-33.8788484998659],[151.22688333508,-33.8788483934394],[151.226882494921,-33.8788481901768],[151.226719812925,-33.8788088842027],[151.22671170497,-33.8788069252263],[151.226711483312,-33.8788068742431],[151.226703978146,-33.8788051475759],[151.226703606217,-33.8788051485343],[151.226701677419,-33.878805151429],[151.226686294548,-33.878805177073],[151.226669548272,-33.8788052074359],[151.226655821323,-33.8788056690106],[151.226577489955,-33.8788082881435],[151.226577452089,-33.8788082894018],[151.226380590057,-33.878814864967],[151.226174509269,-33.8788217502322],[151.225991312402,-33.8788278699769],[151.225759905916,-33.8788565907974],[151.225707466042,-33.8788630972747],[151.225675731086,-33.8788670894048],[151.225665244254,-33.8788684920674],[151.225640290786,-33.8788718271031],[151.225639941608,-33.8788718779819],[151.225578896192,-33.878880668113],[151.225578862575,-33.8788806730392],[151.225520140976,-33.8788891268976],[151.225069919272,-33.8789616517694],[151.224947782736,-33.8789847674847],[151.224791494392,-33.8790143460991],[151.224727426634,-33.8790474763272],[151.224632012859,-33.8790968154098],[151.224631401943,-33.8790971321353],[151.224629948477,-33.8790978830818],[151.224503421348,-33.8791633107559],[151.224232134393,-33.8792814786441],[151.224222636303,-33.8792856150964],[151.223991423815,-33.8793863261202],[151.223963089385,-33.8793957664743],[151.223714972874,-33.8795063787828],[151.223708445188,-33.8795092883692],[151.223690210855,-33.8795174170754],[151.223632987253,-33.879542189749],[151.223577675096,-33.8795862593333],[151.22350853127,-33.8796116851492],[151.223479915191,-33.8796305337347],[151.223444730109,-33.8796537097332],[151.223386399151,-33.8797077441521],[151.223330002458,-33.8797808566872],[151.223327389388,-33.8797842438252],[151.223274686017,-33.8798586485956],[151.223225074386,-33.8799286847977],[151.223169854016,-33.8800062138285],[151.222929361608,-33.8803438583682],[151.222922686847,-33.8803532303926],[151.222911573492,-33.8803697676685],[151.222904207358,-33.8803807285104],[151.222894874481,-33.8803946150932],[151.222894670389,-33.8803949160367],[151.222889626978,-33.8804023638258],[151.222861938308,-33.8804227153185],[151.222620056225,-33.8806004914932],[151.222607517221,-33.8806097076503],[151.222557836565,-33.880646222935],[151.222520306257,-33.8806738068058],[151.222513094295,-33.8806791032879],[151.222469589632,-33.8807065242892],[151.222446713873,-33.8807209431243],[151.221993052398,-33.8810068748873],[151.221762015686,-33.8811522213244],[151.221707398196,-33.8811865801541],[151.221703964089,-33.881188732638],[151.221655121793,-33.8812193559286],[151.221598415617,-33.8812488079251],[151.221489050313,-33.8813009738248],[151.221474967147,-33.8813076913792],[151.221383720823,-33.8813512140596],[151.221363026914,-33.8813562887593],[151.221362604193,-33.8813562880663],[151.221182686786,-33.881356290794],[151.221118585709,-33.8813562921413],[151.221110774966,-33.8813562605057],[151.220924775459,-33.8813555095396],[151.220924634931,-33.8813555084118],[151.220855692805,-33.881355230502],[151.220855648491,-33.881355229862],[151.220819266057,-33.8813550849284],[151.220728196432,-33.8813571709445],[151.220654410311,-33.88135863005],[151.220635464888,-33.8813590047463],[151.220620685833,-33.8813586713362],[151.220620597223,-33.8813586691545],[151.220620389739,-33.881358664354],[151.220620331374,-33.8813586635109],[151.220573161552,-33.8813576638322],[151.220572169076,-33.8813577144213],[151.220551594804,-33.8813587436869],[151.220482936503,-33.8813621875566],[151.220460644214,-33.8813618655241],[151.220391425172,-33.881360865566],[151.220297153027,-33.8813547315946],[151.220194649061,-33.8813317774261],[151.220114874607,-33.881316309629],[151.219997526269,-33.881319386056],[151.219874111281,-33.8813390767947],[151.219767557258,-33.8813733253526],[151.219597594168,-33.8814305157052],[151.21950247953,-33.8814649293624],[151.219316461438,-33.8815456581167],[151.21917355391,-33.8816161131536],[151.219169178778,-33.881625044793],[151.219166008177,-33.8816359479233],[151.21916549352,-33.881637717819],[151.21916481595,-33.8816395232328],[151.219085143689,-33.8818517247602],[151.219079249867,-33.8818625632684],[151.219073970305,-33.8818748507406],[151.218767203884,-33.8818017710278],[151.218621186013,-33.8817537004036],[151.218368501714,-33.8816514350545],[151.218363337194,-33.8816477849484],[151.218359732609,-33.8816452358883],[151.218255782829,-33.8816102948709],[151.218186170075,-33.8815920854226],[151.218139174545,-33.8815797884898],[151.217886277807,-33.8815144608002],[151.217646948605,-33.8814526337928],[151.217657631705,-33.8814331348768],[151.217660959414,-33.8814270583864],[151.217506673468,-33.881369610439],[151.217238676317,-33.8812698219504],[151.217179136404,-33.8812476511783],[151.217073933883,-33.8812084808098],[151.217072215812,-33.8811994962259],[151.217069922319,-33.8811875095272],[151.217061994224,-33.8811595507624],[151.217056783586,-33.881149443456],[151.21705111472,-33.8811384440057],[151.217048388873,-33.8811331555073],[151.217029518893,-33.8811091214625],[151.217026352388,-33.8811063054768],[151.217021571252,-33.881102056697],[151.217005948796,-33.8810881691734],[151.216986030394,-33.881075709147],[151.216983116765,-33.8810738860325],[151.216978391923,-33.8810709329685],[151.216947678674,-33.8810579289391],[151.216938247936,-33.881055529059],[151.216929859254,-33.8810533976514],[151.216914729605,-33.8810495491394],[151.216880540552,-33.8810460487478],[151.216846140804,-33.8810475301315],[151.216830368858,-33.8810505444942],[151.21682261747,-33.8810520265706],[151.21681256487,-33.8810539487503],[151.21678082866,-33.8810651146152],[151.216777170156,-33.881067082461],[151.216770041227,-33.8810709162727],[151.216751882028,-33.8810806870928],[151.216735349386,-33.8810934472888],[151.216729822414,-33.8810977118761],[151.216726599599,-33.8811002000209],[151.216705743944,-33.881123064782],[151.216700599826,-33.8811313756199],[151.216697523193,-33.8811363465746],[151.216689942437,-33.8811485916099],[151.216679475538,-33.8811769153194],[151.216678225978,-33.8811800199653],[151.216677558801,-33.8811834017615],[151.216627089425,-33.8813964932754],[151.216619736791,-33.8814280623487],[151.216559618162,-33.8814187399485],[151.216511934921,-33.8814113469414],[151.216184133144,-33.8813600787533],[151.216151688967,-33.8813545023643],[151.216080833568,-33.8816555348316],[151.215960086055,-33.8816353211663],[151.215567827308,-33.8815696538887],[151.215201140687,-33.88150492939],[151.215243161045,-33.8813087662641],[151.215250890407,-33.8812726814024],[151.215294699231,-33.8810967927894],[151.215275143027,-33.8810935328071],[151.215261244324,-33.8810912168545],[151.21493445911,-33.8810410719469],[151.214825642864,-33.8810243575099],[151.214669507882,-33.8818045122961],[151.214219335848,-33.881719643698],[151.2139537847,-33.8816710709674],[151.21349891532,-33.881587865701],[151.213493054004,-33.8815867923871],[151.213679221356,-33.8807438986877],[151.21368000451,-33.8807403526707],[151.213681807182,-33.8807321909909],[151.213682499681,-33.8807290521486],[151.213685788653,-33.8807141615784],[151.213692419964,-33.8806168316931],[151.213693304792,-33.8806036881031],[151.213686802637,-33.8806024486036],[151.212104181588,-33.8802953870929],[151.212005903831,-33.8802919344686],[151.211980353466,-33.8802910351953],[151.211588804762,-33.8802768641765],[151.211560691912,-33.8802762324032],[151.210932306449,-33.8802540812883],[151.210894109568,-33.8802527339112],[151.210886073257,-33.8802523268349],[151.210851653597,-33.8802505798254],[151.210199786178,-33.880217502889],[151.210198712346,-33.8802276093381],[151.210191917814,-33.8802264997668],[151.210190074258,-33.880226198852],[151.210190052763,-33.8802265033284],[151.210188745225,-33.8802443830026],[151.210188221432,-33.8802537255523],[151.210188186919,-33.8802543427439],[151.210187977817,-33.8802580909514],[151.210183418172,-33.8803197128547],[151.21014603514,-33.8809902142906],[151.210085149982,-33.8820840104991],[151.210085095989,-33.8820849908093],[151.210079818132,-33.8821797944545],[151.210064498553,-33.8821916182165],[151.209975160719,-33.8822613159558],[151.209967918401,-33.8822664182716],[151.209937251118,-33.8822908913507],[151.209900641654,-33.8823194549365],[151.209872597712,-33.8823413186083],[151.209772523254,-33.8824970891836],[151.209770415677,-33.8825003670431],[151.209768497927,-33.8825033563988],[151.20975204136,-33.8825289728626],[151.209592491025,-33.8827773092034],[151.209437870279,-33.8830179710107],[151.20906380739,-33.883600186972],[151.209047271426,-33.883625908581],[151.209036862186,-33.8836417676514],[151.20901519632,-33.8836747656636],[151.209012825038,-33.8836742595759],[151.208905494074,-33.8836513574882],[151.208899867897,-33.8836501521122],[151.20889616517,-33.8836493597472],[151.208881565012,-33.8836425737618],[151.208881278055,-33.8836424397386],[151.208879513375,-33.8836417242473],[151.208817689237,-33.8836166207421],[151.208815027007,-33.8836324120943],[151.208792107801,-33.8837641514181],[151.208790646095,-33.8837713891781],[151.208779752227,-33.8838252712029],[151.208772303485,-33.8838621153316],[151.208741459279,-33.8840146832334],[151.208741162725,-33.8840161460535],[151.20874049935,-33.8840194331718],[151.208687233924,-33.8842828975368],[151.208680687794,-33.8843627741356],[151.208680676056,-33.8843629218504],[151.208686991094,-33.8843654673225],[151.208692611459,-33.884367728563],[151.208696150705,-33.8843691533828],[151.208852749,-33.8844321610135],[151.208881531703,-33.8844437412866],[151.209033015646,-33.8845054822241],[151.209040820492,-33.8845086535058],[151.210264583129,-33.8850060213316],[151.21023087624,-33.8850705795766],[151.210135467726,-33.8852530537626],[151.209891798971,-33.8856938493266],[151.20989620093,-33.885855239263],[151.209893639817,-33.8859546352116],[151.209887514196,-33.8862204407257],[151.209885643432,-33.8862296121968],[151.209873824174,-33.8862858307938],[151.209754688035,-33.8864908694047],[151.209659868947,-33.8866535954656],[151.209655618039,-33.8866517617587],[151.209655091895,-33.8866515349883],[151.209394413576,-33.886539321382],[151.20924443367,-33.8864747577131],[151.209226184548,-33.8864669051565],[151.209172208889,-33.8864436724961],[151.209168725363,-33.8864452675267],[151.209168182788,-33.8864455166344],[151.209164783395,-33.8864470696046],[151.208977042123,-33.8867606930954],[151.208972844416,-33.8867588493177],[151.20897236337,-33.886758637628],[151.208887074756,-33.8867214126032],[151.208776773215,-33.886672701716],[151.208765671572,-33.8866675112679],[151.208371993662,-33.8864844773927],[151.208340851253,-33.8864620850666],[151.208263700995,-33.8864068962928],[151.208224145602,-33.886385126399],[151.208138587671,-33.8863368244762],[151.20739466125,-33.8859203090235],[151.207376769691,-33.8859097985611],[151.207215948841,-33.8858196618406],[151.207005100504,-33.8857008517792],[151.206994693668,-33.8856956406293],[151.206957712584,-33.8856744732013],[151.206933005275,-33.8856604440621],[151.206932242006,-33.8856643672448],[151.206932097945,-33.8856648962728],[151.206931431569,-33.8856673411099],[151.206918174697,-33.8857284123743],[151.206904952846,-33.8857822296447],[151.206084413669,-33.8896461717163],[151.206078365811,-33.8896453622404],[151.206077822361,-33.8896452903018],[151.205920275397,-33.8896244477173],[151.204604946391,-33.8894504351446],[151.202835297258,-33.8892162947844],[151.201886406608,-33.8890907305118],[151.20183059667,-33.8890753202114],[151.20157940445,-33.8890059052262],[151.201317350248,-33.8889327367856],[151.201316020762,-33.8889325090693],[151.201110397941,-33.8888972744157],[151.201036265818,-33.8889877569817],[151.201002840474,-33.889029127505],[151.200832344477,-33.8892433223104],[151.200675888754,-33.88921804161],[151.200626404506,-33.8892095204804],[151.200579958217,-33.8892009661635],[151.200205982115,-33.8890666202312],[151.200158427749,-33.8890491584224],[151.200093044226,-33.8893755864179],[151.200051709322,-33.8893488517976],[151.199696981099,-33.8891362396612],[151.199663573748,-33.8891162151991],[151.199520198364,-33.8894545654348],[151.198912892409,-33.8890906089338],[151.198603387742,-33.8889051210062],[151.19849655568,-33.8888991544382],[151.198305571839,-33.8887644555777],[151.198284348158,-33.8887494855657],[151.1981202349,-33.8889066321283],[151.197816492867,-33.8891974796189],[151.197777051954,-33.8891796928562],[151.197423832324,-33.8890204089127],[151.197071375594,-33.8888614669817],[151.196879533448,-33.8887749548938],[151.196718555995,-33.8887023618458],[151.196401688563,-33.8885594651963],[151.19631305126,-33.8886312008199],[151.196167510644,-33.8886067668],[151.195410357867,-33.8885023056419],[151.195011652308,-33.8884472945155],[151.194769616434,-33.8890301889463],[151.194639174712,-33.8893458979322],[151.194376616797,-33.8899813585841],[151.194349033219,-33.8900481201293],[151.194169671554,-33.8904822110081],[151.193991362912,-33.8909161664155],[151.193811144763,-33.8913547473681],[151.192474703189,-33.8917860057327],[151.192623856861,-33.8921031279559],[151.192643839162,-33.8921456098424],[151.191767870444,-33.8924264933024],[151.191617307654,-33.8921048470428],[151.191440736727,-33.8917276315194],[151.191101657027,-33.8909999795375],[151.188546438794,-33.8918715526255],[151.18784430274,-33.8921110346215],[151.187392460441,-33.8922651463164],[151.187553064179,-33.8921114635034],[151.1877928893,-33.8918819739403],[151.187676281573,-33.8915574754672],[151.187671639332,-33.8915444059296],[151.187655334467,-33.8915489632464],[151.187387281999,-33.8916189195337],[151.187392124111,-33.8916332724877],[151.186746922274,-33.8918053760842],[151.186739528944,-33.8917783819867],[151.186705861721,-33.8917878450998],[151.182649863304,-33.8928786781518],[151.182339638775,-33.8921190289384],[151.182132251998,-33.8916111977107],[151.182085993568,-33.8916246505475],[151.181662869068,-33.8917476592269],[151.181576275658,-33.8917738295962],[151.181327501349,-33.8918445062632],[151.181201789239,-33.891553101094],[151.180170082397,-33.8918612343413],[151.180120046291,-33.8918761779899],[151.180103315382,-33.891837252676],[151.179820927506,-33.8911712282953],[151.179314605949,-33.891320918859],[151.179305842256,-33.8913235098437],[151.179305297084,-33.8913236722126],[151.179297445855,-33.8913260151821],[151.179270424623,-33.8912620741203],[151.179208203963,-33.8911148397899],[151.179163612417,-33.8910096821811],[151.179156425527,-33.8910115480269],[151.179086992939,-33.8910296879126],[151.17881993512,-33.8910993191307],[151.178725454386,-33.8911241832835],[151.17853959779,-33.8911727606833],[151.178425863118,-33.8912022272623],[151.178423792148,-33.8911974120316],[151.178419598894,-33.891188109944],[151.178419236488,-33.8911873047459],[151.178410015886,-33.891166076812],[151.178407269995,-33.8911595933097],[151.178387380771,-33.8911137913292],[151.178334266164,-33.8909914664089],[151.178263978717,-33.8908295952978],[151.178186756264,-33.8906480990218],[151.178165811206,-33.8905988746369],[151.178130220518,-33.8905152254214],[151.178129111497,-33.8905126156291],[151.178005662351,-33.8902219667391],[151.177972326823,-33.8901434826091],[151.177970824437,-33.8901399481291],[151.177866293373,-33.8898940128172],[151.177864926907,-33.8898907986589],[151.177856913957,-33.8898721810366],[151.177854054002,-33.8898652179156],[151.177813308765,-33.8897693541086],[151.177785866,-33.8897045128803],[151.177780704012,-33.8896923163002],[151.17764539145,-33.8893725927611],[151.177623755343,-33.8893214707315],[151.177620219043,-33.8893131125343],[151.177382619862,-33.888751352055],[151.177375567113,-33.8887350281951],[151.177357690532,-33.8886930665638],[151.177353231763,-33.8886825332513],[151.177151790961,-33.888206266103],[151.177148499862,-33.8881984823192],[151.177020829606,-33.8878964929034],[151.176988411127,-33.8878198093231],[151.176984973896,-33.8878116789097],[151.176911429343,-33.8876377116649],[151.17678522687,-33.8873403939796],[151.176774156577,-33.8873143115621],[151.176762635327,-33.8872871665374],[151.176730385171,-33.8872107739372],[151.176616672407,-33.8869203976569],[151.176611516886,-33.8869064896325],[151.176607001631,-33.8868949608442],[151.176566992137,-33.8867927971872],[151.176543792814,-33.8867094130183],[151.176541590152,-33.886701498349],[151.176540461019,-33.8866980090538],[151.176535924085,-33.8866831309],[151.176426686956,-33.8862939905976],[151.176424291413,-33.8862854364459],[151.176405461812,-33.8862185988465],[151.176377609143,-33.8861188117329],[151.176346012101,-33.8860060301868],[151.176340731577,-33.8859871796966],[151.176279553517,-33.8857688107063],[151.176274289124,-33.8857500163595],[151.176273834919,-33.8857483955297],[151.176211337818,-33.8855253161512],[151.176208778453,-33.8855161806559],[151.176208250892,-33.8855142981384],[151.176204654558,-33.8855014591948],[151.176191417597,-33.8854542115926],[151.176180230562,-33.8854142803569],[151.176178166688,-33.8854069087766],[151.176171616006,-33.8853835289955],[151.176155985881,-33.8853372189263],[151.176110933548,-33.8852053530598],[151.175887084245,-33.884539193015],[151.175866308067,-33.8844776413283],[151.175796742605,-33.8842715377179],[151.175682737136,-33.8839210808732],[151.175564746658,-33.8835583662317],[151.175573735622,-33.8835538455154],[151.175575550718,-33.883548980488],[151.17557586491,-33.8835481375108],[151.175581030407,-33.8835342930363],[151.175586861004,-33.8835186630583],[151.175554167726,-33.8834399344086],[151.175545301856,-33.8834089700774],[151.175540637519,-33.8833926769807],[151.175540610333,-33.8833925827976],[151.175534411314,-33.8833709305037],[151.175509993558,-33.8832702111721],[151.175465938215,-33.8831650863514],[151.175453690816,-33.8831409611803],[151.17543841471,-33.8831180707082],[151.175410211661,-33.8830866197564],[151.175367142515,-33.8830518168679],[151.175279375748,-33.8830024840716],[151.175363358539,-33.8829391972649],[151.175375593711,-33.8829299779147],[151.175407575534,-33.8829058757635],[151.175499807965,-33.8828363709575],[151.17554671442,-33.882806012663],[151.175596695724,-33.8827742309647],[151.175654689639,-33.8827459485183],[151.175668500092,-33.8827391123082],[151.17568791993,-33.8827294700129],[151.175687947258,-33.8827294559899],[151.175764739261,-33.8826913281108],[151.17576490427,-33.8826912457914],[151.175784481544,-33.8826789303645],[151.175791241567,-33.882674587627],[151.175792966933,-33.8826734787957],[151.175794652065,-33.8826724315882],[151.17580012486,-33.8826690328403],[151.175835821079,-33.8826456041697],[151.175848380874,-33.88263626604],[151.175872360763,-33.8826183583105],[151.17594614287,-33.882563254767],[151.17603699982,-33.8824953991855],[151.176058802361,-33.882485964342],[151.176071840236,-33.8824803222651],[151.176094955642,-33.8824699573274],[151.176118376412,-33.8824594174613],[151.176125281364,-33.8824562896841],[151.176125815203,-33.8824560478077],[151.176125021783,-33.8824495895566],[151.176122134722,-33.8824242594551],[151.176117281916,-33.882381668092],[151.176090443379,-33.8821658308826],[151.176048867921,-33.881859518991],[151.175992591565,-33.8814153386336],[151.175906817574,-33.8808801457502],[151.175869746034,-33.8806078679195],[151.175851506084,-33.8803906917298],[151.175849900402,-33.8801975983251],[151.175856207131,-33.8800356075099],[151.175873688534,-33.8798856994974],[151.175889848929,-33.8797977472825],[151.175909829541,-33.8796645610738],[151.175952970851,-33.8795174189873],[151.175989687899,-33.8794035495727],[151.176038389806,-33.8792636405421],[151.176068904315,-33.8791877622501],[151.176088987437,-33.8791378212168],[151.176092704252,-33.8791285802573],[151.17615859776,-33.8789865406135],[151.176226993646,-33.8788612236883],[151.176280292295,-33.8787738194136],[151.176350987633,-33.8786747562152],[151.17641586628,-33.8785803725386],[151.176489264619,-33.8784884991267],[151.176556747013,-33.8784060730515],[151.176621321037,-33.8783259862733],[151.176697373702,-33.8782436869666],[151.176767407917,-33.8781732672725],[151.176767458725,-33.8781732166255],[151.17681194136,-33.8781384944708],[151.176817949416,-33.87813380419],[151.176831861538,-33.878125960292],[151.176832472126,-33.8781256158481],[151.176813723974,-33.8780658292334],[151.176682453861,-33.877695760898],[151.17664236455,-33.8775828365124],[151.176604813061,-33.8774710633208],[151.17639148115,-33.8768360502639],[151.176350824277,-33.8767415524683],[151.176319660271,-33.8766691190906],[151.176311074979,-33.8766491673358],[151.176304595567,-33.8766426330231],[151.176294365899,-33.8766322856591],[151.176291383164,-33.8766291864224],[151.176267185875,-33.8766033388424],[151.176228127042,-33.8765620364176],[151.176133349515,-33.8765165852762],[151.175631867019,-33.8762777743917],[151.175561639027,-33.8762443295846],[151.175552274316,-33.8762343908325],[151.175542409673,-33.8762237124664],[151.175466000732,-33.8761417898314],[151.17522276801,-33.8758810031839],[151.175124161434,-33.8757820378725],[151.175121448595,-33.8757793150232],[151.175108989432,-33.8757668100487],[151.175006117509,-33.8756635640445],[151.175002766369,-33.8756154221316],[151.175001643021,-33.8755992815546],[151.174997430394,-33.8755387451464],[151.17499720666,-33.8755300608225],[151.174985436028,-33.8750731546043],[151.174983679339,-33.8750049645715],[151.17496482668,-33.8742731223589],[151.174964133898,-33.8742516877539],[151.174964073337,-33.8742438697086],[151.174961543909,-33.8741603360056],[151.174956481739,-33.8739969277918],[151.174951330783,-33.8739823930517],[151.174973761216,-33.8738571559082],[151.174975924792,-33.873837996314],[151.175009251138,-33.8735428639923],[151.175008518389,-33.8734222630857],[151.174998232006,-33.87323465693],[151.174996953257,-33.8731989048949],[151.17499579862,-33.8731663107741],[151.174994144432,-33.8731196061019],[151.174989365044,-33.8729846996172],[151.174983466341,-33.8728181806196],[151.174979019624,-33.8728024074073],[151.174970306872,-33.8727936523322],[151.174967835557,-33.8727911666077],[151.174935715954,-33.8727590596947],[151.174909463679,-33.8727328198216],[151.174881923635,-33.872714919057],[151.174877685098,-33.8727121663868],[151.174851777905,-33.872695411565],[151.174829210133,-33.872680735117],[151.174842263261,-33.8726746641363],[151.174846312946,-33.8726727808902],[151.174882136494,-33.8726569414845],[151.1749833011,-33.8726116688918],[151.175194581924,-33.8725171197769],[151.175195349217,-33.8725167758579],[151.175259348138,-33.8724481052448],[151.175265739877,-33.872459247986],[151.175275052296,-33.8724754828063],[151.175525405445,-33.8723745891816],[151.175570006929,-33.8724945106087],[151.175597643134,-33.872481840181],[151.175597934616,-33.8724817065318],[151.175613927483,-33.8724593593788],[151.175614089058,-33.8724591327305],[151.175746381584,-33.87239516667],[151.175746909144,-33.8723949120765],[151.175725229766,-33.8723570788328],[151.175693914448,-33.8723706822122],[151.175666049465,-33.8723234487402],[151.175665847042,-33.8723231057881],[151.176035573071,-33.8723072991545],[151.176131661362,-33.8723261387396],[151.176483307285,-33.8723950824108],[151.176700707807,-33.8724881283201],[151.176800574393,-33.8725308706276],[151.176849867613,-33.8725519685216],[151.176982177614,-33.8726085824795],[151.177006938804,-33.8725794593896],[151.177011984872,-33.8725735230817],[151.177015701204,-33.8725690125808],[151.17706948888,-33.8725994918306],[151.17716871445,-33.8726557188461],[151.177218640509,-33.8726843284059],[151.177271885166,-33.8727104071767],[151.17728752583,-33.8727048088532],[151.177534160512,-33.872631435713],[151.177534527143,-33.872631326616],[151.177537545496,-33.8726230347116],[151.177541115972,-33.8726163326204],[151.17754336436,-33.8726109004551],[151.177551953322,-33.8725965068457],[151.17755211585,-33.872596235122],[151.177580181014,-33.8725868682407],[151.17800098267,-33.8723754129966],[151.178510670528,-33.8721192891071],[151.178751450829,-33.871998292758],[151.178835310118,-33.8719561525527],[151.179507567199,-33.8716183260292],[151.179529396104,-33.8716073976116],[151.17953783353,-33.8716031732086],[151.179735401186,-33.8715039138481],[151.180196718824,-33.8712721417957],[151.18041398372,-33.8712109622652],[151.180440144148,-33.8712035954934],[151.180476668212,-33.8711933834971],[151.180490825608,-33.8712383421979],[151.18050560331,-33.8712347731458],[151.180684177922,-33.8712851500646],[151.180770382843,-33.8713094687248],[151.18086312871,-33.8713355890917],[151.180977885781,-33.8713679082963],[151.181129409546,-33.8714105811059],[151.181200725825,-33.8714306660273],[151.181699556096,-33.8715711490709],[151.181703540757,-33.8715722710282],[151.181744632959,-33.8715991261694],[151.181833450569,-33.8716571724693],[151.181991813721,-33.8718809599556],[151.181998180096,-33.871889923391],[151.182001567415,-33.8718924513505],[151.182066404135,-33.8719408485031],[151.182093680371,-33.8719612082407],[151.182219366623,-33.8720547685709],[151.182315907142,-33.8720889936627],[151.182404810355,-33.872120509903],[151.182520339437,-33.8721614660083],[151.182520182255,-33.8721619452173],[151.18251621832,-33.8721739673184],[151.182511094418,-33.87218950802],[151.182466439447,-33.8723167417804],[151.182462654174,-33.8723275257241],[151.18250624892,-33.8723564004592],[151.182566189747,-33.8723961018141],[151.182568621459,-33.8723977121203],[151.182599960274,-33.872418643867],[151.182674380963,-33.8724420136912],[151.18268187826,-33.8724441423729],[151.182690378953,-33.8724466699954],[151.182714259866,-33.872451531849],[151.182720706777,-33.8724494609721],[151.182731928173,-33.8724461376725],[151.182756421543,-33.8724388864938],[151.182761531279,-33.8724373730028],[151.182761611767,-33.8724373498431],[151.182797216835,-33.8724048714304],[151.182797027867,-33.8723995069114],[151.182796155483,-33.8723743148248],[151.182821984955,-33.872353296674],[151.182818519638,-33.8723428701681],[151.182816836685,-33.8723378109437],[151.182806487318,-33.8723066799974],[151.182781395301,-33.8722312086715],[151.18277835984,-33.8722220761862],[151.182771984939,-33.8722029031907],[151.182775488637,-33.8722009629326],[151.182777871125,-33.8721996427631],[151.182834955056,-33.8721714560113],[151.182857888456,-33.872160275474],[151.18285792124,-33.8721602588246],[151.182903289929,-33.8721381401713],[151.182903810964,-33.8721378863522],[151.182980976167,-33.8722891682775],[151.183076015337,-33.8722415514728],[151.183076543105,-33.8722412860297],[151.182985842988,-33.8720967966162],[151.182989647873,-33.8720947228281],[151.18299240499,-33.8720932215198],[151.182992923394,-33.8720929388059],[151.182987782712,-33.8720850503337],[151.182954184058,-33.8720334911999],[151.182876682475,-33.8719145622505],[151.182876603983,-33.8719144402599],[151.18313740509,-33.8717939992135],[151.183206090798,-33.8718974873961],[151.183205549309,-33.8718977373079],[151.183097232805,-33.8719477247613],[151.183097217402,-33.8719478904539],[151.183095246441,-33.8719691189518],[151.183094801007,-33.8719693251928],[151.183067497936,-33.8719819436281],[151.183064381891,-33.8719805901536],[151.182985557142,-33.8720166964533],[151.182985637776,-33.8720168193772],[151.18299687921,-33.8720341208917],[151.183019676249,-33.8720692028653],[151.18302479134,-33.8720770747276],[151.183107825875,-33.8720357571255],[151.183128904685,-33.8720252651653],[151.183229548259,-33.8719751672428],[151.183360904263,-33.872103642364],[151.183361014382,-33.8721037512946],[151.183420322274,-33.8720224360118],[151.183366608853,-33.871980350722],[151.183309968811,-33.8719359336437],[151.183325522524,-33.8719231914974],[151.183347244987,-33.8719054328678],[151.183347702619,-33.8719050590824],[151.183390977053,-33.8719373716191],[151.183391013242,-33.8719373983031],[151.183435487983,-33.871895726511],[151.183449215118,-33.8718828636352],[151.183456988787,-33.871875519982],[151.183461756486,-33.8718710148622],[151.183462181188,-33.8718706135388],[151.183437467125,-33.8718509988399],[151.183515246503,-33.8717686059584],[151.183537878943,-33.8717446315053],[151.183636891362,-33.8716507776072],[151.183644666629,-33.8716434078144],[151.183639184504,-33.8716396424902],[151.183633826976,-33.8716359150723],[151.183661865458,-33.8716079669848],[151.183665714112,-33.8716041318244],[151.183699236486,-33.8715721093679],[151.18370098682,-33.8715703677661],[151.183733585938,-33.8715379385307],[151.183734006678,-33.8715375200148],[151.183738615269,-33.8715320530888],[151.183759460869,-33.8715112822749],[151.183750948008,-33.8715046886114],[151.18374819761,-33.8715025578362],[151.183834690706,-33.8714304638981],[151.183835144087,-33.8714300864413],[151.183892250939,-33.871475071944],[151.183934510875,-33.8714422963206],[151.183969548184,-33.8714150942654],[151.183970017488,-33.8714147305689],[151.183922601434,-33.8713756933404],[151.183929975379,-33.8713700173885],[151.183983748713,-33.871328695262],[151.183984136002,-33.8713284268424],[151.183985137682,-33.8713277328413],[151.184011490153,-33.8713094516965],[151.184028569842,-33.8712976381957],[151.184038284691,-33.871290918263],[151.184038496415,-33.871290772597],[151.184098885761,-33.8712364772438],[151.184207434865,-33.8711387948722],[151.184228101275,-33.8711201963251],[151.184300696547,-33.8710548613349],[151.184358735004,-33.8710026268391],[151.184358852928,-33.8710025203684],[151.184393934349,-33.870975415321],[151.184426756189,-33.870950056094],[151.184453390085,-33.8709472140481],[151.184558307676,-33.8709363413657],[151.184558731294,-33.8709362971106],[151.184559224878,-33.8709320301451],[151.184559731178,-33.8709285920643],[151.184559777883,-33.8709282753407],[151.184636405725,-33.8709182400432],[151.184773573059,-33.870934492336],[151.184808815726,-33.8709386672332],[151.184877341063,-33.871030088704],[151.184916708559,-33.8710830921454],[151.184941649257,-33.8712170466826],[151.184946096725,-33.8712409352248],[151.184945743266,-33.8712656448568],[151.184945192933,-33.8713040435803],[151.184958433626,-33.8713220028883],[151.184988873505,-33.8713598734671],[151.185008237893,-33.8713796362869],[151.185049481404,-33.8714280350959],[151.185371114933,-33.8721315288478],[151.185473093686,-33.8722983185593],[151.185494626385,-33.8723267392681],[151.185772186509,-33.8726930848733],[151.185829427443,-33.8727416297356],[151.186100450362,-33.8729815150939],[151.186114386769,-33.8729938495638],[151.186825328508,-33.8731739751439],[151.186830774254,-33.8731752807539],[151.186845721828,-33.8731788642274],[151.186866201208,-33.8731837735106],[151.186949637611,-33.8732052003694],[151.186974809479,-33.8732117116468],[151.187066588108,-33.8732354533197],[151.187092312642,-33.8732421070652],[151.18734724547,-33.8733075371346],[151.187350936438,-33.8733084453871],[151.187543755354,-33.8733558876256],[151.187653027362,-33.8733866095843],[151.187690948046,-33.8733972705007],[151.187696354683,-33.8733987910131],[151.188011103381,-33.8734872796905],[151.188015006958,-33.8735094287941],[151.18794780894,-33.8735906672533],[151.187952634398,-33.8735939069372],[151.18796626865,-33.8736030626394],[151.187966362439,-33.8736031262389],[151.188035614483,-33.873521017143],[151.188032099699,-33.8734970450327],[151.188032015615,-33.8734964711921],[151.188044289834,-33.8735010269531],[151.188044408899,-33.873501071086],[151.188089037674,-33.8734468819277],[151.188089392727,-33.8734464507081],[151.188097299979,-33.8734509828155],[151.188097411078,-33.8734510457677],[151.188141375048,-33.8733963914336],[151.188132162238,-33.873391075454],[151.18815028731,-33.8733692827889],[151.188150645605,-33.8733688516168],[151.18824261215,-33.8734216266555],[151.188245351822,-33.8734231989989],[151.18825921255,-33.8734311532769],[151.1882401585,-33.873453372345],[151.188240062378,-33.8734533168271],[151.18823238005,-33.8734488836207],[151.188232040999,-33.8734493249952],[151.188184036174,-33.8735118507247],[151.18818367896,-33.8735122819127],[151.188023350997,-33.8737055813356],[151.188002566527,-33.8737306415393],[151.188000187472,-33.8737334885039],[151.188006211683,-33.87373699109],[151.188001821787,-33.8737422449762],[151.188005908533,-33.8737440697864],[151.188009703021,-33.8737452473585],[151.188013295959,-33.8737466519093],[151.188016617635,-33.8737480524704],[151.188019825484,-33.8737497236821],[151.188023739521,-33.8737520987172],[151.188027085934,-33.8737546304217],[151.188029678299,-33.8737566767213],[151.188032161802,-33.8737593724749],[151.188034740251,-33.873762486228],[151.188037632439,-33.8737651798767],[151.18804186194,-33.8737675135623],[151.188046013144,-33.8737701247334],[151.18804893647,-33.8737738513303],[151.188049910429,-33.8737763607652],[151.188049261528,-33.8737805668484],[151.188047591167,-33.8737841014427],[151.188045688064,-33.8737869860674],[151.188043734444,-33.8737897545266],[151.188043127571,-33.873792944067],[151.188045260161,-33.8737968979947],[151.188048066931,-33.8737996435894],[151.188051005554,-33.8738012657537],[151.188054071325,-33.8738019871479],[151.188057888914,-33.8738022254469],[151.188061414548,-33.8738023647692],[151.18806519884,-33.873802286068],[151.188070262115,-33.8738031748063],[151.188074331764,-33.8738049903454],[151.18807828886,-33.8738082948027],[151.188081055606,-33.8738128315622],[151.188082399898,-33.8738171021282],[151.188083373335,-33.8738265405131],[151.188083907469,-33.8738327243752],[151.188102754305,-33.8738188821423],[151.188108944328,-33.8738143364417],[151.188195264093,-33.8739039754001],[151.188205838881,-33.873915132127],[151.188234082076,-33.8739496331938],[151.188320086647,-33.8740644268362],[151.188328664404,-33.874062659326],[151.188337219083,-33.8740824430241],[151.18851904332,-33.8747209784395],[151.18856084029,-33.8748677621036],[151.188584171725,-33.8749487530337],[151.188605699769,-33.8749386977772],[151.188605828671,-33.8749387880428],[151.188606819336,-33.8749394852249],[151.188608637695,-33.8749407644756],[151.188661186023,-33.8750046326392],[151.188663216034,-33.8750070998852],[151.188720960896,-33.8750772736372],[151.189233867243,-33.8757005701758],[151.189365404334,-33.8758604168311],[151.189552678766,-33.8757866629525],[151.189553277258,-33.8757864273768],[151.189534801188,-33.8757689903601],[151.189513267128,-33.8757486688254],[151.189513222632,-33.8757486257898],[151.189503101085,-33.8757538153323],[151.189456299323,-33.8757038393899],[151.189419081591,-33.8756639883348],[151.189419037171,-33.8756639416933],[151.189427299777,-33.8756586247439],[151.189427806129,-33.8756582985425],[151.189379396167,-33.875608817436],[151.18937936443,-33.8756087845069],[151.189638768779,-33.8754303274729],[151.189639220748,-33.8754300167027],[151.189649487589,-33.8753580609575],[151.189677390172,-33.8751624880353],[151.189605628088,-33.8750902772997],[151.189423446458,-33.8749074569369],[151.189331241718,-33.8748149288122],[151.18931184889,-33.8747759592021],[151.189329053164,-33.8747480642955],[151.189329109144,-33.874747973141],[151.189562553168,-33.8745863118643],[151.189606083549,-33.8745772515589],[151.189606445786,-33.8745774525594],[151.189612406493,-33.8745807431287],[151.189641573017,-33.8745968502616],[151.189736261578,-33.8746922731677],[151.189752618317,-33.8746817224098],[151.189752651134,-33.8746817553546],[151.189795796684,-33.8747248053115],[151.189877894074,-33.874806724421],[151.18987739408,-33.87480705703],[151.189861000347,-33.8748179769734],[151.189861038454,-33.8748180154064],[151.190131749489,-33.8750908199503],[151.190256164838,-33.8750062511989],[151.19037345284,-33.8749259636794],[151.190547010917,-33.8748069414487],[151.190547503457,-33.874806603317],[151.190532250362,-33.8747907395274],[151.190426887871,-33.874681160037],[151.190034708751,-33.8742732802087],[151.190034671725,-33.8742732417917],[151.190081187079,-33.8742421497025],[151.190183495527,-33.8741737634418],[151.190183532572,-33.8741738009573],[151.190290246044,-33.8742841732828],[151.190290311622,-33.8742842418765],[151.190487662508,-33.8744883574252],[151.190596892418,-33.8746018017082],[151.191067332818,-33.8742854016947],[151.191182752133,-33.8742076721129],[151.191243125972,-33.8741670154137],[151.191357287115,-33.8740901328582],[151.191415813,-33.8740507176879],[151.191546595217,-33.873965480871],[151.191551369967,-33.8739623696257],[151.191784727896,-33.873810281912],[151.191889362297,-33.87374208704],[151.191889929659,-33.8737417887756],[151.191892880232,-33.8737402341979],[151.191893193975,-33.8737400692756],[151.192030765527,-33.8738926922303],[151.192040465779,-33.8738889562048],[151.19212164469,-33.8739815838549],[151.192138523521,-33.8740067925866],[151.19214665399,-33.8740173612506],[151.192323335079,-33.8738800480883],[151.192329498684,-33.8738752583143],[151.192329536056,-33.8738752291052],[151.192310448233,-33.8738655691376],[151.192099340243,-33.8736613898201],[151.192074126486,-33.8736706774376],[151.192056643163,-33.8736398942921],[151.191907008535,-33.8733764121533],[151.191815012762,-33.8734135220398],[151.191812145193,-33.8734146783637],[151.191689088958,-33.873464318219],[151.19158917504,-33.8734917063842],[151.191412017853,-33.8735621105808],[151.191306615631,-33.8735865071285],[151.191276440889,-33.8735986614176],[151.19119077524,-33.8734506799287],[151.191190687598,-33.873450529855],[151.191220861198,-33.873438376471],[151.19130786311,-33.8733844971175],[151.19148496987,-33.873314112162],[151.191574138671,-33.8732664999495],[151.191645615525,-33.8732386871701],[151.191699788566,-33.8732176079421],[151.191702675978,-33.8732164843746],[151.191795161399,-33.8731804972061],[151.191795710778,-33.8731802825399],[151.191656966081,-33.8729359117933],[151.191507796235,-33.8729951513313],[151.191507883801,-33.8729953050106],[151.191509329786,-33.8729978375805],[151.191508781431,-33.8729980549657],[151.191083462463,-33.8731669131835],[151.191082453646,-33.8731673835067],[151.191079833705,-33.8731683829399],[151.191077092703,-33.8731691254034],[151.191074565668,-33.8731695644171],[151.191071998907,-33.8731697855284],[151.191069846304,-33.8731697963034],[151.191069686415,-33.8731697912506],[151.191068922995,-33.8731697493821],[151.191065822213,-33.8731693548801],[151.191064911008,-33.873169195419],[151.191064540668,-33.8731691223509],[151.191060763896,-33.8731680776884],[151.19105723523,-33.8731665461227],[151.19105404251,-33.873164565915],[151.191051267924,-33.8731621869658],[151.191048982606,-33.8731594707363],[151.191026017985,-33.8731197113116],[151.190954726194,-33.8731480224037],[151.190930401169,-33.873105878626],[151.191084156837,-33.8730441561128],[151.191112441043,-33.873032802807],[151.19153829682,-33.8728647007962],[151.191544009077,-33.8728624464376],[151.191584399382,-33.8728465023304],[151.191584910649,-33.8728463006317],[151.191582480648,-33.8728381438989],[151.191574703936,-33.8728120452288],[151.191577350055,-33.8727776755062],[151.191598593425,-33.8727516583508],[151.191598645588,-33.8727515941912],[151.191618601452,-33.8727365927161],[151.191589123827,-33.8726919432426],[151.191448004917,-33.8724781848286],[151.191393726595,-33.8723974443294],[151.191355179983,-33.8723401049478],[151.191354997627,-33.8723398326507],[151.191299007574,-33.8723484744258],[151.191170987825,-33.8723163289251],[151.191095711805,-33.8722290787481],[151.191091358975,-33.8722240336297],[151.191059235698,-33.8721877205424],[151.191040277903,-33.8721662882854],[151.191040219815,-33.872166223409],[151.190968935442,-33.8722082573033],[151.190725917648,-33.8723571980041],[151.190725871946,-33.8723573145591],[151.190676128664,-33.8724855714996],[151.190675711358,-33.8724858286788],[151.190545634698,-33.8725661343482],[151.190545277964,-33.8725664411105],[151.190454707069,-33.8726443268154],[151.190436061078,-33.8726603608929],[151.190435948186,-33.8726604340791],[151.190342526967,-33.8727200618017],[151.190276739374,-33.8727615105352],[151.190154908085,-33.8726217547862],[151.19015009931,-33.8726162385419],[151.190034953366,-33.8724904198765],[151.189996394649,-33.8724482868336],[151.189996331234,-33.8724482182715],[151.190091486724,-33.8723932331898],[151.190162429752,-33.872352238113],[151.190307340814,-33.8722910674325],[151.190973643982,-33.8718797687496],[151.19097416644,-33.8718794463846],[151.190916349204,-33.8718331993481],[151.190880409336,-33.8718044516728],[151.19087786536,-33.8718024169639],[151.19066095522,-33.8716289138041],[151.190660877604,-33.8716288522477],[151.190667682109,-33.8716249367342],[151.190670307411,-33.8716234251997],[151.190699211871,-33.8716066859824],[151.190699256731,-33.8716066604908],[151.190648612856,-33.8715708435922],[151.190436027704,-33.8714231590404],[151.190300471913,-33.871328988562],[151.190237150745,-33.871284997677],[151.190230523931,-33.8712803943422],[151.190151514695,-33.8712306299733],[151.190122339794,-33.8712122540734],[151.190096302473,-33.8711958548832],[151.190083476909,-33.8711877771523],[151.190040596369,-33.8711607677255],[151.189997122993,-33.8711381320267],[151.189996816172,-33.8711385837991],[151.189968742286,-33.8711799344984],[151.189946062904,-33.8712133398693],[151.18976589924,-33.87147870409],[151.189454435909,-33.8719374587831],[151.18945259161,-33.8719401738675],[151.189452433189,-33.8719400994002],[151.189371355891,-33.8719018977975],[151.189583169408,-33.8715865533172],[151.189583467397,-33.8715861104335],[151.189602859933,-33.8715946634461],[151.189610776123,-33.8715981540787],[151.189624191455,-33.871602978935],[151.189624362049,-33.8716030400548],[151.189708888188,-33.8714775102102],[151.189832773035,-33.8712935271468],[151.189835616659,-33.8712893046032],[151.189864510569,-33.8712463942536],[151.189930453092,-33.8711484621506],[151.189924189138,-33.8711454133187],[151.18989780337,-33.8711325663287],[151.189865930514,-33.8711170480184],[151.189819257098,-33.8710943228598],[151.189847005235,-33.8710517112862],[151.189832013395,-33.8710446549329],[151.189816522655,-33.8710382900955],[151.189816215115,-33.8710387247238],[151.189814272939,-33.8710414690355],[151.189786114175,-33.8710812566336],[151.189785963149,-33.8710811903911],[151.189775076893,-33.871076393696],[151.189415925679,-33.8709181306799],[151.189435199583,-33.8708817744667],[151.189387922329,-33.8708630827705],[151.189387641652,-33.8708635250064],[151.189385268771,-33.8708672630101],[151.189385083049,-33.8708672016677],[151.189357705217,-33.8708582887],[151.189341554138,-33.8708529429834],[151.189321346219,-33.8708462553695],[151.189293517111,-33.8708352166688],[151.189250175904,-33.870820619854],[151.189232762952,-33.8708140616747],[151.189219002907,-33.8708088791314],[151.189218904207,-33.8708088434147],[151.189203025893,-33.8708031238605],[151.189196667088,-33.870797914835],[151.189145374621,-33.8707805725487],[151.189020508212,-33.8707266247782],[151.188972517126,-33.870703916006],[151.188944590736,-33.8706900668809],[151.188922136447,-33.8706789312672],[151.188886837017,-33.8706591701534],[151.188837902842,-33.8706317782618],[151.188798914303,-33.8706099529149],[151.188763181143,-33.8705899500364],[151.18874952509,-33.8705823045178],[151.18870277657,-33.8705527246244],[151.188668259748,-33.8705289288525],[151.188668622019,-33.8705280017805],[151.188669069932,-33.8705268586485],[151.188669285876,-33.8705263081556],[151.188608560055,-33.8704818306997],[151.188538200173,-33.8704302979326],[151.188475625483,-33.8703787317113],[151.188419557099,-33.8703325047399],[151.188413565321,-33.8703263010433],[151.188403953175,-33.8703162117217],[151.188291077978,-33.8701977361729],[151.188076541721,-33.8699725541768],[151.188069726861,-33.8699654014525],[151.187962480838,-33.8698528336328],[151.187821080157,-33.8698154634347],[151.187623373279,-33.8697627955044],[151.187420266753,-33.8697123896369],[151.187284486241,-33.8696773423345],[151.187281106013,-33.8696764693134],[151.187213278192,-33.8696589857492],[151.187124896863,-33.8696362022818],[151.186946114278,-33.8695880129353],[151.186921803424,-33.8695817307558],[151.186768351222,-33.8695420755508],[151.186594644387,-33.8694972580595],[151.186445605661,-33.8694580389336],[151.186263112617,-33.869410980678],[151.186095149821,-33.8693672813442],[151.18617783861,-33.8690903709538],[151.186177974755,-33.8690899139731],[151.186361483175,-33.8691380982329],[151.186521672073,-33.8691795546707],[151.186639956353,-33.8692109313026],[151.186872462841,-33.8692691833874],[151.186928103118,-33.8692838529031],[151.18697473054,-33.8692961462394],[151.187305419569,-33.8691289368288],[151.187305746271,-33.8691287721086],[151.187330519682,-33.8690907793247],[151.187326311815,-33.8689613557572],[151.187325269398,-33.8689293151632],[151.187305881127,-33.8688910486674],[151.187274049973,-33.8688190688376],[151.187256133976,-33.868778557024],[151.187232569313,-33.868723855294],[151.187190578302,-33.8685852479608],[151.18719556915,-33.8685807026872],[151.187198373181,-33.8685781496415],[151.187200575393,-33.8685761450156],[151.187227449601,-33.8685516740737],[151.187242182985,-33.8685237349526],[151.187252599555,-33.8685036369595],[151.187258894027,-33.8684903513712],[151.187260461145,-33.8684870434046],[151.187241812981,-33.8684823892864],[151.187079924671,-33.8683447716999],[151.187079882188,-33.868344735907],[151.187094360406,-33.8683311135645],[151.187118159494,-33.8683101024558],[151.187478715453,-33.8679917901862],[151.187474505709,-33.8679884847006],[151.187526145876,-33.8679422421294],[151.187540125809,-33.8679283040063],[151.187603200969,-33.8678654230029],[151.18763610796,-33.8678350639789],[151.187738015038,-33.8677489707373],[151.187893417798,-33.8676025154785],[151.187929984425,-33.8675676726442],[151.187963440172,-33.8675437140273],[151.187962978506,-33.8675430020775],[151.18806128971,-33.8674563903699],[151.188104652821,-33.8674150277635],[151.188117802861,-33.8674048520467],[151.188118113829,-33.8674053291311],[151.18839798117,-33.8671631551336],[151.18850743367,-33.8670200839432],[151.188614540223,-33.8668924583173],[151.188712045153,-33.8667935948931],[151.188728656121,-33.8664368052586],[151.189158182685,-33.8659608612714],[151.189204382959,-33.8660322114117],[151.189360609593,-33.8659172649398],[151.189374618731,-33.8659382063135],[151.189391191787,-33.8659307949902],[151.189378278381,-33.865910740801],[151.189423624141,-33.8658478020487],[151.189991644493,-33.8654235136965],[151.190622217292,-33.8656029967747],[151.191054923161,-33.8656244689205],[151.191055144412,-33.8656240754032],[151.191055384991,-33.8656240978719],[151.191349918538,-33.8655249001726],[151.191356794462,-33.8655228008595],[151.191351777957,-33.8655106457073],[151.191351697776,-33.8655104497544],[151.191358437177,-33.8655081094759],[151.191358848808,-33.8655079658295],[151.191355058372,-33.8655018450851],[151.191354979968,-33.8655017185923],[151.191394631867,-33.8654837689799],[151.191411220773,-33.8654762602242],[151.191411738102,-33.8654760252498],[151.191409687823,-33.8654711428907],[151.191407950366,-33.8654670090591],[151.191351774518,-33.8654834437641],[151.191258201372,-33.8655108185301],[151.191153523062,-33.8655414423763],[151.191149660749,-33.8655425723644],[151.191146235678,-33.8655435744122],[151.191125141853,-33.8654925427574],[151.191125053389,-33.8654923295498],[151.191166480395,-33.8654804197767],[151.191247701942,-33.8654570703771],[151.191248252254,-33.8654569116337],[151.191241050983,-33.8654396917933],[151.19124096248,-33.8654394803886],[151.191352403672,-33.8654070864309],[151.191403769949,-33.8653921546629],[151.191404310496,-33.865391997579],[151.191378273513,-33.8653224582294],[151.191377167371,-33.8653195014178],[151.191354107387,-33.8653263173264],[151.191350207869,-33.8653274693184],[151.191293456396,-33.8653442418171],[151.191289601467,-33.8653453809357],[151.191286083717,-33.8653464213037],[151.191277430295,-33.8653260447976],[151.191309914069,-33.8653162039355],[151.191354606322,-33.8653026638905],[151.191471151524,-33.8652679650504],[151.191471697607,-33.8652678017352],[151.191450432544,-33.8652162211639],[151.19144665851,-33.8652070681107],[151.191356062796,-33.8652336155809],[151.191258625539,-33.8652621681138],[151.191254763201,-33.8652632999086],[151.191251183669,-33.8652643483861],[151.191246100406,-33.8652524384247],[151.191246009723,-33.8652522278898],[151.191307360567,-33.8652344318226],[151.191307907635,-33.8652342730314],[151.191296449753,-33.8652060787513],[151.191296368624,-33.8652058764723],[151.191320820353,-33.8651982640272],[151.191321366569,-33.8651980944025],[151.19130600551,-33.8651615919046],[151.191302375031,-33.8651529621603],[151.191120089046,-33.864719772865],[151.191009671879,-33.8644573721403],[151.190905947018,-33.8642108743794],[151.19087607797,-33.8641398899811],[151.190871130983,-33.8641281353011],[151.190783035107,-33.8639187769454],[151.190783587493,-33.8639128840683],[151.190785989829,-33.8639042536192],[151.190788604846,-33.863898760742],[151.190791074405,-33.8638948338552],[151.190793956967,-33.8638911078085],[151.19079950622,-33.8638855362804],[151.190799615558,-33.8638854260701],[151.190806227489,-33.8638805148897],[151.190812104993,-33.8638772142541],[151.190819156669,-33.8638742590922],[151.191569758649,-33.8635185789565],[151.192386494485,-33.8631315531617],[151.194001793137,-33.8623660871121],[151.194012948321,-33.8623593577045],[151.194020933459,-33.8623554376469],[151.19403213968,-33.8623510066216],[151.1940438291,-33.8623475493438],[151.194051542412,-33.8623458607162],[151.194058455128,-33.8623447194336],[151.194066399187,-33.8623438277191],[151.194078337886,-33.8623433155709],[151.194085211378,-33.8623466544632],[151.194101486705,-33.8623545605026],[151.194323175462,-33.862462243656],[151.194328196157,-33.86246599904],[151.194332946377,-33.8624707414737],[151.194337461157,-33.8624778358047],[151.194340256742,-33.862487214301],[151.194340309949,-33.8624945949298],[151.194338913307,-33.8625008109044],[151.19433639541,-33.8625064784205],[151.193507962442,-33.863696902544],[151.193460665696,-33.8637849701526],[151.193412995341,-33.863903284762],[151.19339598678,-33.864013849395],[151.193483118226,-33.864163036732],[151.193486792808,-33.8641607569022],[151.193580560298,-33.8641050180899],[151.193580887596,-33.8641048236036],[151.193850756889,-33.8637483152225],[151.194166599152,-33.8633338532854],[151.194797381047,-33.8625065402563],[151.195015799579,-33.8622200646607],[151.195016095249,-33.8622196776362],[151.196221648436,-33.8623338737931],[151.196571198407,-33.8623669822033],[151.196235871021,-33.8628043888511],[151.196211070843,-33.8628367382733],[151.195172662577,-33.8641912186301],[151.195150140049,-33.8642205965791],[151.194324609669,-33.8650420471619],[151.194664454241,-33.8652912933418],[151.194689303228,-33.8653095182117],[151.194695872134,-33.8653047459607],[151.194696179491,-33.8653045232254],[151.194791063101,-33.8652132523373],[151.194791481235,-33.8652128508766],[151.194794150511,-33.8652147827385],[151.19479419419,-33.8652148131359],[151.195492083239,-33.8645434938766],[151.195662620048,-33.8643794478654],[151.195733419551,-33.8643113328066],[151.19572928442,-33.8643080187726],[151.195840010963,-33.8642009920465],[151.196189478735,-33.8638631998641],[151.196627743415,-33.8634395701056],[151.196628161549,-33.8634391677365],[151.196632379995,-33.8634422205533],[151.196641355899,-33.8634462880242],[151.196876154322,-33.863552712147],[151.197003343547,-33.8636143398762],[151.197350850689,-33.8637818055139],[151.197350972684,-33.8637818641084],[151.197362457709,-33.8637673084996],[151.197362753109,-33.8637669340899],[151.197392272108,-33.863767512031],[151.197392583303,-33.8637675174854],[151.197505449587,-33.8634830767065],[151.19750562991,-33.8634826230632],[151.197515881868,-33.8634856378692],[151.197598996481,-33.863510083463],[151.197627379242,-33.8635184312638],[151.197628600157,-33.8635208739062],[151.19764654106,-33.8635567379996],[151.197574240967,-33.8637418043638],[151.197518573347,-33.8638778446359],[151.197376300542,-33.8642234774942],[151.197171292447,-33.8647215117152],[151.196664392229,-33.8659529130562],[151.196661622944,-33.8659596391897],[151.196401345612,-33.8665919103362],[151.196357144175,-33.8666992819346],[151.196177299914,-33.8671361575993],[151.196160429549,-33.8671771372993],[151.196160153397,-33.8671770584118],[151.196155427728,-33.8671757051468],[151.196144077795,-33.8671724523189],[151.196143893191,-33.8671729031918],[151.196118555067,-33.8672344547653],[151.196104661346,-33.8672682054971],[151.196110285862,-33.8672728722953],[151.196117618773,-33.8672789563934],[151.196177139844,-33.8673283748363],[151.196113481198,-33.8674798253038],[151.196121687949,-33.8674821402948],[151.196334229946,-33.8675420850195],[151.196376705922,-33.8675540651503],[151.196503970785,-33.8675898984672],[151.19650425018,-33.8675899774014],[151.196506388297,-33.8675846875259],[151.196506570702,-33.8675842384238],[151.196654943082,-33.8676259244534],[151.196655233246,-33.8676260053483],[151.196836044434,-33.8671458685943],[151.196859839201,-33.8670826846682],[151.19700067252,-33.8667087007098],[151.197041126593,-33.8666012740303],[151.197279343631,-33.8659686786826],[151.197281877292,-33.865961949087],[151.197303248821,-33.8659051968858],[151.197303420563,-33.8659047404123],[151.197509649352,-33.8659652814312],[151.197533911029,-33.8659724030251],[151.197582771703,-33.8659867467179],[151.197583060688,-33.8659868321021],[151.197588195433,-33.8659731971425],[151.19759073015,-33.8659664675555],[151.197642952354,-33.8658277871138],[151.197835938337,-33.8653152990745],[151.19783601394,-33.8653150963868],[151.197888099393,-33.8652922776642],[151.198178550291,-33.8653670443524],[151.19829284521,-33.8653964659044],[151.198672323386,-33.8654944374366],[151.198955723129,-33.8655706637486],[151.198957160982,-33.8655734341763],[151.198979732707,-33.8656169602403],[151.198858871908,-33.8659917788193],[151.198654725911,-33.8666248755563],[151.198620057413,-33.8667323873894],[151.198503079724,-33.8670951500854],[151.198478996965,-33.867169833653],[151.198317168205,-33.8676716831495],[151.198192864534,-33.8680571586875],[151.198190410819,-33.8680647650597],[151.198129206145,-33.8682545647669],[151.198091272918,-33.86847064246],[151.19808135085,-33.8684889343456],[151.198081596273,-33.8684984990948],[151.198081125692,-33.8684985156578],[151.198061821824,-33.8684992099202],[151.198061840333,-33.8684995636733],[151.198065330059,-33.8685697557334],[151.198071925226,-33.8685704752923],[151.19807537374,-33.868570725914],[151.198098165299,-33.8685723793917],[151.198105910727,-33.8685729408337],[151.198179688528,-33.8685783499682],[151.198191551595,-33.8685780825059],[151.198265830177,-33.8685765861658],[151.198549283954,-33.8685701887125],[151.199079582017,-33.8685582363926],[151.199079955859,-33.8685697724216],[151.199210037523,-33.8685668395263],[151.199219281999,-33.8685591808937],[151.19921937992,-33.8685590993647],[151.199219679144,-33.8685588521524],[151.199220262215,-33.8685583692255],[151.199652407653,-33.868200446091],[151.199652584781,-33.8682002989902],[151.199656464461,-33.8682002474723],[151.199659916903,-33.8682002591454],[151.199857913098,-33.8681975496362],[151.200268915714,-33.8685438648665],[151.200243885745,-33.8687949795865],[151.200226763332,-33.8689676600152],[151.200188350257,-33.8693539395913],[151.20012129996,-33.8700281857287],[151.200121122788,-33.8700282832337],[151.200096937293,-33.8700417193346],[151.200096758057,-33.8700418636999],[151.200066516239,-33.8700664434052],[151.200039169888,-33.870100883562],[151.200037936596,-33.8701033994368],[151.200030180712,-33.8701154794704],[151.200024922339,-33.870125276713],[151.200018306588,-33.8701404618662],[151.200014035294,-33.8701540121481],[151.200010352625,-33.870169029145],[151.200009578871,-33.8701743200785],[151.20000904318,-33.8701793421643],[151.200008876054,-33.870179373087],[151.199990654142,-33.8701827336696],[151.199973327541,-33.8701859287854],[151.199959737191,-33.8701902957435],[151.199943276839,-33.8701955847296],[151.199921584397,-33.8702031372882],[151.199909941959,-33.8702072504557],[151.199909691016,-33.8702073604087],[151.199905025409,-33.8702094167432],[151.199898950098,-33.8702120936187],[151.199884466656,-33.8702186306349],[151.19985826811,-33.8702336162231],[151.199841492027,-33.8702456005186],[151.199836550094,-33.8702491298649],[151.199820635769,-33.8702612079054],[151.199816112057,-33.8702646405632],[151.19981606794,-33.8702646823004],[151.199813686316,-33.8702669541553],[151.199793128752,-33.8702865606146],[151.199772069621,-33.8703100778066],[151.199754929936,-33.8703323744982],[151.199752307856,-33.870336109971],[151.199761543797,-33.8703377192723],[151.200176986154,-33.870408860404],[151.200954224517,-33.8705420050269],[151.201719581395,-33.8706730524545],[151.202024892942,-33.8707253034152],[151.202192502862,-33.870753997218],[151.202198069606,-33.870754950433],[151.202204546405,-33.8707286428543],[151.202227156974,-33.8706367895579],[151.202227199584,-33.8706366134383],[151.202230813778,-33.8706372676378],[151.202349855057,-33.8706566976857],[151.202360030861,-33.8706580833489],[151.202360110643,-33.8706580935304],[151.20236376591,-33.8706421481655],[151.202401112234,-33.8704762892937],[151.202435206943,-33.8703252148082],[151.202435022055,-33.8703214013507],[151.202434496892,-33.8703105646738],[151.20243005073,-33.8702095651617],[151.202429959817,-33.8702095187482],[151.202425608248,-33.8702073244426],[151.2024244861,-33.8702067598113],[151.201733871429,-33.8699925346049],[151.201412369004,-33.8698927800257],[151.201408729153,-33.8698916502105],[151.201405272945,-33.8698905780823],[151.201390845215,-33.8698647372622],[151.20133807382,-33.8697702218251],[151.201275736226,-33.8696585706826],[151.201275698702,-33.8696585043076],[151.20140630052,-33.8696074633952],[151.201406458581,-33.8696074007772],[151.201410433969,-33.8695970193501],[151.201496210871,-33.8693730282096],[151.201519205039,-33.8693126315736],[151.201519224526,-33.8693125786553],[151.201616909621,-33.8690559964575],[151.201618130289,-33.8690511935644],[151.201612969198,-33.8690512634107],[151.201606815444,-33.869051347623],[151.201512144019,-33.869058531348],[151.201507352495,-33.8690589167837],[151.201503931121,-33.869059122935],[151.201495571481,-33.8690572794807],[151.201482859085,-33.8689426169151],[151.20147130398,-33.8688386956534],[151.201455374381,-33.8686947741992],[151.201407278312,-33.8682606644048],[151.201352048775,-33.8677621652684],[151.201346954366,-33.8677161895391],[151.201318040715,-33.8674559531032],[151.20131103919,-33.8673920084757],[151.201285171678,-33.867158525183],[151.201256653075,-33.8669011133303],[151.201230244088,-33.8666627418828],[151.201169689459,-33.8661161570063],[151.201159748834,-33.8660256320892],[151.201137634164,-33.8658252704003],[151.201048910656,-33.8650162369494],[151.201030885544,-33.8648520992943],[151.200967644486,-33.8642762053494],[151.200948313598,-33.8641001780713],[151.200907719135,-33.8637305113049],[151.200865868456,-33.8633542200053],[151.200806258182,-33.8628191106035],[151.20080597712,-33.8628157114399],[151.200655800483,-33.8628047174914],[151.20065157651,-33.8628043952049],[151.200646899066,-33.8628040482614],[151.200493883048,-33.8614512002653],[151.20038541107,-33.8604917843677],[151.200321883934,-33.8599300241022],[151.200247859386,-33.859267130607],[151.200158359109,-33.8584652066283],[151.200045671223,-33.8574556800386],[151.200040043013,-33.8574052670513],[151.200009732886,-33.8571335737473],[151.200137317291,-33.8571238607456],[151.200137718558,-33.8571276593371],[151.200137732174,-33.8571277830748],[151.200137751309,-33.8571279528819],[151.200138298362,-33.8571328393013],[151.200144929888,-33.8571934909021],[151.200151108518,-33.8571918200434],[151.20015214882,-33.8571915376628],[151.200154455534,-33.8571909112788],[151.200154740352,-33.8571908333802],[151.200188993524,-33.8571779112324],[151.200223388133,-33.8571521701599],[151.200225103333,-33.8571487244025],[151.200239851344,-33.8571190136596],[151.200239864511,-33.8571188497347],[151.200241089894,-33.8571036687548],[151.200246927213,-33.857031365695],[151.200249164604,-33.8570036517424],[151.200250007967,-33.8569912750137],[151.200270834291,-33.8566894988986],[151.20025684324,-33.8563531067349],[151.2002408868,-33.856184045754],[151.200229640456,-33.856032613202],[151.200230209791,-33.8559200740634],[151.200222543706,-33.8557925187498],[151.200217279224,-33.8556930896108],[151.200198432887,-33.8555401979422],[151.200198191012,-33.8555382295113],[151.200197952702,-33.8555362972022],[151.200197913012,-33.8555359737985],[151.200197890731,-33.8555357994366],[151.200197805814,-33.8555351074611],[151.200197548996,-33.8555330269958],[151.200186674074,-33.8555336256286],[151.200173693838,-33.855369436025],[151.201434385281,-33.8552992570291],[151.201769043587,-33.855280746135],[151.202042512684,-33.8552655409992],[151.202071988697,-33.855263907868],[151.202086919315,-33.8552630805837],[151.202202759197,-33.8552566404968],[151.202659805239,-33.8552311999711],[151.202660105307,-33.8552341593616],[151.202660135447,-33.8552344231103],[151.202660141878,-33.8552344773087],[151.202672120985,-33.8553374733419],[151.202672077709,-33.8553374754159],[151.202662071642,-33.8553379273318],[151.202647938607,-33.8553387059018],[151.202588854849,-33.8553419641989],[151.202588855287,-33.8553419948646],[151.202588985854,-33.8553463377626],[151.202589701356,-33.8553639267884],[151.202591558467,-33.8553783574262],[151.20259488455,-33.8553918022425],[151.202599720829,-33.8554049760193],[151.202605146119,-33.8554179455756],[151.20261026975,-33.855430765551],[151.202614325009,-33.85544376472],[151.20261827705,-33.8554659709888],[151.202620068194,-33.8554880375303],[151.202620798808,-33.8555104763531],[151.202621509958,-33.855532967193],[151.20262321913,-33.8555551804246],[151.202626736475,-33.8555794597734],[151.20263114048,-33.8556035148957],[151.202631358122,-33.8556377455507],[151.202643074768,-33.8556774948702],[151.202644419635,-33.8556980093133],[151.202645120959,-33.8557185450292],[151.202645437816,-33.8557391175195],[151.202645665875,-33.8557593370345],[151.202645758355,-33.8557646207971],[151.202646102706,-33.8557793936737],[151.202646129897,-33.8557823256386],[151.202646264468,-33.8557895208096],[151.202646500469,-33.8558012631493],[151.202646531838,-33.8558109591534],[151.202646572479,-33.8558232559211],[151.202646784349,-33.8558452795886],[151.2026475676,-33.8558670636104],[151.202649352737,-33.8558884889232],[151.202651585973,-33.8559036428332],[151.202654483737,-33.8559187541344],[151.202656184662,-33.8559269703813],[151.202657608974,-33.855933841701],[151.202660523915,-33.855948958663],[151.202662811844,-33.8559641332088],[151.202664169252,-33.8559778081093],[151.202665118402,-33.8559915203388],[151.202665856494,-33.8560052466231],[151.202666591024,-33.856018988185],[151.202667500196,-33.8560326998314],[151.202668765037,-33.8560478522409],[151.202670136166,-33.8560629872641],[151.202671907167,-33.8560800326017],[151.202674287148,-33.8561084551019],[151.202676700105,-33.8561385535223],[151.202681684581,-33.8561816925901],[151.202681964323,-33.8562334378104],[151.202681091679,-33.8562417617013],[151.202677243805,-33.8562793163983],[151.202685290703,-33.8562833383136],[151.202700813325,-33.8562910960749],[151.202787629692,-33.8563344836092],[151.202795677681,-33.8563385055333],[151.203058047358,-33.8564696272672],[151.203066132918,-33.8564735595475],[151.203185894113,-33.8565317405843],[151.203197543813,-33.8565373993633],[151.203408090488,-33.8566396654889],[151.203455255404,-33.8566625765873],[151.20345982776,-33.8566647776749],[151.203516169791,-33.8565851689536],[151.203508211397,-33.8565812529842],[151.203636597028,-33.8563951254771],[151.203631354995,-33.8563829431527],[151.203626871463,-33.8563725275801],[151.203605517664,-33.8563229125555],[151.203499780733,-33.8560772348308],[151.203356880169,-33.8557452115732],[151.20334919565,-33.855727295508],[151.203274568164,-33.8555533107116],[151.203220809722,-33.8554279789498],[151.203189474178,-33.8553549217649],[151.20314748022,-33.8552551573162],[151.20315348726,-33.8552533097642],[151.203213219861,-33.8552358419602],[151.203225282308,-33.8552323143771],[151.203360767272,-33.8551926923159],[151.203569711934,-33.8551315883928],[151.203617049528,-33.8552439657441],[151.204102419333,-33.8563965560613],[151.204125797346,-33.8564517191763],[151.20414807692,-33.8565051944462],[151.204197338223,-33.8566255484849],[151.204247500245,-33.8566203892958],[151.204261276117,-33.856618972317],[151.204261929273,-33.8566189051868],[151.204265751656,-33.8566188292338],[151.204268905397,-33.8566188373182],[151.204380488304,-33.8566191169971],[151.204593158608,-33.8566196484769],[151.204674425118,-33.8566198640129],[151.204700572348,-33.8566206678703],[151.204745006565,-33.8566220330086],[151.204807370052,-33.8566167276218],[151.204866111676,-33.8566117292373],[151.204866280576,-33.8566117154664],[151.204866491974,-33.8566084316896],[151.204866498975,-33.8566083037439],[151.204873227534,-33.8566077218476],[151.204877188443,-33.8566073791739],[151.204906280239,-33.856604861476],[151.20496949234,-33.8565955195386],[151.204969598589,-33.8565955039531],[151.204977860094,-33.8565806012429],[151.204946176408,-33.8565089569533],[151.204925493207,-33.856515058043],[151.204817188789,-33.8562730844178],[151.204769640554,-33.8561668498225],[151.204757695945,-33.8561401627357],[151.204728058507,-33.856073946041],[151.204715651325,-33.8560462260266],[151.204662527499,-33.855927536432],[151.204656622326,-33.8559143435513],[151.204610083237,-33.8558103644318],[151.204510634628,-33.8555881703712],[151.204452646045,-33.8554586087188],[151.204406594818,-33.8553557169221],[151.20439935669,-33.8553395468866],[151.20439654202,-33.8553332567883],[151.204369230382,-33.8552722354811],[151.204311155484,-33.8551424795328],[151.204252782267,-33.8550120609375],[151.204210581792,-33.8549177719124],[151.204173558492,-33.8548342755463],[151.204165439042,-33.8548159627349],[151.204147430091,-33.8547753463471],[151.204144836429,-33.8547694977115],[151.204156217521,-33.8547485366087],[151.204156273754,-33.8547484319241],[151.204170621401,-33.8547439537456],[151.204173918929,-33.8547429242158],[151.204177378564,-33.8547418438454],[151.204423022725,-33.8546651617868],[151.204506114492,-33.8546392245629],[151.204515439891,-33.8546430422553],[151.204525921595,-33.8546473330768],[151.204602106094,-33.8548184849322],[151.204620818337,-33.8548605218312],[151.204620609411,-33.8548605891234],[151.204609914243,-33.8548640168337],[151.204609962512,-33.8548640860695],[151.20461242464,-33.8548676486619],[151.204622578769,-33.8548644574415],[151.204651865024,-33.8548552543901],[151.20467699518,-33.8548473578266],[151.204748433656,-33.8550069693651],[151.204753981539,-33.8550193635026],[151.20478059978,-33.8550788732249],[151.204812354453,-33.8551497818694],[151.204816949256,-33.8551600493337],[151.204870430125,-33.8552795376061],[151.204953846899,-33.8554659105399],[151.205011836254,-33.855595471981],[151.205061361923,-33.8557061213771],[151.205163732249,-33.8559348366025],[151.205271959785,-33.8561766392971],[151.205286968668,-33.8561966664986],[151.205376470877,-33.8563161065617],[151.205396876003,-33.8563433361151],[151.20541573016,-33.8563684979231],[151.205444482017,-33.8564068656289],[151.205463909778,-33.8564106049353],[151.205564447763,-33.8563560986465],[151.20563864808,-33.856296818175],[151.205638825041,-33.8562966773745],[151.205768766297,-33.8561928642644],[151.205768943276,-33.8561927225622],[151.205787478921,-33.8562088297739],[151.205897008553,-33.856127322445],[151.205897183107,-33.8561271933318],[151.205927254941,-33.8559871736776],[151.205909199199,-33.8559456947866],[151.205809655666,-33.8557170185977],[151.20574377041,-33.855565661911],[151.205658304926,-33.8553654323066],[151.205626341924,-33.8552905468486],[151.205570977062,-33.8551608345286],[151.2055153259,-33.855030452528],[151.205188613964,-33.8542650047794],[151.205188435862,-33.8542560054832],[151.205188434432,-33.854255918895],[151.205192785462,-33.8542545403763],[151.205196458652,-33.8542533765194],[151.205537662798,-33.8541452414954],[151.205587399812,-33.8542566864114],[151.206160654884,-33.8555411430708],[151.206205680279,-33.8556420273626],[151.206230909425,-33.8556985552389],[151.206338089121,-33.8557922248998],[151.206349769678,-33.8557828715939],[151.206367147546,-33.8557689590332],[151.206367957659,-33.8557683116495],[151.206368533666,-33.8557678502247],[151.206370729976,-33.8557660904265],[151.206420729953,-33.8557260593341],[151.20642090803,-33.8557259167451],[151.206433027137,-33.855716213625],[151.206433204115,-33.8557160719217],[151.206571279244,-33.8556055248548],[151.206571456221,-33.8556053831513],[151.206717834734,-33.8554915932484],[151.20676152737,-33.855457628236],[151.206793938676,-33.8554324317254],[151.206794114478,-33.8554322945132],[151.206791937168,-33.8553075137082],[151.206790740404,-33.8552389204354],[151.206791083372,-33.8552094861766],[151.206778070343,-33.8551784066586],[151.206767873887,-33.8551540518551],[151.206723488103,-33.8550480398244],[151.206591425645,-33.8547326174978],[151.206379182721,-33.854227686094],[151.206221032614,-33.8538451897533],[151.206220234698,-33.8538425152874],[151.206219782616,-33.8538392218482],[151.206219713704,-33.8538357464237],[151.20622010509,-33.8538325355981],[151.206220888061,-33.8538294639307],[151.206222354253,-33.8538258683754],[151.206224515044,-33.8538221350446],[151.206226674549,-33.853819393614],[151.206230008082,-33.8538161742147],[151.206233449623,-33.8538135785911],[151.206237542956,-33.8538112900305],[151.206241726545,-33.8538095438301],[151.20624465594,-33.8538085945509],[151.206244777745,-33.8538085584506],[151.206359713212,-33.8537745556558],[151.206431886958,-33.8537532383399],[151.206585026442,-33.8537087567086],[151.206585876807,-33.8537085093815],[151.206590042969,-33.8537074410275],[151.206593600029,-33.8537068669825],[151.206597124711,-33.8537066008628],[151.206601235014,-33.8537066534657],[151.206605617842,-33.8537071636119],[151.20661100543,-33.8537083646885],[151.206614751616,-33.8537097041919],[151.206618677853,-33.8537115819518],[151.206622679081,-33.8537141118624],[151.206626286582,-33.8537171220834],[151.206628744713,-33.8537197927534],[151.206630856971,-33.8537227226012],[151.206631425141,-33.853723565885],[151.206633314047,-33.8537263743538],[151.206633884874,-33.8537277109306],[151.20673706338,-33.8539691035138],[151.206751139956,-33.8540020344665],[151.207193984175,-33.8550557432201],[151.207197917726,-33.8550559816973],[151.207200983385,-33.8550561678713],[151.207621823361,-33.8550817051156],[151.207613136782,-33.8551133589541],[151.207633722549,-33.8550976713418],[151.207643323329,-33.8550614219818],[151.207651098673,-33.8550316341227],[151.207855336545,-33.8542491623569],[151.207973088196,-33.853798027527],[151.208032777152,-33.8535693401144],[151.208043592904,-33.8535525202377],[151.208043629784,-33.8535524621606],[151.208062740664,-33.8535409749877],[151.208065953605,-33.8535406790439],[151.208096826984,-33.8535378293856],[151.208126979526,-33.8535421687692],[151.208132104582,-33.8535428997601],[151.208277362901,-33.8535632973735],[151.208370750744,-33.8535764670829],[151.208424261468,-33.8535832010613],[151.208427264172,-33.8535685453706],[151.208518476524,-33.8535819150895],[151.208525166821,-33.8535559825784],[151.208741373578,-33.8535883004921],[151.208740742549,-33.8535916052327],[151.208734703673,-33.8536232489587],[151.208705651678,-33.8536187895567],[151.208712182558,-33.8536227448581],[151.208713459096,-33.8536235163706],[151.208778025073,-33.8536626203207],[151.20879865229,-33.8536738546993],[151.208832122745,-33.8536925447149],[151.208948190948,-33.8537573574411],[151.209116694322,-33.8538514497709],[151.209296800479,-33.8539520199864],[151.209297709532,-33.8539505660567],[151.209540324672,-33.8535625382082],[151.209542540828,-33.8535589931837],[151.209807299579,-33.8531354781635],[151.209944523576,-33.8532016847831],[151.210268993199,-33.8533582297492],[151.210136877375,-33.8535711355351],[151.210034197238,-33.8537364706244]],[[151.207285565173,-33.855273655631],[151.207335149636,-33.8553252028849],[151.207335929434,-33.8553246091583],[151.207337384725,-33.8553234995412],[151.207338986078,-33.8553222793307],[151.207339183771,-33.8553221289101],[151.207564528505,-33.8551504016721],[151.207232042974,-33.855130074035],[151.207228977332,-33.8551298869601],[151.207225043777,-33.8551296484838],[151.207225109669,-33.8551298054442],[151.207281671153,-33.8552643885639],[151.207285565173,-33.855273655631]],[[151.18736150343,-33.8692124568318],[151.187343879524,-33.8692057239582],[151.187082303769,-33.8693069088876],[151.187077900494,-33.8693086124048],[151.187055192022,-33.8693173975397],[151.187055489823,-33.8693174749626],[151.187058591495,-33.8693182798673],[151.187110358541,-33.8693317254576],[151.187244888869,-33.8693666670797],[151.187326873934,-33.8693884149361],[151.187346276171,-33.8693935607655],[151.187482472615,-33.8694294184636],[151.187526486887,-33.8694411230896],[151.187527596248,-33.8694414180468],[151.18749590528,-33.8694088589489],[151.187439954943,-33.8693319985074],[151.187434824349,-33.8693249498806],[151.18743063497,-33.8693191955698],[151.18739736105,-33.8692688137357],[151.18737459671,-33.8692174584374],[151.18736150343,-33.8692124568318]]]},"properties":{"OBJECTID":47,"DateOrder":8,"StartDate":"2003","EndDate":"2004","CouncilName":"City of Sydney","Details":"On 8 May 2003, approximately 40% of the South Sydney City Council (SSCC) area was merged back into the City of Sydney. This approximated Camperdown, Chippendale, Darlington, East Sydney, Kings Cross and Woolloomooloo. Glebe was transferred back from Leich","Shape__Area":12432578.810668945,"Shape__Length":36245.386674210968}}]}