doc_id,file_name,local_path,page_count,page_index,pdf_page,candidate_table_numbers,matched_table_numbers,candidate_count,matched_count,printed_page,page_role,visible_titles,visible_subentry,visible_section,contains_multiple_tables,contains_table_header,contains_table_body,confidence,warnings,candidate_mismatch,error
1911_census_volume_ii_part_i_ages,1911 Census - Volume II - Part I Ages.pdf,data\raw\abs_1911_census\1911 Census - Volume II - Part I Ages.pdf,104,0,1,2 | 1 | 3,,3,0,,non_table,,,,False,False,False,1,,False,
1911_census_volume_ii_part_i_ages,1911 Census - Volume II - Part I Ages.pdf,data\raw\abs_1911_census\1911 Census - Volume II - Part I Ages.pdf,104,1,2,2 | 1 | 3,,3,0,,non_table,,,,False,False,False,1,,False,
1911_census_volume_ii_part_i_ages,1911 Census - Volume II - Part I Ages.pdf,data\raw\abs_1911_census\1911 Census - Volume II - Part I Ages.pdf,104,2,3,2 | 1 | 3,,3,0,3,contents_or_index,,,,False,False,False,1,,False,
1911_census_volume_ii_part_i_ages,1911 Census - Volume II - Part I Ages.pdf,data\raw\abs_1911_census\1911 Census - Volume II - Part I Ages.pdf,104,3,4,2 | 1 | 3,,3,0,4,contents_or_index,,,CONTENTS—continued,False,False,False,1,,False,
1911_census_volume_ii_part_i_ages,1911 Census - Volume II - Part I Ages.pdf,data\raw\abs_1911_census\1911 Census - Volume II - Part I Ages.pdf,104,4,5,1 | 2,1,2,1,5,continues,"Number of Males recorded at each Age in each State and Territory, at the Census of 3rd April, 1911",,,False,True,True,1,,False,
1911_census_volume_ii_part_i_ages,1911 Census - Volume II - Part I Ages.pdf,data\raw\abs_1911_census\1911 Census - Volume II - Part I Ages.pdf,104,5,6,1 | 2,1 | 2,2,2,6,boundary_multiple_tables,"1.—NUMBER OF MALES RECORDED AT EACH AGE—continued. | 2.—NUMBER OF FEMALES RECORDED AT EACH AGE IN EACH STATE AND TERRITORY at the Census of 3rd April, 1911 (Exclusive of Full-blooded Aboriginals).",,,True,True,True,1,,False,
1911_census_volume_ii_part_i_ages,1911 Census - Volume II - Part I Ages.pdf,data\raw\abs_1911_census\1911 Census - Volume II - Part I Ages.pdf,104,6,7,1 | 2,2,2,1,7,continues,2.—NUMBER OF FEMALES RECORDED AT EACH AGE—continued.,,,False,True,True,1,,False,
1911_census_volume_ii_part_i_ages,1911 Census - Volume II - Part I Ages.pdf,data\raw\abs_1911_census\1911 Census - Volume II - Part I Ages.pdf,104,7,8,3 | 2 | 4,2 | 3,3,2,8,boundary_multiple_tables,"2.—NUMBER OF FEMALES RECORDED AT EACH AGE—continued. | 3.—NUMBER OF PERSONS RECORDED AT EACH AGE IN EACH STATE AND TERRITORY at the Census of 3rd April, 1911",,,True,True,True,1,,False,
1911_census_volume_ii_part_i_ages,1911 Census - Volume II - Part I Ages.pdf,data\raw\abs_1911_census\1911 Census - Volume II - Part I Ages.pdf,104,8,9,3 | 2 | 4,3,3,1,9,continues,"Number of Persons recorded at each Age in each State and Territory, at the Census of 3rd April, 1911",continued,,False,True,True,1,,False,
1911_census_volume_ii_part_i_ages,1911 Census - Volume II - Part I Ages.pdf,data\raw\abs_1911_census\1911 Census - Volume II - Part I Ages.pdf,104,9,10,4 | 3 | 5,3 | 4,3,2,10,boundary_multiple_tables,"3.—NUMBER OF PERSONS RECORDED AT EACH AGE—continued. | 4.—COMPARATIVE STATEMENT OF THE MALE POPULATION OF THE STATES OF THE COMMONWEALTH AS RECORDED at the Censuses of 1901 and 1911, Classified in Quinquennial Age Groups",,,True,True,True,1,,False,
1911_census_volume_ii_part_i_ages,1911 Census - Volume II - Part I Ages.pdf,data\raw\abs_1911_census\1911 Census - Volume II - Part I Ages.pdf,104,10,11,4 | 3 | 5,4,3,1,11,ends,"Comparative Statement of the Male Population of the States of the Commonwealth, as recorded at the Censuses of 1901 and 1911, classified in Quinquennial Age Groups",,,False,True,True,1,,False,
1911_census_volume_ii_part_i_ages,1911 Census - Volume II - Part I Ages.pdf,data\raw\abs_1911_census\1911 Census - Volume II - Part I Ages.pdf,104,11,12,5 | 4 | 6,5,3,1,12,complete_on_page,"Comparative Statement of the Female Population of the States of the Commonwealth, as recorded at the Censuses of 1901 and 1911, classified in Quinquennial Age Groups",,,False,True,True,1,,False,
1911_census_volume_ii_part_i_ages,1911 Census - Volume II - Part I Ages.pdf,data\raw\abs_1911_census\1911 Census - Volume II - Part I Ages.pdf,104,12,13,6 | 5 | 7,5 | 6,3,2,13,boundary_multiple_tables,"5. COMPARATIVE STATEMENT OF FEMALE POPULATION—continued. | 6.—COMPARATIVE STATEMENT OF THE TOTAL POPULATION OF THE STATES OF THE COMMONWEALTH AS RECORDED at the Censuses of 1901 and 1911, Classified in Quinquennial Age Groups",,,True,True,True,1,,False,
1911_census_volume_ii_part_i_ages,1911 Census - Volume II - Part I Ages.pdf,data\raw\abs_1911_census\1911 Census - Volume II - Part I Ages.pdf,104,13,14,6 | 5 | 7,6,3,1,14,continues,"Comparative Statement of the Total Population of the States of the Commonwealth, as recorded at the Censuses of 1901 and 1911, classified in Quinquennial Age Groups",,,False,True,True,1,,False,
1911_census_volume_ii_part_i_ages,1911 Census - Volume II - Part I Ages.pdf,data\raw\abs_1911_census\1911 Census - Volume II - Part I Ages.pdf,104,14,15,7 | 6 | 8,7,3,1,15,ends,"Comparative Statement, shewing the Unadjusted Numbers in the Commonwealth at each Age, at the Censuses of 1891, 1901, and 1911",,,False,True,True,1,,False,
1911_census_volume_ii_part_i_ages,1911 Census - Volume II - Part I Ages.pdf,data\raw\abs_1911_census\1911 Census - Volume II - Part I Ages.pdf,104,15,16,7 | 6 | 8,7,3,1,16,continues,"Comparative Statement, shewing the Unadjusted Numbers in the Commonwealth at each Age, at the Censuses of 1891, 1901, and 1911",Comparative Statement shewing the Unadjusted Numbers—continued.,,False,True,True,1,,False,
1911_census_volume_ii_part_i_ages,1911 Census - Volume II - Part I Ages.pdf,data\raw\abs_1911_census\1911 Census - Volume II - Part I Ages.pdf,104,16,17,8 | 7 | 9 | 10,8 | 9,4,2,17,boundary_multiple_tables,"Comparative Statement, shewing the Unadjusted Numbers in the Commonwealth in Quinquennial Age Groups, at the Censuses of 1881, 1891, 1901, and 1911 | Adjusted Number of Males at each Age in each State and Territory, at the Census of 3rd April, 1911",,,True,True,True,1,,False,
1911_census_volume_ii_part_i_ages,1911 Census - Volume II - Part I Ages.pdf,data\raw\abs_1911_census\1911 Census - Volume II - Part I Ages.pdf,104,17,18,8 | 7 | 9 | 10,9,4,1,18,continues,"Adjusted Number of Males at each Age in each State and Territory, at the Census of 3rd April, 1911",9.—ADJUSTED NUMBER OF MALES AT EACH AGE—continued.,,False,True,True,1,,False,
1911_census_volume_ii_part_i_ages,1911 Census - Volume II - Part I Ages.pdf,data\raw\abs_1911_census\1911 Census - Volume II - Part I Ages.pdf,104,18,19,10 | 9 | 11,10,3,1,19,complete_on_page,"Adjusted Number of Females at each Age in each State and Territory, at the Census of 3rd April, 1911",,,False,True,True,1,,False,
1911_census_volume_ii_part_i_ages,1911 Census - Volume II - Part I Ages.pdf,data\raw\abs_1911_census\1911 Census - Volume II - Part I Ages.pdf,104,19,20,11 | 10 | 12,10 | 11,3,2,20,boundary_multiple_tables,"10.—ADJUSTED NUMBER OF FEMALES AT EACH AGE—continued. | 11.—ADJUSTED NUMBER OF PERSONS AT EACH AGE IN EACH STATE AND TERRITORY at the Census of 3rd April, 1911",,,True,True,True,1,,False,
1911_census_volume_ii_part_i_ages,1911 Census - Volume II - Part I Ages.pdf,data\raw\abs_1911_census\1911 Census - Volume II - Part I Ages.pdf,104,20,21,11 | 10 | 12,11,3,1,21,continues,"Adjusted Number of Persons at each Age in each State and Territory, at the Census of 3rd April, 1911",continued,,False,True,True,1,,False,
1911_census_volume_ii_part_i_ages,1911 Census - Volume II - Part I Ages.pdf,data\raw\abs_1911_census\1911 Census - Volume II - Part I Ages.pdf,104,21,22,12 | 11 | 13,11 | 12,3,2,22,boundary_multiple_tables,"Adjusted Number of Persons at each Age in each State and Territory, at the Census of 3rd April, 1911 | Adjusted Number of Males at and above each Age in each State and Territory, at the Census of 3rd April, 1911",,,True,True,True,1,,False,
1911_census_volume_ii_part_i_ages,1911 Census - Volume II - Part I Ages.pdf,data\raw\abs_1911_census\1911 Census - Volume II - Part I Ages.pdf,104,22,23,12 | 11 | 13,12,3,1,23,continues,12.—ADJUSTED NUMBER OF MALES AT AND ABOVE EACH AGE -continued.,,,False,True,True,1,,False,
1911_census_volume_ii_part_i_ages,1911 Census - Volume II - Part I Ages.pdf,data\raw\abs_1911_census\1911 Census - Volume II - Part I Ages.pdf,104,23,24,13 | 12 | 14,13,3,1,24,complete_on_page,"Adjusted Number of Females at and above each Age in each State and Territory, at the Census of 3rd April, 1911",,,False,True,True,1,,False,
1911_census_volume_ii_part_i_ages,1911 Census - Volume II - Part I Ages.pdf,data\raw\abs_1911_census\1911 Census - Volume II - Part I Ages.pdf,104,24,25,14 | 13 | 15,13 | 14,3,2,25,boundary_multiple_tables,"Adjusted Number of Females at and above each Age in each State and Territory, at the Census of 3rd April, 1911 | Adjusted Number of Persons at and above each Age in each State and Territory, at the Census of 3rd April, 1911",,,True,True,True,1,,False,
1911_census_volume_ii_part_i_ages,1911 Census - Volume II - Part I Ages.pdf,data\raw\abs_1911_census\1911 Census - Volume II - Part I Ages.pdf,104,25,26,14 | 13 | 15,14,3,1,26,continues,"Adjusted Number of Persons at and above each Age in each State and Territory, at the Census of 3rd April, 1911",,,False,True,True,1,,False,
1911_census_volume_ii_part_i_ages,1911 Census - Volume II - Part I Ages.pdf,data\raw\abs_1911_census\1911 Census - Volume II - Part I Ages.pdf,104,26,27,15 | 14 | 16,14 | 15,3,2,27,boundary_multiple_tables,"Adjusted Number of Persons at and above each Age in each State and Territory, at the Census of 3rd April, 1911 | Adjusted Number of Males below each Age in each State and Territory, at the Census of 3rd April, 1911",,,True,True,True,1,,False,
1911_census_volume_ii_part_i_ages,1911 Census - Volume II - Part I Ages.pdf,data\raw\abs_1911_census\1911 Census - Volume II - Part I Ages.pdf,104,27,28,15 | 14 | 16,15,3,1,28,continues,"Adjusted Number of Males below each Age in each State and Territory, at the Census of 3rd April, 1911",,,False,True,True,1,,False,
1911_census_volume_ii_part_i_ages,1911 Census - Volume II - Part I Ages.pdf,data\raw\abs_1911_census\1911 Census - Volume II - Part I Ages.pdf,104,28,29,16 | 15 | 17,16,3,1,29,complete_on_page,"16.—ADJUSTED NUMBER OF FEMALES BELOW EACH AGE IN EACH STATE AND TERRITORY at the Census of 3rd April, 1911",,,False,True,True,1,,False,
1911_census_volume_ii_part_i_ages,1911 Census - Volume II - Part I Ages.pdf,data\raw\abs_1911_census\1911 Census - Volume II - Part I Ages.pdf,104,29,30,17 | 16 | 18,16 | 17,3,2,30,boundary_multiple_tables,"16.—ADJUSTED NUMBER OF FEMALES BELOW EACH AGE—continued. | 17.—ADJUSTED NUMBER OF PERSONS BELOW EACH AGE IN EACH STATE AND TERRITORY at the Census of 3rd April, 1911",,,True,True,True,1,,False,
1911_census_volume_ii_part_i_ages,1911 Census - Volume II - Part I Ages.pdf,data\raw\abs_1911_census\1911 Census - Volume II - Part I Ages.pdf,104,30,31,17 | 16 | 18,17,3,1,31,continues,"Adjusted Number of Persons below each Age in each State and Territory, at the Census of 3rd April, 1911",,,False,True,True,1,,False,
1911_census_volume_ii_part_i_ages,1911 Census - Volume II - Part I Ages.pdf,data\raw\abs_1911_census\1911 Census - Volume II - Part I Ages.pdf,104,31,32,18 | 17 | 19,17 | 18,3,2,32,boundary_multiple_tables,"Adjusted Number of Persons below each Age in each State and Territory, at the Census of 3rd April, 1911 | Adjusted Numbers in the Commonwealth at each Age, at the Censuses of 1881, 1891, 1901, and 1911",17.—ADJUSTED NUMBER OF PERSONS BELOW EACH AGE—continued.,,True,True,True,1,,False,
1911_census_volume_ii_part_i_ages,1911 Census - Volume II - Part I Ages.pdf,data\raw\abs_1911_census\1911 Census - Volume II - Part I Ages.pdf,104,32,33,18 | 17 | 19,18,3,1,33,continues,"Adjusted Numbers in the Commonwealth at each Age, at the Censuses of 1881, 1891, 1901, and 1911",,,False,True,True,1,,False,
1911_census_volume_ii_part_i_ages,1911 Census - Volume II - Part I Ages.pdf,data\raw\abs_1911_census\1911 Census - Volume II - Part I Ages.pdf,104,33,34,19 | 18 | 20,19,3,1,34,complete_on_page,19. ADJUSTED POPULATION IN QUINQUENNIAL AGE GROUPS IN EACH STATE AND TERRITORY,,,False,True,True,1,,False,
1911_census_volume_ii_part_i_ages,1911 Census - Volume II - Part I Ages.pdf,data\raw\abs_1911_census\1911 Census - Volume II - Part I Ages.pdf,104,34,35,20 | 19 | 21,19 | 20,3,2,35,boundary_multiple_tables,"Adjusted Population in Quinquennial Age Groups, in each State and Territory, at the Census of 3rd April, 1911 | Adjusted Numbers of Males, Females, and Persons in each Quinquennial Age Group per 100,000 of Male, Female, and Total Population respectively, of each State and Territory of the Commonwealth, at the Census of 3rd April, 1911",,,True,True,True,1,,False,
1911_census_volume_ii_part_i_ages,1911 Census - Volume II - Part I Ages.pdf,data\raw\abs_1911_census\1911 Census - Volume II - Part I Ages.pdf,104,35,36,20 | 19 | 21,20,3,1,36,continues,"20.—ADJUSTED NUMBERS OF MALES, FEMALES, AND PERSONS IN EACH QUINQUENNIAL AGE GROUP—continued.",,,False,True,True,1,,False,
1911_census_volume_ii_part_i_ages,1911 Census - Volume II - Part I Ages.pdf,data\raw\abs_1911_census\1911 Census - Volume II - Part I Ages.pdf,104,36,37,21 | 20 | 22 | 23,21 | 22,4,2,37,boundary_multiple_tables,"21.—ADJUSTED NUMBERS IN THE COMMONWEALTH IN QUINQUENNIAL AGE GROUPS at the CENSUSES of 1881, 1891, 1901, and 1911 | 22.—ADJUSTED NUMBERS OF MALES, FEMALES, AND PERSONS IN EACH QUINQUENNIAL AGE GROUP per 100,000 of Male, Female, and Total Population, respectively, of the Commonwealth at the Censuses of 1881, 1891, 1901, and 1911",,,True,True,True,1,,False,
1911_census_volume_ii_part_i_ages,1911 Census - Volume II - Part I Ages.pdf,data\raw\abs_1911_census\1911 Census - Volume II - Part I Ages.pdf,104,37,38,23 | 22 | 24 | 25,23 | 24,4,2,38,boundary_multiple_tables,"Increases in the Commonwealth in each Quinquennial Age Group, as shewn by the Adjusted Numbers for the Censuses of 1881, 1891, 1901, and 1911 | Number of Males recorded at each Age in the Metropolis of each State, at the Census of 3rd April, 1911",,,True,True,True,1,,False,
1911_census_volume_ii_part_i_ages,1911 Census - Volume II - Part I Ages.pdf,data\raw\abs_1911_census\1911 Census - Volume II - Part I Ages.pdf,104,38,39,23 | 22 | 24 | 25,24,4,1,39,ends,24.—NUMBER OF MALES RECORDED AT EACH AGE IN THE METROPOLIS OF EACH STATE—cont.,,,False,True,True,1,,False,
1911_census_volume_ii_part_i_ages,1911 Census - Volume II - Part I Ages.pdf,data\raw\abs_1911_census\1911 Census - Volume II - Part I Ages.pdf,104,39,40,25 | 24 | 26,25,3,1,40,complete_on_page,25.—NUMBER OF FEMALES RECORDED AT EACH AGE IN THE METROPOLIS OF EACH STATE,,,False,True,True,1,,False,
1911_census_volume_ii_part_i_ages,1911 Census - Volume II - Part I Ages.pdf,data\raw\abs_1911_census\1911 Census - Volume II - Part I Ages.pdf,104,40,41,26 | 25 | 27,25 | 26,3,2,41,boundary_multiple_tables,25.—NUMBER OF FEMALES RECORDED AT EACH AGE IN THE METROPOLIS OF EACH STATE-cont. | 26.—NUMBER OF PERSONS RECORDED AT EACH AGE IN THE METROPOLIS OF EACH STATE,,,True,True,True,1,,False,
1911_census_volume_ii_part_i_ages,1911 Census - Volume II - Part I Ages.pdf,data\raw\abs_1911_census\1911 Census - Volume II - Part I Ages.pdf,104,41,42,26 | 25 | 27,26,3,1,42,continues,26.—NUMBER OF PERSONS RECORDED AT EACH AGE IN THE METROPOLIS OF EACH STATE—cont.,,,False,True,True,1,,False,
1911_census_volume_ii_part_i_ages,1911 Census - Volume II - Part I Ages.pdf,data\raw\abs_1911_census\1911 Census - Volume II - Part I Ages.pdf,104,42,43,26 | 25 | 27,26,3,1,43,ends,26.—NUMBER OF PERSONS RECORDED AT EACH AGE IN THE METROPOLIS OF EACH STATE—cont.,,,False,True,True,1,,False,
1911_census_volume_ii_part_i_ages,1911 Census - Volume II - Part I Ages.pdf,data\raw\abs_1911_census\1911 Census - Volume II - Part I Ages.pdf,104,43,44,27 | 26 | 28,27,3,1,44,continues,"New South Wales.—Number of Males in Quinquennial Age Groups, as recorded in each County, at the Census of 3rd April, 1911",,,False,True,True,1,,False,
1911_census_volume_ii_part_i_ages,1911 Census - Volume II - Part I Ages.pdf,data\raw\abs_1911_census\1911 Census - Volume II - Part I Ages.pdf,104,44,45,27 | 26 | 28,27,3,1,45,continues,"New South Wales.—Number of Males in Quinquennial Age Groups, as recorded in each County, at the Census of 3rd April, 1911",,,False,True,True,1,,False,
1911_census_volume_ii_part_i_ages,1911 Census - Volume II - Part I Ages.pdf,data\raw\abs_1911_census\1911 Census - Volume II - Part I Ages.pdf,104,45,46,27 | 26 | 28,27,3,1,46,continues,"New South Wales.—Number of Males in Quinquennial Age Groups, as recorded in each County, at the Census of 3rd April, 1911",,,False,True,True,1,,False,
1911_census_volume_ii_part_i_ages,1911 Census - Volume II - Part I Ages.pdf,data\raw\abs_1911_census\1911 Census - Volume II - Part I Ages.pdf,104,46,47,27 | 26 | 28,27,3,1,47,ends,"New South Wales.—Number of Males in Quinquennial Age Groups, as recorded in each County, at the Census of 3rd April, 1911",MALES IN QUINQUENNIAL AGE GROUPS—continued.,,False,True,True,1,,False,
1911_census_volume_ii_part_i_ages,1911 Census - Volume II - Part I Ages.pdf,data\raw\abs_1911_census\1911 Census - Volume II - Part I Ages.pdf,104,47,48,28 | 27 | 29,28,3,1,48,continues,"28.—NEW SOUTH WALES.—NUMBER OF FEMALES IN QUINQUENNIAL AGE GROUPS AS RECORDED IN EACH COUNTY, AT THE CENSUS OF 3RD APRIL, 1911",,,False,True,True,1,,False,
1911_census_volume_ii_part_i_ages,1911 Census - Volume II - Part I Ages.pdf,data\raw\abs_1911_census\1911 Census - Volume II - Part I Ages.pdf,104,48,49,28 | 27 | 29,28,3,1,49,continues,"New South Wales.—Number of Females in Quinquennial Age Groups as recorded in each County, at the Census of 3rd April, 1911",,,False,True,True,1,,False,
1911_census_volume_ii_part_i_ages,1911 Census - Volume II - Part I Ages.pdf,data\raw\abs_1911_census\1911 Census - Volume II - Part I Ages.pdf,104,49,50,28 | 27 | 29,28,3,1,50,ends,"28.—NEW SOUTH WALES.—COUNTIES.—NUMBER OF FEMALES IN QUINQUENNIAL AGE GROUPS AS RECORDED IN EACH COUNTY, AT THE CENSUS OF 3RD APRIL, 1911",,,False,True,True,1,,False,
1911_census_volume_ii_part_i_ages,1911 Census - Volume II - Part I Ages.pdf,data\raw\abs_1911_census\1911 Census - Volume II - Part I Ages.pdf,104,50,51,28 | 27 | 29,28,3,1,51,ends,"New South Wales.—Number of Females in Quinquennial Age Groups as recorded in each County, at the Census of 3rd April, 1911",,,False,True,True,1,,False,
1911_census_volume_ii_part_i_ages,1911 Census - Volume II - Part I Ages.pdf,data\raw\abs_1911_census\1911 Census - Volume II - Part I Ages.pdf,104,51,52,29 | 28 | 30,29,3,1,52,continues,"New South Wales.—Number of Persons in Quinquennial Age Groups, as recorded in each County, at the Census of 3rd April, 1911",,,False,True,True,1,,False,
1911_census_volume_ii_part_i_ages,1911 Census - Volume II - Part I Ages.pdf,data\raw\abs_1911_census\1911 Census - Volume II - Part I Ages.pdf,104,52,53,29 | 28 | 30,29,3,1,53,continues,"New South Wales.—Number of Persons in Quinquennial Age Groups, as recorded in each County, at the Census of 3rd April, 1911",,,False,True,True,1,,False,
1911_census_volume_ii_part_i_ages,1911 Census - Volume II - Part I Ages.pdf,data\raw\abs_1911_census\1911 Census - Volume II - Part I Ages.pdf,104,53,54,29 | 28 | 30,29,3,1,54,ends,"New South Wales.—Number of Persons in Quinquennial Age Groups, as recorded in each County, at the Census of 3rd April, 1911",,,False,True,True,1,,False,
1911_census_volume_ii_part_i_ages,1911 Census - Volume II - Part I Ages.pdf,data\raw\abs_1911_census\1911 Census - Volume II - Part I Ages.pdf,104,54,55,29 | 28 | 30,29,3,1,55,ends,"New South Wales.—Number of Persons in Quinquennial Age Groups, as recorded in each County, at the Census of 3rd April, 1911",,PERSONS IN QUINQUENNIAL AGE GROUPS—continued.,False,True,True,1,,False,
1911_census_volume_ii_part_i_ages,1911 Census - Volume II - Part I Ages.pdf,data\raw\abs_1911_census\1911 Census - Volume II - Part I Ages.pdf,104,55,56,30 | 29 | 31,30,3,1,56,continues,"New South Wales.—Number of Children in Single Ages under 5 years last birthday, recorded in each County, at the Census of 3rd April, 1911",,,False,True,True,1,,False,
1911_census_volume_ii_part_i_ages,1911 Census - Volume II - Part I Ages.pdf,data\raw\abs_1911_census\1911 Census - Volume II - Part I Ages.pdf,104,56,57,30 | 29 | 31,30,3,1,57,continues,"New South Wales.—Number of Children in Single Ages under 5 years last birthday, recorded in each County, at the Census of 3rd April, 1911",,,False,True,True,1,,False,
1911_census_volume_ii_part_i_ages,1911 Census - Volume II - Part I Ages.pdf,data\raw\abs_1911_census\1911 Census - Volume II - Part I Ages.pdf,104,57,58,31 | 30 | 32 | 33,31 | 32,4,2,58,boundary_multiple_tables,"New South Wales.—Population of Commonwealth Electoral Divisions, as recorded at the Census of 3rd April, 1911 | New South Wales.—Population of State Electoral Districts, as recorded at the Census of 3rd April, 1911",,,True,True,True,1,,False,
1911_census_volume_ii_part_i_ages,1911 Census - Volume II - Part I Ages.pdf,data\raw\abs_1911_census\1911 Census - Volume II - Part I Ages.pdf,104,58,59,31 | 30 | 32 | 33,32,4,1,59,continues,32.—NEW SOUTH WALES.—POPULATION OF STATE ELECTORAL DISTRICTS—continued.,,,False,True,True,1,,False,
1911_census_volume_ii_part_i_ages,1911 Census - Volume II - Part I Ages.pdf,data\raw\abs_1911_census\1911 Census - Volume II - Part I Ages.pdf,104,59,60,33 | 32 | 34 | 35,33 | 34,4,2,60,boundary_multiple_tables,"Victoria.—Number of Males in Quinquennial Age Groups, as recorded in each County, at the Census of 3rd April, 1911 | Victoria.—Number of Females in Quinquennial Age Groups, as recorded in each County, at the Census of 3rd April, 1911",,,True,True,True,1,,False,
1911_census_volume_ii_part_i_ages,1911 Census - Volume II - Part I Ages.pdf,data\raw\abs_1911_census\1911 Census - Volume II - Part I Ages.pdf,104,60,61,33 | 32 | 34 | 35,35,4,1,61,starts,"Victoria.—Number of Persons in Quinquennial Age Groups, as recorded in each County, at the Census of 3rd April, 1911",,,False,True,True,1,,False,
1911_census_volume_ii_part_i_ages,1911 Census - Volume II - Part I Ages.pdf,data\raw\abs_1911_census\1911 Census - Volume II - Part I Ages.pdf,104,61,62,35 | 34 | 36,34 | 35,3,2,62,boundary_multiple_tables,"Victoria.—Number of Females in Quinquennial Age Groups, as recorded in each County, at the Census of 3rd April, 1911 | Victoria.—Number of Persons in Quinquennial Age Groups, as recorded in each County, at the Census of 3rd April, 1911",,,True,True,True,1,,False,
1911_census_volume_ii_part_i_ages,1911 Census - Volume II - Part I Ages.pdf,data\raw\abs_1911_census\1911 Census - Volume II - Part I Ages.pdf,104,62,63,35 | 34 | 36,36,3,1,63,complete_on_page,"Victoria.—Number of Children in Single Ages under 5 years last birthday recorded in each County, at the Census of 3rd April, 1911",,,False,True,True,0.9,"The page contains the conclusion of a previous table (Table 35) and the entirety of Table 36. However, Table 35 is not listed as a candidate for this page index, so only Table 36 is matched.",False,
1911_census_volume_ii_part_i_ages,1911 Census - Volume II - Part I Ages.pdf,data\raw\abs_1911_census\1911 Census - Volume II - Part I Ages.pdf,104,63,64,36 | 35 | 37,36,3,1,64,complete_on_page,36.—VICTORIA.—NUMBER OF CHILDREN IN SINGLE AGES UNDER 5 YEARS LAST BIRTHDAY,,,False,True,True,1,,False,
1911_census_volume_ii_part_i_ages,1911 Census - Volume II - Part I Ages.pdf,data\raw\abs_1911_census\1911 Census - Volume II - Part I Ages.pdf,104,64,65,37 | 36 | 38 | 39,37 | 38,4,2,65,boundary_multiple_tables,37.—VICTORIA.—POPULATION OF COMMONWEALTH ELECTORAL DIVISIONS | 38.—VICTORIA.—POPULATION OF STATE ELECTORAL PROVINCES,,,True,True,True,1,,False,
1911_census_volume_ii_part_i_ages,1911 Census - Volume II - Part I Ages.pdf,data\raw\abs_1911_census\1911 Census - Volume II - Part I Ages.pdf,104,65,66,39 | 38 | 40,39,3,1,66,complete_on_page,"Victoria.—Population of State Electoral Districts, as recorded at the Census of 3rd April, 1911",,,False,True,True,1,,False,
1911_census_volume_ii_part_i_ages,1911 Census - Volume II - Part I Ages.pdf,data\raw\abs_1911_census\1911 Census - Volume II - Part I Ages.pdf,104,66,67,40 | 39 | 41,40,3,1,67,complete_on_page,"Queensland.—Number of Children in Single Ages under 5 years last birthday, recorded in each Census District, at the Census of 3rd April, 1911",,,False,True,True,1,,False,
1911_census_volume_ii_part_i_ages,1911 Census - Volume II - Part I Ages.pdf,data\raw\abs_1911_census\1911 Census - Volume II - Part I Ages.pdf,104,67,68,41 | 40 | 42,41,3,1,68,continues,41. QUEENSLAND.—NUMBER OF MALES as Recorded in each Census District (Exclusive of Full-),,,False,True,True,1,,False,
1911_census_volume_ii_part_i_ages,1911 Census - Volume II - Part I Ages.pdf,data\raw\abs_1911_census\1911 Census - Volume II - Part I Ages.pdf,104,68,69,41 | 40 | 42,42,3,1,69,starts,"Queensland.—Number of Females in Quinquennial Age Groups, as recorded in each Census District, at the Census of 3rd April, 1911",,,False,True,True,1,,False,
1911_census_volume_ii_part_i_ages,1911 Census - Volume II - Part I Ages.pdf,data\raw\abs_1911_census\1911 Census - Volume II - Part I Ages.pdf,104,69,70,42 | 41 | 43,42,3,1,70,ends,"Queensland.—Number of Females in Quinquennial Age Groups, as recorded in each Census District, at the Census of 3rd April, 1911",,,False,True,True,1,,False,
1911_census_volume_ii_part_i_ages,1911 Census - Volume II - Part I Ages.pdf,data\raw\abs_1911_census\1911 Census - Volume II - Part I Ages.pdf,104,70,71,42 | 41 | 43,43,3,1,71,starts,"Queensland.—Number of Persons in Quinquennial Age Groups, as recorded in each Census District, at the Census of 3rd April, 1911",,,False,True,True,1,,False,
1911_census_volume_ii_part_i_ages,1911 Census - Volume II - Part I Ages.pdf,data\raw\abs_1911_census\1911 Census - Volume II - Part I Ages.pdf,104,71,72,43 | 42 | 44,43,3,1,72,continues,"Queensland.—Number of Persons in Quinquennial Age Groups, as recorded in each Census District, at the Census of 3rd April, 1911",,,False,True,True,1,"The page header incorrectly labels the table as 42, but the content matches the definition of table 43 provided in the candidate list.",False,
1911_census_volume_ii_part_i_ages,1911 Census - Volume II - Part I Ages.pdf,data\raw\abs_1911_census\1911 Census - Volume II - Part I Ages.pdf,104,72,73,43 | 42 | 44,43,3,1,73,ends,"Queensland.—Number of Persons in Quinquennial Age Groups, as recorded in each Census District, at the Census of 3rd April, 1911",,,False,True,True,1,,False,
1911_census_volume_ii_part_i_ages,1911 Census - Volume II - Part I Ages.pdf,data\raw\abs_1911_census\1911 Census - Volume II - Part I Ages.pdf,104,73,74,44 | 43 | 45 | 46,44 | 45,4,2,74,boundary_multiple_tables,"Queensland.—Population of Commonwealth Electoral Divisions, as recorded at the Census of 3rd April, 1911 | Queensland.—Population of State Electoral Districts, as recorded at the Census of 3rd April, 1911",,,True,True,True,1,,False,
1911_census_volume_ii_part_i_ages,1911 Census - Volume II - Part I Ages.pdf,data\raw\abs_1911_census\1911 Census - Volume II - Part I Ages.pdf,104,74,75,44 | 43 | 45 | 46,45,4,1,75,continues,"Queensland.—Population of State Electoral Districts, as recorded at the Census of 3rd April, 1911",,,False,True,True,1,,False,
1911_census_volume_ii_part_i_ages,1911 Census - Volume II - Part I Ages.pdf,data\raw\abs_1911_census\1911 Census - Volume II - Part I Ages.pdf,104,75,76,46 | 45 | 47,46,3,1,76,continues,"South Australia.—Number of Males in Quinquennial Age Groups, as recorded in each County, at the Census of 3rd April, 1911",,,False,True,True,1,,False,
1911_census_volume_ii_part_i_ages,1911 Census - Volume II - Part I Ages.pdf,data\raw\abs_1911_census\1911 Census - Volume II - Part I Ages.pdf,104,76,77,46 | 45 | 47,46,3,1,77,ends,"South Australia.—Number of Males in Quinquennial Age Groups, as recorded in each County, at the Census of 3rd April, 1911",,,False,True,True,1,,False,
1911_census_volume_ii_part_i_ages,1911 Census - Volume II - Part I Ages.pdf,data\raw\abs_1911_census\1911 Census - Volume II - Part I Ages.pdf,104,77,78,47 | 46 | 48,47,3,1,78,ends,"South Australia.—Number of Females in Quinquennial Age Groups, as recorded in each County, at the Census of 3rd April, 1911",,,False,True,True,1,,False,
1911_census_volume_ii_part_i_ages,1911 Census - Volume II - Part I Ages.pdf,data\raw\abs_1911_census\1911 Census - Volume II - Part I Ages.pdf,104,78,79,47 | 46 | 48,47,3,1,79,ends,"South Australia.—Number of Females in Quinquennial Age Groups, as recorded in each County, at the Census of 3rd April, 1911",,,False,True,True,1,,False,
1911_census_volume_ii_part_i_ages,1911 Census - Volume II - Part I Ages.pdf,data\raw\abs_1911_census\1911 Census - Volume II - Part I Ages.pdf,104,79,80,48 | 47 | 49,48,3,1,80,continues,"South Australia.—Number of Persons in Quinquennial Age Groups, as recorded in each County, at the Census of 3rd April, 1911",,,False,True,True,1,,False,
1911_census_volume_ii_part_i_ages,1911 Census - Volume II - Part I Ages.pdf,data\raw\abs_1911_census\1911 Census - Volume II - Part I Ages.pdf,104,80,81,48 | 47 | 49,48,3,1,81,ends,"South Australia.—Number of Persons in Quinquennial Age Groups, as recorded in each County, at the Census of 3rd April, 1911",,,False,True,True,1,,False,
1911_census_volume_ii_part_i_ages,1911 Census - Volume II - Part I Ages.pdf,data\raw\abs_1911_census\1911 Census - Volume II - Part I Ages.pdf,104,81,82,49 | 48 | 50,49,3,1,82,complete_on_page,49.—SOUTH AUSTRALIA.—NUMBER OF CHILDREN IN SINGLE AGES UNDER 5 YEARS LAST BIRTHDAY,,,False,True,True,1,,False,
1911_census_volume_ii_part_i_ages,1911 Census - Volume II - Part I Ages.pdf,data\raw\abs_1911_census\1911 Census - Volume II - Part I Ages.pdf,104,82,83,50 | 49 | 51 | 52 | 53,50 | 51 | 52,5,3,83,boundary_multiple_tables,"South Australia.—Population of Commonwealth Electoral Divisions, as recorded at the Census of 3rd April, 1911 | South Australia.—Population of Council Electoral Districts, as recorded at the Census of 3rd April, 1911 | South Australia.—Population of Assembly Electoral Districts, as recorded at the Census of 3rd April, 1911",,,True,True,True,1,,False,
1911_census_volume_ii_part_i_ages,1911 Census - Volume II - Part I Ages.pdf,data\raw\abs_1911_census\1911 Census - Volume II - Part I Ages.pdf,104,83,84,53 | 52 | 54 | 55,53 | 54,4,2,84,boundary_multiple_tables,"53.—Western Australia.—Number of Males in Quinquennial Age Groups, as recorded in each Statistical District, at the Census of 3rd April, 1911 | 54.—Western Australia.—Number of Females in Quinquennial Age Groups, as recorded in each Statistical District, at the Census of 3rd April, 1911",,,True,True,True,1,,False,
1911_census_volume_ii_part_i_ages,1911 Census - Volume II - Part I Ages.pdf,data\raw\abs_1911_census\1911 Census - Volume II - Part I Ages.pdf,104,84,85,53 | 52 | 54 | 55,53 | 54,4,2,85,boundary_multiple_tables,"Western Australia.—Number of Males in Quinquennial Age Groups, as recorded in each Statistical District, at the Census of 3rd April, 1911 | Western Australia.—Number of Females in Quinquennial Age Groups, as recorded in each Statistical District, at the Census of 3rd April, 1911",,,True,True,True,1,,False,
1911_census_volume_ii_part_i_ages,1911 Census - Volume II - Part I Ages.pdf,data\raw\abs_1911_census\1911 Census - Volume II - Part I Ages.pdf,104,85,86,55 | 54 | 56,54 | 55,3,2,86,boundary_multiple_tables,"Western Australia.—Number of Females in Quinquennial Age Groups, as recorded in each Statistical District, at the Census of 3rd April, 1911 | Western Australia.—Number of Persons in Quinquennial Age Groups, as recorded in each Statistical District, at the Census of 3rd April, 1911",,,True,True,True,1,,False,
1911_census_volume_ii_part_i_ages,1911 Census - Volume II - Part I Ages.pdf,data\raw\abs_1911_census\1911 Census - Volume II - Part I Ages.pdf,104,86,87,55 | 54 | 56,55,3,1,87,continues,"Western Australia.—Number of Persons in Quinquennial Age Groups, as recorded in each Statistical District, at the Census of 3rd April, 1911",,,False,True,True,1,"The top of the page contains the continuation of a table (Females) not explicitly listed in the candidate list for this page, but the main body is Table 55.",False,
1911_census_volume_ii_part_i_ages,1911 Census - Volume II - Part I Ages.pdf,data\raw\abs_1911_census\1911 Census - Volume II - Part I Ages.pdf,104,87,88,56 | 55 | 57 | 58 | 59,56 | 57 | 58,5,3,88,boundary_multiple_tables,"Western Australia.—Number of Children in Single Ages under 5 years last birthday, recorded in each Statistical District, at the Census of 3rd April, 1911 | Western Australia.—Population of Commonwealth Electoral Divisions, as recorded at the Census of 3rd April, 1911 | Western Australia.—Population of State Electoral Provinces, as recorded at the Census of 3rd April, 1911",,,True,True,True,1,,False,
1911_census_volume_ii_part_i_ages,1911 Census - Volume II - Part I Ages.pdf,data\raw\abs_1911_census\1911 Census - Volume II - Part I Ages.pdf,104,88,89,59 | 58 | 60,59,3,1,89,complete_on_page,59.—WESTERN AUSTRALIA.—POPULATION OF STATE ELECTORAL DISTRICTS,,,False,True,True,1,,False,
1911_census_volume_ii_part_i_ages,1911 Census - Volume II - Part I Ages.pdf,data\raw\abs_1911_census\1911 Census - Volume II - Part I Ages.pdf,104,89,90,60 | 59 | 61,60,3,1,90,ends,"Tasmania.—Number of Males in Quinquennial Age Groups, as recorded in each Municipality, at the Census of 3rd April, 1911",,,False,True,True,1,,False,
1911_census_volume_ii_part_i_ages,1911 Census - Volume II - Part I Ages.pdf,data\raw\abs_1911_census\1911 Census - Volume II - Part I Ages.pdf,104,90,91,60 | 59 | 61,60,3,1,91,ends,"Tasmania.—Number of Males in Quinquennial Age Groups, as recorded in each Municipality, at the Census of 3rd April, 1911",,,False,True,True,1,,False,
1911_census_volume_ii_part_i_ages,1911 Census - Volume II - Part I Ages.pdf,data\raw\abs_1911_census\1911 Census - Volume II - Part I Ages.pdf,104,91,92,61 | 60 | 62,61,3,1,92,continues,"61.—TASMANIA.—NUMBER OF Females in Quinquennial Age Groups, as recorded in each Municipality, at the Census of 3rd April, 1911",,,False,True,True,1,,False,
1911_census_volume_ii_part_i_ages,1911 Census - Volume II - Part I Ages.pdf,data\raw\abs_1911_census\1911 Census - Volume II - Part I Ages.pdf,104,92,93,61 | 60 | 62,62,3,1,93,starts,"Tasmania.—Number of Persons in Quinquennial Age Groups, as recorded in each Municipality, at the Census of 3rd April, 1911",,,False,True,True,1,,False,
1911_census_volume_ii_part_i_ages,1911 Census - Volume II - Part I Ages.pdf,data\raw\abs_1911_census\1911 Census - Volume II - Part I Ages.pdf,104,93,94,62 | 61 | 63,62,3,1,94,ends,"62. TASMANIA.—NUMBER OF PERSONS IN QUINQUENNIAL AGE GROUPS, AS RECORDED IN EACH MUNICIPALITY, AT THE CENSUS OF 3RD APRIL, 1911",,,False,True,True,1,,False,
1911_census_volume_ii_part_i_ages,1911 Census - Volume II - Part I Ages.pdf,data\raw\abs_1911_census\1911 Census - Volume II - Part I Ages.pdf,104,94,95,62 | 61 | 63,62,3,1,95,ends,"Tasmania.—Number of Persons in Quinquennial Age Groups, as recorded in each Municipality, at the Census of 3rd April, 1911",,,False,True,True,1,,False,
1911_census_volume_ii_part_i_ages,1911 Census - Volume II - Part I Ages.pdf,data\raw\abs_1911_census\1911 Census - Volume II - Part I Ages.pdf,104,95,96,63 | 62 | 64 | 65,63 | 64,4,2,96,boundary_multiple_tables,63.—TASMANIA.—NUMBER OF CHILDREN IN SINGLE AGES UNDER 5 YEARS LAST BIRTHDAY | 64.—TASMANIA.—POPULATION OF COMMONWEALTH ELECTORAL DIVISIONS,,,True,True,True,1,,False,
1911_census_volume_ii_part_i_ages,1911 Census - Volume II - Part I Ages.pdf,data\raw\abs_1911_census\1911 Census - Volume II - Part I Ages.pdf,104,96,97,65 | 64 | 66 | 67,65 | 66,4,2,97,boundary_multiple_tables,"65.—TASMANIA.—POPULATION OF STATE ELECTORAL PROVINCES as Recorded at the Census of 3rd April, 1911 | 66.—NORTHERN TERRITORY.—POPULATION IN QUINQUENNIAL AGE GROUPS as Recorded in each County, at the Census of 3rd April, 1911",,,True,True,True,1,,False,
1911_census_volume_ii_part_i_ages,1911 Census - Volume II - Part I Ages.pdf,data\raw\abs_1911_census\1911 Census - Volume II - Part I Ages.pdf,104,97,98,67 | 66 | 68 | 69 | 70,67 | 68 | 69,5,3,98,boundary_multiple_tables,"Northern Territory.—Number of Children in Single Ages under 5 years last birthday, recorded in each County, at the Census of 3rd April, 1911 | Federal Capital Territory.—Population in Quinquennial Age Groups, as recorded in each County, at the Census of 3rd April, 1911 | Federal Capital Territory.—Number of Children in Single Ages under 5 years last birthday, recorded in each County, at the Census of 3rd April, 1911",,,True,True,True,1,,False,
1911_census_volume_ii_part_i_ages,1911 Census - Volume II - Part I Ages.pdf,data\raw\abs_1911_census\1911 Census - Volume II - Part I Ages.pdf,104,98,99,70 | 69 | 71,70,3,1,99,complete_on_page,"70.—NUMBER OF FULL-BLOODED ABORIGINAL MALES Recorded at each age in each State and Territory of the Commonwealth at the Census of 3rd April, 1911.",,,False,True,True,1,,False,
1911_census_volume_ii_part_i_ages,1911 Census - Volume II - Part I Ages.pdf,data\raw\abs_1911_census\1911 Census - Volume II - Part I Ages.pdf,104,99,100,71 | 70 | 72,70 | 71,3,2,100,boundary_multiple_tables,"70.—NUMBER OF FULL-BLOODED ABORIGINAL MALES—continued. | 71.—NUMBER OF FULL-BLOODED ABORIGINAL FEMALES Recorded at each age in each State and Territory of the Commonwealth at the Census of 3rd April, 1911.",,,True,True,True,1,,False,
1911_census_volume_ii_part_i_ages,1911 Census - Volume II - Part I Ages.pdf,data\raw\abs_1911_census\1911 Census - Volume II - Part I Ages.pdf,104,100,101,71 | 70 | 72,71,3,1,101,ends,71.—NUMBER OF FULL-BLOODED ABORIGINAL FEMALES—continued.,,,False,True,True,1,,False,
1911_census_volume_ii_part_i_ages,1911 Census - Volume II - Part I Ages.pdf,data\raw\abs_1911_census\1911 Census - Volume II - Part I Ages.pdf,104,101,102,72 | 71,72,2,1,102,continues,"72.—NUMBER OF FULL-BLOODED ABORIGINAL PERSONS Recorded at each age in each State and Territory of the Commonwealth at the Census of 3rd April, 1911.",,,False,True,True,1,,False,
1911_census_volume_ii_part_i_ages,1911 Census - Volume II - Part I Ages.pdf,data\raw\abs_1911_census\1911 Census - Volume II - Part I Ages.pdf,104,102,103,72 | 71,72,2,1,103,ends,72.—NUMBER OF FULL-BLOODED ABORIGINAL PERSONS—continued.,,,False,True,True,1,,False,
1911_census_volume_ii_part_i_ages,1911 Census - Volume II - Part I Ages.pdf,data\raw\abs_1911_census\1911 Census - Volume II - Part I Ages.pdf,104,103,104,72 | 71,,2,0,,non_table,,,,False,False,False,1,The provided page is blank.,False,
1911_census_volume_ii_part_ii_birthplaces,1911 Census - Volume II - Part II Birthplaces.pdf,data\raw\abs_1911_census\1911 Census - Volume II - Part II Birthplaces.pdf,282,4,5,1 | 2,1,2,1,109,continues,"1.—MALE POPULATION OF THE STATES AND TERRITORIES OF THE COMMONWEALTH at the Census of 3rd April, 1911, classified according to Birthplace",,,False,True,True,1,,False,
1911_census_volume_ii_part_ii_birthplaces,1911 Census - Volume II - Part II Birthplaces.pdf,data\raw\abs_1911_census\1911 Census - Volume II - Part II Birthplaces.pdf,282,5,6,1 | 2,1,2,1,110,continues,"Male Population of the States and Territories of the Commonwealth, at the Census of 3rd April, 1911, classified according to Birthplace",,ASIA,False,True,True,1,,False,
1911_census_volume_ii_part_ii_birthplaces,1911 Census - Volume II - Part II Birthplaces.pdf,data\raw\abs_1911_census\1911 Census - Volume II - Part II Birthplaces.pdf,282,6,7,1 | 2,1,2,1,111,continues,"Male Population of the States and Territories of the Commonwealth, at the Census of 3rd April, 1911, classified according to Birthplace",,AFRICA and AMERICA,False,True,True,1,,False,
1911_census_volume_ii_part_ii_birthplaces,1911 Census - Volume II - Part II Birthplaces.pdf,data\raw\abs_1911_census\1911 Census - Volume II - Part II Birthplaces.pdf,282,7,8,2 | 1 | 3,1 | 2,3,2,112,boundary_multiple_tables,"1.—MALE POPULATION OF STATES AND TERRITORIES OF COMMONWEALTH, 1911—continued. | 2.—FEMALE POPULATION OF THE STATES AND TERRITORIES OF THE COMMONWEALTH at the Census of 3rd April, 1911, classified according to Birthplace",,,True,True,True,1,,False,
1911_census_volume_ii_part_ii_birthplaces,1911 Census - Volume II - Part II Birthplaces.pdf,data\raw\abs_1911_census\1911 Census - Volume II - Part II Birthplaces.pdf,282,8,9,2 | 1 | 3,2,3,1,113,continues,"Female Population of the States and Territories of the Commonwealth, at the Census of 3rd April, 1911, classified according to Birthplace",,,False,False,True,1,,False,
1911_census_volume_ii_part_ii_birthplaces,1911 Census - Volume II - Part II Birthplaces.pdf,data\raw\abs_1911_census\1911 Census - Volume II - Part II Birthplaces.pdf,282,9,10,2 | 1 | 3,2,3,1,114,continues,"Female Population of the States and Territories of the Commonwealth, at the Census of 3rd April, 1911, classified according to Birthplace",,AFRICA,False,True,True,1,,False,
1911_census_volume_ii_part_ii_birthplaces,1911 Census - Volume II - Part II Birthplaces.pdf,data\raw\abs_1911_census\1911 Census - Volume II - Part II Birthplaces.pdf,282,10,11,3 | 2 | 4,2 | 3,3,2,115,boundary_multiple_tables,"2.—FEMALE POPULATION OF STATES AND TERRITORIES OF THE COMMONWEALTH, 1911—cont. | 3.—TOTAL POPULATION OF THE STATES AND TERRITORIES OF THE COMMONWEALTH at the Census of 3rd April, 1911, classified according to Birthplace",,,True,True,True,1,,False,
1911_census_volume_ii_part_ii_birthplaces,1911 Census - Volume II - Part II Birthplaces.pdf,data\raw\abs_1911_census\1911 Census - Volume II - Part II Birthplaces.pdf,282,11,12,3 | 2 | 4,3,3,1,116,continues,"Total Population of the States and Territories of the Commonwealth, at the Census of 3rd April, 1911, classified according to Birthplace",,EUROPE and ASIA,False,True,True,1,,False,
1911_census_volume_ii_part_ii_birthplaces,1911 Census - Volume II - Part II Birthplaces.pdf,data\raw\abs_1911_census\1911 Census - Volume II - Part II Birthplaces.pdf,282,12,13,3 | 2 | 4,3,3,1,117,continues,"3.—TOTAL POPULATION OF STATES AND TERRITORIES OF THE COMMONWEALTH, 1911—cont.",ASIA—continued,AFRICA,False,True,True,1,,False,
1911_census_volume_ii_part_ii_birthplaces,1911 Census - Volume II - Part II Birthplaces.pdf,data\raw\abs_1911_census\1911 Census - Volume II - Part II Birthplaces.pdf,282,13,14,3 | 2 | 4,3,3,1,118,continues,"Total Population of the States and Territories of the Commonwealth, at the Census of 3rd April, 1911, classified according to Birthplace",,AMERICA,False,True,True,1,,False,
1911_census_volume_ii_part_ii_birthplaces,1911 Census - Volume II - Part II Birthplaces.pdf,data\raw\abs_1911_census\1911 Census - Volume II - Part II Birthplaces.pdf,282,14,15,4 | 3 | 5,3 | 4,3,2,119,boundary_multiple_tables,"3.—TOTAL POPULATION OF STATES AND TERRITORIES OF THE COMMONWEALTH, 1911—cont. | 4.—MALE POPULATION OF THE STATES AND NORTHERN TERRITORY OF THE COMMONWEALTH at the Census of 31st March, 1901, classified according to Birthplace",,,True,True,True,1,,False,
1911_census_volume_ii_part_ii_birthplaces,1911 Census - Volume II - Part II Birthplaces.pdf,data\raw\abs_1911_census\1911 Census - Volume II - Part II Birthplaces.pdf,282,15,16,4 | 3 | 5,4,3,1,120,ends,"4.—MALE POPULATION OF THE STATES AND NORTHERN TERRITORY, 1901—continued.",,,False,False,True,1,,False,
1911_census_volume_ii_part_ii_birthplaces,1911 Census - Volume II - Part II Birthplaces.pdf,data\raw\abs_1911_census\1911 Census - Volume II - Part II Birthplaces.pdf,282,16,17,5 | 4 | 6,5,3,1,121,complete_on_page,"Female Population of the States and Northern Territory of the Commonwealth, at the Census of 31st March, 1901, classified according to Birthplace",,,False,True,True,1,,False,
1911_census_volume_ii_part_ii_birthplaces,1911 Census - Volume II - Part II Birthplaces.pdf,data\raw\abs_1911_census\1911 Census - Volume II - Part II Birthplaces.pdf,282,17,18,6 | 5 | 7,5 | 6,3,2,122,boundary_multiple_tables,"Female Population of the States and Northern Territory of the Commonwealth, at the Census of 31st March, 1901, classified according to Birthplace | Total Population of the States and Northern Territory of the Commonwealth, at the Census of 31st March, 1901, classified according to Birthplace",,,True,True,True,1,,False,
1911_census_volume_ii_part_ii_birthplaces,1911 Census - Volume II - Part II Birthplaces.pdf,data\raw\abs_1911_census\1911 Census - Volume II - Part II Birthplaces.pdf,282,18,19,6 | 5 | 7,6,3,1,123,ends,"6.—TOTAL POPULATION OF THE STATES AND NORTHERN TERRITORY, 1901—continued.",,,False,True,True,1,,False,
1911_census_volume_ii_part_ii_birthplaces,1911 Census - Volume II - Part II Birthplaces.pdf,data\raw\abs_1911_census\1911 Census - Volume II - Part II Birthplaces.pdf,282,19,20,7 | 6 | 8,7,3,1,124,complete_on_page,"7.—MALE POPULATION OF THE STATES AND NORTHERN TERRITORY OF THE COMMONWEALTH, at the Census of 5th April, 1891, classified according to Birthplace",,,False,True,True,1,,False,
1911_census_volume_ii_part_ii_birthplaces,1911 Census - Volume II - Part II Birthplaces.pdf,data\raw\abs_1911_census\1911 Census - Volume II - Part II Birthplaces.pdf,282,20,21,8 | 7 | 9,7 | 8,3,2,125,boundary_multiple_tables,"7.—MALE POPULATION OF THE STATES AND NORTHERN TERRITORY, 1891—continued. | 8.—FEMALE POPULATION OF THE STATES AND NORTHERN TERRITORY OF THE COMMONWEALTH at the Census of 5th April, 1891, classified according to Birthplace",,,True,True,True,1,,False,
1911_census_volume_ii_part_ii_birthplaces,1911 Census - Volume II - Part II Birthplaces.pdf,data\raw\abs_1911_census\1911 Census - Volume II - Part II Birthplaces.pdf,282,21,22,8 | 7 | 9,8,3,1,126,ends,"8.—FEMALE POPULATION OF THE STATES AND NORTHERN TERRITORY, 1891—continued.",,EUROPE,False,True,True,1,,False,
1911_census_volume_ii_part_ii_birthplaces,1911 Census - Volume II - Part II Birthplaces.pdf,data\raw\abs_1911_census\1911 Census - Volume II - Part II Birthplaces.pdf,282,22,23,9 | 8 | 10,9,3,1,127,complete_on_page,"9.—TOTAL POPULATION OF THE STATES AND NORTHERN TERRITORY OF THE COMMONWEALTH, at the Census of 5th April, 1891, classified according to Birthplace",,,False,True,True,1,,False,
1911_census_volume_ii_part_ii_birthplaces,1911 Census - Volume II - Part II Birthplaces.pdf,data\raw\abs_1911_census\1911 Census - Volume II - Part II Birthplaces.pdf,282,23,24,10 | 9 | 11,9 | 10,3,2,128,boundary_multiple_tables,"9.—TOTAL POPULATION OF THE STATES AND NORTHERN TERRITORY, 1891—continued. | 10.— COMPARATIVE STATEMENT OF THE POPULATION OF THE COMMONWEALTH at the Censuses of 1891, 1901, and 1911, classified according to Birthplace",,,True,True,True,1,,False,
1911_census_volume_ii_part_ii_birthplaces,1911 Census - Volume II - Part II Birthplaces.pdf,data\raw\abs_1911_census\1911 Census - Volume II - Part II Birthplaces.pdf,282,24,25,10 | 9 | 11,10,3,1,129,ends,10.—COMPARATIVE STATEMENT OF THE POPULATION OF THE COMMONWEALTH—continued.,,,False,True,True,1,,False,
1911_census_volume_ii_part_ii_birthplaces,1911 Census - Volume II - Part II Birthplaces.pdf,data\raw\abs_1911_census\1911 Census - Volume II - Part II Birthplaces.pdf,282,25,26,11 | 10 | 12,11,3,1,130,continues,"11.—MALE POPULATION OF THE COMMONWEALTH, AT THE CENSUS OF 3RD APRIL, 1911, (EXCLUSIVE OF FULL-BLOOD ABORIGINALS)",,AUSTRALASIA,False,True,True,1,,False,
1911_census_volume_ii_part_ii_birthplaces,1911 Census - Volume II - Part II Birthplaces.pdf,data\raw\abs_1911_census\1911 Census - Volume II - Part II Birthplaces.pdf,282,26,27,11 | 10 | 12,11,3,1,131,ends,"Male Population of the Commonwealth, at the Census of 3rd April, 1911, classified according to Birthplace and Age",,,False,False,True,1,,False,
1911_census_volume_ii_part_ii_birthplaces,1911 Census - Volume II - Part II Birthplaces.pdf,data\raw\abs_1911_census\1911 Census - Volume II - Part II Birthplaces.pdf,282,27,28,12 | 11 | 13,12,3,1,132,ends,"12.—FEMALE POPULATION OF THE COMMONWEALTH, AT THE CENSUS OF 3RD APRIL, 1911, CLASSIFIED ACCORDING TO BIRTHPLACE AND AGE",,,False,True,True,1,,False,
1911_census_volume_ii_part_ii_birthplaces,1911 Census - Volume II - Part II Birthplaces.pdf,data\raw\abs_1911_census\1911 Census - Volume II - Part II Birthplaces.pdf,282,28,29,12 | 11 | 13,13,3,1,133,starts,"Total Population of the Commonwealth, at the Census of 3rd April, 1911, classified according to Birthplace and Age",,,False,True,True,1,,False,
1911_census_volume_ii_part_ii_birthplaces,1911 Census - Volume II - Part II Birthplaces.pdf,data\raw\abs_1911_census\1911 Census - Volume II - Part II Birthplaces.pdf,282,29,30,13 | 12 | 14,13,3,1,134,ends,"13.—TOTAL POPULATION OF THE Commonwealth, at the Census of 3rd April, 1911, classified according to Birthplace and Age",,,False,True,True,1,,False,
1911_census_volume_ii_part_ii_birthplaces,1911 Census - Volume II - Part II Birthplaces.pdf,data\raw\abs_1911_census\1911 Census - Volume II - Part II Birthplaces.pdf,282,30,31,13 | 12 | 14,,3,0,135,non_table,COMMONWEALTH OF AUSTRALIA classified according to Birthplace and Age Abodiginal Aborigines,,,False,True,True,0.9,"The page contains a table, but it is not one of the candidate tables provided in the prompt (Table 13, 12, or 14).",False,
1911_census_volume_ii_part_ii_birthplaces,1911 Census - Volume II - Part II Birthplaces.pdf,data\raw\abs_1911_census\1911 Census - Volume II - Part II Birthplaces.pdf,282,31,32,14 | 13 | 15,14,3,1,136,ends,"14.—MALE POPULATION OF THE at the Census of 3rd April, 1911, (Exclusive of Full-",,,False,True,True,1,,False,
1911_census_volume_ii_part_ii_birthplaces,1911 Census - Volume II - Part II Birthplaces.pdf,data\raw\abs_1911_census\1911 Census - Volume II - Part II Birthplaces.pdf,282,32,33,14 | 13 | 15,15,3,1,137,continues,"Female Population of the State of New South Wales, at the Census of 3rd April, 1911, classified according to Birthplace and Age",,STATE OF NEW SOUTH WALES,False,False,True,1,,False,
1911_census_volume_ii_part_ii_birthplaces,1911 Census - Volume II - Part II Birthplaces.pdf,data\raw\abs_1911_census\1911 Census - Volume II - Part II Birthplaces.pdf,282,33,34,15 | 14 | 16,15,3,1,138,continues,"15. FEMALE POPULATION OF THE STATE OF NEW SOUTH WALES, AT THE CENSUS OF 3RD APRIL, 1911, (EXCLUSIVE OF FULL-BLOOD ABORIGINALS)",,,False,True,True,1,,False,
1911_census_volume_ii_part_ii_birthplaces,1911 Census - Volume II - Part II Birthplaces.pdf,data\raw\abs_1911_census\1911 Census - Volume II - Part II Birthplaces.pdf,282,34,35,15 | 14 | 16,16,3,1,139,starts,"Total Population of the State of New South Wales, at the Census of 3rd April, 1911, classified according to Birthplace and Age",,,False,True,True,1,,False,
1911_census_volume_ii_part_ii_birthplaces,1911 Census - Volume II - Part II Birthplaces.pdf,data\raw\abs_1911_census\1911 Census - Volume II - Part II Birthplaces.pdf,282,35,36,16 | 15 | 17,16,3,1,140,ends,"Total Population of the State of New South Wales, at the Census of 3rd April, 1911, classified according to Birthplace and Age",,,False,True,True,1,,False,
1911_census_volume_ii_part_ii_birthplaces,1911 Census - Volume II - Part II Birthplaces.pdf,data\raw\abs_1911_census\1911 Census - Volume II - Part II Birthplaces.pdf,282,36,37,16 | 15 | 17,16,3,1,141,ends,"Total Population of the State of New South Wales, at the Census of 3rd April, 1911, classified according to Birthplace and Age",,,False,True,True,1,,False,
1911_census_volume_ii_part_ii_birthplaces,1911 Census - Volume II - Part II Birthplaces.pdf,data\raw\abs_1911_census\1911 Census - Volume II - Part II Birthplaces.pdf,282,37,38,17 | 16 | 18,17,3,1,142,continues,"17.—MALE POPULATION of the Census of 3rd April, 1911, (Exclusive of Full-",,,False,True,True,1,,False,
1911_census_volume_ii_part_ii_birthplaces,1911 Census - Volume II - Part II Birthplaces.pdf,data\raw\abs_1911_census\1911 Census - Volume II - Part II Birthplaces.pdf,282,38,39,17 | 16 | 18,18,3,1,143,continues,"Female Population of the State of Victoria, at the Census of 3rd April, 1911, classified according to Birthplace and Age",,,False,False,True,1,,False,
1911_census_volume_ii_part_ii_birthplaces,1911 Census - Volume II - Part II Birthplaces.pdf,data\raw\abs_1911_census\1911 Census - Volume II - Part II Birthplaces.pdf,282,39,40,18 | 17 | 19,18,3,1,144,ends,"18. FEMALE POPULATION of the Census of 3rd April, 1911, (Exclusive of Full-",,,False,True,True,1,,False,
1911_census_volume_ii_part_ii_birthplaces,1911 Census - Volume II - Part II Birthplaces.pdf,data\raw\abs_1911_census\1911 Census - Volume II - Part II Birthplaces.pdf,282,40,41,18 | 17 | 19,18,3,1,145,ends,"Female Population of the State of Victoria, at the Census of 3rd April, 1911, classified according to Birthplace and Age",,,False,False,True,0.9,,False,
1911_census_volume_ii_part_ii_birthplaces,1911 Census - Volume II - Part II Birthplaces.pdf,data\raw\abs_1911_census\1911 Census - Volume II - Part II Birthplaces.pdf,282,41,42,19 | 18 | 20,19,3,1,146,ends,"Total Population of the State of Victoria, at the Census of 3rd April, 1911, classified according to Birthplace and Age",,,False,True,True,1,,False,
1911_census_volume_ii_part_ii_birthplaces,1911 Census - Volume II - Part II Birthplaces.pdf,data\raw\abs_1911_census\1911 Census - Volume II - Part II Birthplaces.pdf,282,42,43,19 | 18 | 20,19,3,1,147,ends,"Total Population of the State of Victoria, at the Census of 3rd April, 1911, classified according to Birthplace and Age",,,False,False,True,1,,False,
1911_census_volume_ii_part_ii_birthplaces,1911 Census - Volume II - Part II Birthplaces.pdf,data\raw\abs_1911_census\1911 Census - Volume II - Part II Birthplaces.pdf,282,43,44,20 | 19 | 21,20,3,1,148,continues,"20. MALE POPULATION OF THE STATE OF QUEENSLAND, AT THE CENSUS OF 3RD APRIL, 1911, (EXCLUSIVE OF FULL-BLOOD ABORIGINALS)",,,False,True,True,1,,False,
1911_census_volume_ii_part_ii_birthplaces,1911 Census - Volume II - Part II Birthplaces.pdf,data\raw\abs_1911_census\1911 Census - Volume II - Part II Birthplaces.pdf,282,44,45,20 | 19 | 21,21,3,1,149,starts,"Female Population of the State of Queensland, at the Census of 3rd April, 1911, classified according to Birthplace and Age",,,False,True,True,1,,False,
1911_census_volume_ii_part_ii_birthplaces,1911 Census - Volume II - Part II Birthplaces.pdf,data\raw\abs_1911_census\1911 Census - Volume II - Part II Birthplaces.pdf,282,45,46,21 | 20 | 22,21,3,1,150,continues,"21.—FEMALE POPULATION at the Census of 3rd April, 1911, (Exclusive of Full-",,,False,True,True,1,,False,
1911_census_volume_ii_part_ii_birthplaces,1911 Census - Volume II - Part II Birthplaces.pdf,data\raw\abs_1911_census\1911 Census - Volume II - Part II Birthplaces.pdf,282,46,47,21 | 20 | 22,21,3,1,151,ends,"Female Population of the State of Queensland, at the Census of 3rd April, 1911, classified according to Birthplace and Age",,,False,False,True,0.9,"The page title is partially obscured/truncated in the document header, but the content matches the end of Table 21.",False,
1911_census_volume_ii_part_ii_birthplaces,1911 Census - Volume II - Part II Birthplaces.pdf,data\raw\abs_1911_census\1911 Census - Volume II - Part II Birthplaces.pdf,282,47,48,22 | 21 | 23,22,3,1,152,ends,"22. TOTAL POPULATION at the Census of 3rd April, 1911, (Exclusive of Full-)",,,False,True,True,1,,False,
1911_census_volume_ii_part_ii_birthplaces,1911 Census - Volume II - Part II Birthplaces.pdf,data\raw\abs_1911_census\1911 Census - Volume II - Part II Birthplaces.pdf,282,48,49,22 | 21 | 23,,3,0,153,non_table,,,,False,False,True,1,"The page contains a table, but it does not match any of the provided candidate table numbers (21, 22, 23). The table on this page appears to be a continuation of a table for Queensland, but it is not one of the candidates provided.",False,
1911_census_volume_ii_part_ii_birthplaces,1911 Census - Volume II - Part II Birthplaces.pdf,data\raw\abs_1911_census\1911 Census - Volume II - Part II Birthplaces.pdf,282,49,50,23 | 22 | 24,23,3,1,154,continues,"23. MALE POPULATION at the Census of 3rd April, 1911, (Exclusive of Full-",,,False,True,True,1,,False,
1911_census_volume_ii_part_ii_birthplaces,1911 Census - Volume II - Part II Birthplaces.pdf,data\raw\abs_1911_census\1911 Census - Volume II - Part II Birthplaces.pdf,282,50,51,23 | 22 | 24,23,3,1,155,ends,"Male Population of the State of South Australia, at the Census of 3rd April, 1911, classified according to Birthplace and Age",,OF THE STATE OF SOUTH AUSTRALIA classified according to Birthplace and Age,False,False,True,1,,False,
1911_census_volume_ii_part_ii_birthplaces,1911 Census - Volume II - Part II Birthplaces.pdf,data\raw\abs_1911_census\1911 Census - Volume II - Part II Birthplaces.pdf,282,51,52,24 | 23 | 25,24,3,1,156,continues,"24.—FEMALE POPULATION of the State of South Australia, at the Census of 3rd April, 1911",,,False,True,True,1,,False,
1911_census_volume_ii_part_ii_birthplaces,1911 Census - Volume II - Part II Birthplaces.pdf,data\raw\abs_1911_census\1911 Census - Volume II - Part II Birthplaces.pdf,282,52,53,24 | 23 | 25,25,3,1,157,starts,"Total Population of the State of South Australia, at the Census of 3rd April, 1911, classified according to Birthplace and Age",,,False,True,True,1,,False,
1911_census_volume_ii_part_ii_birthplaces,1911 Census - Volume II - Part II Birthplaces.pdf,data\raw\abs_1911_census\1911 Census - Volume II - Part II Birthplaces.pdf,282,53,54,25 | 24 | 26,25,3,1,158,continues,"25.—TOTAL POPULATION of the Census of 3rd April, 1911, (Exclusive of Full-",,,False,True,True,1,,False,
1911_census_volume_ii_part_ii_birthplaces,1911 Census - Volume II - Part II Birthplaces.pdf,data\raw\abs_1911_census\1911 Census - Volume II - Part II Birthplaces.pdf,282,54,55,25 | 24 | 26,25,3,1,159,ends,"Total Population of the State of South Australia, at the Census of 3rd April, 1911, classified according to Birthplace and Age",,,False,False,True,1,,False,
1911_census_volume_ii_part_ii_birthplaces,1911 Census - Volume II - Part II Birthplaces.pdf,data\raw\abs_1911_census\1911 Census - Volume II - Part II Birthplaces.pdf,282,55,56,26 | 25 | 27,26,3,1,160,continues,"26.—MALE POPULATION OF THE STATE OF WESTERN AUSTRALIA, AT THE CENSUS OF 3RD APRIL, 1911, (EXCLUSIVE OF FULL-BLOOD ABORIGINALS)",,,False,True,True,1,,False,
1911_census_volume_ii_part_ii_birthplaces,1911 Census - Volume II - Part II Birthplaces.pdf,data\raw\abs_1911_census\1911 Census - Volume II - Part II Birthplaces.pdf,282,56,57,26 | 25 | 27,26,3,1,161,ends,"Male Population of the State of Western Australia, at the Census of 3rd April, 1911, classified according to Birthplace and Age",,,False,False,True,1,,False,
1911_census_volume_ii_part_ii_birthplaces,1911 Census - Volume II - Part II Birthplaces.pdf,data\raw\abs_1911_census\1911 Census - Volume II - Part II Birthplaces.pdf,282,57,58,27 | 26 | 28,27,3,1,162,continues,"27. FEMALE POPULATION OF THE STATE OF WESTERN AUSTRALIA, AT THE CENSUS OF 3RD APRIL, 1911",,,False,True,True,1,,False,
1911_census_volume_ii_part_ii_birthplaces,1911 Census - Volume II - Part II Birthplaces.pdf,data\raw\abs_1911_census\1911 Census - Volume II - Part II Birthplaces.pdf,282,58,59,27 | 26 | 28,28,3,1,163,starts,"Total Population of the State of Western Australia, at the Census of 3rd April, 1911, classified according to Birthplace and Age",,STATE OF WESTERN AUSTRALIA,False,True,True,1,,False,
1911_census_volume_ii_part_ii_birthplaces,1911 Census - Volume II - Part II Birthplaces.pdf,data\raw\abs_1911_census\1911 Census - Volume II - Part II Birthplaces.pdf,282,59,60,28 | 27 | 29,28,3,1,164,continues,"28. TOTAL POPULATION OF THE at the Census of 3rd April, 1911, (Exclusive of Full-",,,False,True,True,1,,False,
1911_census_volume_ii_part_ii_birthplaces,1911 Census - Volume II - Part II Birthplaces.pdf,data\raw\abs_1911_census\1911 Census - Volume II - Part II Birthplaces.pdf,282,60,61,28 | 27 | 29,,3,0,165,non_table,,,STATE OF WESTERN AUSTRALIA,False,False,True,0.9,"The page contains a table of Western Australia population by birthplace and age, but it is not one of the candidate tables provided (27, 28, 29).",False,
1911_census_volume_ii_part_ii_birthplaces,1911 Census - Volume II - Part II Birthplaces.pdf,data\raw\abs_1911_census\1911 Census - Volume II - Part II Birthplaces.pdf,282,61,62,29 | 28 | 30,29,3,1,166,continues,"29. MALE POPULATION OF THE STATE OF TASMANIA, AT THE CENSUS OF 3RD APRIL, 1911, CLASSIFIED ACCORDING TO BIRTHPLACE AND AGE",,,False,True,True,1,,False,
1911_census_volume_ii_part_ii_birthplaces,1911 Census - Volume II - Part II Birthplaces.pdf,data\raw\abs_1911_census\1911 Census - Volume II - Part II Birthplaces.pdf,282,62,63,29 | 28 | 30,30,3,1,167,starts,"Female Population of the State of Tasmania, at the Census of 3rd April, 1911, classified according to Birthplace and Age",,THE STATE OF TASMANIA,False,True,True,1,,False,
1911_census_volume_ii_part_ii_birthplaces,1911 Census - Volume II - Part II Birthplaces.pdf,data\raw\abs_1911_census\1911 Census - Volume II - Part II Birthplaces.pdf,282,63,64,30 | 29 | 31,30,3,1,168,ends,"30. FEMALE POPULATION OF the Census of 3rd April, 1911, (Exclusive of Full-",,,False,True,True,1,,False,
1911_census_volume_ii_part_ii_birthplaces,1911 Census - Volume II - Part II Birthplaces.pdf,data\raw\abs_1911_census\1911 Census - Volume II - Part II Birthplaces.pdf,282,64,65,30 | 29 | 31,31,3,1,169,starts,"Total Population of the State of Tasmania, at the Census of 3rd April, 1911, classified according to Birthplace and Age",,,False,True,True,1,,False,
1911_census_volume_ii_part_ii_birthplaces,1911 Census - Volume II - Part II Birthplaces.pdf,data\raw\abs_1911_census\1911 Census - Volume II - Part II Birthplaces.pdf,282,65,66,31 | 30 | 32,31,3,1,170,ends,"31. TOTAL POPULATION OF the State of Tasmania, at the Census of 3rd April, 1911, (Exclusive of Full-",,,False,True,True,1,,False,
1911_census_volume_ii_part_ii_birthplaces,1911 Census - Volume II - Part II Birthplaces.pdf,data\raw\abs_1911_census\1911 Census - Volume II - Part II Birthplaces.pdf,282,66,67,31 | 30 | 32,31,3,1,171,ends,"Total Population of the State of Tasmania, at the Census of 3rd April, 1911, classified according to Birthplace and Age",,THE STATE OF TASMANIA,False,False,True,1,,False,
1911_census_volume_ii_part_ii_birthplaces,1911 Census - Volume II - Part II Birthplaces.pdf,data\raw\abs_1911_census\1911 Census - Volume II - Part II Birthplaces.pdf,282,67,68,32 | 31 | 33,32,3,1,172,continues,"32. MALE POPULATION of the Northern Territory, at the Census of 3rd April, 1911, classified according to Birthplace and Age",,,False,True,True,1,,False,
1911_census_volume_ii_part_ii_birthplaces,1911 Census - Volume II - Part II Birthplaces.pdf,data\raw\abs_1911_census\1911 Census - Volume II - Part II Birthplaces.pdf,282,68,69,32 | 31 | 33,33,3,1,173,starts,"Female Population of the Northern Territory, at the Census of 3rd April, 1911, classified according to Birthplace and Age",,THE NORTHERN TERRITORY,False,True,True,1,,False,
1911_census_volume_ii_part_ii_birthplaces,1911 Census - Volume II - Part II Birthplaces.pdf,data\raw\abs_1911_census\1911 Census - Volume II - Part II Birthplaces.pdf,282,69,70,33 | 32 | 34,33,3,1,174,ends,"33.—FEMALE POPULATION OF the Census of 3rd April, 1911, (Exclusive of Full-",,,False,True,True,1,,False,
1911_census_volume_ii_part_ii_birthplaces,1911 Census - Volume II - Part II Birthplaces.pdf,data\raw\abs_1911_census\1911 Census - Volume II - Part II Birthplaces.pdf,282,70,71,33 | 32 | 34,34,3,1,175,continues,"Total Population of the Northern Territory, at the Census of 3rd April, 1911, classified according to Birthplace and Age",,THE NORTHERN TERRITORY,False,False,True,0.9,"The page content corresponds to Table 34, but the table title is partially obscured/truncated in the header area.",False,
1911_census_volume_ii_part_ii_birthplaces,1911 Census - Volume II - Part II Birthplaces.pdf,data\raw\abs_1911_census\1911 Census - Volume II - Part II Birthplaces.pdf,282,71,72,34 | 33 | 35,34,3,1,176,ends,"34.—TOTAL POPULATION of the Census of 3rd April, 1911, (Exclusive of Full-",,,False,True,True,1,,False,
1911_census_volume_ii_part_ii_birthplaces,1911 Census - Volume II - Part II Birthplaces.pdf,data\raw\abs_1911_census\1911 Census - Volume II - Part II Birthplaces.pdf,282,72,73,34 | 33 | 35,,3,0,177,non_table,,,THE NORTHERN TERRITORY classified according to Birthplace and Age (excluding full-blooded Aboriginals),False,True,True,0.9,"The page contains a table for the Northern Territory, but it is not one of the candidate tables provided (33, 34, or 35). The table on this page appears to be a continuation or a specific subset (excluding full-blooded Aboriginals) not explicitly listed in the candidates.",False,
1911_census_volume_ii_part_ii_birthplaces,1911 Census - Volume II - Part II Birthplaces.pdf,data\raw\abs_1911_census\1911 Census - Volume II - Part II Birthplaces.pdf,282,73,74,35 | 34 | 36,35,3,1,178,continues,"35.—MALE POPULATION OF the Census of 3rd April, 1911, (Exclusive of Full-",,,False,True,True,1,,False,
1911_census_volume_ii_part_ii_birthplaces,1911 Census - Volume II - Part II Birthplaces.pdf,data\raw\abs_1911_census\1911 Census - Volume II - Part II Birthplaces.pdf,282,74,75,35 | 34 | 36,36,3,1,179,starts,"Female Population of the Federal Capital Territory, at the Census of 3rd April, 1911, classified according to Birthplace and Age",,THE FEDERAL CAPITAL TERRITORY,False,True,True,1,,False,
1911_census_volume_ii_part_ii_birthplaces,1911 Census - Volume II - Part II Birthplaces.pdf,data\raw\abs_1911_census\1911 Census - Volume II - Part II Birthplaces.pdf,282,75,76,36 | 35 | 37,36,3,1,180,complete_on_page,"36. FEMALE POPULATION OF the Census of 3rd April, 1911, (Exclusive of Full-",,,False,True,True,1,,False,
1911_census_volume_ii_part_ii_birthplaces,1911 Census - Volume II - Part II Birthplaces.pdf,data\raw\abs_1911_census\1911 Census - Volume II - Part II Birthplaces.pdf,282,76,77,36 | 35 | 37,37,3,1,181,starts,"Total Population of the Federal Capital Territory, at the Census of 3rd April, 1911, classified according to Birthplace and Age",,,False,True,True,1,,False,
1911_census_volume_ii_part_ii_birthplaces,1911 Census - Volume II - Part II Birthplaces.pdf,data\raw\abs_1911_census\1911 Census - Volume II - Part II Birthplaces.pdf,282,77,78,37 | 36 | 38,37,3,1,182,ends,"37. TOTAL POPULATION OF the Census of 3rd April, 1911, (Exclusive of Full-",,,False,True,True,1,,False,
1911_census_volume_ii_part_ii_birthplaces,1911 Census - Volume II - Part II Birthplaces.pdf,data\raw\abs_1911_census\1911 Census - Volume II - Part II Birthplaces.pdf,282,78,79,37 | 36 | 38,37,3,1,183,ends,"Total Population of the Federal Capital Territory, at the Census of 3rd April, 1911, classified according to Birthplace and Age",,THE FEDERAL CAPITAL TERRITORY classified according to Birthplace and Age blooded Aboriginals,False,True,True,1,,False,
1911_census_volume_ii_part_ii_birthplaces,1911 Census - Volume II - Part II Birthplaces.pdf,data\raw\abs_1911_census\1911 Census - Volume II - Part II Birthplaces.pdf,282,79,80,38 | 37 | 39,38,3,1,184,complete_on_page,"38.—MALE POPULATION OF THE at the Census of 3rd April, 1911, classified according to Birthplace, (Exclusive of Full-",,,False,True,True,1,,False,
1911_census_volume_ii_part_ii_birthplaces,1911 Census - Volume II - Part II Birthplaces.pdf,data\raw\abs_1911_census\1911 Census - Volume II - Part II Birthplaces.pdf,282,80,81,38 | 37 | 39,39,3,1,185,starts,"Female Population of the Commonwealth, at the Census of 3rd April, 1911, classified according to Birthplace, Nationality, Length of Residence, Education, and Conjugal Condition",,,False,True,True,1,,False,
1911_census_volume_ii_part_ii_birthplaces,1911 Census - Volume II - Part II Birthplaces.pdf,data\raw\abs_1911_census\1911 Census - Volume II - Part II Birthplaces.pdf,282,81,82,39 | 38 | 40,39,3,1,186,continues,"39.—FEMALE POPULATION OF THE at the Census of 3rd April, 1911, classified according to Birthplace, (Exclusive of Full-",,,False,True,True,1,,False,
1911_census_volume_ii_part_ii_birthplaces,1911 Census - Volume II - Part II Birthplaces.pdf,data\raw\abs_1911_census\1911 Census - Volume II - Part II Birthplaces.pdf,282,82,83,39 | 38 | 40,40,3,1,187,starts,"Total Population of the Commonwealth, at the Census of 3rd April, 1911, classified according to Birthplace, Nationality, Length of Residence, Education, and Conjugal Condition",,,False,True,True,1,,False,
1911_census_volume_ii_part_ii_birthplaces,1911 Census - Volume II - Part II Birthplaces.pdf,data\raw\abs_1911_census\1911 Census - Volume II - Part II Birthplaces.pdf,282,83,84,40 | 39 | 41,40,3,1,188,ends,"40.--TOTAL POPULATION OF THE at the Census of 3rd April, 1911, classified according to Birthplace, (Exclusive of Full-",,,False,True,True,1,,False,
1911_census_volume_ii_part_ii_birthplaces,1911 Census - Volume II - Part II Birthplaces.pdf,data\raw\abs_1911_census\1911 Census - Volume II - Part II Birthplaces.pdf,282,84,85,40 | 39 | 41,40,3,1,189,ends,"Total Population of the Commonwealth, at the Census of 3rd April, 1911, classified according to Birthplace, Nationality, Length of Residence, Education, and Conjugal Condition",,,False,False,True,1,,False,
1911_census_volume_ii_part_ii_birthplaces,1911 Census - Volume II - Part II Birthplaces.pdf,data\raw\abs_1911_census\1911 Census - Volume II - Part II Birthplaces.pdf,282,85,86,41 | 40 | 42,41,3,1,190,continues,"41.—MALE POPULATION OF THE at the Census of 3rd April, 1911, classified according to Birthplace, (Exclusive of Full-",,,False,True,True,1,,False,
1911_census_volume_ii_part_ii_birthplaces,1911 Census - Volume II - Part II Birthplaces.pdf,data\raw\abs_1911_census\1911 Census - Volume II - Part II Birthplaces.pdf,282,86,87,41 | 40 | 42,42,3,1,191,starts,"Female Population of the State of New South Wales, at the Census of 3rd April, 1911, classified according to Birthplace, Nationality, Length of Residence, Education, and Conjugal Condition",,STATE OF NEW SOUTH WALES,False,True,True,1,,False,
1911_census_volume_ii_part_ii_birthplaces,1911 Census - Volume II - Part II Birthplaces.pdf,data\raw\abs_1911_census\1911 Census - Volume II - Part II Birthplaces.pdf,282,87,88,42 | 41 | 43,42,3,1,192,ends,"42. FEMALE POPULATION OF THE at the Census of 3rd April, 1911, classified according to Birthplace, (Exclusive of Full-",,,False,True,True,1,,False,
1911_census_volume_ii_part_ii_birthplaces,1911 Census - Volume II - Part II Birthplaces.pdf,data\raw\abs_1911_census\1911 Census - Volume II - Part II Birthplaces.pdf,282,88,89,42 | 41 | 43,43,3,1,193,starts,"Total Population of the State of New South Wales, at the Census of 3rd April, 1911, classified according to Birthplace, Nationality, Length of Residence, Education, and Conjugal Condition",,STATE OF NEW SOUTH WALES,False,True,True,1,,False,
1911_census_volume_ii_part_ii_birthplaces,1911 Census - Volume II - Part II Birthplaces.pdf,data\raw\abs_1911_census\1911 Census - Volume II - Part II Birthplaces.pdf,282,89,90,43 | 42 | 44,43,3,1,194,continues,"43.—TOTAL POPULATION OF THE at the Census of 3rd April, 1911, classified according to Birthplace,",,,False,True,True,1,,False,
1911_census_volume_ii_part_ii_birthplaces,1911 Census - Volume II - Part II Birthplaces.pdf,data\raw\abs_1911_census\1911 Census - Volume II - Part II Birthplaces.pdf,282,90,91,43 | 42 | 44,43,3,1,195,ends,"Total Population of the State of New South Wales, at the Census of 3rd April, 1911, classified according to Birthplace, Nationality, Length of Residence, Education, and Conjugal Condition",,,False,True,True,1,,False,
1911_census_volume_ii_part_ii_birthplaces,1911 Census - Volume II - Part II Birthplaces.pdf,data\raw\abs_1911_census\1911 Census - Volume II - Part II Birthplaces.pdf,282,91,92,44 | 43 | 45,44,3,1,196,continues,"44.-MALE POPULATION OF THE STATE OF VICTORIA, AT THE CENSUS OF 3RD APRIL, 1911, CLASSIFIED ACCORDING TO BIRTHPLACE, NATIONALITY, LENGTH OF RESIDENCE, EDUCATION, AND CONJUGAL CONDITION",,,False,True,True,1,,False,
1911_census_volume_ii_part_ii_birthplaces,1911 Census - Volume II - Part II Birthplaces.pdf,data\raw\abs_1911_census\1911 Census - Volume II - Part II Birthplaces.pdf,282,92,93,44 | 43 | 45,45,3,1,197,starts,"Female Population of the State of Victoria, at the Census of 3rd April, 1911, classified according to Birthplace, Nationality, Length of Residence, Education, and Conjugal Condition",,THE STATE OF VICTORIA,False,True,True,1,,False,
1911_census_volume_ii_part_ii_birthplaces,1911 Census - Volume II - Part II Birthplaces.pdf,data\raw\abs_1911_census\1911 Census - Volume II - Part II Birthplaces.pdf,282,93,94,45 | 44 | 46,45,3,1,198,complete_on_page,"45. FEMALE POPULATION OF the State of Victoria, at the Census of 3rd April, 1911, classified according to Birthplace, Nationality, Length of Residence, Education, and Conjugal Condition",,,False,True,True,1,,False,
1911_census_volume_ii_part_ii_birthplaces,1911 Census - Volume II - Part II Birthplaces.pdf,data\raw\abs_1911_census\1911 Census - Volume II - Part II Birthplaces.pdf,282,94,95,45 | 44 | 46,46,3,1,199,starts,"Total Population of the State of Victoria, at the Census of 3rd April, 1911, classified according to Birthplace, Nationality, Length of Residence, Education, and Conjugal Condition",,,False,True,True,1,,False,
1911_census_volume_ii_part_ii_birthplaces,1911 Census - Volume II - Part II Birthplaces.pdf,data\raw\abs_1911_census\1911 Census - Volume II - Part II Birthplaces.pdf,282,95,96,46 | 45 | 47,46,3,1,200,complete_on_page,"46.—TOTAL POPULATION OF the Census of 3rd April, 1911, classified according to Birthplace, (Exclusive of Full-",,,False,True,True,1,,False,
1911_census_volume_ii_part_ii_birthplaces,1911 Census - Volume II - Part II Birthplaces.pdf,data\raw\abs_1911_census\1911 Census - Volume II - Part II Birthplaces.pdf,282,96,97,46 | 45 | 47,,3,0,201,non_table,,,THE STATE OF VICTORIA,False,True,True,0.9,"The page contains a table for the State of Victoria, but it does not match the candidate table numbers provided (45, 46, 47) which are for different page spans.",False,
1911_census_volume_ii_part_ii_birthplaces,1911 Census - Volume II - Part II Birthplaces.pdf,data\raw\abs_1911_census\1911 Census - Volume II - Part II Birthplaces.pdf,282,97,98,47 | 46 | 48,47,3,1,202,complete_on_page,"47.—MALE POPULATION OF the Census of 3rd April, 1911, classified according to Birthplace, (Exclusive of Full-",,,False,True,True,1,,False,
1911_census_volume_ii_part_ii_birthplaces,1911 Census - Volume II - Part II Birthplaces.pdf,data\raw\abs_1911_census\1911 Census - Volume II - Part II Birthplaces.pdf,282,98,99,47 | 46 | 48,48,3,1,203,starts,"Female Population of the State of Queensland, at the Census of 3rd April, 1911, classified according to Birthplace, Nationality, Length of Residence, Education, and Conjugal Condition",,,False,True,True,1,,False,
1911_census_volume_ii_part_ii_birthplaces,1911 Census - Volume II - Part II Birthplaces.pdf,data\raw\abs_1911_census\1911 Census - Volume II - Part II Birthplaces.pdf,282,99,100,48 | 47 | 49,48,3,1,204,ends,"48.—FEMALE POPULATION OF the Census of 3rd April, 1911, classified according to Birthplace, (Exclusive of Full-",,,False,True,True,1,,False,
1911_census_volume_ii_part_ii_birthplaces,1911 Census - Volume II - Part II Birthplaces.pdf,data\raw\abs_1911_census\1911 Census - Volume II - Part II Birthplaces.pdf,282,100,101,48 | 47 | 49,49,3,1,205,starts,"Total Population of the State of Queensland, at the Census of 3rd April, 1911, classified according to Birthplace, Nationality, Length of Residence, Education, and Conjugal Condition",,THE STATE OF QUEENSLAND,False,True,True,1,,False,
1911_census_volume_ii_part_ii_birthplaces,1911 Census - Volume II - Part II Birthplaces.pdf,data\raw\abs_1911_census\1911 Census - Volume II - Part II Birthplaces.pdf,282,101,102,49 | 48 | 50,49,3,1,206,ends,"49.—TOTAL POPULATION OF at the Census of 3rd April, 1911, classified according to Birthplace, (Exclusive of Full-",,,False,True,True,1,,False,
1911_census_volume_ii_part_ii_birthplaces,1911 Census - Volume II - Part II Birthplaces.pdf,data\raw\abs_1911_census\1911 Census - Volume II - Part II Birthplaces.pdf,282,102,103,49 | 48 | 50,,3,0,207,non_table,"THE STATE OF QUEENSLAND | Nationality, Length of Residence, Education, and Conjugal Condition",,,False,True,True,0.9,"The page contains a table for Queensland, but it is not one of the candidate table numbers provided (48, 49, 50).",False,
1911_census_volume_ii_part_ii_birthplaces,1911 Census - Volume II - Part II Birthplaces.pdf,data\raw\abs_1911_census\1911 Census - Volume II - Part II Birthplaces.pdf,282,103,104,50 | 49 | 51,50,3,1,208,ends,"50. — MALE POPULATION OF THE at the Census of 3rd April, 1911, classified according to Birthplace, (Exclusive of Full-",,,False,True,True,1,,False,
1911_census_volume_ii_part_ii_birthplaces,1911 Census - Volume II - Part II Birthplaces.pdf,data\raw\abs_1911_census\1911 Census - Volume II - Part II Birthplaces.pdf,282,104,105,50 | 49 | 51,51,3,1,209,starts,"Female Population of the State of South Australia, at the Census of 3rd April, 1911, classified according to Birthplace, Nationality, Length of Residence, Education, and Conjugal Condition",,STATE OF SOUTH AUSTRALIA,False,True,True,1,,False,
1911_census_volume_ii_part_ii_birthplaces,1911 Census - Volume II - Part II Birthplaces.pdf,data\raw\abs_1911_census\1911 Census - Volume II - Part II Birthplaces.pdf,282,105,106,51 | 50 | 52,51,3,1,210,ends,"51. - FEMALE POPULATION OF THE at the Census of 3rd April, 1911 classified according to Birthplace, (Exclusive of Full-",,,False,True,True,1,,False,
1911_census_volume_ii_part_ii_birthplaces,1911 Census - Volume II - Part II Birthplaces.pdf,data\raw\abs_1911_census\1911 Census - Volume II - Part II Birthplaces.pdf,282,106,107,51 | 50 | 52,52,3,1,211,starts,"Total Population of the State of South Australia, at the Census of 3rd April, 1911, classified according to Birthplace, Nationality, Length of Residence, Education, and Conjugal Condition",,STATE OF SOUTH AUSTRALIA,False,True,True,1,,False,
1911_census_volume_ii_part_ii_birthplaces,1911 Census - Volume II - Part II Birthplaces.pdf,data\raw\abs_1911_census\1911 Census - Volume II - Part II Birthplaces.pdf,282,107,108,52 | 51 | 53,52,3,1,212,ends,"52.—TOTAL POPULATION OF THE at the Census of 3rd April, 1911, classified according to Birthplace, (Exclusive of Full-",,,False,True,True,1,,False,
1911_census_volume_ii_part_ii_birthplaces,1911 Census - Volume II - Part II Birthplaces.pdf,data\raw\abs_1911_census\1911 Census - Volume II - Part II Birthplaces.pdf,282,108,109,52 | 51 | 53,,3,0,213,non_table,,,STATE OF SOUTH AUSTRALIA,False,False,True,0.9,"The page contains a table for South Australia, but it is not one of the provided candidate table numbers (51, 52, 53). The content appears to be a continuation of a table not listed in the candidates.",False,
1911_census_volume_ii_part_ii_birthplaces,1911 Census - Volume II - Part II Birthplaces.pdf,data\raw\abs_1911_census\1911 Census - Volume II - Part II Birthplaces.pdf,282,109,110,53 | 52 | 54,53,3,1,214,continues,"53. MALE POPULATION OF THE at the Census of 3rd April, 1911, classified according to Birthplace, (Exclusive of Full-",,,False,True,True,1,,False,
1911_census_volume_ii_part_ii_birthplaces,1911 Census - Volume II - Part II Birthplaces.pdf,data\raw\abs_1911_census\1911 Census - Volume II - Part II Birthplaces.pdf,282,110,111,53 | 52 | 54,54,3,1,215,starts,"Female Population of the State of Western Australia, at the Census of 3rd April, 1911, classified according to Birthplace, Nationality, Length of Residence, Education, and Conjugal Condition",,STATE OF WESTERN AUSTRALIA,False,True,True,1,,False,
1911_census_volume_ii_part_ii_birthplaces,1911 Census - Volume II - Part II Birthplaces.pdf,data\raw\abs_1911_census\1911 Census - Volume II - Part II Birthplaces.pdf,282,111,112,54 | 53 | 55,54,3,1,216,ends,"54. FEMALE POPULATION OF THE at the Census of 3rd April, 1911, classified according to Birthplace, (Exclusive of Full-",,,False,True,True,1,,False,
1911_census_volume_ii_part_ii_birthplaces,1911 Census - Volume II - Part II Birthplaces.pdf,data\raw\abs_1911_census\1911 Census - Volume II - Part II Birthplaces.pdf,282,112,113,54 | 53 | 55,55,3,1,217,starts,"Total Population of the State of Western Australia, at the Census of 3rd April, 1911, classified according to Birthplace, Nationality, Length of Residence, Education, and Conjugal Condition",,STATE OF WESTERN AUSTRALIA,False,True,True,1,,False,
1911_census_volume_ii_part_ii_birthplaces,1911 Census - Volume II - Part II Birthplaces.pdf,data\raw\abs_1911_census\1911 Census - Volume II - Part II Birthplaces.pdf,282,113,114,55 | 54 | 56,55,3,1,218,ends,"55.—TOTAL POPULATION OF THE STATE OF WESTERN AUSTRALIA, AT THE CENSUS OF 3RD APRIL, 1911, CLASSIFIED ACCORDING TO BIRTHPLACE, NATIONALITY, LENGTH OF RESIDENCE, EDUCATION, AND CONJUGAL CONDITION",,,False,True,True,1,,False,
1911_census_volume_ii_part_ii_birthplaces,1911 Census - Volume II - Part II Birthplaces.pdf,data\raw\abs_1911_census\1911 Census - Volume II - Part II Birthplaces.pdf,282,114,115,55 | 54 | 56,,3,0,219,non_table,,,STATE OF WESTERN AUSTRALIA,False,True,True,0.9,"The page contains a table for Western Australia, but it does not match the candidate table numbers provided for this document index (54, 55, 56).",False,
1911_census_volume_ii_part_ii_birthplaces,1911 Census - Volume II - Part II Birthplaces.pdf,data\raw\abs_1911_census\1911 Census - Volume II - Part II Birthplaces.pdf,282,115,116,56 | 55 | 57,56,3,1,220,ends,"56. MALE POPULATION OF the Census of 3rd April, 1911, classified according to Birthplace, (Exclusive of Full-)",,,False,True,True,1,,False,
1911_census_volume_ii_part_ii_birthplaces,1911 Census - Volume II - Part II Birthplaces.pdf,data\raw\abs_1911_census\1911 Census - Volume II - Part II Birthplaces.pdf,282,116,117,56 | 55 | 57,57,3,1,221,starts,"Female Population of the State of Tasmania, at the Census of 3rd April, 1911, classified according to Birthplace, Nationality, Length of Residence, Education, and Conjugal Condition",,THE STATE OF TASMANIA,False,True,True,1,,False,
1911_census_volume_ii_part_ii_birthplaces,1911 Census - Volume II - Part II Birthplaces.pdf,data\raw\abs_1911_census\1911 Census - Volume II - Part II Birthplaces.pdf,282,117,118,57 | 56 | 58,57,3,1,222,complete_on_page,"57.—FEMALE POPULATION OF the Census of 3rd April, 1911, classified according to Birthplace, (Exclusive of Full-",,,False,True,True,1,,False,
1911_census_volume_ii_part_ii_birthplaces,1911 Census - Volume II - Part II Birthplaces.pdf,data\raw\abs_1911_census\1911 Census - Volume II - Part II Birthplaces.pdf,282,118,119,57 | 56 | 58,58,3,1,223,starts,"Total Population of the State of Tasmania, at the Census of 3rd April, 1911, classified according to Birthplace, Nationality, Length of Residence, Education, and Conjugal Condition",,THE STATE OF TASMANIA,False,True,True,1,,False,
1911_census_volume_ii_part_ii_birthplaces,1911 Census - Volume II - Part II Birthplaces.pdf,data\raw\abs_1911_census\1911 Census - Volume II - Part II Birthplaces.pdf,282,119,120,58 | 57 | 59,58,3,1,224,ends,"58. TOTAL POPULATION OF the Census of 3rd April, 1911, classified according to Birthplace, (Exclusive of Full-)",,,False,True,True,1,,False,
1911_census_volume_ii_part_ii_birthplaces,1911 Census - Volume II - Part II Birthplaces.pdf,data\raw\abs_1911_census\1911 Census - Volume II - Part II Birthplaces.pdf,282,120,121,58 | 57 | 59,,3,0,225,non_table,,,THE STATE OF TASMANIA,False,True,True,0.9,"The page contains a table for Tasmania, but the candidate list provided only includes tables 57, 58, and 59. Table 58 is listed as spanning 119-120, but this page is 121. The content appears to be a continuation of the Tasmania tables, but does not match the provided candidate IDs.",False,
1911_census_volume_ii_part_ii_birthplaces,1911 Census - Volume II - Part II Birthplaces.pdf,data\raw\abs_1911_census\1911 Census - Volume II - Part II Birthplaces.pdf,282,121,122,59 | 58 | 60,59,3,1,226,ends,"59.—MALE POPULATION of the Northern Territory, at the Census of 3rd April, 1911, classified according to Birthplace, Nationality, Length of Residence, Education, and Conjugal Condition",,,False,True,True,1,,False,
1911_census_volume_ii_part_ii_birthplaces,1911 Census - Volume II - Part II Birthplaces.pdf,data\raw\abs_1911_census\1911 Census - Volume II - Part II Birthplaces.pdf,282,122,123,59 | 58 | 60,60,3,1,227,starts,"Female Population of the Northern Territory, at the Census of 3rd April, 1911, classified according to Birthplace, Nationality, Length of Residence, Education, and Conjugal Condition",,THE NORTHERN TERRITORY,False,True,True,1,,False,
1911_census_volume_ii_part_ii_birthplaces,1911 Census - Volume II - Part II Birthplaces.pdf,data\raw\abs_1911_census\1911 Census - Volume II - Part II Birthplaces.pdf,282,123,124,60 | 59 | 61,60,3,1,228,ends,"60.-FEMALE POPULATION of the Northern Territory, at the Census of 3rd April, 1911, classified according to Birthplace, Nationality, Length of Residence, Education, and Conjugal Condition",,,False,True,True,1,,False,
1911_census_volume_ii_part_ii_birthplaces,1911 Census - Volume II - Part II Birthplaces.pdf,data\raw\abs_1911_census\1911 Census - Volume II - Part II Birthplaces.pdf,282,124,125,60 | 59 | 61,61,3,1,229,starts,"Total Population of the Northern Territory, at the Census of 3rd April, 1911, classified according to Birthplace, Nationality, Length of Residence, Education, and Conjugal Condition",,THE NORTHERN TERRITORY,False,True,True,1,,False,
1911_census_volume_ii_part_ii_birthplaces,1911 Census - Volume II - Part II Birthplaces.pdf,data\raw\abs_1911_census\1911 Census - Volume II - Part II Birthplaces.pdf,282,125,126,61 | 60 | 62,61,3,1,230,continues,"61. TOTAL POPULATION OF the Census of 3rd April, 1911, classified according to Birthplace, (Exclusive of Full-",,,False,True,True,1,,False,
1911_census_volume_ii_part_ii_birthplaces,1911 Census - Volume II - Part II Birthplaces.pdf,data\raw\abs_1911_census\1911 Census - Volume II - Part II Birthplaces.pdf,282,126,127,61 | 60 | 62,,3,0,231,non_table,"THE NORTHERN TERRITORY Nationality, Length of Residence, Education, and Conjugal Condition",,,False,True,True,0.9,"The page contains a table for the Northern Territory, but it does not match the provided candidate table numbers (60, 61, 62) which are for different pages or specific subsets.",False,
1911_census_volume_ii_part_ii_birthplaces,1911 Census - Volume II - Part II Birthplaces.pdf,data\raw\abs_1911_census\1911 Census - Volume II - Part II Birthplaces.pdf,282,127,128,62 | 61 | 63,62,3,1,232,complete_on_page,"62.—MALE POPULATION OF THE at the Census of 3rd April, 1911, classified according to Birthplace, (Exclusive of Full-",,,False,True,True,1,,False,
1911_census_volume_ii_part_ii_birthplaces,1911 Census - Volume II - Part II Birthplaces.pdf,data\raw\abs_1911_census\1911 Census - Volume II - Part II Birthplaces.pdf,282,128,129,62 | 61 | 63,63,3,1,233,starts,"Female Population of the Federal Capital Territory, at the Census of 3rd April, 1911, classified according to Birthplace, Nationality, Length of Residence, Education, and Conjugal Condition",,FEDERAL CAPITAL TERRITORY,False,True,True,1,,False,
1911_census_volume_ii_part_ii_birthplaces,1911 Census - Volume II - Part II Birthplaces.pdf,data\raw\abs_1911_census\1911 Census - Volume II - Part II Birthplaces.pdf,282,129,130,63 | 62 | 64,63,3,1,234,complete_on_page,"63.—FEMALE POPULATION OF THE at the Census of 3rd April, 1911, classified according to Birthplace, (Exclusive of Full-",,,False,True,True,1,,False,
1911_census_volume_ii_part_ii_birthplaces,1911 Census - Volume II - Part II Birthplaces.pdf,data\raw\abs_1911_census\1911 Census - Volume II - Part II Birthplaces.pdf,282,130,131,63 | 62 | 64,64,3,1,235,starts,"Total Population of the Federal Capital Territory, at the Census of 3rd April, 1911, classified according to Birthplace, Nationality, Length of Residence, Education, and Conjugal Condition",FEDERAL CAPITAL TERRITORY,,False,True,True,1,,False,
1911_census_volume_ii_part_ii_birthplaces,1911 Census - Volume II - Part II Birthplaces.pdf,data\raw\abs_1911_census\1911 Census - Volume II - Part II Birthplaces.pdf,282,131,132,64 | 63 | 65,64,3,1,236,ends,"64. TOTAL POPULATION OF THE at the Census of 3rd April, 1911, classified according to Birthplace, (Exclusive of Full-",,,False,True,True,1,,False,
1911_census_volume_ii_part_ii_birthplaces,1911 Census - Volume II - Part II Birthplaces.pdf,data\raw\abs_1911_census\1911 Census - Volume II - Part II Birthplaces.pdf,282,132,133,64 | 63 | 65,64,3,1,237,ends,"Total Population of the Federal Capital Territory, at the Census of 3rd April, 1911, classified according to Birthplace, Nationality, Length of Residence, Education, and Conjugal Condition",,FEDERAL CAPITAL TERRITORY,False,True,True,1,,False,
1911_census_volume_ii_part_ii_birthplaces,1911 Census - Volume II - Part II Birthplaces.pdf,data\raw\abs_1911_census\1911 Census - Volume II - Part II Birthplaces.pdf,282,133,134,65 | 64 | 66,65,3,1,238,continues,"65. MALE POPULATION of the Commonwealth of Australia, at the Census of 3rd April, 1911, (Exclusive of Full-)",,,False,True,True,1,,False,
1911_census_volume_ii_part_ii_birthplaces,1911 Census - Volume II - Part II Birthplaces.pdf,data\raw\abs_1911_census\1911 Census - Volume II - Part II Birthplaces.pdf,282,134,135,65 | 64 | 66,66,3,1,239,starts,"Female Population of the Commonwealth of Australia, at the Census of 3rd April, 1911, classified according to Birthplace and Religion",,,False,True,True,1,,False,
1911_census_volume_ii_part_ii_birthplaces,1911 Census - Volume II - Part II Birthplaces.pdf,data\raw\abs_1911_census\1911 Census - Volume II - Part II Birthplaces.pdf,282,135,136,66 | 65 | 67,66,3,1,240,complete_on_page,"66.-FEMALE POPULATION OF THE COMMONWEALTH OF AUSTRALIA, AT THE CENSUS OF 3RD APRIL, 1911, CLASSIFIED ACCORDING TO BIRTHPLACE AND RELIGION",,,False,True,True,1,,False,
1911_census_volume_ii_part_ii_birthplaces,1911 Census - Volume II - Part II Birthplaces.pdf,data\raw\abs_1911_census\1911 Census - Volume II - Part II Birthplaces.pdf,282,136,137,66 | 65 | 67,67,3,1,241,starts,"Total Population of the Commonwealth of Australia, at the Census of 3rd April, 1911, classified according to Birthplace and Religion",,,False,True,True,1,,False,
1911_census_volume_ii_part_ii_birthplaces,1911 Census - Volume II - Part II Birthplaces.pdf,data\raw\abs_1911_census\1911 Census - Volume II - Part II Birthplaces.pdf,282,137,138,67 | 66 | 68,67,3,1,242,ends,"67.—TOTAL POPULATION OF THE Commonwealth of Australia, at the Census of 3rd April, 1911, classified according to Birthplace and Religion",,,False,True,True,1,,False,
1911_census_volume_ii_part_ii_birthplaces,1911 Census - Volume II - Part II Birthplaces.pdf,data\raw\abs_1911_census\1911 Census - Volume II - Part II Birthplaces.pdf,282,138,139,67 | 66 | 68,68,3,1,243,starts,"Male Population of the State of New South Wales, at the Census of 3rd April, 1911, classified according to Birthplace and Religion",,,False,True,True,1,,False,
1911_census_volume_ii_part_ii_birthplaces,1911 Census - Volume II - Part II Birthplaces.pdf,data\raw\abs_1911_census\1911 Census - Volume II - Part II Birthplaces.pdf,282,139,140,68 | 67 | 69,68,3,1,244,continues,"68. MALE POPULATION OF THE State of New South Wales, at the Census of 3rd April, 1911, classified according to Birthplace and Religion",,,False,True,True,1,,False,
1911_census_volume_ii_part_ii_birthplaces,1911 Census - Volume II - Part II Birthplaces.pdf,data\raw\abs_1911_census\1911 Census - Volume II - Part II Birthplaces.pdf,282,140,141,68 | 67 | 69,69,3,1,245,starts,"Female Population of the State of New South Wales, at the Census of 3rd April, 1911, classified according to Birthplace and Religion",,,False,True,True,1,,False,
1911_census_volume_ii_part_ii_birthplaces,1911 Census - Volume II - Part II Birthplaces.pdf,data\raw\abs_1911_census\1911 Census - Volume II - Part II Birthplaces.pdf,282,141,142,69 | 68 | 70,69,3,1,246,complete_on_page,"69. Female Population of the State of New South Wales, at the Census of 3rd April, 1911, classified according to Birthplace and Religion",,,False,True,True,1,,False,
1911_census_volume_ii_part_ii_birthplaces,1911 Census - Volume II - Part II Birthplaces.pdf,data\raw\abs_1911_census\1911 Census - Volume II - Part II Birthplaces.pdf,282,142,143,69 | 68 | 70,70,3,1,247,starts,"Total Population of the State of New South Wales, at the Census of 3rd April, 1911, classified according to Birthplace and Religion",,,False,True,True,1,,False,
1911_census_volume_ii_part_ii_birthplaces,1911 Census - Volume II - Part II Birthplaces.pdf,data\raw\abs_1911_census\1911 Census - Volume II - Part II Birthplaces.pdf,282,143,144,70 | 69 | 71,70,3,1,248,complete_on_page,"70. Total Population of the State of New South Wales, at the Census of 3rd April, 1911, classified according to Birthplace and Religion",,,False,True,True,1,,False,
1911_census_volume_ii_part_ii_birthplaces,1911 Census - Volume II - Part II Birthplaces.pdf,data\raw\abs_1911_census\1911 Census - Volume II - Part II Birthplaces.pdf,282,144,145,70 | 69 | 71,,3,0,249,non_table,,,"STATE OF NEW SOUTH WALES, Classified according to Birthplace and Religion. (excluding full-blooded Aboriginals).",False,True,True,0.9,"The page contains a table for New South Wales, but it is not one of the candidate tables provided (70, 69, 71). The candidate tables provided are for different page ranges or states.",False,
1911_census_volume_ii_part_ii_birthplaces,1911 Census - Volume II - Part II Birthplaces.pdf,data\raw\abs_1911_census\1911 Census - Volume II - Part II Birthplaces.pdf,282,145,146,71 | 70 | 72,71,3,1,250,complete_on_page,"71. MALE POPULATION OF THE STATE OF VICTORIA, AT THE CENSUS OF 3RD APRIL, 1911, (EXCLUSIVE OF FULL-BLOOD ABORIGINALS)",,,False,True,True,1,,False,
1911_census_volume_ii_part_ii_birthplaces,1911 Census - Volume II - Part II Birthplaces.pdf,data\raw\abs_1911_census\1911 Census - Volume II - Part II Birthplaces.pdf,282,146,147,71 | 70 | 72,72,3,1,251,starts,"Female Population of the State of Victoria, at the Census of 3rd April, 1911, classified according to Birthplace and Religion",,"STATE OF VICTORIA, Classified according to Birthplace and Religion. (Excluding full-blooded Aboriginals).",False,True,True,1,,False,
1911_census_volume_ii_part_ii_birthplaces,1911 Census - Volume II - Part II Birthplaces.pdf,data\raw\abs_1911_census\1911 Census - Volume II - Part II Birthplaces.pdf,282,147,148,72 | 71 | 73,72,3,1,252,ends,"72. FEMALE POPULATION OF THE State of Victoria, at the Census of 3rd April, 1911, classified according to Birthplace and Religion",,,False,True,True,1,,False,
1911_census_volume_ii_part_ii_birthplaces,1911 Census - Volume II - Part II Birthplaces.pdf,data\raw\abs_1911_census\1911 Census - Volume II - Part II Birthplaces.pdf,282,148,149,72 | 71 | 73,73,3,1,253,starts,"Total Population of the State of Victoria, at the Census of 3rd April, 1911, classified according to Birthplace and Religion",,STATE OF VICTORIA,False,True,True,1,,False,
1911_census_volume_ii_part_ii_birthplaces,1911 Census - Volume II - Part II Birthplaces.pdf,data\raw\abs_1911_census\1911 Census - Volume II - Part II Birthplaces.pdf,282,149,150,73 | 72 | 74,73,3,1,254,ends,"73.—TOTAL POPULATION OF THE At the Census of 3rd April, 1911, (Exclusive of Full-",,,False,True,True,1,,False,
1911_census_volume_ii_part_ii_birthplaces,1911 Census - Volume II - Part II Birthplaces.pdf,data\raw\abs_1911_census\1911 Census - Volume II - Part II Birthplaces.pdf,282,150,151,73 | 72 | 74,,3,0,255,non_table,,,"STATE OF VICTORIA, Classified according to Birthplace and Religion. (Excluding full-blooded Aboriginals).",False,False,True,0.9,"The page contains a table body for the State of Victoria, but the provided candidate table numbers (72, 73, 74) do not match this specific table content (which appears to be a continuation of a table for Victoria, likely Table 73, but the page header does not explicitly state the table number).",False,
1911_census_volume_ii_part_ii_birthplaces,1911 Census - Volume II - Part II Birthplaces.pdf,data\raw\abs_1911_census\1911 Census - Volume II - Part II Birthplaces.pdf,282,151,152,74 | 73 | 75,74,3,1,256,continues,"74. MALE POPULATION OF THE State of Queensland, at the Census of 3rd April, 1911, classified according to Birthplace and Religion",,,False,True,True,1,,False,
1911_census_volume_ii_part_ii_birthplaces,1911 Census - Volume II - Part II Birthplaces.pdf,data\raw\abs_1911_census\1911 Census - Volume II - Part II Birthplaces.pdf,282,152,153,74 | 73 | 75,75,3,1,257,starts,"Female Population of the State of Queensland, at the Census of 3rd April, 1911, classified according to Birthplace and Religion",,STATE OF QUEENSLAND,False,True,True,1,,False,
1911_census_volume_ii_part_ii_birthplaces,1911 Census - Volume II - Part II Birthplaces.pdf,data\raw\abs_1911_census\1911 Census - Volume II - Part II Birthplaces.pdf,282,153,154,75 | 74 | 76,75,3,1,258,continues,"75.—FEMALE POPULATION OF THE at the Census of 3rd April, 1911, (Exclusive of Full-",,,False,True,True,1,,False,
1911_census_volume_ii_part_ii_birthplaces,1911 Census - Volume II - Part II Birthplaces.pdf,data\raw\abs_1911_census\1911 Census - Volume II - Part II Birthplaces.pdf,282,154,155,75 | 74 | 76,76,3,1,259,starts,"Total Population of the State of Queensland, at the Census of 3rd April, 1911, classified according to Birthplace and Religion",,STATE OF QUEENSLAND,False,True,True,1,,False,
1911_census_volume_ii_part_ii_birthplaces,1911 Census - Volume II - Part II Birthplaces.pdf,data\raw\abs_1911_census\1911 Census - Volume II - Part II Birthplaces.pdf,282,155,156,76 | 75 | 77,76,3,1,260,ends,"Total Population of the State of Queensland, at the Census of 3rd April, 1911, classified according to Birthplace and Religion",,,False,True,True,1,,False,
1911_census_volume_ii_part_ii_birthplaces,1911 Census - Volume II - Part II Birthplaces.pdf,data\raw\abs_1911_census\1911 Census - Volume II - Part II Birthplaces.pdf,282,156,157,76 | 75 | 77,,3,0,261,non_table,,,STATE OF QUEENSLAND,False,False,True,0.9,"The page contains a table for Queensland, but the candidate list provided only includes Queensland tables 75 and 76 which span pages 153-156. This page is numbered 261 and appears to be a continuation of the Queensland data not covered by the provided candidate list.",False,
1911_census_volume_ii_part_ii_birthplaces,1911 Census - Volume II - Part II Birthplaces.pdf,data\raw\abs_1911_census\1911 Census - Volume II - Part II Birthplaces.pdf,282,157,158,77 | 76 | 78,77,3,1,262,continues,"77.-MALE POPULATION OF THE STATE OF SOUTH AUSTRALIA, AT THE CENSUS OF 3RD APRIL, 1911, CLASSIFIED ACCORDING TO BIRTHPLACE AND RELIGION",,,False,True,True,1,,False,
1911_census_volume_ii_part_ii_birthplaces,1911 Census - Volume II - Part II Birthplaces.pdf,data\raw\abs_1911_census\1911 Census - Volume II - Part II Birthplaces.pdf,282,158,159,77 | 76 | 78,78,3,1,263,starts,"Female Population of the State of South Australia, at the Census of 3rd April, 1911, classified according to Birthplace and Religion",,STATE OF SOUTH AUSTRALIA,False,True,True,1,,False,
1911_census_volume_ii_part_ii_birthplaces,1911 Census - Volume II - Part II Birthplaces.pdf,data\raw\abs_1911_census\1911 Census - Volume II - Part II Birthplaces.pdf,282,159,160,78 | 77 | 79,78,3,1,264,complete_on_page,"78. FEMALE POPULATION OF THE State of South Australia, at the Census of 3rd April, 1911, classified according to Birthplace and Religion",,,False,True,True,1,,False,
1911_census_volume_ii_part_ii_birthplaces,1911 Census - Volume II - Part II Birthplaces.pdf,data\raw\abs_1911_census\1911 Census - Volume II - Part II Birthplaces.pdf,282,160,161,78 | 77 | 79,79,3,1,265,starts,"Total Population of the State of South Australia, at the Census of 3rd April, 1911, classified according to Birthplace and Religion",,STATE OF SOUTH AUSTRALIA,False,True,True,1,,False,
1911_census_volume_ii_part_ii_birthplaces,1911 Census - Volume II - Part II Birthplaces.pdf,data\raw\abs_1911_census\1911 Census - Volume II - Part II Birthplaces.pdf,282,161,162,79 | 78 | 80,79,3,1,266,ends,"Total Population of the State of South Australia, at the Census of 3rd April, 1911, classified according to Birthplace and Religion",,,False,True,True,1,,False,
1911_census_volume_ii_part_ii_birthplaces,1911 Census - Volume II - Part II Birthplaces.pdf,data\raw\abs_1911_census\1911 Census - Volume II - Part II Birthplaces.pdf,282,162,163,79 | 78 | 80,,3,0,267,non_table,,,STATE OF SOUTH AUSTRALIA,False,True,True,0.9,"The page contains a table for South Australia, but the candidate list provided only includes tables 78, 79, and 80 which are associated with different page spans or geographies than what is depicted on this specific page (which is page 267 of the document, not 163).",False,
1911_census_volume_ii_part_ii_birthplaces,1911 Census - Volume II - Part II Birthplaces.pdf,data\raw\abs_1911_census\1911 Census - Volume II - Part II Birthplaces.pdf,282,163,164,80 | 79 | 81,80,3,1,268,continues,"80. Male Population of the State of Western Australia, at the Census of 3rd April, 1911, classified according to Birthplace and Religion",,,False,True,True,1,,False,
1911_census_volume_ii_part_ii_birthplaces,1911 Census - Volume II - Part II Birthplaces.pdf,data\raw\abs_1911_census\1911 Census - Volume II - Part II Birthplaces.pdf,282,164,165,80 | 79 | 81,81,3,1,269,starts,"Female Population of the State of Western Australia, at the Census of 3rd April, 1911, classified according to Birthplace and Religion",,STATE OF WESTERN AUSTRALIA,False,True,True,1,,False,
1911_census_volume_ii_part_ii_birthplaces,1911 Census - Volume II - Part II Birthplaces.pdf,data\raw\abs_1911_census\1911 Census - Volume II - Part II Birthplaces.pdf,282,165,166,81 | 80 | 82,81,3,1,270,ends,"81. FEMALE POPULATION OF THE At the Census of 3rd April, 1911, (Exclusive of Full-",,,False,True,True,1,,False,
1911_census_volume_ii_part_ii_birthplaces,1911 Census - Volume II - Part II Birthplaces.pdf,data\raw\abs_1911_census\1911 Census - Volume II - Part II Birthplaces.pdf,282,166,167,81 | 80 | 82,82,3,1,271,starts,"Total Population of the State of Western Australia, at the Census of 3rd April, 1911, classified according to Birthplace and Religion",,STATE OF WESTERN AUSTRALIA,False,True,True,1,,False,
1911_census_volume_ii_part_ii_birthplaces,1911 Census - Volume II - Part II Birthplaces.pdf,data\raw\abs_1911_census\1911 Census - Volume II - Part II Birthplaces.pdf,282,167,168,82 | 81 | 83,82,3,1,272,ends,"82.—TOTAL POPULATION OF THE STATE OF WESTERN AUSTRALIA, AT THE CENSUS OF 3RD APRIL, 1911, (Exclusive of Full-CHRISTIAN.",,,False,True,True,1,"The title in the document is slightly truncated/formatted differently than the candidate title, but clearly refers to Table 82.",False,
1911_census_volume_ii_part_ii_birthplaces,1911 Census - Volume II - Part II Birthplaces.pdf,data\raw\abs_1911_census\1911 Census - Volume II - Part II Birthplaces.pdf,282,168,169,82 | 81 | 83,,3,0,273,non_table,,,STATE OF WESTERN AUSTRALIA,False,False,True,0.9,"The page contains a table for Western Australia, but the provided candidate list only includes Table 82 for Western Australia (which spans 167-168) and Table 83 for Tasmania. The page content does not match the provided candidate table numbers.",False,
1911_census_volume_ii_part_ii_birthplaces,1911 Census - Volume II - Part II Birthplaces.pdf,data\raw\abs_1911_census\1911 Census - Volume II - Part II Birthplaces.pdf,282,169,170,83 | 82 | 84,83,3,1,274,continues,"83.—MALE POPULATION OF THE At the Census of 3rd April, 1911, (Exclusive of Full-",,,False,True,True,1,,False,
1911_census_volume_ii_part_ii_birthplaces,1911 Census - Volume II - Part II Birthplaces.pdf,data\raw\abs_1911_census\1911 Census - Volume II - Part II Birthplaces.pdf,282,170,171,83 | 82 | 84,84,3,1,275,starts,"Female Population of the State of Tasmania, at the Census of 3rd April, 1911, classified according to Birthplace and Religion",,STATE OF TASMANIA,False,True,True,1,,False,
1911_census_volume_ii_part_ii_birthplaces,1911 Census - Volume II - Part II Birthplaces.pdf,data\raw\abs_1911_census\1911 Census - Volume II - Part II Birthplaces.pdf,282,171,172,84 | 83 | 85,84,3,1,276,complete_on_page,"84. Female Population of the State of Tasmania, at the Census of 3rd April, 1911, (Exclusive of Full-",,,False,True,True,1,,False,
1911_census_volume_ii_part_ii_birthplaces,1911 Census - Volume II - Part II Birthplaces.pdf,data\raw\abs_1911_census\1911 Census - Volume II - Part II Birthplaces.pdf,282,172,173,84 | 83 | 85,85,3,1,277,starts,"Total Population of the State of Tasmania, at the Census of 3rd April, 1911, classified according to Birthplace and Religion",,STATE OF TASMANIA,False,True,True,1,,False,
1911_census_volume_ii_part_ii_birthplaces,1911 Census - Volume II - Part II Birthplaces.pdf,data\raw\abs_1911_census\1911 Census - Volume II - Part II Birthplaces.pdf,282,173,174,85 | 84 | 86,85,3,1,278,ends,"85. - TOTAL POPULATION OF THE At the Census of 3rd April, 1911, (Exclusive of Full-",,,False,True,True,1,,False,
1911_census_volume_ii_part_ii_birthplaces,1911 Census - Volume II - Part II Birthplaces.pdf,data\raw\abs_1911_census\1911 Census - Volume II - Part II Birthplaces.pdf,282,174,175,85 | 84 | 86,85,3,1,279,ends,"Total Population of the State of Tasmania, at the Census of 3rd April, 1911, classified according to Birthplace and Religion",,STATE OF TASMANIA,False,True,True,1,,False,
1911_census_volume_ii_part_ii_birthplaces,1911 Census - Volume II - Part II Birthplaces.pdf,data\raw\abs_1911_census\1911 Census - Volume II - Part II Birthplaces.pdf,282,175,176,86 | 85 | 87,86,3,1,280,continues,"86.-MALE POPULATION OF THE At the Census of 3rd April, 1911, (Exclusive of Full-",,,False,True,True,1,,False,
1911_census_volume_ii_part_ii_birthplaces,1911 Census - Volume II - Part II Birthplaces.pdf,data\raw\abs_1911_census\1911 Census - Volume II - Part II Birthplaces.pdf,282,176,177,86 | 85 | 87,87,3,1,281,starts,"Female Population of the Northern Territory, at the Census of 3rd April, 1911, classified according to Birthplace and Religion",,NORTHERN TERRITORY,False,True,True,1,,False,
1911_census_volume_ii_part_ii_birthplaces,1911 Census - Volume II - Part II Birthplaces.pdf,data\raw\abs_1911_census\1911 Census - Volume II - Part II Birthplaces.pdf,282,177,178,87 | 86 | 88,87,3,1,282,complete_on_page,"87.—FEMALE POPULATION OF THE NORTHERN TERRITORY, at the Census of 3rd April, 1911, (Exclusive of Full-)",,,False,True,True,1,,False,
1911_census_volume_ii_part_ii_birthplaces,1911 Census - Volume II - Part II Birthplaces.pdf,data\raw\abs_1911_census\1911 Census - Volume II - Part II Birthplaces.pdf,282,178,179,87 | 86 | 88,88,3,1,283,starts,"Total Population of the Northern Territory, at the Census of 3rd April, 1911, classified according to Birthplace and Religion",,NORTHERN TERRITORY,False,True,True,1,,False,
1911_census_volume_ii_part_ii_birthplaces,1911 Census - Volume II - Part II Birthplaces.pdf,data\raw\abs_1911_census\1911 Census - Volume II - Part II Birthplaces.pdf,282,179,180,88 | 87 | 89,88,3,1,284,complete_on_page,"88.—TOTAL POPULATION OF THE At the Census of 3rd April, 1911, (Exclusive of Full-",,,False,True,True,1,,False,
1911_census_volume_ii_part_ii_birthplaces,1911 Census - Volume II - Part II Birthplaces.pdf,data\raw\abs_1911_census\1911 Census - Volume II - Part II Birthplaces.pdf,282,180,181,88 | 87 | 89,,3,0,285,non_table,,,NORTHERN TERRITORY,False,False,False,0.9,"The page contains a table for Northern Territory, but it is not one of the candidate tables provided (87, 88, 89).",False,
1911_census_volume_ii_part_ii_birthplaces,1911 Census - Volume II - Part II Birthplaces.pdf,data\raw\abs_1911_census\1911 Census - Volume II - Part II Birthplaces.pdf,282,181,182,89 | 88 | 90,89,3,1,286,complete_on_page,"89.—MALE POPULATION OF THE At the Census of 3rd April, 1911, (Exclusive of Full-",,,False,True,True,1,,False,
1911_census_volume_ii_part_ii_birthplaces,1911 Census - Volume II - Part II Birthplaces.pdf,data\raw\abs_1911_census\1911 Census - Volume II - Part II Birthplaces.pdf,282,182,183,89 | 88 | 90,90,3,1,287,starts,"Female Population of the Federal Capital Territory, at the Census of 3rd April, 1911, classified according to Birthplace and Religion",,FEDERAL CAPITAL TERRITORY,False,True,True,1,"The printed page number 287 does not match the expected span for table 90 (183-184) based on the provided metadata, but the content clearly matches the title for table 90.",False,
1911_census_volume_ii_part_ii_birthplaces,1911 Census - Volume II - Part II Birthplaces.pdf,data\raw\abs_1911_census\1911 Census - Volume II - Part II Birthplaces.pdf,282,183,184,90 | 89 | 91,90,3,1,288,complete_on_page,"90. FEMALE POPULATION OF THE At the Census of 3rd April, 1911, (Exclusive of Full-",,,False,True,True,1,,False,
1911_census_volume_ii_part_ii_birthplaces,1911 Census - Volume II - Part II Birthplaces.pdf,data\raw\abs_1911_census\1911 Census - Volume II - Part II Birthplaces.pdf,282,184,185,90 | 89 | 91,91,3,1,289,starts,"Total Population of the Federal Capital Territory, at the Census of 3rd April, 1911, classified according to Birthplace and Religion",,FEDERAL CAPITAL TERRITORY,False,True,True,1,,False,
1911_census_volume_ii_part_ii_birthplaces,1911 Census - Volume II - Part II Birthplaces.pdf,data\raw\abs_1911_census\1911 Census - Volume II - Part II Birthplaces.pdf,282,185,186,91 | 90 | 92,91,3,1,290,ends,"91.—TOTAL POPULATION OF THE At the Census of 3rd April, 1911, (Exclusive of Full-",,,False,True,True,1,,False,
1911_census_volume_ii_part_ii_birthplaces,1911 Census - Volume II - Part II Birthplaces.pdf,data\raw\abs_1911_census\1911 Census - Volume II - Part II Birthplaces.pdf,282,186,187,91 | 90 | 92,,3,0,291,non_table,,,FEDERAL CAPITAL TERRITORY,False,True,True,0.9,"The page contains a table for the Federal Capital Territory, but the provided candidate list only includes table 91 for the FCT which spans pages 185-186. This page is numbered 291 and appears to be a continuation or a different table not in the provided candidate list.",False,
1911_census_volume_ii_part_ii_birthplaces,1911 Census - Volume II - Part II Birthplaces.pdf,data\raw\abs_1911_census\1911 Census - Volume II - Part II Birthplaces.pdf,282,187,188,92 | 91 | 93,92,3,1,292,continues,"92.—NUMBER OF MALES IN THE METROPOLIS OF EACH STATE OF THE COMMONWEALTH, at the Census of 3rd April, 1911, classified according to Birthplace",,,False,True,True,1,,False,
1911_census_volume_ii_part_ii_birthplaces,1911 Census - Volume II - Part II Birthplaces.pdf,data\raw\abs_1911_census\1911 Census - Volume II - Part II Birthplaces.pdf,282,188,189,92 | 91 | 93,92,3,1,293,continues,"92.—NUMBER OF MALES IN THE METROPOLIS OF EACH STATE, 1911—continued.",,,False,True,True,1,,False,
1911_census_volume_ii_part_ii_birthplaces,1911 Census - Volume II - Part II Birthplaces.pdf,data\raw\abs_1911_census\1911 Census - Volume II - Part II Birthplaces.pdf,282,189,190,93 | 92 | 94,93,3,1,294,starts,"93.—NUMBER OF FEMALES IN THE METROPOLIS OF EACH STATE OF THE COMMONWEALTH, at the Census of 3rd April, 1911, classified according to Birthplace",,,False,True,True,1,,False,
1911_census_volume_ii_part_ii_birthplaces,1911 Census - Volume II - Part II Birthplaces.pdf,data\raw\abs_1911_census\1911 Census - Volume II - Part II Birthplaces.pdf,282,190,191,93 | 92 | 94,93,3,1,295,ends,"93.—NUMBER OF FEMALES IN THE METROPOLIS OF EACH STATE, 1911—continued.",,ASIA—continued,False,True,True,1,,False,
1911_census_volume_ii_part_ii_birthplaces,1911 Census - Volume II - Part II Birthplaces.pdf,data\raw\abs_1911_census\1911 Census - Volume II - Part II Birthplaces.pdf,282,191,192,94 | 93 | 95,94,3,1,296,continues,"94.—NUMBER OF PERSONS IN THE METROPOLIS OF EACH STATE OF THE COMMONWEALTH at the Census of 3rd April, 1911, classified according to Birthplace",,,False,True,True,1,,False,
1911_census_volume_ii_part_ii_birthplaces,1911 Census - Volume II - Part II Birthplaces.pdf,data\raw\abs_1911_census\1911 Census - Volume II - Part II Birthplaces.pdf,282,192,193,94 | 93 | 95,94,3,1,297,continues,"94.—NUMBER OF PERSONS IN THE METROPOLIS OF EACH STATE, 1911—continued.",,,False,True,True,1,"The printed page number 297 does not match the expected page index 192/193 context, but the table content clearly matches Table 94.",False,
1911_census_volume_ii_part_ii_birthplaces,1911 Census - Volume II - Part II Birthplaces.pdf,data\raw\abs_1911_census\1911 Census - Volume II - Part II Birthplaces.pdf,282,193,194,95 | 94 | 96,95,3,1,298,continues,"95. POPULATION OF THE COUNTIES of New South Wales, at the Census of 3rd April, 1911, classified according to Birthplace",,,False,True,True,1,,False,
1911_census_volume_ii_part_ii_birthplaces,1911 Census - Volume II - Part II Birthplaces.pdf,data\raw\abs_1911_census\1911 Census - Volume II - Part II Birthplaces.pdf,282,194,195,95 | 94 | 96,95,3,1,299,continues,"Population of the Counties of New South Wales, at the Census of 3rd April, 1911, classified according to Birthplace",,OF NEW SOUTH WALES,False,True,True,1,,False,
1911_census_volume_ii_part_ii_birthplaces,1911 Census - Volume II - Part II Birthplaces.pdf,data\raw\abs_1911_census\1911 Census - Volume II - Part II Birthplaces.pdf,282,195,196,95 | 94 | 96,95,3,1,300,continues,"Population of the Counties of New South Wales, at the Census of 3rd April, 1911, classified according to Birthplace",,,False,True,True,1,,False,
1911_census_volume_ii_part_ii_birthplaces,1911 Census - Volume II - Part II Birthplaces.pdf,data\raw\abs_1911_census\1911 Census - Volume II - Part II Birthplaces.pdf,282,196,197,95 | 94 | 96,95,3,1,301,continues,"Population of the Counties of New South Wales, at the Census of 3rd April, 1911, classified according to Birthplace",OF NEW SOUTH WALES—continued.,,False,True,True,1,,False,
1911_census_volume_ii_part_ii_birthplaces,1911 Census - Volume II - Part II Birthplaces.pdf,data\raw\abs_1911_census\1911 Census - Volume II - Part II Birthplaces.pdf,282,197,198,95 | 94 | 96,95,3,1,302,continues,95.—POPULATION OF THE COUNTIES,,,False,True,True,1,,False,
1911_census_volume_ii_part_ii_birthplaces,1911 Census - Volume II - Part II Birthplaces.pdf,data\raw\abs_1911_census\1911 Census - Volume II - Part II Birthplaces.pdf,282,198,199,95 | 94 | 96,95,3,1,303,continues,"Population of the Counties of New South Wales, at the Census of 3rd April, 1911, classified according to Birthplace",OF NEW SOUTH WALES—continued.,,False,True,True,1,,False,
1911_census_volume_ii_part_ii_birthplaces,1911 Census - Volume II - Part II Birthplaces.pdf,data\raw\abs_1911_census\1911 Census - Volume II - Part II Birthplaces.pdf,282,199,200,95 | 94 | 96,95,3,1,304,continues,95.—POPULATION OF THE COUNTIES,,,False,True,True,1,,False,
1911_census_volume_ii_part_ii_birthplaces,1911 Census - Volume II - Part II Birthplaces.pdf,data\raw\abs_1911_census\1911 Census - Volume II - Part II Birthplaces.pdf,282,200,201,95 | 94 | 96,95,3,1,305,continues,"Population of the Counties of New South Wales, at the Census of 3rd April, 1911, classified according to Birthplace",OF NEW SOUTH WALES—continued.,,False,True,True,1,,False,
1911_census_volume_ii_part_ii_birthplaces,1911 Census - Volume II - Part II Birthplaces.pdf,data\raw\abs_1911_census\1911 Census - Volume II - Part II Birthplaces.pdf,282,201,202,95 | 94 | 96,95,3,1,306,continues,95.—POPULATION OF THE COUNTIES,,,False,True,True,1,,False,
1911_census_volume_ii_part_ii_birthplaces,1911 Census - Volume II - Part II Birthplaces.pdf,data\raw\abs_1911_census\1911 Census - Volume II - Part II Birthplaces.pdf,282,202,203,95 | 94 | 96,95,3,1,307,continues,"Population of the Counties of New South Wales, at the Census of 3rd April, 1911, classified according to Birthplace",OF NEW SOUTH WALES--continued.,,False,True,True,1,,False,
1911_census_volume_ii_part_ii_birthplaces,1911 Census - Volume II - Part II Birthplaces.pdf,data\raw\abs_1911_census\1911 Census - Volume II - Part II Birthplaces.pdf,282,203,204,95 | 94 | 96,95,3,1,308,continues,95.—POPULATION OF THE COUNTIES,,,False,True,True,1,,False,
1911_census_volume_ii_part_ii_birthplaces,1911 Census - Volume II - Part II Birthplaces.pdf,data\raw\abs_1911_census\1911 Census - Volume II - Part II Birthplaces.pdf,282,204,205,95 | 94 | 96,95,3,1,309,continues,"Population of the Counties of New South Wales, at the Census of 3rd April, 1911, classified according to Birthplace",OF NEW SOUTH WALES—continued.,New South Wales,False,True,True,1,,False,
1911_census_volume_ii_part_ii_birthplaces,1911 Census - Volume II - Part II Birthplaces.pdf,data\raw\abs_1911_census\1911 Census - Volume II - Part II Birthplaces.pdf,282,205,206,95 | 94 | 96,95,3,1,310,continues,"Population of the Counties of New South Wales, at the Census of 3rd April, 1911, classified according to Birthplace",,,False,True,True,1,,False,
1911_census_volume_ii_part_ii_birthplaces,1911 Census - Volume II - Part II Birthplaces.pdf,data\raw\abs_1911_census\1911 Census - Volume II - Part II Birthplaces.pdf,282,206,207,95 | 94 | 96,95,3,1,311,continues,"Population of the Counties of New South Wales, at the Census of 3rd April, 1911, classified according to Birthplace",OF NEW SOUTH WALES—continued.,,False,True,True,1,,False,
1911_census_volume_ii_part_ii_birthplaces,1911 Census - Volume II - Part II Birthplaces.pdf,data\raw\abs_1911_census\1911 Census - Volume II - Part II Birthplaces.pdf,282,207,208,95 | 94 | 96,95,3,1,312,continues,"Population of the Counties of New South Wales, at the Census of 3rd April, 1911, classified according to Birthplace",,,False,True,True,1,,False,
1911_census_volume_ii_part_ii_birthplaces,1911 Census - Volume II - Part II Birthplaces.pdf,data\raw\abs_1911_census\1911 Census - Volume II - Part II Birthplaces.pdf,282,208,209,95 | 94 | 96,95,3,1,313,continues,"Population of the Counties of New South Wales, at the Census of 3rd April, 1911, classified according to Birthplace",OF NEW SOUTH WALES—continued.,,False,True,True,1,,False,
1911_census_volume_ii_part_ii_birthplaces,1911 Census - Volume II - Part II Birthplaces.pdf,data\raw\abs_1911_census\1911 Census - Volume II - Part II Birthplaces.pdf,282,209,210,95 | 94 | 96,95,3,1,314,continues,95.—POPULATION OF THE COUNTIES,,,False,True,True,1,,False,
1911_census_volume_ii_part_ii_birthplaces,1911 Census - Volume II - Part II Birthplaces.pdf,data\raw\abs_1911_census\1911 Census - Volume II - Part II Birthplaces.pdf,282,210,211,95 | 94 | 96,95,3,1,315,continues,"Population of the Counties of New South Wales, at the Census of 3rd April, 1911, classified according to Birthplace",OF NEW SOUTH WALES—continued.,,False,True,True,1,,False,
1911_census_volume_ii_part_ii_birthplaces,1911 Census - Volume II - Part II Birthplaces.pdf,data\raw\abs_1911_census\1911 Census - Volume II - Part II Birthplaces.pdf,282,211,212,95 | 94 | 96,95,3,1,316,continues,95.—POPULATION OF THE COUNTIES,,,False,True,True,1,,False,
1911_census_volume_ii_part_ii_birthplaces,1911 Census - Volume II - Part II Birthplaces.pdf,data\raw\abs_1911_census\1911 Census - Volume II - Part II Birthplaces.pdf,282,212,213,95 | 94 | 96,95,3,1,317,continues,"Population of the Counties of New South Wales, at the Census of 3rd April, 1911, classified according to Birthplace",OF NEW SOUTH WALES—continued.,,False,True,True,1,,False,
1911_census_volume_ii_part_ii_birthplaces,1911 Census - Volume II - Part II Birthplaces.pdf,data\raw\abs_1911_census\1911 Census - Volume II - Part II Birthplaces.pdf,282,213,214,95 | 94 | 96,95,3,1,318,continues,95.—POPULATION OF THE COUNTIES,,,False,True,True,1,,False,
1911_census_volume_ii_part_ii_birthplaces,1911 Census - Volume II - Part II Birthplaces.pdf,data\raw\abs_1911_census\1911 Census - Volume II - Part II Birthplaces.pdf,282,214,215,95 | 94 | 96,95,3,1,319,continues,"Population of the Counties of New South Wales, at the Census of 3rd April, 1911, classified according to Birthplace",OF NEW SOUTH WALES—continued.,,False,True,True,1,,False,
1911_census_volume_ii_part_ii_birthplaces,1911 Census - Volume II - Part II Birthplaces.pdf,data\raw\abs_1911_census\1911 Census - Volume II - Part II Birthplaces.pdf,282,215,216,95 | 94 | 96,95,3,1,320,continues,95.—POPULATION OF THE COUNTIES,,New South Wales,False,True,True,1,,False,
1911_census_volume_ii_part_ii_birthplaces,1911 Census - Volume II - Part II Birthplaces.pdf,data\raw\abs_1911_census\1911 Census - Volume II - Part II Birthplaces.pdf,282,216,217,95 | 94 | 96,95,3,1,321,continues,"Population of the Counties of New South Wales, at the Census of 3rd April, 1911, classified according to Birthplace",OF NEW SOUTH WALES—continued.,,False,True,True,1,,False,
1911_census_volume_ii_part_ii_birthplaces,1911 Census - Volume II - Part II Birthplaces.pdf,data\raw\abs_1911_census\1911 Census - Volume II - Part II Birthplaces.pdf,282,217,218,95 | 94 | 96,95,3,1,322,continues,95.—POPULATION OF THE COUNTIES,,,False,True,True,1,,False,
1911_census_volume_ii_part_ii_birthplaces,1911 Census - Volume II - Part II Birthplaces.pdf,data\raw\abs_1911_census\1911 Census - Volume II - Part II Birthplaces.pdf,282,218,219,95 | 94 | 96,95,3,1,323,continues,"Population of the Counties of New South Wales, at the Census of 3rd April, 1911, classified according to Birthplace",OF NEW SOUTH WALES—continued.,,False,True,True,1,,False,
1911_census_volume_ii_part_ii_birthplaces,1911 Census - Volume II - Part II Birthplaces.pdf,data\raw\abs_1911_census\1911 Census - Volume II - Part II Birthplaces.pdf,282,219,220,95 | 94 | 96,95,3,1,324,continues,"Population of the Counties of New South Wales, at the Census of 3rd April, 1911, classified according to Birthplace",,,False,True,True,1,,False,
1911_census_volume_ii_part_ii_birthplaces,1911 Census - Volume II - Part II Birthplaces.pdf,data\raw\abs_1911_census\1911 Census - Volume II - Part II Birthplaces.pdf,282,220,221,95 | 94 | 96,95,3,1,325,continues,"Population of the Counties of New South Wales, at the Census of 3rd April, 1911, classified according to Birthplace",OF NEW SOUTH WALES—continued.,,False,True,True,1,,False,
1911_census_volume_ii_part_ii_birthplaces,1911 Census - Volume II - Part II Birthplaces.pdf,data\raw\abs_1911_census\1911 Census - Volume II - Part II Birthplaces.pdf,282,221,222,95 | 94 | 96,95,3,1,326,continues,95.—POPULATION OF THE COUNTIES,,,False,True,True,1,,False,
1911_census_volume_ii_part_ii_birthplaces,1911 Census - Volume II - Part II Birthplaces.pdf,data\raw\abs_1911_census\1911 Census - Volume II - Part II Birthplaces.pdf,282,222,223,95 | 94 | 96,95,3,1,327,continues,"Population of the Counties of New South Wales, at the Census of 3rd April, 1911, classified according to Birthplace",OF NEW SOUTH WALES...continued.,,False,False,True,1,,False,
1911_census_volume_ii_part_ii_birthplaces,1911 Census - Volume II - Part II Birthplaces.pdf,data\raw\abs_1911_census\1911 Census - Volume II - Part II Birthplaces.pdf,282,223,224,95 | 94 | 96,95,3,1,328,ends,95.—POPULATION OF THE COUNTIES,,,False,True,True,1,,False,
1911_census_volume_ii_part_ii_birthplaces,1911 Census - Volume II - Part II Birthplaces.pdf,data\raw\abs_1911_census\1911 Census - Volume II - Part II Birthplaces.pdf,282,224,225,95 | 94 | 96,95,3,1,329,ends,"Population of the Counties of New South Wales, at the Census of 3rd April, 1911, classified according to Birthplace",OF NEW SOUTH WALES—continued.,,False,False,True,1,,False,
1911_census_volume_ii_part_ii_birthplaces,1911 Census - Volume II - Part II Birthplaces.pdf,data\raw\abs_1911_census\1911 Census - Volume II - Part II Birthplaces.pdf,282,225,226,96 | 95 | 97,96,3,1,330,continues,"96. POPULATION OF THE COUNTIES OF VICTORIA, AT THE CENSUS OF 3RD APRIL, 1911, (EXCLUSIVE OF FULL-BLOOD ABORIGINALS)",,,False,True,True,1,,False,
1911_census_volume_ii_part_ii_birthplaces,1911 Census - Volume II - Part II Birthplaces.pdf,data\raw\abs_1911_census\1911 Census - Volume II - Part II Birthplaces.pdf,282,226,227,96 | 95 | 97,96,3,1,331,continues,"Population of the Counties of Victoria, at the Census of 3rd April, 1911, classified according to Birthplace",,Counties of Victoria,False,True,True,1,,False,
1911_census_volume_ii_part_ii_birthplaces,1911 Census - Volume II - Part II Birthplaces.pdf,data\raw\abs_1911_census\1911 Census - Volume II - Part II Birthplaces.pdf,282,227,228,96 | 95 | 97,96,3,1,332,continues,96.-POPULATION OF THE,,,False,True,True,1,,False,
1911_census_volume_ii_part_ii_birthplaces,1911 Census - Volume II - Part II Birthplaces.pdf,data\raw\abs_1911_census\1911 Census - Volume II - Part II Birthplaces.pdf,282,228,229,96 | 95 | 97,96,3,1,333,continues,"Population of the Counties of Victoria, at the Census of 3rd April, 1911, classified according to Birthplace",COUNTIES OF VICTORIA—continued.,,False,True,True,1,,False,
1911_census_volume_ii_part_ii_birthplaces,1911 Census - Volume II - Part II Birthplaces.pdf,data\raw\abs_1911_census\1911 Census - Volume II - Part II Birthplaces.pdf,282,229,230,96 | 95 | 97,96,3,1,334,continues,"Population of the Counties of Victoria, at the Census of 3rd April, 1911, classified according to Birthplace",,,False,True,True,1,,False,
1911_census_volume_ii_part_ii_birthplaces,1911 Census - Volume II - Part II Birthplaces.pdf,data\raw\abs_1911_census\1911 Census - Volume II - Part II Birthplaces.pdf,282,230,231,96 | 95 | 97,96,3,1,335,continues,"Population of the Counties of Victoria, at the Census of 3rd April, 1911, classified according to Birthplace",COUNTIES OF VICTORIA—continued.,,False,True,True,1,,False,
1911_census_volume_ii_part_ii_birthplaces,1911 Census - Volume II - Part II Birthplaces.pdf,data\raw\abs_1911_census\1911 Census - Volume II - Part II Birthplaces.pdf,282,231,232,96 | 95 | 97,96,3,1,336,ends,"Population of the Counties of Victoria, at the Census of 3rd April, 1911, classified according to Birthplace",,,False,False,True,1,,False,
1911_census_volume_ii_part_ii_birthplaces,1911 Census - Volume II - Part II Birthplaces.pdf,data\raw\abs_1911_census\1911 Census - Volume II - Part II Birthplaces.pdf,282,232,233,96 | 95 | 97,96,3,1,337,ends,"Population of the Counties of Victoria, at the Census of 3rd April, 1911, classified according to Birthplace",COUNTIES OF VICTORIA - continued.,,False,True,True,1,,False,
1911_census_volume_ii_part_ii_birthplaces,1911 Census - Volume II - Part II Birthplaces.pdf,data\raw\abs_1911_census\1911 Census - Volume II - Part II Birthplaces.pdf,282,233,234,97 | 96 | 98,97,3,1,338,continues,97.—POPULATION OF THE CENSUS,,,False,True,True,1,,False,
1911_census_volume_ii_part_ii_birthplaces,1911 Census - Volume II - Part II Birthplaces.pdf,data\raw\abs_1911_census\1911 Census - Volume II - Part II Birthplaces.pdf,282,234,235,97 | 96 | 98,97,3,1,339,continues,"Population of the Census Districts of Queensland, at the Census of 3rd April, 1911, classified according to Birthplace",,DISTRICTS OF QUEENSLAND,False,False,True,1,,False,
1911_census_volume_ii_part_ii_birthplaces,1911 Census - Volume II - Part II Birthplaces.pdf,data\raw\abs_1911_census\1911 Census - Volume II - Part II Birthplaces.pdf,282,235,236,97 | 96 | 98,97,3,1,340,continues,"97. POPULATION OF THE CENSUS DISTRICTS OF QUEENSLAND, AT THE CENSUS OF 3RD APRIL, 1911, CLASSIFIED ACCORDING TO BIRTHPLACE",,,False,True,True,1,,False,
1911_census_volume_ii_part_ii_birthplaces,1911 Census - Volume II - Part II Birthplaces.pdf,data\raw\abs_1911_census\1911 Census - Volume II - Part II Birthplaces.pdf,282,236,237,97 | 96 | 98,97,3,1,341,continues,"Population of the Census Districts of Queensland, at the Census of 3rd April, 1911, classified according to Birthplace",DISTRICTS OF QUEENSLAND—continued.,,False,True,True,1,,False,
1911_census_volume_ii_part_ii_birthplaces,1911 Census - Volume II - Part II Birthplaces.pdf,data\raw\abs_1911_census\1911 Census - Volume II - Part II Birthplaces.pdf,282,237,238,97 | 96 | 98,97,3,1,342,continues,"97.—POPULATION OF THE CENSUS DISTRICTS OF QUEENSLAND, AT THE CENSUS OF 3RD APRIL, 1911, CLASSIFIED ACCORDING TO BIRTHPLACE",,,False,True,True,1,,False,
1911_census_volume_ii_part_ii_birthplaces,1911 Census - Volume II - Part II Birthplaces.pdf,data\raw\abs_1911_census\1911 Census - Volume II - Part II Birthplaces.pdf,282,238,239,97 | 96 | 98,97,3,1,343,continues,"Population of the Census Districts of Queensland, at the Census of 3rd April, 1911, classified according to Birthplace",DISTRICTS OF QUEENSLAND—continued.,,False,True,True,1,,False,
1911_census_volume_ii_part_ii_birthplaces,1911 Census - Volume II - Part II Birthplaces.pdf,data\raw\abs_1911_census\1911 Census - Volume II - Part II Birthplaces.pdf,282,239,240,97 | 96 | 98,97,3,1,344,continues,"97.—POPULATION OF THE CENSUS DISTRICTS OF QUEENSLAND, AT THE CENSUS OF 3RD APRIL, 1911, CLASSIFIED ACCORDING TO BIRTHPLACE",,,False,True,True,1,,False,
1911_census_volume_ii_part_ii_birthplaces,1911 Census - Volume II - Part II Birthplaces.pdf,data\raw\abs_1911_census\1911 Census - Volume II - Part II Birthplaces.pdf,282,240,241,97 | 96 | 98,97,3,1,345,continues,"Population of the Census Districts of Queensland, at the Census of 3rd April, 1911, classified according to Birthplace",DISTRICTS OF QUEENSLAND—continued.,,False,True,True,1,,False,
1911_census_volume_ii_part_ii_birthplaces,1911 Census - Volume II - Part II Birthplaces.pdf,data\raw\abs_1911_census\1911 Census - Volume II - Part II Birthplaces.pdf,282,241,242,97 | 96 | 98,97,3,1,346,continues,"97.—POPULATION OF THE CENSUS DISTRICTS OF QUEENSLAND, AT THE CENSUS OF 3RD APRIL, 1911, CLASSIFIED ACCORDING TO BIRTHPLACE",,,False,True,True,1,,False,
1911_census_volume_ii_part_ii_birthplaces,1911 Census - Volume II - Part II Birthplaces.pdf,data\raw\abs_1911_census\1911 Census - Volume II - Part II Birthplaces.pdf,282,242,243,97 | 96 | 98,97,3,1,347,continues,"Population of the Census Districts of Queensland, at the Census of 3rd April, 1911, classified according to Birthplace",DISTRICTS OF QUEENSLAND—continued.,,False,True,True,1,,False,
1911_census_volume_ii_part_ii_birthplaces,1911 Census - Volume II - Part II Birthplaces.pdf,data\raw\abs_1911_census\1911 Census - Volume II - Part II Birthplaces.pdf,282,243,244,97 | 96 | 98,97,3,1,348,continues,97.—POPULATION OF THE CENSUS,,,False,True,True,1,,False,
1911_census_volume_ii_part_ii_birthplaces,1911 Census - Volume II - Part II Birthplaces.pdf,data\raw\abs_1911_census\1911 Census - Volume II - Part II Birthplaces.pdf,282,244,245,97 | 96 | 98,97,3,1,349,continues,"Population of the Census Districts of Queensland, at the Census of 3rd April, 1911, classified according to Birthplace",DISTRICTS OF QUEENSLAND—continued.,,False,True,True,1,,False,
1911_census_volume_ii_part_ii_birthplaces,1911 Census - Volume II - Part II Birthplaces.pdf,data\raw\abs_1911_census\1911 Census - Volume II - Part II Birthplaces.pdf,282,245,246,97 | 96 | 98,97,3,1,350,ends,"97.—POPULATION OF THE CENSUS DISTRICTS OF QUEENSLAND, AT THE CENSUS OF 3RD APRIL, 1911, CLASSIFIED ACCORDING TO BIRTHPLACE",,,False,True,True,1,,False,
1911_census_volume_ii_part_ii_birthplaces,1911 Census - Volume II - Part II Birthplaces.pdf,data\raw\abs_1911_census\1911 Census - Volume II - Part II Birthplaces.pdf,282,246,247,97 | 96 | 98,97,3,1,351,ends,"Population of the Census Districts of Queensland, at the Census of 3rd April, 1911, classified according to Birthplace",DISTRICTS OF QUEENSLAND—continued.,,False,True,True,1,,False,
1911_census_volume_ii_part_ii_birthplaces,1911 Census - Volume II - Part II Birthplaces.pdf,data\raw\abs_1911_census\1911 Census - Volume II - Part II Birthplaces.pdf,282,247,248,98 | 97 | 99,98,3,1,352,continues,"98.—POPULATION OF THE COUNTIES At the Census of 3rd April, 1911, (Exclusive of Full-",,,False,True,True,1,,False,
1911_census_volume_ii_part_ii_birthplaces,1911 Census - Volume II - Part II Birthplaces.pdf,data\raw\abs_1911_census\1911 Census - Volume II - Part II Birthplaces.pdf,282,248,249,98 | 97 | 99,98,3,1,353,continues,"Population of the Counties and Divisions of South Australia, at the Census of 3rd April, 1911, classified according to Birthplace",,"BUCCLEUCH, BUCKINGHAM, BURRA, BUXTON, CARDWELL",False,True,True,1,,False,
1911_census_volume_ii_part_ii_birthplaces,1911 Census - Volume II - Part II Birthplaces.pdf,data\raw\abs_1911_census\1911 Census - Volume II - Part II Birthplaces.pdf,282,249,250,98 | 97 | 99,98,3,1,354,continues,"Population of the Counties and Divisions of South Australia, at the Census of 3rd April, 1911, classified according to Birthplace",,,False,True,True,1,,False,
1911_census_volume_ii_part_ii_birthplaces,1911 Census - Volume II - Part II Birthplaces.pdf,data\raw\abs_1911_census\1911 Census - Volume II - Part II Birthplaces.pdf,282,250,251,98 | 97 | 99,98,3,1,355,continues,"Population of the Counties and Divisions of South Australia, at the Census of 3rd April, 1911, classified according to Birthplace",AND DIVISIONS OF SOUTH AUSTRALIA—continued.,,False,True,True,1,,False,
1911_census_volume_ii_part_ii_birthplaces,1911 Census - Volume II - Part II Birthplaces.pdf,data\raw\abs_1911_census\1911 Census - Volume II - Part II Birthplaces.pdf,282,251,252,98 | 97 | 99,98,3,1,356,continues,98.—POPULATION OF THE COUNTIES,,,False,True,True,1,,False,
1911_census_volume_ii_part_ii_birthplaces,1911 Census - Volume II - Part II Birthplaces.pdf,data\raw\abs_1911_census\1911 Census - Volume II - Part II Birthplaces.pdf,282,252,253,98 | 97 | 99,98,3,1,357,continues,"Population of the Counties and Divisions of South Australia, at the Census of 3rd April, 1911, classified according to Birthplace",AND DIVISIONS OF SOUTH AUSTRALIA—continued.,,False,True,True,1,,False,
1911_census_volume_ii_part_ii_birthplaces,1911 Census - Volume II - Part II Birthplaces.pdf,data\raw\abs_1911_census\1911 Census - Volume II - Part II Birthplaces.pdf,282,253,254,98 | 97 | 99,98,3,1,358,continues,"98.—POPULATION OF THE COUNTIES AND DIVISIONS OF SOUTH AUSTRALIA, AT THE CENSUS OF 3RD APRIL, 1911, CLASSIFIED ACCORDING TO BIRTHPLACE",,,False,True,True,1,,False,
1911_census_volume_ii_part_ii_birthplaces,1911 Census - Volume II - Part II Birthplaces.pdf,data\raw\abs_1911_census\1911 Census - Volume II - Part II Birthplaces.pdf,282,254,255,98 | 97 | 99,98,3,1,359,continues,"Population of the Counties and Divisions of South Australia, at the Census of 3rd April, 1911, classified according to Birthplace",AND DIVISIONS OF SOUTH AUSTRALIA—continued.,,False,True,True,1,,False,
1911_census_volume_ii_part_ii_birthplaces,1911 Census - Volume II - Part II Birthplaces.pdf,data\raw\abs_1911_census\1911 Census - Volume II - Part II Birthplaces.pdf,282,255,256,98 | 97 | 99,98,3,1,360,continues,98.—POPULATION OF THE COUNTIES,,,False,True,True,1,,False,
1911_census_volume_ii_part_ii_birthplaces,1911 Census - Volume II - Part II Birthplaces.pdf,data\raw\abs_1911_census\1911 Census - Volume II - Part II Birthplaces.pdf,282,256,257,98 | 97 | 99,98,3,1,361,continues,"Population of the Counties and Divisions of South Australia, at the Census of 3rd April, 1911, classified according to Birthplace",AND DIVISIONS OF SOUTH AUSTRALIA—continued.,,False,True,True,1,,False,
1911_census_volume_ii_part_ii_birthplaces,1911 Census - Volume II - Part II Birthplaces.pdf,data\raw\abs_1911_census\1911 Census - Volume II - Part II Birthplaces.pdf,282,257,258,98 | 97 | 99,98,3,1,362,ends,"Population of the Counties and Divisions of South Australia, at the Census of 3rd April, 1911, classified according to Birthplace",,,False,True,True,1,"The table title printed on the page is '97.-POPULATION OF THE COUNTIES', but based on the document context and the geography (South Australia), this is the final page of Table 98.",False,
1911_census_volume_ii_part_ii_birthplaces,1911 Census - Volume II - Part II Birthplaces.pdf,data\raw\abs_1911_census\1911 Census - Volume II - Part II Birthplaces.pdf,282,258,259,98 | 97 | 99,98,3,1,363,ends,"Population of the Counties and Divisions of South Australia, at the Census of 3rd April, 1911, classified according to Birthplace",,AND DIVISIONS OF SOUTH AUSTRALIA—continued.,False,True,True,1,,False,
1911_census_volume_ii_part_ii_birthplaces,1911 Census - Volume II - Part II Birthplaces.pdf,data\raw\abs_1911_census\1911 Census - Volume II - Part II Birthplaces.pdf,282,259,260,99 | 98 | 100,99,3,1,364,continues,"99. Population of the Statistical Districts of Western Australia, at the Census of 3rd April, 1911, classified according to Birthplace",,,False,True,True,1,,False,
1911_census_volume_ii_part_ii_birthplaces,1911 Census - Volume II - Part II Birthplaces.pdf,data\raw\abs_1911_census\1911 Census - Volume II - Part II Birthplaces.pdf,282,260,261,99 | 98 | 100,99,3,1,365,continues,"Population of the Statistical Districts of Western Australia, at the Census of 3rd April, 1911, classified according to Birthplace",DISTRICTS OF WESTERN AUSTRALIA,,False,True,True,1,,False,
1911_census_volume_ii_part_ii_birthplaces,1911 Census - Volume II - Part II Birthplaces.pdf,data\raw\abs_1911_census\1911 Census - Volume II - Part II Birthplaces.pdf,282,261,262,99 | 98 | 100,99,3,1,366,continues,99.—POPULATION OF THE STATISTICAL,,,False,True,True,1,,False,
1911_census_volume_ii_part_ii_birthplaces,1911 Census - Volume II - Part II Birthplaces.pdf,data\raw\abs_1911_census\1911 Census - Volume II - Part II Birthplaces.pdf,282,262,263,99 | 98 | 100,99,3,1,367,continues,"Population of the Statistical Districts of Western Australia, at the Census of 3rd April, 1911, classified according to Birthplace",DISTRICTS OF WESTERN AUSTRALIA—continued.,,False,True,True,1,,False,
1911_census_volume_ii_part_ii_birthplaces,1911 Census - Volume II - Part II Birthplaces.pdf,data\raw\abs_1911_census\1911 Census - Volume II - Part II Birthplaces.pdf,282,263,264,99 | 98 | 100,99,3,1,368,ends,"99.—POPULATION OF THE STATISTICAL DISTRICTS OF WESTERN AUSTRALIA, AT THE CENSUS OF 3RD APRIL, 1911, CLASSIFIED ACCORDING TO BIRTHPLACE",,,False,True,True,1,,False,
1911_census_volume_ii_part_ii_birthplaces,1911 Census - Volume II - Part II Birthplaces.pdf,data\raw\abs_1911_census\1911 Census - Volume II - Part II Birthplaces.pdf,282,264,265,99 | 98 | 100,,3,0,369,non_table,,,DISTRICTS OF WESTERN AUSTRALIA—continued.,False,False,True,0.9,"The page contains a continuation of a table, but the table number (99) is outside the provided candidate range for this page index.",False,
1911_census_volume_ii_part_ii_birthplaces,1911 Census - Volume II - Part II Birthplaces.pdf,data\raw\abs_1911_census\1911 Census - Volume II - Part II Birthplaces.pdf,282,265,266,100 | 99 | 101,100,3,1,370,continues,"100. POPULATION OF THE LOCAL GOVERNMENT AREAS (MUNICIPALITIES) OF TASMANIA, AT THE CENSUS OF 3RD APRIL, 1911, CLASSIFIED ACCORDING TO BIRTHPLACE",,,False,True,True,1,,False,
1911_census_volume_ii_part_ii_birthplaces,1911 Census - Volume II - Part II Birthplaces.pdf,data\raw\abs_1911_census\1911 Census - Volume II - Part II Birthplaces.pdf,282,266,267,100 | 99 | 101,100,3,1,371,continues,"Population of the Local Government Areas (Municipalities) of Tasmania, at the Census of 3rd April, 1911, classified according to Birthplace",,AREAS (MUNICIPALITIES) OF TASMANIA,False,True,True,1,,False,
1911_census_volume_ii_part_ii_birthplaces,1911 Census - Volume II - Part II Birthplaces.pdf,data\raw\abs_1911_census\1911 Census - Volume II - Part II Birthplaces.pdf,282,267,268,100 | 99 | 101,100,3,1,372,continues,"100.—POPULATION OF THE LOCAL GOVERNMENT AREAS (MUNICIPALITIES) OF TASMANIA, AT THE CENSUS OF 3RD APRIL, 1911, CLASSIFIED ACCORDING TO BIRTHPLACE",,,False,True,True,1,,False,
1911_census_volume_ii_part_ii_birthplaces,1911 Census - Volume II - Part II Birthplaces.pdf,data\raw\abs_1911_census\1911 Census - Volume II - Part II Birthplaces.pdf,282,268,269,100 | 99 | 101,100,3,1,373,continues,"Population of the Local Government Areas (Municipalities) of Tasmania, at the Census of 3rd April, 1911, classified according to Birthplace",AREAS (MUNICIPALITIES) OF TASMANIA—continued.,,False,True,True,1,,False,
1911_census_volume_ii_part_ii_birthplaces,1911 Census - Volume II - Part II Birthplaces.pdf,data\raw\abs_1911_census\1911 Census - Volume II - Part II Birthplaces.pdf,282,269,270,100 | 99 | 101,100,3,1,374,continues,"100.—POPULATION OF THE LOCAL GOVERNMENT AREAS (MUNICIPALITIES) OF TASMANIA, AT THE CENSUS OF 3RD APRIL, 1911, CLASSIFIED ACCORDING TO BIRTHPLACE",,,False,True,True,1,,False,
1911_census_volume_ii_part_ii_birthplaces,1911 Census - Volume II - Part II Birthplaces.pdf,data\raw\abs_1911_census\1911 Census - Volume II - Part II Birthplaces.pdf,282,270,271,100 | 99 | 101,100,3,1,375,continues,"Population of the Local Government Areas (Municipalities) of Tasmania, at the Census of 3rd April, 1911, classified according to Birthplace",AREAS (MUNICIPALITIES) OF TASMANIA--continued.,,False,True,True,1,,False,
1911_census_volume_ii_part_ii_birthplaces,1911 Census - Volume II - Part II Birthplaces.pdf,data\raw\abs_1911_census\1911 Census - Volume II - Part II Birthplaces.pdf,282,271,272,100 | 99 | 101,100,3,1,376,continues,100.—POPULATION OF THE LOCAL GOVERNMENT,,,False,True,True,1,,False,
1911_census_volume_ii_part_ii_birthplaces,1911 Census - Volume II - Part II Birthplaces.pdf,data\raw\abs_1911_census\1911 Census - Volume II - Part II Birthplaces.pdf,282,272,273,100 | 99 | 101,100,3,1,377,continues,"Population of the Local Government Areas (Municipalities) of Tasmania, at the Census of 3rd April, 1911, classified according to Birthplace",AREAS (MUNICIPALITIES) OF TASMANIA—continued.,,False,True,True,1,,False,
1911_census_volume_ii_part_ii_birthplaces,1911 Census - Volume II - Part II Birthplaces.pdf,data\raw\abs_1911_census\1911 Census - Volume II - Part II Birthplaces.pdf,282,273,274,100 | 99 | 101,100,3,1,378,continues,"100.—POPULATION OF THE LOCAL GOVERNMENT AREAS (MUNICIPALITIES) OF TASMANIA, AT THE CENSUS OF 3RD APRIL, 1911, CLASSIFIED ACCORDING TO BIRTHPLACE",,,False,True,True,1,,False,
1911_census_volume_ii_part_ii_birthplaces,1911 Census - Volume II - Part II Birthplaces.pdf,data\raw\abs_1911_census\1911 Census - Volume II - Part II Birthplaces.pdf,282,274,275,100 | 99 | 101,100,3,1,379,continues,"Population of the Local Government Areas (Municipalities) of Tasmania, at the Census of 3rd April, 1911, classified according to Birthplace",AREAS (MUNICIPALITIES) OF TASMANIA—continued.,,False,True,True,1,,False,
1911_census_volume_ii_part_ii_birthplaces,1911 Census - Volume II - Part II Birthplaces.pdf,data\raw\abs_1911_census\1911 Census - Volume II - Part II Birthplaces.pdf,282,275,276,100 | 99 | 101,100,3,1,380,ends,"100.—POPULATION OF THE LOCAL GOVERNMENT AREAS (MUNICIPALITIES) OF TASMANIA, AT THE CENSUS OF 3RD APRIL, 1911, CLASSIFIED ACCORDING TO BIRTHPLACE",,,False,True,True,1,,False,
1911_census_volume_ii_part_ii_birthplaces,1911 Census - Volume II - Part II Birthplaces.pdf,data\raw\abs_1911_census\1911 Census - Volume II - Part II Birthplaces.pdf,282,276,277,100 | 99 | 101,100,3,1,381,ends,"Population of the Local Government Areas (Municipalities) of Tasmania, at the Census of 3rd April, 1911, classified according to Birthplace",AREAS (MUNICIPALITIES) OF TASMANIA—continued.,,False,True,True,1,,False,
1911_census_volume_ii_part_ii_birthplaces,1911 Census - Volume II - Part II Birthplaces.pdf,data\raw\abs_1911_census\1911 Census - Volume II - Part II Birthplaces.pdf,282,277,278,101 | 100 | 102,101,3,1,382,continues,"101.—POPULATION OF THE COUNTIES at the Census of 3rd April, 1911, (Exclusive of Full-",,,False,True,True,1,,False,
1911_census_volume_ii_part_ii_birthplaces,1911 Census - Volume II - Part II Birthplaces.pdf,data\raw\abs_1911_census\1911 Census - Volume II - Part II Birthplaces.pdf,282,278,279,101 | 100 | 102,101,3,1,383,ends,"Population of the Counties of the Northern Territory, at the Census of 3rd April, 1911, classified according to Birthplace",,OF THE NORTHERN TERRITORY,False,True,True,1,"The printed page number 383 does not match the expected span 277-278 for table 101, but the content clearly belongs to table 101.",False,
1911_census_volume_ii_part_ii_birthplaces,1911 Census - Volume II - Part II Birthplaces.pdf,data\raw\abs_1911_census\1911 Census - Volume II - Part II Birthplaces.pdf,282,279,280,102 | 101 | 103,102,3,1,384,complete_on_page,"102.—POPULATION OF THE DIVISIONS OF THE FEDERAL CAPITAL TERRITORY at the Census of 3rd April, 1911, classified according to Birthplace",,,False,True,True,1,,False,
1911_census_volume_ii_part_ii_birthplaces,1911 Census - Volume II - Part II Birthplaces.pdf,data\raw\abs_1911_census\1911 Census - Volume II - Part II Birthplaces.pdf,282,280,281,103 | 102,103,2,1,385,ends,"103.—FULL-BLOODED ABORIGINAL NATIVES OF AUSTRALIA ENUMERATED IN THE SEVERAL STATES AND TERRITORIES OF THE COMMONWEALTH, at the Census of 3rd April, 1911, classified according to Birthplace and Sex.",,,False,True,True,1,,False,
1911_census_volume_ii_part_ii_birthplaces,1911 Census - Volume II - Part II Birthplaces.pdf,data\raw\abs_1911_census\1911 Census - Volume II - Part II Birthplaces.pdf,282,281,282,103 | 102,,2,0,,non_table,,,,False,False,False,1,The provided page image is blank.,False,
1911_census_volume_ii_part_iii_length_of_residence,1911 Census - Volume II - Part III Length of Residence.pdf,data\raw\abs_1911_census\1911 Census - Volume II - Part III Length of Residence.pdf,54,3,4,1 | 2,1,2,1,390,continues,"1.—POPULATION OF THE STATES AND TERRITORIES OF THE COMMONWEALTH OF AUSTRALIA AT THE CENSUS OF 3rd APRIL, 1911, CLASSIFIED ACCORDING TO LENGTH OF RESIDENCE IN AUSTRALIA",,,False,True,True,1,,False,
1911_census_volume_ii_part_iii_length_of_residence,1911 Census - Volume II - Part III Length of Residence.pdf,data\raw\abs_1911_census\1911 Census - Volume II - Part III Length of Residence.pdf,54,4,5,1 | 2,1,2,1,391,ends,1.—POPULATION OF THE STATES AND TERRITORIES OF THE COMMONWEALTH—continued.,,,False,True,True,1,,False,
1911_census_volume_ii_part_iii_length_of_residence,1911 Census - Volume II - Part III Length of Residence.pdf,data\raw\abs_1911_census\1911 Census - Volume II - Part III Length of Residence.pdf,54,5,6,2 | 1 | 3,2,3,1,392,ends,"2.—POPULATION OF THE COMMONWEALTH OF AUSTRALIA AT THE CENSUS OF 3RD APRIL, 1911, CLASSIFIED ACCORDING TO AGE AND LENGTH OF RESIDENCE IN AUSTRALIA",,,False,True,True,1,,False,
1911_census_volume_ii_part_iii_length_of_residence,1911 Census - Volume II - Part III Length of Residence.pdf,data\raw\abs_1911_census\1911 Census - Volume II - Part III Length of Residence.pdf,54,6,7,2 | 1 | 3,2,3,1,393,continues,"Population of the Commonwealth of Australia at the Census of 3rd April, 1911, Classified according to Age and Length of Residence in Australia",,,False,True,True,1,,False,
1911_census_volume_ii_part_iii_length_of_residence,1911 Census - Volume II - Part III Length of Residence.pdf,data\raw\abs_1911_census\1911 Census - Volume II - Part III Length of Residence.pdf,54,7,8,3 | 2 | 4,2 | 3,3,2,394,boundary_multiple_tables,"Population of the Commonwealth of Australia at the Census of 3rd April, 1911, Classified according to Age and Length of Residence in Australia | Population of the State of New South Wales at the Census of 3rd April, 1911, Classified according to Age and Length of Residence in Australia",,,True,True,True,1,,False,
1911_census_volume_ii_part_iii_length_of_residence,1911 Census - Volume II - Part III Length of Residence.pdf,data\raw\abs_1911_census\1911 Census - Volume II - Part III Length of Residence.pdf,54,8,9,3 | 2 | 4,3,3,1,395,continues,"Population of the State of New South Wales at the Census of 3rd April, 1911, Classified according to Age and Length of Residence in Australia",,STATE OF NEW SOUTH WALES,False,True,True,1,,False,
1911_census_volume_ii_part_iii_length_of_residence,1911 Census - Volume II - Part III Length of Residence.pdf,data\raw\abs_1911_census\1911 Census - Volume II - Part III Length of Residence.pdf,54,9,10,3 | 2 | 4,3,3,1,396,ends,3.—POPULATION OF THE STATE,,,False,True,True,1,,False,
1911_census_volume_ii_part_iii_length_of_residence,1911 Census - Volume II - Part III Length of Residence.pdf,data\raw\abs_1911_census\1911 Census - Volume II - Part III Length of Residence.pdf,54,10,11,3 | 2 | 4,3,3,1,397,ends,"Population of the State of New South Wales at the Census of 3rd April, 1911, Classified according to Age and Length of Residence in Australia",OF NEW SOUTH WALES—continued.,,False,True,True,1,,False,
1911_census_volume_ii_part_iii_length_of_residence,1911 Census - Volume II - Part III Length of Residence.pdf,data\raw\abs_1911_census\1911 Census - Volume II - Part III Length of Residence.pdf,54,11,12,4 | 3 | 5,4,3,1,398,ends,"4.—POPULATION OF THE STATE OF VICTORIA AT THE CENSUS OF 3RD APRIL, 1911, CLASSIFIED ACCORDING TO AGE AND LENGTH OF RESIDENCE IN AUSTRALIA",,,False,True,True,1,,False,
1911_census_volume_ii_part_iii_length_of_residence,1911 Census - Volume II - Part III Length of Residence.pdf,data\raw\abs_1911_census\1911 Census - Volume II - Part III Length of Residence.pdf,54,12,13,4 | 3 | 5,4,3,1,399,ends,"Population of the State of Victoria at the Census of 3rd April, 1911, Classified according to Age and Length of Residence in Australia",,,False,True,True,1,,False,
1911_census_volume_ii_part_iii_length_of_residence,1911 Census - Volume II - Part III Length of Residence.pdf,data\raw\abs_1911_census\1911 Census - Volume II - Part III Length of Residence.pdf,54,13,14,5 | 4 | 6,4 | 5,3,2,400,boundary_multiple_tables,"4.-POPULATION OF THE | 5.-POPULATION OF THE At the Census of 3rd April, 1911, Classified (Exclusive of Full-",,,True,True,True,1,,False,
1911_census_volume_ii_part_iii_length_of_residence,1911 Census - Volume II - Part III Length of Residence.pdf,data\raw\abs_1911_census\1911 Census - Volume II - Part III Length of Residence.pdf,54,14,15,5 | 4 | 6,4 | 5,3,2,401,boundary_multiple_tables,"Population of the State of Victoria at the Census of 3rd April, 1911, Classified according to Age and Length of Residence in Australia | Population of the State of Queensland at the Census of 3rd April, 1911, Classified according to Age and Length of Residence in Australia",,,True,True,True,1,,False,
1911_census_volume_ii_part_iii_length_of_residence,1911 Census - Volume II - Part III Length of Residence.pdf,data\raw\abs_1911_census\1911 Census - Volume II - Part III Length of Residence.pdf,54,15,16,5 | 4 | 6,5,3,1,402,ends,5.—POPULATION OF THE STATE,,,False,True,True,1,,False,
1911_census_volume_ii_part_iii_length_of_residence,1911 Census - Volume II - Part III Length of Residence.pdf,data\raw\abs_1911_census\1911 Census - Volume II - Part III Length of Residence.pdf,54,16,17,5 | 4 | 6,5,3,1,403,ends,"Population of the State of Queensland at the Census of 3rd April, 1911, Classified according to Age and Length of Residence in Australia",OF QUEENSLAND—continued.,,False,True,True,1,,False,
1911_census_volume_ii_part_iii_length_of_residence,1911 Census - Volume II - Part III Length of Residence.pdf,data\raw\abs_1911_census\1911 Census - Volume II - Part III Length of Residence.pdf,54,17,18,6 | 5 | 7,6,3,1,404,ends,"6.—POPULATION OF THE State of South Australia at the Census of 3rd April, 1911, Classified according to Age and Length of Residence in Australia",,,False,True,True,1,,False,
1911_census_volume_ii_part_iii_length_of_residence,1911 Census - Volume II - Part III Length of Residence.pdf,data\raw\abs_1911_census\1911 Census - Volume II - Part III Length of Residence.pdf,54,18,19,6 | 5 | 7,6,3,1,405,ends,"Population of the State of South Australia at the Census of 3rd April, 1911, Classified according to Age and Length of Residence in Australia",,STATE OF SOUTH AUSTRALIA,False,True,True,1,,False,
1911_census_volume_ii_part_iii_length_of_residence,1911 Census - Volume II - Part III Length of Residence.pdf,data\raw\abs_1911_census\1911 Census - Volume II - Part III Length of Residence.pdf,54,19,20,7 | 6 | 8,7,3,1,406,starts,"7.-POPULATION OF THE At the Census of 3rd April, 1911, Classified (Exclusive of Full-",,,True,True,True,1,"The page contains the end of table 6 and the start of table 7. Table 6 is not in the candidate list for this page, but is visible. Table 7 is the primary table starting on this page.",False,
1911_census_volume_ii_part_iii_length_of_residence,1911 Census - Volume II - Part III Length of Residence.pdf,data\raw\abs_1911_census\1911 Census - Volume II - Part III Length of Residence.pdf,54,20,21,7 | 6 | 8,6 | 7,3,2,407,boundary_multiple_tables,"Population of the State of South Australia at the Census of 3rd April, 1911, Classified according to Age and Length of Residence in Australia | Population of the State of Western Australia at the Census of 3rd April, 1911, Classified according to Age and Length of Residence in Australia",,,True,True,True,1,,False,
1911_census_volume_ii_part_iii_length_of_residence,1911 Census - Volume II - Part III Length of Residence.pdf,data\raw\abs_1911_census\1911 Census - Volume II - Part III Length of Residence.pdf,54,21,22,7 | 6 | 8,7,3,1,408,ends,"7.—POPULATION OF THE STATE OF WESTERN AUSTRALIA AT THE CENSUS OF 3RD APRIL, 1911, CLASSIFIED ACCORDING TO AGE AND LENGTH OF RESIDENCE IN AUSTRALIA",,,False,True,True,1,,False,
1911_census_volume_ii_part_iii_length_of_residence,1911 Census - Volume II - Part III Length of Residence.pdf,data\raw\abs_1911_census\1911 Census - Volume II - Part III Length of Residence.pdf,54,22,23,7 | 6 | 8,7,3,1,409,ends,"Population of the State of Western Australia at the Census of 3rd April, 1911, Classified according to Age and Length of Residence in Australia",,WESTERN AUSTRALIA—continued.,False,False,True,1,,False,
1911_census_volume_ii_part_iii_length_of_residence,1911 Census - Volume II - Part III Length of Residence.pdf,data\raw\abs_1911_census\1911 Census - Volume II - Part III Length of Residence.pdf,54,23,24,8 | 7 | 9,8,3,1,410,starts,"8.—POPULATION OF THE STATE OF TASMANIA AT THE CENSUS OF 3RD APRIL, 1911, CLASSIFIED ACCORDING TO AGE AND LENGTH OF RESIDENCE IN AUSTRALIA",,,False,True,True,1,,False,
1911_census_volume_ii_part_iii_length_of_residence,1911 Census - Volume II - Part III Length of Residence.pdf,data\raw\abs_1911_census\1911 Census - Volume II - Part III Length of Residence.pdf,54,24,25,8 | 7 | 9,8,3,1,411,ends,"Population of the State of Tasmania at the Census of 3rd April, 1911, Classified according to Age and Length of Residence in Australia",,,False,True,True,1,,False,
1911_census_volume_ii_part_iii_length_of_residence,1911 Census - Volume II - Part III Length of Residence.pdf,data\raw\abs_1911_census\1911 Census - Volume II - Part III Length of Residence.pdf,54,25,26,9 | 8 | 10,9,3,1,412,continues,"9. Population of the Northern Territory at the Census of 3rd April, 1911, Classified according to Age and Length of Residence in Australia",,,True,True,True,1,"The page contains the end of Table 8 and the start of Table 9. Table 8 is not in the candidate list for this page, but Table 9 is.",False,
1911_census_volume_ii_part_iii_length_of_residence,1911 Census - Volume II - Part III Length of Residence.pdf,data\raw\abs_1911_census\1911 Census - Volume II - Part III Length of Residence.pdf,54,26,27,9 | 8 | 10,8 | 9,3,2,413,boundary_multiple_tables,"Population of the State of Tasmania at the Census of 3rd April, 1911, Classified according to Age and Length of Residence in Australia | Population of the Northern Territory at the Census of 3rd April, 1911, Classified according to Age and Length of Residence in Australia",,,True,True,True,1,,False,
1911_census_volume_ii_part_iii_length_of_residence,1911 Census - Volume II - Part III Length of Residence.pdf,data\raw\abs_1911_census\1911 Census - Volume II - Part III Length of Residence.pdf,54,27,28,9 | 8 | 10,9,3,1,414,continues,"9.--POPULATION OF THE NORTHERN TERRITORY AT THE CENSUS OF 3RD APRIL, 1911, CLASSIFIED ACCORDING TO AGE AND LENGTH OF RESIDENCE IN AUSTRALIA",,,False,True,True,1,,False,
1911_census_volume_ii_part_iii_length_of_residence,1911 Census - Volume II - Part III Length of Residence.pdf,data\raw\abs_1911_census\1911 Census - Volume II - Part III Length of Residence.pdf,54,28,29,9 | 8 | 10,9,3,1,415,ends,"Population of the Northern Territory at the Census of 3rd April, 1911, Classified according to Age and Length of Residence in Australia",NORTHERN TERRITORY—continued.,FEMALES and PERSONS,False,True,True,1,,False,
1911_census_volume_ii_part_iii_length_of_residence,1911 Census - Volume II - Part III Length of Residence.pdf,data\raw\abs_1911_census\1911 Census - Volume II - Part III Length of Residence.pdf,54,29,30,10 | 9 | 11,10,3,1,416,continues,"10.—POPULATION OF THE At the Census of 3rd April, 1911, Classified (Exclusive of Full-",,,False,True,True,1,,False,
1911_census_volume_ii_part_iii_length_of_residence,1911 Census - Volume II - Part III Length of Residence.pdf,data\raw\abs_1911_census\1911 Census - Volume II - Part III Length of Residence.pdf,54,30,31,10 | 9 | 11,10,3,1,417,ends,"Population of the Federal Capital Territory at the Census of 3rd April, 1911, Classified according to Age and Length of Residence in Australia",,FEDERAL CAPITAL TERRITORY,False,True,True,1,,False,
1911_census_volume_ii_part_iii_length_of_residence,1911 Census - Volume II - Part III Length of Residence.pdf,data\raw\abs_1911_census\1911 Census - Volume II - Part III Length of Residence.pdf,54,31,32,11 | 10 | 12,10 | 11,3,2,418,boundary_multiple_tables,"Population of the Federal Capital Territory at the Census of 3rd April, 1911, Classified according to Age and Length of Residence in Australia | Metropolitan and Extra-Metropolitan Population of New South Wales at the Census of 3rd April, 1911, Classified according to Length of Residence in Australia",,,True,True,True,1,,False,
1911_census_volume_ii_part_iii_length_of_residence,1911 Census - Volume II - Part III Length of Residence.pdf,data\raw\abs_1911_census\1911 Census - Volume II - Part III Length of Residence.pdf,54,32,33,12 | 11 | 13,12,3,1,419,complete_on_page,"Metropolitan and Extra-Metropolitan Population of Victoria at the Census of 3rd April, 1911, Classified according to Length of Residence in Australia",,FEDERAL CAPITAL TERRITORY,True,True,True,1,The page contains the end of a table for the Federal Capital Territory (unindexed) and the entirety of Table 12.,False,
1911_census_volume_ii_part_iii_length_of_residence,1911 Census - Volume II - Part III Length of Residence.pdf,data\raw\abs_1911_census\1911 Census - Volume II - Part III Length of Residence.pdf,54,33,34,13 | 12 | 14 | 15,13 | 14,4,2,420,boundary_multiple_tables,"Metropolitan and Extra-Metropolitan Population of Queensland at the Census of 3rd April, 1911, Classified according to Length of Residence in Australia | Metropolitan and Extra-Metropolitan Population of South Australia at the Census of 3rd April, 1911, Classified according to Length of Residence in Australia",,,True,True,True,1,,False,
1911_census_volume_ii_part_iii_length_of_residence,1911 Census - Volume II - Part III Length of Residence.pdf,data\raw\abs_1911_census\1911 Census - Volume II - Part III Length of Residence.pdf,54,34,35,15 | 14 | 16 | 17,15 | 16,4,2,421,boundary_multiple_tables,"Metropolitan and Extra-Metropolitan Population of Western Australia at the Census of 3rd April, 1911, Classified according to Length of Residence in Australia | Metropolitan and Extra-Metropolitan Population of Tasmania at the Census of 3rd April, 1911, Classified according to Length of Residence in Australia",,,True,True,True,1,,False,
1911_census_volume_ii_part_iii_length_of_residence,1911 Census - Volume II - Part III Length of Residence.pdf,data\raw\abs_1911_census\1911 Census - Volume II - Part III Length of Residence.pdf,54,35,36,17 | 16 | 18,17,3,1,422,continues,"17.—POPULATION AT ADVANCED AGES IN THE COMMONWEALTH OF AUSTRALIA AT THE CENSUS OF 3RD APRIL, 1911, CLASSIFIED ACCORDING TO AGE AND LENGTH OF RESIDENCE IN AUSTRALIA",,,False,True,True,1,,False,
1911_census_volume_ii_part_iii_length_of_residence,1911 Census - Volume II - Part III Length of Residence.pdf,data\raw\abs_1911_census\1911 Census - Volume II - Part III Length of Residence.pdf,54,36,37,17 | 16 | 18,17,3,1,423,ends,"Population at Advanced Ages in the Commonwealth of Australia at the Census of 3rd April, 1911, Classified according to Age and Length of Residence in Australia",,,False,True,True,1,,False,
1911_census_volume_ii_part_iii_length_of_residence,1911 Census - Volume II - Part III Length of Residence.pdf,data\raw\abs_1911_census\1911 Census - Volume II - Part III Length of Residence.pdf,54,37,38,18 | 17 | 19,18,3,1,424,ends,"18.—POPULATION AT ADVANCED AGES At the Census of 3rd April, 1911, Classified according to Age and Length of Residence in Australia",,,False,True,True,1,,False,
1911_census_volume_ii_part_iii_length_of_residence,1911 Census - Volume II - Part III Length of Residence.pdf,data\raw\abs_1911_census\1911 Census - Volume II - Part III Length of Residence.pdf,54,38,39,18 | 17 | 19,19,3,1,425,starts,"Population at Advanced Ages in the State of Victoria at the Census of 3rd April, 1911, Classified according to Age and Length of Residence in Australia",,,False,True,True,1,"The page header text 'IN THE STATE OF NEW SOUTH WALES' appears to be a misprint in the source document, as the table content corresponds to the start of Table 19 (Victoria).",False,
1911_census_volume_ii_part_iii_length_of_residence,1911 Census - Volume II - Part III Length of Residence.pdf,data\raw\abs_1911_census\1911 Census - Volume II - Part III Length of Residence.pdf,54,39,40,19 | 18 | 20,19,3,1,426,ends,"19. POPULATION AT ADVANCED AGES At the Census of 3rd April, 1911, Classified according to (Exclusive of Full-",,,False,True,True,1,,False,
1911_census_volume_ii_part_iii_length_of_residence,1911 Census - Volume II - Part III Length of Residence.pdf,data\raw\abs_1911_census\1911 Census - Volume II - Part III Length of Residence.pdf,54,40,41,19 | 18 | 20,19,3,1,427,ends,"Population at Advanced Ages in the State of Victoria at the Census of 3rd April, 1911, Classified according to Age and Length of Residence in Australia",,,False,True,True,1,,False,
1911_census_volume_ii_part_iii_length_of_residence,1911 Census - Volume II - Part III Length of Residence.pdf,data\raw\abs_1911_census\1911 Census - Volume II - Part III Length of Residence.pdf,54,41,42,20 | 19 | 21,20,3,1,428,continues,"20.—POPULATION AT ADVANCED AGES in the State of Queensland at the Census of 3rd April, 1911, Classified according to Age and Length of Residence in Australia",,,False,True,True,1,,False,
1911_census_volume_ii_part_iii_length_of_residence,1911 Census - Volume II - Part III Length of Residence.pdf,data\raw\abs_1911_census\1911 Census - Volume II - Part III Length of Residence.pdf,54,42,43,20 | 19 | 21,20,3,1,429,ends,"Population at Advanced Ages in the State of Queensland at the Census of 3rd April, 1911, Classified according to Age and Length of Residence in Australia",,IN THE STATE OF QUEENSLAND,False,True,True,1,,False,
1911_census_volume_ii_part_iii_length_of_residence,1911 Census - Volume II - Part III Length of Residence.pdf,data\raw\abs_1911_census\1911 Census - Volume II - Part III Length of Residence.pdf,54,43,44,21 | 20 | 22,21,3,1,430,continues,"21. Population at Advanced Ages in the State of South Australia at the Census of 3rd April, 1911, Classified according to Age and Length of Residence in Australia",,,False,True,True,1,,False,
1911_census_volume_ii_part_iii_length_of_residence,1911 Census - Volume II - Part III Length of Residence.pdf,data\raw\abs_1911_census\1911 Census - Volume II - Part III Length of Residence.pdf,54,44,45,21 | 20 | 22,22,3,1,431,starts,"Population at Advanced Ages in the State of Western Australia at the Census of 3rd April, 1911, Classified according to Age and Length of Residence in Australia",,,False,True,True,0.9,"The page header indicates 'IN THE STATE OF SOUTH AUSTRALIA', but the candidate table list identifies this page as the start of Table 22 (Western Australia). The content appears to be a continuation or mislabeled section of the previous table (Table 21) or a transition page.",False,
1911_census_volume_ii_part_iii_length_of_residence,1911 Census - Volume II - Part III Length of Residence.pdf,data\raw\abs_1911_census\1911 Census - Volume II - Part III Length of Residence.pdf,54,45,46,22 | 21 | 23,22,3,1,432,continues,"22.—POPULATION AT ADVANCED AGES At the Census of 3rd April, 1911, Classified according to Age and Length of Residence in Australia",,,False,True,True,1,,False,
1911_census_volume_ii_part_iii_length_of_residence,1911 Census - Volume II - Part III Length of Residence.pdf,data\raw\abs_1911_census\1911 Census - Volume II - Part III Length of Residence.pdf,54,46,47,22 | 21 | 23,22,3,1,433,ends,"Population at Advanced Ages in the State of Western Australia at the Census of 3rd April, 1911, Classified according to Age and Length of Residence in Australia",,,False,True,True,1,,False,
1911_census_volume_ii_part_iii_length_of_residence,1911 Census - Volume II - Part III Length of Residence.pdf,data\raw\abs_1911_census\1911 Census - Volume II - Part III Length of Residence.pdf,54,47,48,23 | 22 | 24,23,3,1,434,continues,"23. Population at Advanced Ages in the State of Tasmania at the Census of 3rd April, 1911, Classified according to Age and Length of Residence in Australia",,,False,True,True,1,,False,
1911_census_volume_ii_part_iii_length_of_residence,1911 Census - Volume II - Part III Length of Residence.pdf,data\raw\abs_1911_census\1911 Census - Volume II - Part III Length of Residence.pdf,54,48,49,23 | 22 | 24,23,3,1,435,ends,"Population at Advanced Ages in the State of Tasmania at the Census of 3rd April, 1911, Classified according to Age and Length of Residence in Australia",,IN THE STATE OF TASMANIA,False,True,True,1,,False,
1911_census_volume_ii_part_iii_length_of_residence,1911 Census - Volume II - Part III Length of Residence.pdf,data\raw\abs_1911_census\1911 Census - Volume II - Part III Length of Residence.pdf,54,49,50,24 | 23 | 25,24,3,1,436,continues,"24.—POPULATION AT ADVANCED AGES At the Census of 3rd April, 1911, Classified according to Age and Length of Residence in Australia (Exclusive of Full-blooded Aboriginals)",,,False,True,True,1,,False,
1911_census_volume_ii_part_iii_length_of_residence,1911 Census - Volume II - Part III Length of Residence.pdf,data\raw\abs_1911_census\1911 Census - Volume II - Part III Length of Residence.pdf,54,50,51,24 | 23 | 25,24,3,1,437,ends,"Population at Advanced Ages in the Northern Territory at the Census of 3rd April, 1911, Classified according to Age and Length of Residence in Australia",,IN THE NORTHERN TERRITORY,False,True,True,1,,False,
1911_census_volume_ii_part_iii_length_of_residence,1911 Census - Volume II - Part III Length of Residence.pdf,data\raw\abs_1911_census\1911 Census - Volume II - Part III Length of Residence.pdf,54,51,52,25 | 24,25,2,1,438,continues,"25.—POPULATION AT ADVANCED AGES At the Census of 3rd April, 1911, Classified according to Age and Length of Residence in Australia",,,False,True,True,1,,False,
1911_census_volume_ii_part_iii_length_of_residence,1911 Census - Volume II - Part III Length of Residence.pdf,data\raw\abs_1911_census\1911 Census - Volume II - Part III Length of Residence.pdf,54,52,53,25 | 24,25,2,1,439,ends,"Population at Advanced Ages in the Federal Capital Territory at the Census of 3rd April, 1911, Classified according to Age and Length of Residence in Australia",,,False,True,True,1,,False,
1911_census_volume_ii_part_iii_length_of_residence,1911 Census - Volume II - Part III Length of Residence.pdf,data\raw\abs_1911_census\1911 Census - Volume II - Part III Length of Residence.pdf,54,53,54,25 | 24,,2,0,,non_table,,,,False,False,False,1,The provided page is blank.,False,
1911_census_volume_ii_part_iv_education,1911 Census - Volume II - Part IV Education.pdf,data\raw\abs_1911_census\1911 Census - Volume II - Part IV Education.pdf,182,2,3,1 | 2 | 3,1 | 2,3,2,443,boundary_multiple_tables,"Number of Persons Recorded in each State and Territory of the Commonwealth, at the Census of 3rd April, 1911, Classified according to Education and Sex | Number of Persons Recorded in the Commonwealth, at the Censuses of 1891, 1901, and 1911, Classified according to Education and Sex",,,True,True,True,1,,False,
1911_census_volume_ii_part_iv_education,1911 Census - Volume II - Part IV Education.pdf,data\raw\abs_1911_census\1911 Census - Volume II - Part IV Education.pdf,182,3,4,3 | 2 | 4,3,3,1,444,complete_on_page,"Number of Males Recorded in each State and Territory of the Commonwealth, at the Census of 3rd April, 1911, Classified according to Education and Age",,,False,True,True,1,,False,
1911_census_volume_ii_part_iv_education,1911 Census - Volume II - Part IV Education.pdf,data\raw\abs_1911_census\1911 Census - Volume II - Part IV Education.pdf,182,4,5,4 | 3 | 5,3 | 4,3,2,445,boundary_multiple_tables,"3.—NUMBER OF MALES RECORDED IN EACH STATE AND TERRITORY OF THE COMMONWEALTH, 1911—continued. | 4.—NUMBER OF FEMALES RECORDED IN EACH STATE AND TERRITORY OF THE COMMONWEALTH at the Census of 3rd April, 1911, Classified according to Education and Age",,,True,True,True,1,,False,
1911_census_volume_ii_part_iv_education,1911 Census - Volume II - Part IV Education.pdf,data\raw\abs_1911_census\1911 Census - Volume II - Part IV Education.pdf,182,5,6,4 | 3 | 5,4,3,1,446,continues,"Number of Females Recorded in each State and Territory of the Commonwealth, at the Census of 3rd April, 1911, Classified according to Education and Age",,FOREIGN LANGUAGE ONLY—READ AND WRITE,False,False,True,1,,False,
1911_census_volume_ii_part_iv_education,1911 Census - Volume II - Part IV Education.pdf,data\raw\abs_1911_census\1911 Census - Volume II - Part IV Education.pdf,182,6,7,5 | 4 | 6,5,3,1,447,complete_on_page,"5—NUMBER OF PERSONS RECORDED IN EACH STATE AND TERRITORY OF THE COMMONWEALTH, at the Census of 3rd April, 1911, Classified according to Education and Age",,,False,True,True,1,,False,
1911_census_volume_ii_part_iv_education,1911 Census - Volume II - Part IV Education.pdf,data\raw\abs_1911_census\1911 Census - Volume II - Part IV Education.pdf,182,7,8,6 | 5 | 7,5 | 6,3,2,448,boundary_multiple_tables,5.--NUMBER OF PERSONS RECORDED IN EACH STATE AND TERRITORY OF COMMONWEALTH--cont. | 6.--NUMBER OF MALES RECORDED IN EACH METROPOLITAN AREA OF THE COMMONWEALTH,,,True,True,True,1,,False,
1911_census_volume_ii_part_iv_education,1911 Census - Volume II - Part IV Education.pdf,data\raw\abs_1911_census\1911 Census - Volume II - Part IV Education.pdf,182,8,9,7 | 6 | 8,6 | 7,3,2,449,boundary_multiple_tables,"6.—NUMBER OF MALES RECORDED IN EACH METROPOLITAN AREA—continued. | 7 —NUMBER OF FEMALES RECORDED IN EACH METROPOLITAN AREA OF THE COMMONWEALTH at the Census of 3rd April, 1911, Classified according to Education and Age (Exclusive of Full-blooded Aboriginals).",,,True,True,True,1,,False,
1911_census_volume_ii_part_iv_education,1911 Census - Volume II - Part IV Education.pdf,data\raw\abs_1911_census\1911 Census - Volume II - Part IV Education.pdf,182,9,10,8 | 7 | 9,7 | 8,3,2,450,boundary_multiple_tables,"7.-NUMBER OF FEMALES RECORDED IN EACH METROPOLITAN AREA.-continued. | 8.-NUMBER OF PERSONS RECORDED IN EACH METROPOLITAN AREA OF THE COMMONWEALTH at the Census of 3rd April, 1911, Classified according to Education and Age (Exclusive of Full-blooded Aboriginals).",,,True,True,True,1,,False,
1911_census_volume_ii_part_iv_education,1911 Census - Volume II - Part IV Education.pdf,data\raw\abs_1911_census\1911 Census - Volume II - Part IV Education.pdf,182,10,11,8 | 7 | 9,8,3,1,451,continues,8.—NUMBER OF PERSONS RECORDED IN EACH METROPOLITAN AREA—continued.,,,False,True,True,1,,False,
1911_census_volume_ii_part_iv_education,1911 Census - Volume II - Part IV Education.pdf,data\raw\abs_1911_census\1911 Census - Volume II - Part IV Education.pdf,182,11,12,9 | 8 | 10,9,3,1,452,starts,"9.-NEW SOUTH WALES.-NUMBER OF MALES RECORDED IN EACH COUNTY at the Census of 3rd April, 1911, Classified according to Education and Age",,,False,True,True,1,,False,
1911_census_volume_ii_part_iv_education,1911 Census - Volume II - Part IV Education.pdf,data\raw\abs_1911_census\1911 Census - Volume II - Part IV Education.pdf,182,12,13,9 | 8 | 10,9,3,1,453,continues,9.-NEW SOUTH WALES.-NUMBER OF MALES RECORDED IN EACH COUNTY-continued.,,,False,True,True,1,,False,
1911_census_volume_ii_part_iv_education,1911 Census - Volume II - Part IV Education.pdf,data\raw\abs_1911_census\1911 Census - Volume II - Part IV Education.pdf,182,13,14,9 | 8 | 10,9,3,1,454,continues,9.-NEW SOUTH WALES.-NUMBER OF MALES RECORDED IN EACH COUNTY-continued.,,,False,True,True,1,,False,
1911_census_volume_ii_part_iv_education,1911 Census - Volume II - Part IV Education.pdf,data\raw\abs_1911_census\1911 Census - Volume II - Part IV Education.pdf,182,14,15,9 | 8 | 10,9,3,1,455,continues,"New South Wales-Number of Males Recorded in each County, at the Census of 3rd April, 1911, Classified according to Education and Age",,,False,False,True,1,,False,
1911_census_volume_ii_part_iv_education,1911 Census - Volume II - Part IV Education.pdf,data\raw\abs_1911_census\1911 Census - Volume II - Part IV Education.pdf,182,15,16,9 | 8 | 10,9,3,1,456,continues,9.-NEW SOUTH WALES.-NUMBER OF MALES RECORDED IN EACH COUNTY-continued.,,,False,True,True,1,,False,
1911_census_volume_ii_part_iv_education,1911 Census - Volume II - Part IV Education.pdf,data\raw\abs_1911_census\1911 Census - Volume II - Part IV Education.pdf,182,16,17,9 | 8 | 10,9,3,1,457,continues,9.-NEW SOUTH WALES.-NUMBER OF MALES RECORDED IN EACH COUNTY-continued.,,,False,False,True,1,,False,
1911_census_volume_ii_part_iv_education,1911 Census - Volume II - Part IV Education.pdf,data\raw\abs_1911_census\1911 Census - Volume II - Part IV Education.pdf,182,17,18,9 | 8 | 10,9,3,1,458,continues,"New South Wales-Number of Males Recorded in each County, at the Census of 3rd April, 1911, Classified according to Education and Age",9.-NEW SOUTH WALES.-NUMBER OF MALES RECORDED IN EACH COUNTY-continued.,,False,True,True,1,,False,
1911_census_volume_ii_part_iv_education,1911 Census - Volume II - Part IV Education.pdf,data\raw\abs_1911_census\1911 Census - Volume II - Part IV Education.pdf,182,18,19,9 | 8 | 10,9,3,1,459,continues,9.-NEW SOUTH WALES.-NUMBER OF MALES RECORDED IN EACH COUNTY-continued.,,,False,True,True,1,,False,
1911_census_volume_ii_part_iv_education,1911 Census - Volume II - Part IV Education.pdf,data\raw\abs_1911_census\1911 Census - Volume II - Part IV Education.pdf,182,19,20,9 | 8 | 10,9,3,1,460,continues,9.-NEW SOUTH WALES.-NUMBER OF MALES RECORDED IN EACH COUNTY--continued.,,,False,True,True,1,,False,
1911_census_volume_ii_part_iv_education,1911 Census - Volume II - Part IV Education.pdf,data\raw\abs_1911_census\1911 Census - Volume II - Part IV Education.pdf,182,20,21,9 | 8 | 10,9,3,1,461,continues,9.—NEW SOUTH WALES.—NUMBER OF MALES RECORDED IN EACH COUNTY—continued.,,,False,True,True,1,,False,
1911_census_volume_ii_part_iv_education,1911 Census - Volume II - Part IV Education.pdf,data\raw\abs_1911_census\1911 Census - Volume II - Part IV Education.pdf,182,21,22,9 | 8 | 10,9,3,1,462,continues,9.-NEW SOUTH WALES.-NUMBER OF MALES RECORDED IN EACH COUNTY-continued.,,,False,True,True,1,,False,
1911_census_volume_ii_part_iv_education,1911 Census - Volume II - Part IV Education.pdf,data\raw\abs_1911_census\1911 Census - Volume II - Part IV Education.pdf,182,22,23,9 | 8 | 10,9,3,1,463,continues,9.-NEW SOUTH WALES.-NUMBER OF MALES RECORDED IN EACH COUNTY-continued.,,,False,True,True,1,,False,
1911_census_volume_ii_part_iv_education,1911 Census - Volume II - Part IV Education.pdf,data\raw\abs_1911_census\1911 Census - Volume II - Part IV Education.pdf,182,23,24,9 | 8 | 10,9,3,1,464,continues,9.-NEW SOUTH WALES.-NUMBER OF MALES RECORDED IN EACH COUNTY-continued.,,,False,True,True,1,,False,
1911_census_volume_ii_part_iv_education,1911 Census - Volume II - Part IV Education.pdf,data\raw\abs_1911_census\1911 Census - Volume II - Part IV Education.pdf,182,24,25,9 | 8 | 10,9,3,1,465,continues,9.-NEW SOUTH WALES.-NUMBER OF MALES RECORDED IN EACH COUNTY-continued.,,,False,False,True,1,,False,
1911_census_volume_ii_part_iv_education,1911 Census - Volume II - Part IV Education.pdf,data\raw\abs_1911_census\1911 Census - Volume II - Part IV Education.pdf,182,25,26,9 | 8 | 10,9,3,1,466,continues,"New South Wales-Number of Males Recorded in each County, at the Census of 3rd April, 1911, Classified according to Education and Age",9.-NEW SOUTH WALES.-NUMBER OF MALES RECORDED IN EACH COUNTY-continued.,,False,False,True,1,,False,
1911_census_volume_ii_part_iv_education,1911 Census - Volume II - Part IV Education.pdf,data\raw\abs_1911_census\1911 Census - Volume II - Part IV Education.pdf,182,26,27,9 | 8 | 10,9,3,1,467,continues,"New South Wales-Number of Males Recorded in each County, at the Census of 3rd April, 1911, Classified according to Education and Age",9.-NEW SOUTH WALES.-NUMBER OF MALES RECORDED IN EACH COUNTY--continued.,,False,True,True,1,,False,
1911_census_volume_ii_part_iv_education,1911 Census - Volume II - Part IV Education.pdf,data\raw\abs_1911_census\1911 Census - Volume II - Part IV Education.pdf,182,27,28,9 | 8 | 10,9,3,1,468,continues,9.-NEW SOUTH WALES.-NUMBER OF MALES RECORDED IN EACH COUNTY-continued.,,,False,True,True,1,,False,
1911_census_volume_ii_part_iv_education,1911 Census - Volume II - Part IV Education.pdf,data\raw\abs_1911_census\1911 Census - Volume II - Part IV Education.pdf,182,28,29,9 | 8 | 10,9,3,1,469,continues,"New South Wales-Number of Males Recorded in each County, at the Census of 3rd April, 1911, Classified according to Education and Age",,,False,True,True,1,,False,
1911_census_volume_ii_part_iv_education,1911 Census - Volume II - Part IV Education.pdf,data\raw\abs_1911_census\1911 Census - Volume II - Part IV Education.pdf,182,29,30,9 | 8 | 10,9,3,1,470,continues,9.-NEW SOUTH WALES.-NUMBER OF MALES RECORDED IN EACH COUNTY-continued.,,,False,False,True,1,,False,
1911_census_volume_ii_part_iv_education,1911 Census - Volume II - Part IV Education.pdf,data\raw\abs_1911_census\1911 Census - Volume II - Part IV Education.pdf,182,30,31,9 | 8 | 10,9,3,1,471,continues,9.-NEW SOUTH WALES.-NUMBER OF MALES RECORDED IN EACH COUNTY-continued.,,,False,True,True,1,,False,
1911_census_volume_ii_part_iv_education,1911 Census - Volume II - Part IV Education.pdf,data\raw\abs_1911_census\1911 Census - Volume II - Part IV Education.pdf,182,31,32,9 | 8 | 10,9,3,1,472,continues,"New South Wales-Number of Males Recorded in each County, at the Census of 3rd April, 1911, Classified according to Education and Age",9.—NEW SOUTH WALES.—NUMBER OF MALES RECORDED IN EACH COUNTY—continued.,,False,True,True,1,,False,
1911_census_volume_ii_part_iv_education,1911 Census - Volume II - Part IV Education.pdf,data\raw\abs_1911_census\1911 Census - Volume II - Part IV Education.pdf,182,32,33,10 | 9 | 11,10,3,1,473,continues,"10 - NEW SOUTH WALES. - NUMBER OF FEMALES RECORDED IN EACH COUNTY at the Census of 3rd April, 1911, Classified according to Education and Age",,,False,True,True,1,,False,
1911_census_volume_ii_part_iv_education,1911 Census - Volume II - Part IV Education.pdf,data\raw\abs_1911_census\1911 Census - Volume II - Part IV Education.pdf,182,33,34,10 | 9 | 11,10,3,1,474,continues,10.-NEW SOUTH WALES.-NUMBER OF FEMALES RECORDED IN EACH COUNTY-continued.,,,False,True,True,1,,False,
1911_census_volume_ii_part_iv_education,1911 Census - Volume II - Part IV Education.pdf,data\raw\abs_1911_census\1911 Census - Volume II - Part IV Education.pdf,182,34,35,10 | 9 | 11,10,3,1,475,continues,"New South Wales-Number of Females Recorded in each County, at the Census of 3rd April, 1911, Classified according to Education and Age",,,False,True,True,1,,False,
1911_census_volume_ii_part_iv_education,1911 Census - Volume II - Part IV Education.pdf,data\raw\abs_1911_census\1911 Census - Volume II - Part IV Education.pdf,182,35,36,10 | 9 | 11,10,3,1,476,continues,"New South Wales-Number of Females Recorded in each County, at the Census of 3rd April, 1911, Classified according to Education and Age",10.-NEW SOUTH WALES.-NUMBER OF FEMALES RECORDED IN EACH COUNTY-continued.,,False,True,True,1,,False,
1911_census_volume_ii_part_iv_education,1911 Census - Volume II - Part IV Education.pdf,data\raw\abs_1911_census\1911 Census - Volume II - Part IV Education.pdf,182,36,37,10 | 9 | 11,10,3,1,477,continues,"New South Wales-Number of Females Recorded in each County, at the Census of 3rd April, 1911, Classified according to Education and Age",,,False,True,True,1,,False,
1911_census_volume_ii_part_iv_education,1911 Census - Volume II - Part IV Education.pdf,data\raw\abs_1911_census\1911 Census - Volume II - Part IV Education.pdf,182,37,38,10 | 9 | 11,10,3,1,478,continues,10.-NEW SOUTH WALES.-NUMBER OF FEMALES RECORDED IN EACH COUNTY-continued.,,,False,True,True,1,,False,
1911_census_volume_ii_part_iv_education,1911 Census - Volume II - Part IV Education.pdf,data\raw\abs_1911_census\1911 Census - Volume II - Part IV Education.pdf,182,38,39,10 | 9 | 11,10,3,1,479,continues,10.-NEW SOUTH WALES.-NUMBER OF FEMALES RECORDED IN EACH COUNTY-continued.,,,False,True,True,1,,False,
1911_census_volume_ii_part_iv_education,1911 Census - Volume II - Part IV Education.pdf,data\raw\abs_1911_census\1911 Census - Volume II - Part IV Education.pdf,182,39,40,10 | 9 | 11,10,3,1,480,continues,10.-NEW SOUTH WALES.-NUMBER OF FEMALES RECORDED IN EACH COUNTY-continued.,,,False,True,True,1,,False,
1911_census_volume_ii_part_iv_education,1911 Census - Volume II - Part IV Education.pdf,data\raw\abs_1911_census\1911 Census - Volume II - Part IV Education.pdf,182,40,41,10 | 9 | 11,10,3,1,481,continues,"New South Wales-Number of Females Recorded in each County, at the Census of 3rd April, 1911, Classified according to Education and Age",,,False,False,True,1,,False,
1911_census_volume_ii_part_iv_education,1911 Census - Volume II - Part IV Education.pdf,data\raw\abs_1911_census\1911 Census - Volume II - Part IV Education.pdf,182,41,42,10 | 9 | 11,10,3,1,482,continues,10.-NEW SOUTH WALES.-NUMBER OF FEMALES RECORDED IN EACH COUNTY-continued.,,,False,False,True,1,,False,
1911_census_volume_ii_part_iv_education,1911 Census - Volume II - Part IV Education.pdf,data\raw\abs_1911_census\1911 Census - Volume II - Part IV Education.pdf,182,42,43,10 | 9 | 11,10,3,1,483,continues,10.-NEW SOUTH WALES.-NUMBER OF FEMALES RECORDED IN EACH COUNTY-continued.,,,False,True,True,1,,False,
1911_census_volume_ii_part_iv_education,1911 Census - Volume II - Part IV Education.pdf,data\raw\abs_1911_census\1911 Census - Volume II - Part IV Education.pdf,182,43,44,10 | 9 | 11,10,3,1,484,continues,10.—NEW SOUTH WALES.—NUMBER OF FEMALES RECORDED IN EACH COUNTY—continued.,,,False,True,True,1,,False,
1911_census_volume_ii_part_iv_education,1911 Census - Volume II - Part IV Education.pdf,data\raw\abs_1911_census\1911 Census - Volume II - Part IV Education.pdf,182,44,45,10 | 9 | 11,10,3,1,485,continues,10.-NEW SOUTH WALES.-NUMBER OF FEMALES RECORDED IN EACH COUNTY -continued.,,,False,True,True,1,,False,
1911_census_volume_ii_part_iv_education,1911 Census - Volume II - Part IV Education.pdf,data\raw\abs_1911_census\1911 Census - Volume II - Part IV Education.pdf,182,45,46,10 | 9 | 11,10,3,1,486,continues,10.-NEW SOUTH WALES.-NUMBER OF FEMALES RECORDED IN EACH COUNTY-continued.,,,False,True,True,1,,False,
1911_census_volume_ii_part_iv_education,1911 Census - Volume II - Part IV Education.pdf,data\raw\abs_1911_census\1911 Census - Volume II - Part IV Education.pdf,182,46,47,10 | 9 | 11,10,3,1,487,continues,10.-NEW SOUTH WALES.-NUMBER OF FEMALES RECORDED IN EACH COUNTY-continued.,,,False,False,True,1,,False,
1911_census_volume_ii_part_iv_education,1911 Census - Volume II - Part IV Education.pdf,data\raw\abs_1911_census\1911 Census - Volume II - Part IV Education.pdf,182,47,48,10 | 9 | 11,10,3,1,488,continues,10.-NEW SOUTH WALES.-NUMBER OF FEMALES RECORDED IN EACH COUNTY-continued.,,,False,True,True,1,,False,
1911_census_volume_ii_part_iv_education,1911 Census - Volume II - Part IV Education.pdf,data\raw\abs_1911_census\1911 Census - Volume II - Part IV Education.pdf,182,48,49,10 | 9 | 11,10,3,1,489,continues,10. - NEW SOUTH WALES. - NUMBER OF FEMALES RECORDED IN EACH COUNTY - continued.,,,False,True,True,1,,False,
1911_census_volume_ii_part_iv_education,1911 Census - Volume II - Part IV Education.pdf,data\raw\abs_1911_census\1911 Census - Volume II - Part IV Education.pdf,182,49,50,10 | 9 | 11,10,3,1,490,ends,10.-NEW SOUTH WALES.-NUMBER OF FEMALES RECORDED IN EACH COUNTY-continued.,,,False,True,True,1,,False,
1911_census_volume_ii_part_iv_education,1911 Census - Volume II - Part IV Education.pdf,data\raw\abs_1911_census\1911 Census - Volume II - Part IV Education.pdf,182,50,51,10 | 9 | 11,10,3,1,491,ends,10.--NEW SOUTH WALES.--NUMBER OF FEMALES RECORDED IN EACH COUNTY--continued.,,,False,True,True,1,,False,
1911_census_volume_ii_part_iv_education,1911 Census - Volume II - Part IV Education.pdf,data\raw\abs_1911_census\1911 Census - Volume II - Part IV Education.pdf,182,51,52,11 | 10 | 12,11,3,1,492,continues,"New South Wales-Number of Persons Recorded in each County, at the Census of 3rd April, 1911, Classified according to Education and Age",,,False,True,True,1,,False,
1911_census_volume_ii_part_iv_education,1911 Census - Volume II - Part IV Education.pdf,data\raw\abs_1911_census\1911 Census - Volume II - Part IV Education.pdf,182,52,53,11 | 10 | 12,11,3,1,493,continues,11.-NEW SOUTH WALES.-NUMBER OF PERSONS RECORDED IN EACH COUNTY-continued.,,,False,True,True,1,,False,
1911_census_volume_ii_part_iv_education,1911 Census - Volume II - Part IV Education.pdf,data\raw\abs_1911_census\1911 Census - Volume II - Part IV Education.pdf,182,53,54,11 | 10 | 12,11,3,1,494,continues,11.-NEW SOUTH WALES.-NUMBER OF PERSONS RECORDED IN EACH COUNTY-continued.,,,False,True,True,1,,False,
1911_census_volume_ii_part_iv_education,1911 Census - Volume II - Part IV Education.pdf,data\raw\abs_1911_census\1911 Census - Volume II - Part IV Education.pdf,182,54,55,11 | 10 | 12,11,3,1,495,continues,"New South Wales-Number of Persons Recorded in each County, at the Census of 3rd April, 1911, Classified according to Education and Age",,,False,True,True,1,,False,
1911_census_volume_ii_part_iv_education,1911 Census - Volume II - Part IV Education.pdf,data\raw\abs_1911_census\1911 Census - Volume II - Part IV Education.pdf,182,55,56,11 | 10 | 12,11,3,1,496,continues,11.-NEW SOUTH WALES.-NUMBER OF PERSONS RECORDED IN EACH COUNTY-continued.,,,False,True,True,1,,False,
1911_census_volume_ii_part_iv_education,1911 Census - Volume II - Part IV Education.pdf,data\raw\abs_1911_census\1911 Census - Volume II - Part IV Education.pdf,182,56,57,11 | 10 | 12,11,3,1,497,continues,"New South Wales-Number of Persons Recorded in each County, at the Census of 3rd April, 1911, Classified according to Education and Age",,,False,True,True,1,,False,
1911_census_volume_ii_part_iv_education,1911 Census - Volume II - Part IV Education.pdf,data\raw\abs_1911_census\1911 Census - Volume II - Part IV Education.pdf,182,57,58,11 | 10 | 12,11,3,1,498,continues,"New South Wales-Number of Persons Recorded in each County, at the Census of 3rd April, 1911, Classified according to Education and Age",11.-NEW SOUTH WALES.-NUMBER OF PERSONS RECORDED IN EACH COUNTY-continued.,,False,False,True,1,,False,
1911_census_volume_ii_part_iv_education,1911 Census - Volume II - Part IV Education.pdf,data\raw\abs_1911_census\1911 Census - Volume II - Part IV Education.pdf,182,58,59,11 | 10 | 12,11,3,1,499,continues,"New South Wales-Number of Persons Recorded in each County, at the Census of 3rd April, 1911, Classified according to Education and Age",,EWENMAR to FORBES,False,False,True,1,,False,
1911_census_volume_ii_part_iv_education,1911 Census - Volume II - Part IV Education.pdf,data\raw\abs_1911_census\1911 Census - Volume II - Part IV Education.pdf,182,59,60,11 | 10 | 12,11,3,1,500,continues,11.-NEW SOUTH WALES.-NUMBER OF PERSONS RECORDED IN EACH COUNTY-continued.,,,False,False,True,1,,False,
1911_census_volume_ii_part_iv_education,1911 Census - Volume II - Part IV Education.pdf,data\raw\abs_1911_census\1911 Census - Volume II - Part IV Education.pdf,182,60,61,11 | 10 | 12,11,3,1,501,continues,"New South Wales-Number of Persons Recorded in each County, at the Census of 3rd April, 1911, Classified according to Education and Age",,11.-NEW SOUTH WALES.-NUMBER OF PERSONS RECORDED IN EACH COUNTY-continued.,False,False,True,1,,False,
1911_census_volume_ii_part_iv_education,1911 Census - Volume II - Part IV Education.pdf,data\raw\abs_1911_census\1911 Census - Volume II - Part IV Education.pdf,182,61,62,11 | 10 | 12,11,3,1,502,continues,"New South Wales-Number of Persons Recorded in each County, at the Census of 3rd April, 1911, Classified according to Education and Age",,11.-NEW SOUTH WALES.-NUMBER OF PERSONS RECORDED IN EACH COUNTY-continued.,False,True,True,1,,False,
1911_census_volume_ii_part_iv_education,1911 Census - Volume II - Part IV Education.pdf,data\raw\abs_1911_census\1911 Census - Volume II - Part IV Education.pdf,182,62,63,11 | 10 | 12,11,3,1,503,continues,"New South Wales-Number of Persons Recorded in each County, at the Census of 3rd April, 1911, Classified according to Education and Age",,11.-NEW SOUTH WALES.-NUMBER OF PERSONS RECORDED IN EACH COUNTY-continued.,False,True,True,1,,False,
1911_census_volume_ii_part_iv_education,1911 Census - Volume II - Part IV Education.pdf,data\raw\abs_1911_census\1911 Census - Volume II - Part IV Education.pdf,182,63,64,11 | 10 | 12,11,3,1,504,continues,"New South Wales-Number of Persons Recorded in each County, at the Census of 3rd April, 1911, Classified according to Education and Age",,11.-NEW SOUTH WALES.-NUMBER OF PERSONS RECORDED IN EACH COUNTY-continued.,False,True,True,1,,False,
1911_census_volume_ii_part_iv_education,1911 Census - Volume II - Part IV Education.pdf,data\raw\abs_1911_census\1911 Census - Volume II - Part IV Education.pdf,182,64,65,11 | 10 | 12,11,3,1,505,continues,11.-NEW SOUTH WALES.-NUMBER OF PERSONS RECORDED IN EACH COUNTY-continued.,,,False,True,True,1,,False,
1911_census_volume_ii_part_iv_education,1911 Census - Volume II - Part IV Education.pdf,data\raw\abs_1911_census\1911 Census - Volume II - Part IV Education.pdf,182,65,66,11 | 10 | 12,11,3,1,506,continues,"New South Wales-Number of Persons Recorded in each County, at the Census of 3rd April, 1911, Classified according to Education and Age",,11.-NEW SOUTH WALES.--NUMBER OF PERSONS RECORDED IN EACH COUNTY--continued.,False,True,True,1,,False,
1911_census_volume_ii_part_iv_education,1911 Census - Volume II - Part IV Education.pdf,data\raw\abs_1911_census\1911 Census - Volume II - Part IV Education.pdf,182,66,67,11 | 10 | 12,11,3,1,507,continues,11.--NEW SOUTH WALES.--NUMBER OF PERSONS RECORDED IN EACH COUNTY--continued.,,,False,True,True,1,,False,
1911_census_volume_ii_part_iv_education,1911 Census - Volume II - Part IV Education.pdf,data\raw\abs_1911_census\1911 Census - Volume II - Part IV Education.pdf,182,67,68,11 | 10 | 12,11,3,1,508,continues,11.-NEW SOUTH WALES.-NUMBER OF PERSONS RECORDED IN EACH COUNTY-continued.,,,False,False,True,1,,False,
1911_census_volume_ii_part_iv_education,1911 Census - Volume II - Part IV Education.pdf,data\raw\abs_1911_census\1911 Census - Volume II - Part IV Education.pdf,182,68,69,11 | 10 | 12,11,3,1,509,continues,"New South Wales-Number of Persons Recorded in each County, at the Census of 3rd April, 1911, Classified according to Education and Age",11.--NEW SOUTH WALES.--NUMBER OF PERSONS RECORDED IN EACH COUNTY--continued.,,False,True,True,1,,False,
1911_census_volume_ii_part_iv_education,1911 Census - Volume II - Part IV Education.pdf,data\raw\abs_1911_census\1911 Census - Volume II - Part IV Education.pdf,182,69,70,11 | 10 | 12,11,3,1,510,continues,"New South Wales-Number of Persons Recorded in each County, at the Census of 3rd April, 1911, Classified according to Education and Age",,11.-NEW SOUTH WALES.-NUMBER OF PERSONS RECORDED IN EACH COUNTY-continued.,False,True,True,1,,False,
1911_census_volume_ii_part_iv_education,1911 Census - Volume II - Part IV Education.pdf,data\raw\abs_1911_census\1911 Census - Volume II - Part IV Education.pdf,182,70,71,11 | 10 | 12,11,3,1,511,ends,"New South Wales-Number of Persons Recorded in each County, at the Census of 3rd April, 1911, Classified according to Education and Age",,11.-NEW SOUTH WALES.-NUMBER OF PERSONS RECORDED IN EACH COUNTY-continued.,False,True,True,1,,False,
1911_census_volume_ii_part_iv_education,1911 Census - Volume II - Part IV Education.pdf,data\raw\abs_1911_census\1911 Census - Volume II - Part IV Education.pdf,182,71,72,11 | 10 | 12,11,3,1,512,ends,11.-NEW SOUTH WALES.-NUMBER OF PERSONS RECORDED IN EACH COUNTY-continued.,,,False,True,True,1,,False,
1911_census_volume_ii_part_iv_education,1911 Census - Volume II - Part IV Education.pdf,data\raw\abs_1911_census\1911 Census - Volume II - Part IV Education.pdf,182,72,73,12 | 11 | 13,12,3,1,513,continues,"Victoria-Number of Males Recorded in each County, at the Census of 3rd April, 1911, Classified according to Education and Age",,,False,True,True,1,,False,
1911_census_volume_ii_part_iv_education,1911 Census - Volume II - Part IV Education.pdf,data\raw\abs_1911_census\1911 Census - Volume II - Part IV Education.pdf,182,73,74,12 | 11 | 13,12,3,1,514,continues,12.-VICTORIA.-NUMBER OF MALES RECORDED IN EACH COUNTY-continued.,,,False,True,True,1,,False,
1911_census_volume_ii_part_iv_education,1911 Census - Volume II - Part IV Education.pdf,data\raw\abs_1911_census\1911 Census - Volume II - Part IV Education.pdf,182,74,75,12 | 11 | 13,12,3,1,515,continues,12.-VICTORIA.-NUMBER OF MALES RECORDED IN EACH COUNTY-continued.,,,False,True,True,1,,False,
1911_census_volume_ii_part_iv_education,1911 Census - Volume II - Part IV Education.pdf,data\raw\abs_1911_census\1911 Census - Volume II - Part IV Education.pdf,182,75,76,12 | 11 | 13,12,3,1,516,continues,"Victoria-Number of Males Recorded in each County, at the Census of 3rd April, 1911, Classified according to Education and Age",,,False,False,True,1,,False,
1911_census_volume_ii_part_iv_education,1911 Census - Volume II - Part IV Education.pdf,data\raw\abs_1911_census\1911 Census - Volume II - Part IV Education.pdf,182,76,77,12 | 11 | 13,12,3,1,517,continues,"Victoria-Number of Males Recorded in each County, at the Census of 3rd April, 1911, Classified according to Education and Age",,,False,True,True,1,,False,
1911_census_volume_ii_part_iv_education,1911 Census - Volume II - Part IV Education.pdf,data\raw\abs_1911_census\1911 Census - Volume II - Part IV Education.pdf,182,77,78,12 | 11 | 13,12,3,1,518,continues,12.-VICTORIA.-NUMBER OF MALES RECORDED IN EACH COUNTY-continued.,,,False,True,True,1,,False,
1911_census_volume_ii_part_iv_education,1911 Census - Volume II - Part IV Education.pdf,data\raw\abs_1911_census\1911 Census - Volume II - Part IV Education.pdf,182,78,79,13 | 12 | 14,13,3,1,519,continues,"Victoria-Number of Females Recorded in each County, at the Census of 3rd April, 1911, Classified according to Education and Age",,,False,True,True,1,,False,
1911_census_volume_ii_part_iv_education,1911 Census - Volume II - Part IV Education.pdf,data\raw\abs_1911_census\1911 Census - Volume II - Part IV Education.pdf,182,79,80,13 | 12 | 14,13,3,1,520,continues,"Victoria-Number of Females Recorded in each County, at the Census of 3rd April, 1911, Classified according to Education and Age",13.-VICTORIA.-NUMBER OF FEMALES RECORDED IN EACH COUNTY-continued.,,False,False,True,1,,False,
1911_census_volume_ii_part_iv_education,1911 Census - Volume II - Part IV Education.pdf,data\raw\abs_1911_census\1911 Census - Volume II - Part IV Education.pdf,182,80,81,13 | 12 | 14,13,3,1,521,continues,"Victoria-Number of Females Recorded in each County, at the Census of 3rd April, 1911, Classified according to Education and Age",,,False,True,True,1,,False,
1911_census_volume_ii_part_iv_education,1911 Census - Volume II - Part IV Education.pdf,data\raw\abs_1911_census\1911 Census - Volume II - Part IV Education.pdf,182,81,82,13 | 12 | 14,13,3,1,522,continues,13.-VICTORIA.-NUMBER OF FEMALES RECORDED IN EACH COUNTY-continued.,,,False,False,True,1,,False,
1911_census_volume_ii_part_iv_education,1911 Census - Volume II - Part IV Education.pdf,data\raw\abs_1911_census\1911 Census - Volume II - Part IV Education.pdf,182,82,83,13 | 12 | 14,13,3,1,523,continues,13.-VICTORIA.-NUMBER OF FEMALES RECORDED IN EACH COUNTY-continued.,,,False,True,True,1,,False,
1911_census_volume_ii_part_iv_education,1911 Census - Volume II - Part IV Education.pdf,data\raw\abs_1911_census\1911 Census - Volume II - Part IV Education.pdf,182,83,84,14 | 13 | 15,13 | 14,3,2,524,boundary_multiple_tables,"13.--VICTORIA.--NUMBER OF FEMALES RECORDED IN EACH COUNTY--continued. | 14.--VICTORIA.--NUMBER OF PERSONS RECORDED IN EACH COUNTY at the Census of 3rd April, 1911, Classified according to Education and Age (Exclusive of Full-blooded Aboriginals).",,,True,True,True,1,,False,
1911_census_volume_ii_part_iv_education,1911 Census - Volume II - Part IV Education.pdf,data\raw\abs_1911_census\1911 Census - Volume II - Part IV Education.pdf,182,84,85,14 | 13 | 15,14,3,1,525,continues,"Victoria-Number of Persons Recorded in each County, at the Census of 3rd April, 1911, Classified according to Education and Age",,,False,True,True,1,,False,
1911_census_volume_ii_part_iv_education,1911 Census - Volume II - Part IV Education.pdf,data\raw\abs_1911_census\1911 Census - Volume II - Part IV Education.pdf,182,85,86,14 | 13 | 15,14,3,1,526,continues,14.-VICTORIA.-NUMBER OF PERSONS RECORDED IN EACH COUNTY-continued.,,,False,False,True,1,,False,
1911_census_volume_ii_part_iv_education,1911 Census - Volume II - Part IV Education.pdf,data\raw\abs_1911_census\1911 Census - Volume II - Part IV Education.pdf,182,86,87,14 | 13 | 15,14,3,1,527,continues,"Victoria-Number of Persons Recorded in each County, at the Census of 3rd April, 1911, Classified according to Education and Age",,,False,False,True,1,,False,
1911_census_volume_ii_part_iv_education,1911 Census - Volume II - Part IV Education.pdf,data\raw\abs_1911_census\1911 Census - Volume II - Part IV Education.pdf,182,87,88,14 | 13 | 15,14,3,1,528,continues,"Victoria-Number of Persons Recorded in each County, at the Census of 3rd April, 1911, Classified according to Education and Age",,,False,True,True,1,,False,
1911_census_volume_ii_part_iv_education,1911 Census - Volume II - Part IV Education.pdf,data\raw\abs_1911_census\1911 Census - Volume II - Part IV Education.pdf,182,88,89,14 | 13 | 15,14,3,1,529,continues,14.-VICTORIA.-NUMBER OF PERSONS RECORDED IN EACH COUNTY-continued.,,,False,True,True,1,,False,
1911_census_volume_ii_part_iv_education,1911 Census - Volume II - Part IV Education.pdf,data\raw\abs_1911_census\1911 Census - Volume II - Part IV Education.pdf,182,89,90,14 | 13 | 15,14,3,1,530,ends,14. VICTORIA.—NUMBER OF PERSONS RECORDED IN EACH COUNTY —continued.,,,False,True,True,1,,False,
1911_census_volume_ii_part_iv_education,1911 Census - Volume II - Part IV Education.pdf,data\raw\abs_1911_census\1911 Census - Volume II - Part IV Education.pdf,182,90,91,15 | 14 | 16,15,3,1,531,continues,"15.-QUEENSLAND-NUMBER OF MALES RECORDED IN EACH CENSUS DISTRICT at the Census of 3rd April, 1911, Classified according to Education and Age",,,False,True,True,1,,False,
1911_census_volume_ii_part_iv_education,1911 Census - Volume II - Part IV Education.pdf,data\raw\abs_1911_census\1911 Census - Volume II - Part IV Education.pdf,182,91,92,15 | 14 | 16,15,3,1,532,continues,"Queensland-Number of Males Recorded in each Census District, at the Census of 3rd April, 1911, Classified according to Education and Age",15.-QUEENSLAND.-NUMBER OF MALES RECORDED IN EACH CENSUS DISTRICT-continued.,,False,True,True,1,,False,
1911_census_volume_ii_part_iv_education,1911 Census - Volume II - Part IV Education.pdf,data\raw\abs_1911_census\1911 Census - Volume II - Part IV Education.pdf,182,92,93,15 | 14 | 16,15,3,1,533,continues,"Queensland-Number of Males Recorded in each Census District, at the Census of 3rd April, 1911, Classified according to Education and Age",,,False,False,True,1,,False,
1911_census_volume_ii_part_iv_education,1911 Census - Volume II - Part IV Education.pdf,data\raw\abs_1911_census\1911 Census - Volume II - Part IV Education.pdf,182,93,94,15 | 14 | 16,15,3,1,534,continues,"Queensland-Number of Males Recorded in each Census District, at the Census of 3rd April, 1911, Classified according to Education and Age",,,False,True,True,1,,False,
1911_census_volume_ii_part_iv_education,1911 Census - Volume II - Part IV Education.pdf,data\raw\abs_1911_census\1911 Census - Volume II - Part IV Education.pdf,182,94,95,15 | 14 | 16,15,3,1,535,continues,"Queensland-Number of Males Recorded in each Census District, at the Census of 3rd April, 1911, Classified according to Education and Age",,,False,False,True,1,,False,
1911_census_volume_ii_part_iv_education,1911 Census - Volume II - Part IV Education.pdf,data\raw\abs_1911_census\1911 Census - Volume II - Part IV Education.pdf,182,95,96,15 | 14 | 16,15,3,1,536,continues,15.-QUEENSLAND.-NUMBER OF MALES RECORDED IN EACH CENSUS DISTRICT-continued.,,,False,True,True,1,,False,
1911_census_volume_ii_part_iv_education,1911 Census - Volume II - Part IV Education.pdf,data\raw\abs_1911_census\1911 Census - Volume II - Part IV Education.pdf,182,96,97,15 | 14 | 16,15,3,1,537,continues,"Queensland-Number of Males Recorded in each Census District, at the Census of 3rd April, 1911, Classified according to Education and Age",,,False,False,True,1,,False,
1911_census_volume_ii_part_iv_education,1911 Census - Volume II - Part IV Education.pdf,data\raw\abs_1911_census\1911 Census - Volume II - Part IV Education.pdf,182,97,98,15 | 14 | 16,15,3,1,538,continues,15.-QUEENSLAND.-NUMBER OF MALES RECORDED IN EACH CENSUS DISTRICT-continued.,,,False,False,True,1,,False,
1911_census_volume_ii_part_iv_education,1911 Census - Volume II - Part IV Education.pdf,data\raw\abs_1911_census\1911 Census - Volume II - Part IV Education.pdf,182,98,99,15 | 14 | 16,15,3,1,539,continues,15.-QUEENSLAND.-NUMBER OF MALES RECORDED IN EACH CENSUS DISTRICT-continued.,,,False,True,True,1,,False,
1911_census_volume_ii_part_iv_education,1911 Census - Volume II - Part IV Education.pdf,data\raw\abs_1911_census\1911 Census - Volume II - Part IV Education.pdf,182,99,100,15 | 14 | 16,15,3,1,540,continues,15.-QUEENSLAND.-NUMBER OF MALES RECORDED IN EACH CENSUS DISTRICT-continued.,,,False,True,True,1,,False,
1911_census_volume_ii_part_iv_education,1911 Census - Volume II - Part IV Education.pdf,data\raw\abs_1911_census\1911 Census - Volume II - Part IV Education.pdf,182,100,101,15 | 14 | 16,15,3,1,541,continues,15.—QUEENSLAND.—NUMBER OF MALES RECORDED IN EACH CENSUS DISTRICT—continued.,,,False,True,True,1,,False,
1911_census_volume_ii_part_iv_education,1911 Census - Volume II - Part IV Education.pdf,data\raw\abs_1911_census\1911 Census - Volume II - Part IV Education.pdf,182,101,102,16 | 15 | 17,16,3,1,542,continues,"Queensland-Number of Females Recorded in each Census District, at the Census of 3rd April, 1911, Classified according to Education and Age",,,False,True,True,1,,False,
1911_census_volume_ii_part_iv_education,1911 Census - Volume II - Part IV Education.pdf,data\raw\abs_1911_census\1911 Census - Volume II - Part IV Education.pdf,182,102,103,16 | 15 | 17,16,3,1,543,continues,"Queensland-Number of Females Recorded in each Census District, at the Census of 3rd April, 1911, Classified according to Education and Age",,,False,True,True,1,,False,
1911_census_volume_ii_part_iv_education,1911 Census - Volume II - Part IV Education.pdf,data\raw\abs_1911_census\1911 Census - Volume II - Part IV Education.pdf,182,103,104,16 | 15 | 17,16,3,1,544,continues,"Queensland-Number of Females Recorded in each Census District, at the Census of 3rd April, 1911, Classified according to Education and Age",,,False,True,True,1,,False,
1911_census_volume_ii_part_iv_education,1911 Census - Volume II - Part IV Education.pdf,data\raw\abs_1911_census\1911 Census - Volume II - Part IV Education.pdf,182,104,105,16 | 15 | 17,16,3,1,545,continues,"Queensland-Number of Females Recorded in each Census District, at the Census of 3rd April, 1911, Classified according to Education and Age",,,False,False,True,1,,False,
1911_census_volume_ii_part_iv_education,1911 Census - Volume II - Part IV Education.pdf,data\raw\abs_1911_census\1911 Census - Volume II - Part IV Education.pdf,182,105,106,16 | 15 | 17,16,3,1,546,continues,"Queensland-Number of Females Recorded in each Census District, at the Census of 3rd April, 1911, Classified according to Education and Age",,,False,True,True,1,,False,
1911_census_volume_ii_part_iv_education,1911 Census - Volume II - Part IV Education.pdf,data\raw\abs_1911_census\1911 Census - Volume II - Part IV Education.pdf,182,106,107,16 | 15 | 17,16,3,1,547,continues,"Queensland-Number of Females Recorded in each Census District, at the Census of 3rd April, 1911, Classified according to Education and Age",,,False,False,True,1,,False,
1911_census_volume_ii_part_iv_education,1911 Census - Volume II - Part IV Education.pdf,data\raw\abs_1911_census\1911 Census - Volume II - Part IV Education.pdf,182,107,108,16 | 15 | 17,16,3,1,548,continues,"Queensland-Number of Females Recorded in each Census District, at the Census of 3rd April, 1911, Classified according to Education and Age",,,False,True,True,1,,False,
1911_census_volume_ii_part_iv_education,1911 Census - Volume II - Part IV Education.pdf,data\raw\abs_1911_census\1911 Census - Volume II - Part IV Education.pdf,182,108,109,16 | 15 | 17,16,3,1,549,continues,"Queensland-Number of Females Recorded in each Census District, at the Census of 3rd April, 1911, Classified according to Education and Age",,,False,False,True,1,,False,
1911_census_volume_ii_part_iv_education,1911 Census - Volume II - Part IV Education.pdf,data\raw\abs_1911_census\1911 Census - Volume II - Part IV Education.pdf,182,109,110,16 | 15 | 17,16,3,1,550,continues,"Queensland-Number of Females Recorded in each Census District, at the Census of 3rd April, 1911, Classified according to Education and Age",,,False,True,True,1,,False,
1911_census_volume_ii_part_iv_education,1911 Census - Volume II - Part IV Education.pdf,data\raw\abs_1911_census\1911 Census - Volume II - Part IV Education.pdf,182,110,111,17 | 16 | 18,16 | 17,3,2,551,boundary_multiple_tables,"Queensland-Number of Females Recorded in each Census District, at the Census of 3rd April, 1911, Classified according to Education and Age | Queensland-Number of Persons Recorded in each Census District, at the Census of 3rd April, 1911, Classified according to Education and Age",,,True,True,True,1,,False,
1911_census_volume_ii_part_iv_education,1911 Census - Volume II - Part IV Education.pdf,data\raw\abs_1911_census\1911 Census - Volume II - Part IV Education.pdf,182,111,112,17 | 16 | 18,17,3,1,552,continues,"Queensland-Number of Persons Recorded in each Census District, at the Census of 3rd April, 1911, Classified according to Education and Age",,,False,True,True,1,,False,
1911_census_volume_ii_part_iv_education,1911 Census - Volume II - Part IV Education.pdf,data\raw\abs_1911_census\1911 Census - Volume II - Part IV Education.pdf,182,112,113,17 | 16 | 18,17,3,1,553,continues,17.—QUEENSLAND.—NUMBER OF PERSONS RECORDED IN EACH CENSUS DISTRICT —continued.,,,False,True,True,1,,False,
1911_census_volume_ii_part_iv_education,1911 Census - Volume II - Part IV Education.pdf,data\raw\abs_1911_census\1911 Census - Volume II - Part IV Education.pdf,182,113,114,17 | 16 | 18,17,3,1,554,continues,"Queensland-Number of Persons Recorded in each Census District, at the Census of 3rd April, 1911, Classified according to Education and Age",,,False,True,True,1,,False,
1911_census_volume_ii_part_iv_education,1911 Census - Volume II - Part IV Education.pdf,data\raw\abs_1911_census\1911 Census - Volume II - Part IV Education.pdf,182,114,115,17 | 16 | 18,17,3,1,555,continues,17.-QUEENSLAND.-NUMBER OF PERSONS RECORDED IN EACH CENSUS DISTRICT-continued.,,,False,True,True,1,,False,
1911_census_volume_ii_part_iv_education,1911 Census - Volume II - Part IV Education.pdf,data\raw\abs_1911_census\1911 Census - Volume II - Part IV Education.pdf,182,115,116,17 | 16 | 18,17,3,1,556,continues,"Queensland-Number of Persons Recorded in each Census District, at the Census of 3rd April, 1911, Classified according to Education and Age",,17.-QUEENSLAND.-NUMBER OF PERSONS RECORDED IN EACH CENSUS DISTRICT-continued.,False,False,True,1,,False,
1911_census_volume_ii_part_iv_education,1911 Census - Volume II - Part IV Education.pdf,data\raw\abs_1911_census\1911 Census - Volume II - Part IV Education.pdf,182,116,117,17 | 16 | 18,17,3,1,557,continues,"Queensland-Number of Persons Recorded in each Census District, at the Census of 3rd April, 1911, Classified according to Education and Age",,,False,False,True,1,,False,
1911_census_volume_ii_part_iv_education,1911 Census - Volume II - Part IV Education.pdf,data\raw\abs_1911_census\1911 Census - Volume II - Part IV Education.pdf,182,117,118,17 | 16 | 18,17,3,1,558,continues,17.-QUEENSLAND.-NUMBER OF PERSONS RECORDED IN EACH CENSUS DISTRICT-continued.,,,False,True,True,1,,False,
1911_census_volume_ii_part_iv_education,1911 Census - Volume II - Part IV Education.pdf,data\raw\abs_1911_census\1911 Census - Volume II - Part IV Education.pdf,182,118,119,17 | 16 | 18,17,3,1,559,continues,17.-QUEENSLAND.-NUMBER OF PERSONS RECORDED IN EACH CENSUS DISTRICT-continued.,,,False,False,True,1,,False,
1911_census_volume_ii_part_iv_education,1911 Census - Volume II - Part IV Education.pdf,data\raw\abs_1911_census\1911 Census - Volume II - Part IV Education.pdf,182,119,120,17 | 16 | 18,17,3,1,560,ends,"Queensland-Number of Persons Recorded in each Census District, at the Census of 3rd April, 1911, Classified according to Education and Age",,,False,True,True,1,,False,
1911_census_volume_ii_part_iv_education,1911 Census - Volume II - Part IV Education.pdf,data\raw\abs_1911_census\1911 Census - Volume II - Part IV Education.pdf,182,120,121,17 | 16 | 18,17,3,1,561,continues,17.-QUEENSLAND.-NUMBER OF PERSONS RECORDED IN EACH CENSUS DISTRICT-continued.,,,False,False,True,1,,False,
1911_census_volume_ii_part_iv_education,1911 Census - Volume II - Part IV Education.pdf,data\raw\abs_1911_census\1911 Census - Volume II - Part IV Education.pdf,182,121,122,18 | 17 | 19,18,3,1,562,starts,"18.-SOUTH AUSTRALIA.-NUMBER OF MALES RECORDED IN EACH COUNTY OR DIVISION at the Census of 3rd April, 1911, Classified according to Education and Age (Exclusive of Full-blooded Aboriginals).",,,False,True,True,1,,False,
1911_census_volume_ii_part_iv_education,1911 Census - Volume II - Part IV Education.pdf,data\raw\abs_1911_census\1911 Census - Volume II - Part IV Education.pdf,182,122,123,18 | 17 | 19,18,3,1,563,continues,18.-SOUTH AUSTRALIA.-NUMBER OF MALES RECORDED IN EACH COUNTY OR DIVISION-cont.,,,False,True,True,1,,False,
1911_census_volume_ii_part_iv_education,1911 Census - Volume II - Part IV Education.pdf,data\raw\abs_1911_census\1911 Census - Volume II - Part IV Education.pdf,182,123,124,18 | 17 | 19,18,3,1,564,continues,18. - SOUTH AUSTRALIA. - NUMBER OF MALES RECORDED IN EACH COUNTY OR DIVISION - cont.,,,False,True,True,1,,False,
1911_census_volume_ii_part_iv_education,1911 Census - Volume II - Part IV Education.pdf,data\raw\abs_1911_census\1911 Census - Volume II - Part IV Education.pdf,182,124,125,18 | 17 | 19,18,3,1,565,continues,"South Australia-Number of Males Recorded in each County or Division, at the Census of 3rd April, 1911, Classified according to Education and Age",,HAMLEY to KINTORE,False,True,True,1,,False,
1911_census_volume_ii_part_iv_education,1911 Census - Volume II - Part IV Education.pdf,data\raw\abs_1911_census\1911 Census - Volume II - Part IV Education.pdf,182,125,126,18 | 17 | 19,18,3,1,566,continues,"South Australia-Number of Males Recorded in each County or Division, at the Census of 3rd April, 1911, Classified according to Education and Age",,,False,True,True,1,,False,
1911_census_volume_ii_part_iv_education,1911 Census - Volume II - Part IV Education.pdf,data\raw\abs_1911_census\1911 Census - Volume II - Part IV Education.pdf,182,126,127,18 | 17 | 19,18,3,1,567,continues,"South Australia-Number of Males Recorded in each County or Division, at the Census of 3rd April, 1911, Classified according to Education and Age",,,False,True,True,1,,False,
1911_census_volume_ii_part_iv_education,1911 Census - Volume II - Part IV Education.pdf,data\raw\abs_1911_census\1911 Census - Volume II - Part IV Education.pdf,182,127,128,18 | 17 | 19,18,3,1,568,ends,"South Australia-Number of Males Recorded in each County or Division, at the Census of 3rd April, 1911, Classified according to Education and Age",,,False,False,True,1,,False,
1911_census_volume_ii_part_iv_education,1911 Census - Volume II - Part IV Education.pdf,data\raw\abs_1911_census\1911 Census - Volume II - Part IV Education.pdf,182,128,129,19 | 18 | 20,19,3,1,569,continues,"19.-SOUTH AUSTRALIA.-NUMBER OF FEMALES RECORDED IN EACH COUNTY OR DIVISION at the Census of 3rd April, 1911, Classified according to Education and Age",,,False,True,True,1,,False,
1911_census_volume_ii_part_iv_education,1911 Census - Volume II - Part IV Education.pdf,data\raw\abs_1911_census\1911 Census - Volume II - Part IV Education.pdf,182,129,130,19 | 18 | 20,19,3,1,570,continues,"South Australia-Number of Females Recorded in each County or Division, at the Census of 3rd April, 1911, Classified according to Education and Age",,,False,True,True,1,,False,
1911_census_volume_ii_part_iv_education,1911 Census - Volume II - Part IV Education.pdf,data\raw\abs_1911_census\1911 Census - Volume II - Part IV Education.pdf,182,130,131,19 | 18 | 20,19,3,1,571,continues,"South Australia-Number of Females Recorded in each County or Division, at the Census of 3rd April, 1911, Classified according to Education and Age",,,False,False,True,1,,False,
1911_census_volume_ii_part_iv_education,1911 Census - Volume II - Part IV Education.pdf,data\raw\abs_1911_census\1911 Census - Volume II - Part IV Education.pdf,182,131,132,19 | 18 | 20,19,3,1,572,continues,"South Australia-Number of Females Recorded in each County or Division, at the Census of 3rd April, 1911, Classified according to Education and Age",,,False,False,True,1,,False,
1911_census_volume_ii_part_iv_education,1911 Census - Volume II - Part IV Education.pdf,data\raw\abs_1911_census\1911 Census - Volume II - Part IV Education.pdf,182,132,133,19 | 18 | 20,19,3,1,573,continues,"South Australia-Number of Females Recorded in each County or Division, at the Census of 3rd April, 1911, Classified according to Education and Age",,,False,False,True,1,,False,
1911_census_volume_ii_part_iv_education,1911 Census - Volume II - Part IV Education.pdf,data\raw\abs_1911_census\1911 Census - Volume II - Part IV Education.pdf,182,133,134,19 | 18 | 20,19,3,1,574,continues,19.-SOUTH AUSTRALIA.-NUMBER OF FEMALES RECORDED IN EACH COUNTY OR DIVISION-cont.,,,False,False,True,1,,False,
1911_census_volume_ii_part_iv_education,1911 Census - Volume II - Part IV Education.pdf,data\raw\abs_1911_census\1911 Census - Volume II - Part IV Education.pdf,182,134,135,20 | 19 | 21,19 | 20,3,2,575,boundary_multiple_tables,"South Australia-Number of Females Recorded in each County or Division, at the Census of 3rd April, 1911, Classified according to Education and Age | South Australia-Number of Persons Recorded in each County or Division, at the Census of 3rd April, 1911, Classified according to Education and Age",,,True,True,True,1,,False,
1911_census_volume_ii_part_iv_education,1911 Census - Volume II - Part IV Education.pdf,data\raw\abs_1911_census\1911 Census - Volume II - Part IV Education.pdf,182,135,136,20 | 19 | 21,20,3,1,576,continues,"South Australia-Number of Persons Recorded in each County or Division, at the Census of 3rd April, 1911, Classified according to Education and Age",,,False,True,True,1,,False,
1911_census_volume_ii_part_iv_education,1911 Census - Volume II - Part IV Education.pdf,data\raw\abs_1911_census\1911 Census - Volume II - Part IV Education.pdf,182,136,137,20 | 19 | 21,20,3,1,577,continues,20.-SOUTH AUSTRALIA.--NUMBER OF PERSONS RECORDED IN EACH COUNTY OR DIVISION--cont.,,,False,False,True,1,,False,
1911_census_volume_ii_part_iv_education,1911 Census - Volume II - Part IV Education.pdf,data\raw\abs_1911_census\1911 Census - Volume II - Part IV Education.pdf,182,137,138,20 | 19 | 21,20,3,1,578,continues,"South Australia-Number of Persons Recorded in each County or Division, at the Census of 3rd April, 1911, Classified according to Education and Age",,FERGUSSON to HAMLEY,False,True,True,1,,False,
1911_census_volume_ii_part_iv_education,1911 Census - Volume II - Part IV Education.pdf,data\raw\abs_1911_census\1911 Census - Volume II - Part IV Education.pdf,182,138,139,20 | 19 | 21,20,3,1,579,continues,20.-SOUTH AUSTRALIA.-NUMBER OF PERSONS RECORDED IN EACH COUNTY OR DIVISION.-cont.,,,False,False,True,1,,False,
1911_census_volume_ii_part_iv_education,1911 Census - Volume II - Part IV Education.pdf,data\raw\abs_1911_census\1911 Census - Volume II - Part IV Education.pdf,182,139,140,20 | 19 | 21,20,3,1,580,continues,20.-SOUTH AUSTRALIA.-NUMBER OF PERSONS RECORDED IN EACH COUNTY OR DIVISION-cont.,,,False,True,True,1,,False,
1911_census_volume_ii_part_iv_education,1911 Census - Volume II - Part IV Education.pdf,data\raw\abs_1911_census\1911 Census - Volume II - Part IV Education.pdf,182,140,141,20 | 19 | 21,20,3,1,581,ends,20.-SOUTH AUSTRALIA.-NUMBER OF PERSONS RECORDED IN EACH COUNTY OR DIVISION-cont.,,,False,False,True,1,,False,
1911_census_volume_ii_part_iv_education,1911 Census - Volume II - Part IV Education.pdf,data\raw\abs_1911_census\1911 Census - Volume II - Part IV Education.pdf,182,141,142,20 | 19 | 21,20,3,1,582,continues,20.-SOUTH AUSTRALIA.-NUMBER OF PERSONS RECORDED IN EACH COUNTY OR DIVISION-cont.,,,False,True,True,1,,False,
1911_census_volume_ii_part_iv_education,1911 Census - Volume II - Part IV Education.pdf,data\raw\abs_1911_census\1911 Census - Volume II - Part IV Education.pdf,182,142,143,21 | 20 | 22,21,3,1,583,continues,"Western Australia-Number of Males Recorded in each Statistical District, at the Census of 3rd April, 1911, Classified according to Education and Age",,,False,True,True,1,,False,
1911_census_volume_ii_part_iv_education,1911 Census - Volume II - Part IV Education.pdf,data\raw\abs_1911_census\1911 Census - Volume II - Part IV Education.pdf,182,143,144,21 | 20 | 22,21,3,1,584,continues,21.-WESTERN AUSTRALIA.-NUMBER OF MALES RECORDED IN EACH STATISTICAL DISTRICT-cont.,,,False,True,True,1,,False,
1911_census_volume_ii_part_iv_education,1911 Census - Volume II - Part IV Education.pdf,data\raw\abs_1911_census\1911 Census - Volume II - Part IV Education.pdf,182,144,145,21 | 20 | 22,21,3,1,585,continues,21.-WESTERN AUSTRALIA.-NUMBER OF MALES RECORDED IN EACH STATISTICAL DISTRICT-cont,,,False,True,True,1,,False,
1911_census_volume_ii_part_iv_education,1911 Census - Volume II - Part IV Education.pdf,data\raw\abs_1911_census\1911 Census - Volume II - Part IV Education.pdf,182,145,146,21 | 20 | 22,21,3,1,586,ends,"21.-Western Australia-Number of Males Recorded in each Statistical District, at the Census of 3rd April, 1911, Classified according to Education and Age",,,False,False,True,1,,False,
1911_census_volume_ii_part_iv_education,1911 Census - Volume II - Part IV Education.pdf,data\raw\abs_1911_census\1911 Census - Volume II - Part IV Education.pdf,182,146,147,22 | 21 | 23,22,3,1,587,continues,"Western Australia-Number of Females Recorded in each Statistical District, at the Census of 3rd April, 1911, Classified according to Education and Age",,,False,True,True,1,,False,
1911_census_volume_ii_part_iv_education,1911 Census - Volume II - Part IV Education.pdf,data\raw\abs_1911_census\1911 Census - Volume II - Part IV Education.pdf,182,147,148,22 | 21 | 23,22,3,1,588,continues,"Western Australia-Number of Females Recorded in each Statistical District, at the Census of 3rd April, 1911, Classified according to Education and Age",,,False,True,True,1,"The page header incorrectly labels the table as 21, but based on the document index and the content (Females), it is table 22.",False,
1911_census_volume_ii_part_iv_education,1911 Census - Volume II - Part IV Education.pdf,data\raw\abs_1911_census\1911 Census - Volume II - Part IV Education.pdf,182,148,149,22 | 21 | 23,22,3,1,589,continues,"Western Australia-Number of Females Recorded in each Statistical District, at the Census of 3rd April, 1911, Classified according to Education and Age",,,False,True,True,1,,False,
1911_census_volume_ii_part_iv_education,1911 Census - Volume II - Part IV Education.pdf,data\raw\abs_1911_census\1911 Census - Volume II - Part IV Education.pdf,182,149,150,22 | 21 | 23,22,3,1,590,ends,22.-WESTERN AUSTRALIA.-NUMBER OF FEMALES RECORDED IN EACH STATISTICAL DISTRICT-continued.,,,False,False,True,1,,False,
1911_census_volume_ii_part_iv_education,1911 Census - Volume II - Part IV Education.pdf,data\raw\abs_1911_census\1911 Census - Volume II - Part IV Education.pdf,182,150,151,23 | 22 | 24,23,3,1,591,continues,"23.-WESTERN AUSTRALIA.-NUMBER OF PERSONS RECORDED IN EACH STATISTICAL DISTRICT at the Census of 3rd April, 1911, Classified according to Education and Age",,,False,True,True,1,,False,
1911_census_volume_ii_part_iv_education,1911 Census - Volume II - Part IV Education.pdf,data\raw\abs_1911_census\1911 Census - Volume II - Part IV Education.pdf,182,151,152,23 | 22 | 24,23,3,1,592,continues,23. WESTERN AUSTRALIA.—NUMBER OF PERSONS RECORDED IN EACH STATISTICAL DISTRICT—continued.,,,False,True,True,1,,False,
1911_census_volume_ii_part_iv_education,1911 Census - Volume II - Part IV Education.pdf,data\raw\abs_1911_census\1911 Census - Volume II - Part IV Education.pdf,182,152,153,23 | 22 | 24,23,3,1,593,continues,23.--WESTERN AUSTRALIA.--NUMBER OF PERSONS RECORDED IN EACH STATISTICAL DISTRICT--continued.,,,False,False,True,1,,False,
1911_census_volume_ii_part_iv_education,1911 Census - Volume II - Part IV Education.pdf,data\raw\abs_1911_census\1911 Census - Volume II - Part IV Education.pdf,182,153,154,23 | 22 | 24,23,3,1,594,continues,"Western Australia-Number of Persons Recorded in each Statistical District, at the Census of 3rd April, 1911, Classified according to Education and Age",,,False,False,True,1,,False,
1911_census_volume_ii_part_iv_education,1911 Census - Volume II - Part IV Education.pdf,data\raw\abs_1911_census\1911 Census - Volume II - Part IV Education.pdf,182,154,155,24 | 23 | 25,24,3,1,595,continues,"24.-TASMANIA.-NUMBER OF MALES RECORDED IN EACH MUNICIPALITY at the Census of 3rd April, 1911, Classified according to Education and Age",,,False,True,True,1,,False,
1911_census_volume_ii_part_iv_education,1911 Census - Volume II - Part IV Education.pdf,data\raw\abs_1911_census\1911 Census - Volume II - Part IV Education.pdf,182,155,156,24 | 23 | 25,24,3,1,596,continues,24. TASMANIA.—NUMBER OF MALES RECORDED IN EACH MUNICIPALITY—continued.,,,False,False,True,1,,False,
1911_census_volume_ii_part_iv_education,1911 Census - Volume II - Part IV Education.pdf,data\raw\abs_1911_census\1911 Census - Volume II - Part IV Education.pdf,182,156,157,24 | 23 | 25,24,3,1,597,continues,24.-TASMANIA.-NUMBER OF MALES RECORDED IN EACH MUNICIPALITY,,,False,True,True,1,,False,
1911_census_volume_ii_part_iv_education,1911 Census - Volume II - Part IV Education.pdf,data\raw\abs_1911_census\1911 Census - Volume II - Part IV Education.pdf,182,157,158,24 | 23 | 25,24,3,1,598,continues,"Tasmania-Number of Males Recorded in each Municipality, at the Census of 3rd April, 1911, Classified according to Education and Age",,,False,False,True,1,,False,
1911_census_volume_ii_part_iv_education,1911 Census - Volume II - Part IV Education.pdf,data\raw\abs_1911_census\1911 Census - Volume II - Part IV Education.pdf,182,158,159,24 | 23 | 25,24,3,1,599,continues,24.-TASMANIA.-NUMBER OF MALES RECORDED IN EACH MUNICIPALITY-continued.,,,False,False,True,1,,False,
1911_census_volume_ii_part_iv_education,1911 Census - Volume II - Part IV Education.pdf,data\raw\abs_1911_census\1911 Census - Volume II - Part IV Education.pdf,182,159,160,24 | 23 | 25,24,3,1,600,continues,24.-TASMANIA.-NUMBER OF MALES RECORDED IN EACH MUNICIPALITY-continued.,,,False,False,True,1,,False,
1911_census_volume_ii_part_iv_education,1911 Census - Volume II - Part IV Education.pdf,data\raw\abs_1911_census\1911 Census - Volume II - Part IV Education.pdf,182,160,161,25 | 24 | 26,24 | 25,3,2,601,boundary_multiple_tables,"24.—TASMANIA.—NUMBER OF MALES RECORDED IN EACH MUNICIPALITY —continued. | 25.—TASMANIA.—NUMBER OF FEMALES RECORDED IN EACH MUNICIPALITY at the Census of 3rd April, 1911, Classified according to Education and Age",,,True,True,True,1,,False,
1911_census_volume_ii_part_iv_education,1911 Census - Volume II - Part IV Education.pdf,data\raw\abs_1911_census\1911 Census - Volume II - Part IV Education.pdf,182,161,162,25 | 24 | 26,25,3,1,602,continues,"Tasmania-Number of Females Recorded in each Municipality, at the Census of 3rd April, 1911, Classified according to Education and Age",,,False,False,True,1,,False,
1911_census_volume_ii_part_iv_education,1911 Census - Volume II - Part IV Education.pdf,data\raw\abs_1911_census\1911 Census - Volume II - Part IV Education.pdf,182,162,163,25 | 24 | 26,25,3,1,603,continues,25.-TASMANIA.-NUMBER OF FEMALES RECORDED IN EACH MUNICIPALITY-continued.,,,False,True,True,1,,False,
1911_census_volume_ii_part_iv_education,1911 Census - Volume II - Part IV Education.pdf,data\raw\abs_1911_census\1911 Census - Volume II - Part IV Education.pdf,182,163,164,25 | 24 | 26,25,3,1,604,continues,"Tasmania-Number of Females Recorded in each Municipality, at the Census of 3rd April, 1911, Classified according to Education and Age",,,False,True,True,1,,False,
1911_census_volume_ii_part_iv_education,1911 Census - Volume II - Part IV Education.pdf,data\raw\abs_1911_census\1911 Census - Volume II - Part IV Education.pdf,182,164,165,25 | 24 | 26,25,3,1,605,continues,25. TASMANIA. NUMBER OF FEMALES RECORDED IN EACH MUNICIPALITY—continued.,,,False,True,True,1,,False,
1911_census_volume_ii_part_iv_education,1911 Census - Volume II - Part IV Education.pdf,data\raw\abs_1911_census\1911 Census - Volume II - Part IV Education.pdf,182,165,166,25 | 24 | 26,25,3,1,606,continues,25.-TASMANIA.-NUMBER OF FEMALES RECORDED IN EACH MUNICIPALITY-continued.,,,False,False,True,1,,False,
1911_census_volume_ii_part_iv_education,1911 Census - Volume II - Part IV Education.pdf,data\raw\abs_1911_census\1911 Census - Volume II - Part IV Education.pdf,182,166,167,25 | 24 | 26,25,3,1,607,ends,25.-TASMANIA.-NUMBER OF FEMALES RECORDED IN EACH MUNICIPALITY-continued.,,,False,True,True,1,,False,
1911_census_volume_ii_part_iv_education,1911 Census - Volume II - Part IV Education.pdf,data\raw\abs_1911_census\1911 Census - Volume II - Part IV Education.pdf,182,167,168,26 | 25 | 27,25 | 26,3,2,608,boundary_multiple_tables,"25. TASMANIA. NUMBER OF FEMALES RECORDED IN EACH MUNICIPALITY—continued. | 26. TASMANIA. NUMBER OF PERSONS RECORDED IN EACH MUNICIPALITY at the Census of 3rd April, 1911, Classified according to Education and Age",,,True,True,True,1,,False,
1911_census_volume_ii_part_iv_education,1911 Census - Volume II - Part IV Education.pdf,data\raw\abs_1911_census\1911 Census - Volume II - Part IV Education.pdf,182,168,169,26 | 25 | 27,26,3,1,609,continues,26.- TASMANIA.- NUMBER OF PERSONS RECORDED IN EACH MUNICIPALITY -continued.,,,False,True,True,1,,False,
1911_census_volume_ii_part_iv_education,1911 Census - Volume II - Part IV Education.pdf,data\raw\abs_1911_census\1911 Census - Volume II - Part IV Education.pdf,182,169,170,26 | 25 | 27,26,3,1,610,continues,26.-TASMANIA.-NUMBER OF PERSONS RECORDED IN EACH MUNICIPALITY-continued.,,,False,False,True,1,,False,
1911_census_volume_ii_part_iv_education,1911 Census - Volume II - Part IV Education.pdf,data\raw\abs_1911_census\1911 Census - Volume II - Part IV Education.pdf,182,170,171,26 | 25 | 27,26,3,1,611,continues,26.-TASMANIA.-NUMBER OF PERSONS RECORDED IN EACH MUNICIPALITY-continued.,,,False,False,True,1,,False,
1911_census_volume_ii_part_iv_education,1911 Census - Volume II - Part IV Education.pdf,data\raw\abs_1911_census\1911 Census - Volume II - Part IV Education.pdf,182,171,172,26 | 25 | 27,26,3,1,612,continues,26. - TASMANIA. - NUMBER OF PERSONS RECORDED IN EACH MUNICIPALITY - continued.,,,False,False,True,1,,False,
1911_census_volume_ii_part_iv_education,1911 Census - Volume II - Part IV Education.pdf,data\raw\abs_1911_census\1911 Census - Volume II - Part IV Education.pdf,182,172,173,26 | 25 | 27,26,3,1,613,continues,26.-TASMANIA.-NUMBER OF PERSONS RECORDED IN EACH MUNICIPALITY. continued.,,,False,False,True,1,,False,
1911_census_volume_ii_part_iv_education,1911 Census - Volume II - Part IV Education.pdf,data\raw\abs_1911_census\1911 Census - Volume II - Part IV Education.pdf,182,173,174,26 | 25 | 27,26,3,1,614,continues,26.-TASMANIA.-NUMBER OF PERSONS RECORDED IN EACH MUNICIPALITY -continued.,,,False,True,True,1,,False,
1911_census_volume_ii_part_iv_education,1911 Census - Volume II - Part IV Education.pdf,data\raw\abs_1911_census\1911 Census - Volume II - Part IV Education.pdf,182,174,175,27 | 26 | 28,26 | 27,3,2,615,boundary_multiple_tables,"26.-TASMANIA.-NUMBER OF PERSONS RECORDED IN EACH MUNICIPALITY-continued. | 27.-NORTHERN TERRITORY.-NUMBER OF MALES RECORDED IN EACH COUNTY at the Census of 3rd April, 1911, Classified according to Education and Age",,,True,True,True,1,,False,
1911_census_volume_ii_part_iv_education,1911 Census - Volume II - Part IV Education.pdf,data\raw\abs_1911_census\1911 Census - Volume II - Part IV Education.pdf,182,175,176,28 | 27 | 29,27 | 28,3,2,616,boundary_multiple_tables,"27.—NORTHERN TERRITORY.—NUMBER OF MALES RECORDED IN EACH COUNTY—continued. | 28.—NORTHERN TERRITORY.—NUMBER OF FEMALES RECORDED IN EACH COUNTY at the Census of 3rd April, 1911, Classified according to Education and Age (Exclusive of Full-blooded Aboriginals).",,,True,True,True,1,,False,
1911_census_volume_ii_part_iv_education,1911 Census - Volume II - Part IV Education.pdf,data\raw\abs_1911_census\1911 Census - Volume II - Part IV Education.pdf,182,176,177,29 | 28 | 30,28 | 29,3,2,617,boundary_multiple_tables,"28.—NORTHERN TERRITORY.—NUMBER OF FEMALES RECORDED IN EACH COUNTY—continued. | 29.—NORTHERN TERRITORY.—NUMBER OF PERSONS RECORDED IN EACH COUNTY at the Census of 3rd April, 1911, Classified according to Education and Age",,,True,True,True,1,,False,
1911_census_volume_ii_part_iv_education,1911 Census - Volume II - Part IV Education.pdf,data\raw\abs_1911_census\1911 Census - Volume II - Part IV Education.pdf,182,177,178,30 | 29 | 31,29 | 30,3,2,618,boundary_multiple_tables,29.-NORTHERN TERRITORY.-NUMBER OF PERSONS RECORDED IN EACH COUNTY-continued. | 30.-FEDERAL CAPITAL TERRITORY.-NUMBER OF PERSONS RECORDED IN EACH DIVISION,,,True,True,True,1,,False,
1911_census_volume_ii_part_iv_education,1911 Census - Volume II - Part IV Education.pdf,data\raw\abs_1911_census\1911 Census - Volume II - Part IV Education.pdf,182,178,179,31 | 30 | 32,31,3,1,619,complete_on_page,"Number of Aboriginal Males Recorded in each State and Territory of the Commonwealth, at the Census of 3rd April, 1911, Classified according to Education and Age",,,False,True,True,1,,False,
1911_census_volume_ii_part_iv_education,1911 Census - Volume II - Part IV Education.pdf,data\raw\abs_1911_census\1911 Census - Volume II - Part IV Education.pdf,182,179,180,32 | 31 | 33,32,3,1,620,complete_on_page,"Number of Aboriginal Females Recorded in each State and Territory of the Commonwealth, at the Census of 3rd April, 1911, Classified according to Education and Age",,,False,True,True,1,,False,
1911_census_volume_ii_part_iv_education,1911 Census - Volume II - Part IV Education.pdf,data\raw\abs_1911_census\1911 Census - Volume II - Part IV Education.pdf,182,180,181,33 | 32,33,2,1,621,continues,"Number of Aboriginal Persons Recorded in each State and Territory of the Commonwealth, at the Census of 3rd April, 1911, Classified according to Education and Age",,,False,True,True,1,,False,
1911_census_volume_ii_part_iv_education,1911 Census - Volume II - Part IV Education.pdf,data\raw\abs_1911_census\1911 Census - Volume II - Part IV Education.pdf,182,181,182,33 | 32,,2,0,,non_table,,,,False,False,False,1,The provided page image is blank.,False,
1911_census_volume_ii_part_v_schooling,1911 Census - Volume II - Part V Schooling.pdf,data\raw\abs_1911_census\1911 Census - Volume II - Part V Schooling.pdf,124,2,3,1 | 2,1,2,1,625,complete_on_page,"Number of Persons of all Ages Recorded in each State and Territory of the Commonwealth, at the Census of 3rd April, 1911, Classified according to Schooling and Sex",,,False,True,True,1,,False,
1911_census_volume_ii_part_v_schooling,1911 Census - Volume II - Part V Schooling.pdf,data\raw\abs_1911_census\1911 Census - Volume II - Part V Schooling.pdf,124,3,4,2 | 1 | 3,2,3,1,626,complete_on_page,"Number of Children Aged last Birthday from 6 to 13 Years Recorded in each State and Territory of the Commonwealth, at the Census of 3rd April, 1911, Classified according to Schooling and Sex",,,False,True,True,1,,False,
1911_census_volume_ii_part_v_schooling,1911 Census - Volume II - Part V Schooling.pdf,data\raw\abs_1911_census\1911 Census - Volume II - Part V Schooling.pdf,124,4,5,3 | 2 | 4,3,3,1,627,complete_on_page,"3.—NUMBER OF MALES RECORDED IN EACH STATE AND TERRITORY OF THE COMMONWEALTH, at the Census of 3rd April, 1911, Classified according to Schooling and Age",,,False,True,True,1,,False,
1911_census_volume_ii_part_v_schooling,1911 Census - Volume II - Part V Schooling.pdf,data\raw\abs_1911_census\1911 Census - Volume II - Part V Schooling.pdf,124,5,6,4 | 3 | 5,4,3,1,628,complete_on_page,"Number of Females Recorded in each State and Territory of the Commonwealth, at the Census of 3rd April, 1911, Classified according to Schooling and Age",,,False,True,True,1,,False,
1911_census_volume_ii_part_v_schooling,1911 Census - Volume II - Part V Schooling.pdf,data\raw\abs_1911_census\1911 Census - Volume II - Part V Schooling.pdf,124,6,7,5 | 4 | 6,5,3,1,629,complete_on_page,"Number of Persons Recorded in each State and Territory of the Commonwealth, at the Census of 3rd April, 1911, Classified according to Schooling and Age",,,False,True,True,1,,False,
1911_census_volume_ii_part_v_schooling,1911 Census - Volume II - Part V Schooling.pdf,data\raw\abs_1911_census\1911 Census - Volume II - Part V Schooling.pdf,124,7,8,6 | 5 | 7,6,3,1,630,complete_on_page,6.—NUMBER OF MALES RECORDED IN EACH METROPOLITAN AREA OF THE COMMONWEALTH,,,False,True,True,1,,False,
1911_census_volume_ii_part_v_schooling,1911 Census - Volume II - Part V Schooling.pdf,data\raw\abs_1911_census\1911 Census - Volume II - Part V Schooling.pdf,124,8,9,7 | 6 | 8,7,3,1,631,complete_on_page,"7.—NUMBER OF FEMALES RECORDED IN EACH METROPOLITAN AREA OF THE COMMONWEALTH, At the Census of 3rd April, 1911, Classified according to Schooling and Age",,,False,True,True,1,,False,
1911_census_volume_ii_part_v_schooling,1911 Census - Volume II - Part V Schooling.pdf,data\raw\abs_1911_census\1911 Census - Volume II - Part V Schooling.pdf,124,9,10,8 | 7 | 9,8,3,1,632,complete_on_page,"8.—NUMBER OF PERSONS RECORDED IN EACH METROPOLITAN AREA OF THE COMMONWEALTH, At the Census of 3rd April, 1911, Classified according to Schooling and Age",,,False,True,True,1,,False,
1911_census_volume_ii_part_v_schooling,1911 Census - Volume II - Part V Schooling.pdf,data\raw\abs_1911_census\1911 Census - Volume II - Part V Schooling.pdf,124,10,11,9 | 8 | 10,9,3,1,633,continues,"9.—NEW SOUTH WALES.—NUMBER OF MALES RECORDED IN EACH COUNTY At the Census of 3rd April, 1911, Classified according to Schooling and Age",,,False,True,True,1,,False,
1911_census_volume_ii_part_v_schooling,1911 Census - Volume II - Part V Schooling.pdf,data\raw\abs_1911_census\1911 Census - Volume II - Part V Schooling.pdf,124,11,12,9 | 8 | 10,9,3,1,634,continues,9.—NEW SOUTH WALES.—NUMBER OF MALES RECORDED IN EACH COUNTY—continued.,,,False,True,True,1,,False,
1911_census_volume_ii_part_v_schooling,1911 Census - Volume II - Part V Schooling.pdf,data\raw\abs_1911_census\1911 Census - Volume II - Part V Schooling.pdf,124,12,13,9 | 8 | 10,9,3,1,635,continues,9.-NEW SOUTH WALES.-NUMBER OF MALES RECORDED IN EACH COUNTY-continued.,,,False,True,True,1,,False,
1911_census_volume_ii_part_v_schooling,1911 Census - Volume II - Part V Schooling.pdf,data\raw\abs_1911_census\1911 Census - Volume II - Part V Schooling.pdf,124,13,14,9 | 8 | 10,9,3,1,636,continues,9.—NEW SOUTH WALES.—NUMBER OF MALES RECORDED IN EACH COUNTY—continued.,,,False,True,True,1,,False,
1911_census_volume_ii_part_v_schooling,1911 Census - Volume II - Part V Schooling.pdf,data\raw\abs_1911_census\1911 Census - Volume II - Part V Schooling.pdf,124,14,15,9 | 8 | 10,9,3,1,637,continues,"New South Wales-Number of Males Recorded in each County, at the Census of 3rd April, 1911, Classified according to Schooling and Age",,9.-NEW SOUTH WALES.-NUMBER OF MALES RECORDED IN EACH COUNTY-continued.,False,True,True,1,,False,
1911_census_volume_ii_part_v_schooling,1911 Census - Volume II - Part V Schooling.pdf,data\raw\abs_1911_census\1911 Census - Volume II - Part V Schooling.pdf,124,15,16,9 | 8 | 10,9,3,1,638,continues,9.—NEW SOUTH WALES.—NUMBER OF MALES RECORDED IN EACH COUNTY—continued.,,,False,True,True,1,,False,
1911_census_volume_ii_part_v_schooling,1911 Census - Volume II - Part V Schooling.pdf,data\raw\abs_1911_census\1911 Census - Volume II - Part V Schooling.pdf,124,16,17,9 | 8 | 10,9,3,1,639,continues,9.—NEW SOUTH WALES.—NUMBER OF MALES RECORDED IN EACH COUNTY—continued.,,,False,False,True,1,,False,
1911_census_volume_ii_part_v_schooling,1911 Census - Volume II - Part V Schooling.pdf,data\raw\abs_1911_census\1911 Census - Volume II - Part V Schooling.pdf,124,17,18,9 | 8 | 10,9,3,1,640,continues,"New South Wales-Number of Males Recorded in each County, at the Census of 3rd April, 1911, Classified according to Schooling and Age",,,False,True,True,1,,False,
1911_census_volume_ii_part_v_schooling,1911 Census - Volume II - Part V Schooling.pdf,data\raw\abs_1911_census\1911 Census - Volume II - Part V Schooling.pdf,124,18,19,9 | 8 | 10,9,3,1,641,continues,"New South Wales-Number of Males Recorded in each County, at the Census of 3rd April, 1911, Classified according to Schooling and Age",,,False,True,True,1,,False,
1911_census_volume_ii_part_v_schooling,1911 Census - Volume II - Part V Schooling.pdf,data\raw\abs_1911_census\1911 Census - Volume II - Part V Schooling.pdf,124,19,20,9 | 8 | 10,9,3,1,642,continues,9.—NEW SOUTH WALES.—NUMBER OF MALES RECORDED IN EACH COUNTY—continued.,,,False,True,True,1,,False,
1911_census_volume_ii_part_v_schooling,1911 Census - Volume II - Part V Schooling.pdf,data\raw\abs_1911_census\1911 Census - Volume II - Part V Schooling.pdf,124,20,21,9 | 8 | 10,9,3,1,643,continues,9.-NEW SOUTH WALES.-NUMBER OF MALES RECORDED IN EACH COUNTY-continued.,,,False,False,True,1,,False,
1911_census_volume_ii_part_v_schooling,1911 Census - Volume II - Part V Schooling.pdf,data\raw\abs_1911_census\1911 Census - Volume II - Part V Schooling.pdf,124,21,22,9 | 8 | 10,9,3,1,644,continues,"New South Wales-Number of Males Recorded in each County, at the Census of 3rd April, 1911, Classified according to Schooling and Age",,,False,True,True,1,,False,
1911_census_volume_ii_part_v_schooling,1911 Census - Volume II - Part V Schooling.pdf,data\raw\abs_1911_census\1911 Census - Volume II - Part V Schooling.pdf,124,22,23,9 | 8 | 10,9,3,1,645,ends,9.-NEW SOUTH WALES.-NUMBER OF MALES RECORDED IN EACH COUNTY-continued.,,,False,True,True,1,,False,
1911_census_volume_ii_part_v_schooling,1911 Census - Volume II - Part V Schooling.pdf,data\raw\abs_1911_census\1911 Census - Volume II - Part V Schooling.pdf,124,23,24,10 | 9 | 11,9 | 10,3,2,646,boundary_multiple_tables,9.-NEW SOUTH WALES.-NUMBER OF MALES RECORDED IN EACH COUNTY-continued. | 10.-NEW SOUTH WALES.-NUMBER OF FEMALES RECORDED IN EACH COUNTY,,,True,True,True,1,,False,
1911_census_volume_ii_part_v_schooling,1911 Census - Volume II - Part V Schooling.pdf,data\raw\abs_1911_census\1911 Census - Volume II - Part V Schooling.pdf,124,24,25,10 | 9 | 11,10,3,1,647,continues,"New South Wales-Number of Females Recorded in each County, at the Census of 3rd April, 1911, Classified according to Schooling and Age",,,False,False,True,1,,False,
1911_census_volume_ii_part_v_schooling,1911 Census - Volume II - Part V Schooling.pdf,data\raw\abs_1911_census\1911 Census - Volume II - Part V Schooling.pdf,124,25,26,10 | 9 | 11,10,3,1,648,continues,10.—NEW SOUTH WALES.—NUMBER OF FEMALES RECORDED IN EACH COUNTY—continued.,,,False,True,True,1,,False,
1911_census_volume_ii_part_v_schooling,1911 Census - Volume II - Part V Schooling.pdf,data\raw\abs_1911_census\1911 Census - Volume II - Part V Schooling.pdf,124,26,27,10 | 9 | 11,10,3,1,649,continues,"New South Wales-Number of Females Recorded in each County, at the Census of 3rd April, 1911, Classified according to Schooling and Age",,,False,True,True,1,,False,
1911_census_volume_ii_part_v_schooling,1911 Census - Volume II - Part V Schooling.pdf,data\raw\abs_1911_census\1911 Census - Volume II - Part V Schooling.pdf,124,27,28,10 | 9 | 11,10,3,1,650,continues,10.—NEW SOUTH WALES.—NUMBER OF FEMALES RECORDED IN EACH COUNTY—continued.,,,False,True,True,1,,False,
1911_census_volume_ii_part_v_schooling,1911 Census - Volume II - Part V Schooling.pdf,data\raw\abs_1911_census\1911 Census - Volume II - Part V Schooling.pdf,124,28,29,10 | 9 | 11,10,3,1,651,continues,"New South Wales-Number of Females Recorded in each County, at the Census of 3rd April, 1911, Classified according to Schooling and Age",,,False,True,True,1,,False,
1911_census_volume_ii_part_v_schooling,1911 Census - Volume II - Part V Schooling.pdf,data\raw\abs_1911_census\1911 Census - Volume II - Part V Schooling.pdf,124,29,30,10 | 9 | 11,10,3,1,652,continues,"New South Wales-Number of Females Recorded in each County, at the Census of 3rd April, 1911, Classified according to Schooling and Age",,,False,True,True,1,,False,
1911_census_volume_ii_part_v_schooling,1911 Census - Volume II - Part V Schooling.pdf,data\raw\abs_1911_census\1911 Census - Volume II - Part V Schooling.pdf,124,30,31,10 | 9 | 11,10,3,1,653,continues,"New South Wales-Number of Females Recorded in each County, at the Census of 3rd April, 1911, Classified according to Schooling and Age",,,False,False,True,1,,False,
1911_census_volume_ii_part_v_schooling,1911 Census - Volume II - Part V Schooling.pdf,data\raw\abs_1911_census\1911 Census - Volume II - Part V Schooling.pdf,124,31,32,10 | 9 | 11,10,3,1,654,continues,10.—NEW SOUTH WALES.—NUMBER OF FEMALES RECORDED IN EACH COUNTY—continued.,,,False,True,True,1,,False,
1911_census_volume_ii_part_v_schooling,1911 Census - Volume II - Part V Schooling.pdf,data\raw\abs_1911_census\1911 Census - Volume II - Part V Schooling.pdf,124,32,33,10 | 9 | 11,10,3,1,655,continues,"New South Wales-Number of Females Recorded in each County, at the Census of 3rd April, 1911, Classified according to Schooling and Age",,,False,True,True,1,,False,
1911_census_volume_ii_part_v_schooling,1911 Census - Volume II - Part V Schooling.pdf,data\raw\abs_1911_census\1911 Census - Volume II - Part V Schooling.pdf,124,33,34,10 | 9 | 11,10,3,1,656,continues,10.—NEW SOUTH WALES.—NUMBER OF FEMALES RECORDED IN EACH COUNTY—continued.,,,False,False,True,1,,False,
1911_census_volume_ii_part_v_schooling,1911 Census - Volume II - Part V Schooling.pdf,data\raw\abs_1911_census\1911 Census - Volume II - Part V Schooling.pdf,124,34,35,10 | 9 | 11,10,3,1,657,continues,"New South Wales-Number of Females Recorded in each County, at the Census of 3rd April, 1911, Classified according to Schooling and Age",,,False,True,True,1,,False,
1911_census_volume_ii_part_v_schooling,1911 Census - Volume II - Part V Schooling.pdf,data\raw\abs_1911_census\1911 Census - Volume II - Part V Schooling.pdf,124,35,36,10 | 9 | 11,10,3,1,658,continues,10.-NEW SOUTH WALES.-NUMBER OF FEMALES RECORDED IN EACH COUNTY-continued.,,,False,True,True,1,,False,
1911_census_volume_ii_part_v_schooling,1911 Census - Volume II - Part V Schooling.pdf,data\raw\abs_1911_census\1911 Census - Volume II - Part V Schooling.pdf,124,36,37,11 | 10 | 12,10 | 11,3,2,659,boundary_multiple_tables,10.-NEW SOUTH WALES.-NUMBER OF FEMALES RECORDED IN EACH COUNTY-continued. | 11.-NEW SOUTH WALES.-NUMBER OF PERSONS RECORDED IN EACH COUNTY,,,True,True,True,1,,False,
1911_census_volume_ii_part_v_schooling,1911 Census - Volume II - Part V Schooling.pdf,data\raw\abs_1911_census\1911 Census - Volume II - Part V Schooling.pdf,124,37,38,11 | 10 | 12,11,3,1,660,continues,11.—NEW SOUTH WALES.—NUMBER OF PERSONS RECORDED IN EACH COUNTY—continued.,,,False,True,True,1,,False,
1911_census_volume_ii_part_v_schooling,1911 Census - Volume II - Part V Schooling.pdf,data\raw\abs_1911_census\1911 Census - Volume II - Part V Schooling.pdf,124,38,39,11 | 10 | 12,11,3,1,661,continues,11.-NEW SOUTH WALES.-NUMBER OF PERSONS RECORDED IN EACH COUNTY-continued.,,,False,True,True,1,,False,
1911_census_volume_ii_part_v_schooling,1911 Census - Volume II - Part V Schooling.pdf,data\raw\abs_1911_census\1911 Census - Volume II - Part V Schooling.pdf,124,39,40,11 | 10 | 12,11,3,1,662,continues,11.-NEW SOUTH WALES.-NUMBER OF PERSONS RECORDED IN EACH COUNTY-continued.,,,False,True,True,1,,False,
1911_census_volume_ii_part_v_schooling,1911 Census - Volume II - Part V Schooling.pdf,data\raw\abs_1911_census\1911 Census - Volume II - Part V Schooling.pdf,124,40,41,11 | 10 | 12,11,3,1,663,continues,"New South Wales-Number of Persons Recorded in each County, at the Census of 3rd April, 1911, Classified according to Schooling and Age",,CUNNINGHAM to DURHAM,False,False,True,1,,False,
1911_census_volume_ii_part_v_schooling,1911 Census - Volume II - Part V Schooling.pdf,data\raw\abs_1911_census\1911 Census - Volume II - Part V Schooling.pdf,124,41,42,11 | 10 | 12,11,3,1,664,continues,11.-NEW SOUTH WALES.-NUMBER OF PERSONS RECORDED IN EACH COUNTY-continued.,,,False,True,True,1,,False,
1911_census_volume_ii_part_v_schooling,1911 Census - Volume II - Part V Schooling.pdf,data\raw\abs_1911_census\1911 Census - Volume II - Part V Schooling.pdf,124,42,43,11 | 10 | 12,11,3,1,665,continues,"New South Wales-Number of Persons Recorded in each County, at the Census of 3rd April, 1911, Classified according to Schooling and Age",,,False,True,True,1,,False,
1911_census_volume_ii_part_v_schooling,1911 Census - Volume II - Part V Schooling.pdf,data\raw\abs_1911_census\1911 Census - Volume II - Part V Schooling.pdf,124,43,44,11 | 10 | 12,11,3,1,666,continues,11.-NEW SOUTH WALES.-NUMBER OF PERSONS RECORDED IN EACH COUNTY-continued.,,,False,True,True,1,,False,
1911_census_volume_ii_part_v_schooling,1911 Census - Volume II - Part V Schooling.pdf,data\raw\abs_1911_census\1911 Census - Volume II - Part V Schooling.pdf,124,44,45,11 | 10 | 12,11,3,1,667,continues,11.-NEW SOUTH WALES.-NUMBER OF PERSONS RECORDED IN EACH COUNTY-continued.,,,False,True,True,1,,False,
1911_census_volume_ii_part_v_schooling,1911 Census - Volume II - Part V Schooling.pdf,data\raw\abs_1911_census\1911 Census - Volume II - Part V Schooling.pdf,124,45,46,11 | 10 | 12,11,3,1,668,continues,11.-NEW SOUTH WALES.-NUMBER OF PERSONS RECORDED IN EACH COUNTY-continued.,,,False,True,True,1,,False,
1911_census_volume_ii_part_v_schooling,1911 Census - Volume II - Part V Schooling.pdf,data\raw\abs_1911_census\1911 Census - Volume II - Part V Schooling.pdf,124,46,47,11 | 10 | 12,11,3,1,669,continues,11.—NEW SOUTH WALES.—NUMBER OF PERSONS RECORDED IN EACH COUNTY—continued.,,,False,True,True,1,,False,
1911_census_volume_ii_part_v_schooling,1911 Census - Volume II - Part V Schooling.pdf,data\raw\abs_1911_census\1911 Census - Volume II - Part V Schooling.pdf,124,47,48,11 | 10 | 12,11,3,1,670,continues,"New South Wales-Number of Persons Recorded in each County, at the Census of 3rd April, 1911, Classified according to Schooling and Age",,,False,True,True,1,,False,
1911_census_volume_ii_part_v_schooling,1911 Census - Volume II - Part V Schooling.pdf,data\raw\abs_1911_census\1911 Census - Volume II - Part V Schooling.pdf,124,48,49,11 | 10 | 12,11,3,1,671,ends,11.—NEW SOUTH WALES.—NUMBER OF PERSONS RECORDED IN EACH COUNTY—continued.,,,False,False,True,1,,False,
1911_census_volume_ii_part_v_schooling,1911 Census - Volume II - Part V Schooling.pdf,data\raw\abs_1911_census\1911 Census - Volume II - Part V Schooling.pdf,124,49,50,11 | 10 | 12,11,3,1,672,ends,"11.-NEW SOUTH WALES.-NUMBER OF PERSONS RECORDED IN EACH COUNTY, AT THE CENSUS OF 3RD APRIL, 1911, CLASSIFIED ACCORDING TO SCHOOLING AND AGE",,,False,True,True,1,,False,
1911_census_volume_ii_part_v_schooling,1911 Census - Volume II - Part V Schooling.pdf,data\raw\abs_1911_census\1911 Census - Volume II - Part V Schooling.pdf,124,50,51,12 | 11 | 13,12,3,1,673,continues,"12.-VICTORIA.-NUMBER OF MALES RECORDED IN EACH COUNTY At the Census of 3rd April, 1911, Classified according to Schooling and Age",,,False,True,True,1,,False,
1911_census_volume_ii_part_v_schooling,1911 Census - Volume II - Part V Schooling.pdf,data\raw\abs_1911_census\1911 Census - Volume II - Part V Schooling.pdf,124,51,52,12 | 11 | 13,12,3,1,674,continues,"Victoria-Number of Males Recorded in each County, at the Census of 3rd April, 1911, Classified according to Schooling and Age",,,False,False,True,1,,False,
1911_census_volume_ii_part_v_schooling,1911 Census - Volume II - Part V Schooling.pdf,data\raw\abs_1911_census\1911 Census - Volume II - Part V Schooling.pdf,124,52,53,12 | 11 | 13,12,3,1,675,ends,"Victoria-Number of Males Recorded in each County, at the Census of 3rd April, 1911, Classified according to Schooling and Age",,,False,True,True,1,,False,
1911_census_volume_ii_part_v_schooling,1911 Census - Volume II - Part V Schooling.pdf,data\raw\abs_1911_census\1911 Census - Volume II - Part V Schooling.pdf,124,53,54,13 | 12 | 14,12 | 13,3,2,676,boundary_multiple_tables,"12.-VICTORIA.-NUMBER OF MALES RECORDED IN EACH COUNTY-continued. | 13.-VICTORIA-NUMBER OF FEMALES RECORDED IN EACH COUNTY At the Census of 3rd April, 1911, Classified according to Schooling and Age",,,True,True,True,1,,False,
1911_census_volume_ii_part_v_schooling,1911 Census - Volume II - Part V Schooling.pdf,data\raw\abs_1911_census\1911 Census - Volume II - Part V Schooling.pdf,124,54,55,13 | 12 | 14,13,3,1,677,continues,13.-VICTORIA.-NUMBER OF FEMALES RECORDED IN EACH COUNTY-continued.,,,False,True,True,1,,False,
1911_census_volume_ii_part_v_schooling,1911 Census - Volume II - Part V Schooling.pdf,data\raw\abs_1911_census\1911 Census - Volume II - Part V Schooling.pdf,124,55,56,13 | 12 | 14,13,3,1,678,continues,"Victoria-Number of Females Recorded in each County, at the Census of 3rd April, 1911, Classified according to Schooling and Age",,,False,True,True,1,,False,
1911_census_volume_ii_part_v_schooling,1911 Census - Volume II - Part V Schooling.pdf,data\raw\abs_1911_census\1911 Census - Volume II - Part V Schooling.pdf,124,56,57,13 | 12 | 14,13,3,1,679,ends,13.-VICTORIA.-NUMBER OF FEMALES RECORDED IN EACH COUNTY-continued.,,,False,True,True,1,,False,
1911_census_volume_ii_part_v_schooling,1911 Census - Volume II - Part V Schooling.pdf,data\raw\abs_1911_census\1911 Census - Volume II - Part V Schooling.pdf,124,57,58,14 | 13 | 15,13 | 14,3,2,680,boundary_multiple_tables,13.-VICTORIA.-NUMBER OF FEMALES RECORDED IN EACH COUNTY-continued. | 14.-VICTORIA.-NUMBER OF PERSONS RECORDED IN EACH COUNTY,,,True,True,True,1,,False,
1911_census_volume_ii_part_v_schooling,1911 Census - Volume II - Part V Schooling.pdf,data\raw\abs_1911_census\1911 Census - Volume II - Part V Schooling.pdf,124,58,59,14 | 13 | 15,14,3,1,681,continues,14.-VICTORIA.-NUMBER OF PERSONS RECORDED IN EACH COUNTY-continued.,,,False,True,True,1,,False,
1911_census_volume_ii_part_v_schooling,1911 Census - Volume II - Part V Schooling.pdf,data\raw\abs_1911_census\1911 Census - Volume II - Part V Schooling.pdf,124,59,60,14 | 13 | 15,14,3,1,682,continues,14.-VICTORIA.-NUMBER OF PERSONS RECORDED IN EACH COUNTY-continued.,,,False,True,True,1,,False,
1911_census_volume_ii_part_v_schooling,1911 Census - Volume II - Part V Schooling.pdf,data\raw\abs_1911_census\1911 Census - Volume II - Part V Schooling.pdf,124,60,61,14 | 13 | 15,14,3,1,683,continues,"Victoria-Number of Persons Recorded in each County, at the Census of 3rd April, 1911, Classified according to Schooling and Age",,,False,True,True,1,,False,
1911_census_volume_ii_part_v_schooling,1911 Census - Volume II - Part V Schooling.pdf,data\raw\abs_1911_census\1911 Census - Volume II - Part V Schooling.pdf,124,61,62,15 | 14 | 16,14 | 15,3,2,684,boundary_multiple_tables,"14. VICTORIA.—NUMBER OF PERSONS RECORDED IN EACH COUNTY—continued. | 15.—QUEENSLAND—NUMBER OF MALES RECORDED IN EACH CENSUS DISTRICT At the Census of 3rd April, 1911, Classified according to Schooling and Age",,,True,True,True,1,,False,
1911_census_volume_ii_part_v_schooling,1911 Census - Volume II - Part V Schooling.pdf,data\raw\abs_1911_census\1911 Census - Volume II - Part V Schooling.pdf,124,62,63,15 | 14 | 16,15,3,1,685,continues,15.-QUEENSLAND.-NUMBER OF MALES RECORDED IN EACH CENSUS DISTRICT-continued.,,,False,True,True,1,,False,
1911_census_volume_ii_part_v_schooling,1911 Census - Volume II - Part V Schooling.pdf,data\raw\abs_1911_census\1911 Census - Volume II - Part V Schooling.pdf,124,63,64,15 | 14 | 16,15,3,1,686,continues,15.-QUEENSLAND.-NUMBER OF MALES RECORDED IN EACH CENSUS DISTRICT-continued.,,,False,True,True,1,,False,
1911_census_volume_ii_part_v_schooling,1911 Census - Volume II - Part V Schooling.pdf,data\raw\abs_1911_census\1911 Census - Volume II - Part V Schooling.pdf,124,64,65,15 | 14 | 16,15,3,1,687,continues,"Queensland-Number of Males Recorded in each Census District, at the Census of 3rd April, 1911, Classified according to Schooling and Age",,,False,True,True,1,,False,
1911_census_volume_ii_part_v_schooling,1911 Census - Volume II - Part V Schooling.pdf,data\raw\abs_1911_census\1911 Census - Volume II - Part V Schooling.pdf,124,65,66,15 | 14 | 16,15,3,1,688,continues,"Queensland-Number of Males Recorded in each Census District, at the Census of 3rd April, 1911, Classified according to Schooling and Age",,,False,False,True,1,,False,
1911_census_volume_ii_part_v_schooling,1911 Census - Volume II - Part V Schooling.pdf,data\raw\abs_1911_census\1911 Census - Volume II - Part V Schooling.pdf,124,66,67,15 | 14 | 16,15,3,1,689,continues,15. QUEENSLAND.—NUMBER OF MALES RECORDED IN EACH CENSUS DISTRICT—continued.,,,False,True,True,1,,False,
1911_census_volume_ii_part_v_schooling,1911 Census - Volume II - Part V Schooling.pdf,data\raw\abs_1911_census\1911 Census - Volume II - Part V Schooling.pdf,124,67,68,15 | 14 | 16,15,3,1,690,continues,"Queensland-Number of Males Recorded in each Census District, at the Census of 3rd April, 1911, Classified according to Schooling and Age",,,False,True,True,1,,False,
1911_census_volume_ii_part_v_schooling,1911 Census - Volume II - Part V Schooling.pdf,data\raw\abs_1911_census\1911 Census - Volume II - Part V Schooling.pdf,124,68,69,16 | 15 | 17,16,3,1,691,continues,"Queensland-Number of Females Recorded in each Census District, at the Census of 3rd April, 1911, Classified according to Schooling and Age",,,False,True,True,1,,False,
1911_census_volume_ii_part_v_schooling,1911 Census - Volume II - Part V Schooling.pdf,data\raw\abs_1911_census\1911 Census - Volume II - Part V Schooling.pdf,124,69,70,16 | 15 | 17,16,3,1,692,continues,"Queensland-Number of Females Recorded in each Census District, at the Census of 3rd April, 1911, Classified according to Schooling and Age",,,False,True,True,1,,False,
1911_census_volume_ii_part_v_schooling,1911 Census - Volume II - Part V Schooling.pdf,data\raw\abs_1911_census\1911 Census - Volume II - Part V Schooling.pdf,124,70,71,16 | 15 | 17,16,3,1,693,continues,"Queensland-Number of Females Recorded in each Census District, at the Census of 3rd April, 1911, Classified according to Schooling and Age",,,False,False,True,1,,False,
1911_census_volume_ii_part_v_schooling,1911 Census - Volume II - Part V Schooling.pdf,data\raw\abs_1911_census\1911 Census - Volume II - Part V Schooling.pdf,124,71,72,16 | 15 | 17,16,3,1,694,continues,"Queensland-Number of Females Recorded in each Census District, at the Census of 3rd April, 1911, Classified according to Schooling and Age",,,False,True,True,1,,False,
1911_census_volume_ii_part_v_schooling,1911 Census - Volume II - Part V Schooling.pdf,data\raw\abs_1911_census\1911 Census - Volume II - Part V Schooling.pdf,124,72,73,16 | 15 | 17,16,3,1,695,continues,"Queensland-Number of Females Recorded in each Census District, at the Census of 3rd April, 1911, Classified according to Schooling and Age",,,False,True,True,1,,False,
1911_census_volume_ii_part_v_schooling,1911 Census - Volume II - Part V Schooling.pdf,data\raw\abs_1911_census\1911 Census - Volume II - Part V Schooling.pdf,124,73,74,16 | 15 | 17,16,3,1,696,ends,16.—QUEENSLAND.—NUMBER OF FEMALES RECORDED IN EACH CENSUS DISTRICT—continued.,,,False,True,True,1,,False,
1911_census_volume_ii_part_v_schooling,1911 Census - Volume II - Part V Schooling.pdf,data\raw\abs_1911_census\1911 Census - Volume II - Part V Schooling.pdf,124,74,75,17 | 16 | 18,16 | 17,3,2,697,boundary_multiple_tables,"Queensland-Number of Females Recorded in each Census District, at the Census of 3rd April, 1911, Classified according to Schooling and Age | Queensland-Number of Persons Recorded in each Census District, at the Census of 3rd April, 1911, Classified according to Schooling and Age",,,True,True,True,1,,False,
1911_census_volume_ii_part_v_schooling,1911 Census - Volume II - Part V Schooling.pdf,data\raw\abs_1911_census\1911 Census - Volume II - Part V Schooling.pdf,124,75,76,17 | 16 | 18,17,3,1,698,continues,17. QUEENSLAND.—NUMBER OF PERSONS RECORDED IN EACH CENSUS DISTRICT—continued.,,,False,True,True,1,,False,
1911_census_volume_ii_part_v_schooling,1911 Census - Volume II - Part V Schooling.pdf,data\raw\abs_1911_census\1911 Census - Volume II - Part V Schooling.pdf,124,76,77,17 | 16 | 18,17,3,1,699,continues,17.-QUEENSLAND.-NUMBER OF PERSONS RECORDED IN EACH CENSUS DISTRICT-continued.,,,False,True,True,1,,False,
1911_census_volume_ii_part_v_schooling,1911 Census - Volume II - Part V Schooling.pdf,data\raw\abs_1911_census\1911 Census - Volume II - Part V Schooling.pdf,124,77,78,17 | 16 | 18,17,3,1,700,continues,17.—QUEENSLAND.—NUMBER OF PERSONS RECORDED IN EACH CENSUS DISTRICT—continued.,,,False,True,True,1,,False,
1911_census_volume_ii_part_v_schooling,1911 Census - Volume II - Part V Schooling.pdf,data\raw\abs_1911_census\1911 Census - Volume II - Part V Schooling.pdf,124,78,79,17 | 16 | 18,17,3,1,701,continues,"Queensland-Number of Persons Recorded in each Census District, at the Census of 3rd April, 1911, Classified according to Schooling and Age",,,False,False,True,1,,False,
1911_census_volume_ii_part_v_schooling,1911 Census - Volume II - Part V Schooling.pdf,data\raw\abs_1911_census\1911 Census - Volume II - Part V Schooling.pdf,124,79,80,17 | 16 | 18,17,3,1,702,ends,17.-QUEENSLAND.-NUMBER OF PERSONS RECORDED IN EACH CENSUS DISTRICT-continued.,,,False,True,True,1,,False,
1911_census_volume_ii_part_v_schooling,1911 Census - Volume II - Part V Schooling.pdf,data\raw\abs_1911_census\1911 Census - Volume II - Part V Schooling.pdf,124,80,81,17 | 16 | 18,17,3,1,703,ends,17.-QUEENSLAND.-NUMBER OF PERSONS RECORDED IN EACH CENSUS DISTRICT-continued.,,,False,True,True,1,,False,
1911_census_volume_ii_part_v_schooling,1911 Census - Volume II - Part V Schooling.pdf,data\raw\abs_1911_census\1911 Census - Volume II - Part V Schooling.pdf,124,81,82,18 | 17 | 19,18,3,1,704,continues,"South Australia-Number of Males Recorded in each County or Division, at the Census of 3rd April, 1911, Classified according to Schooling and Age",,,False,True,True,1,,False,
1911_census_volume_ii_part_v_schooling,1911 Census - Volume II - Part V Schooling.pdf,data\raw\abs_1911_census\1911 Census - Volume II - Part V Schooling.pdf,124,82,83,18 | 17 | 19,18,3,1,705,continues,"South Australia-Number of Males Recorded in each County or Division, at the Census of 3rd April, 1911, Classified according to Schooling and Age",,,False,True,True,1,,False,
1911_census_volume_ii_part_v_schooling,1911 Census - Volume II - Part V Schooling.pdf,data\raw\abs_1911_census\1911 Census - Volume II - Part V Schooling.pdf,124,83,84,18 | 17 | 19,18,3,1,706,continues,"South Australia-Number of Males Recorded in each County or Division, at the Census of 3rd April, 1911, Classified according to Schooling and Age",,,False,True,True,1,,False,
1911_census_volume_ii_part_v_schooling,1911 Census - Volume II - Part V Schooling.pdf,data\raw\abs_1911_census\1911 Census - Volume II - Part V Schooling.pdf,124,84,85,18 | 17 | 19,18,3,1,707,ends,18.-SOUTH AUSTRALIA.-NUMBER OF MALES RECORDED IN EACH COUNTY OR DIVISION-cont.,,,False,True,True,1,,False,
1911_census_volume_ii_part_v_schooling,1911 Census - Volume II - Part V Schooling.pdf,data\raw\abs_1911_census\1911 Census - Volume II - Part V Schooling.pdf,124,85,86,19 | 18 | 20,18 | 19,3,2,708,boundary_multiple_tables,"South Australia-Number of Males Recorded in each County or Division, at the Census of 3rd April, 1911, Classified according to Schooling and Age | South Australia-Number of Females Recorded in each County or Division, at the Census of 3rd April, 1911, Classified according to Schooling and Age",,,True,True,True,1,,False,
1911_census_volume_ii_part_v_schooling,1911 Census - Volume II - Part V Schooling.pdf,data\raw\abs_1911_census\1911 Census - Volume II - Part V Schooling.pdf,124,86,87,19 | 18 | 20,19,3,1,709,continues,19.—SOUTH AUSTRALIA.—NUMBER OF FEMALES RECORDED IN EACH COUNTY OR DIVISION—cont.,,,False,True,True,1,,False,
1911_census_volume_ii_part_v_schooling,1911 Census - Volume II - Part V Schooling.pdf,data\raw\abs_1911_census\1911 Census - Volume II - Part V Schooling.pdf,124,87,88,19 | 18 | 20,19,3,1,710,continues,19.—SOUTH AUSTRALIA.—NUMBER OF FEMALES RECORDED IN EACH COUNTY OR DIVISION—cont.,,,False,True,True,1,,False,
1911_census_volume_ii_part_v_schooling,1911 Census - Volume II - Part V Schooling.pdf,data\raw\abs_1911_census\1911 Census - Volume II - Part V Schooling.pdf,124,88,89,19 | 18 | 20,19,3,1,711,continues,"South Australia-Number of Females Recorded in each County or Division, at the Census of 3rd April, 1911, Classified according to Schooling and Age",,,False,True,True,1,,False,
1911_census_volume_ii_part_v_schooling,1911 Census - Volume II - Part V Schooling.pdf,data\raw\abs_1911_census\1911 Census - Volume II - Part V Schooling.pdf,124,89,90,19 | 18 | 20,19,3,1,712,ends,"South Australia-Number of Females Recorded in each County or Division, at the Census of 3rd April, 1911, Classified according to Schooling and Age",,,False,True,True,1,,False,
1911_census_volume_ii_part_v_schooling,1911 Census - Volume II - Part V Schooling.pdf,data\raw\abs_1911_census\1911 Census - Volume II - Part V Schooling.pdf,124,90,91,20 | 19 | 21,19 | 20,3,2,713,boundary_multiple_tables,"South Australia-Number of Females Recorded in each County or Division, at the Census of 3rd April, 1911, Classified according to Schooling and Age | South Australia-Number of Persons Recorded in each County or Division, at the Census of 3rd April, 1911, Classified according to Schooling and Age",,,True,True,True,1,,False,
1911_census_volume_ii_part_v_schooling,1911 Census - Volume II - Part V Schooling.pdf,data\raw\abs_1911_census\1911 Census - Volume II - Part V Schooling.pdf,124,91,92,20 | 19 | 21,20,3,1,714,continues,"South Australia-Number of Persons Recorded in each County or Division, at the Census of 3rd April, 1911, Classified according to Schooling and Age",,,False,True,True,1,,False,
1911_census_volume_ii_part_v_schooling,1911 Census - Volume II - Part V Schooling.pdf,data\raw\abs_1911_census\1911 Census - Volume II - Part V Schooling.pdf,124,92,93,20 | 19 | 21,20,3,1,715,continues,20.-SOUTH AUSTRALIA.-NUMBER OF PERSONS RECORDED IN EACH COUNTY OR DIVISION-cont.,,,False,True,True,1,,False,
1911_census_volume_ii_part_v_schooling,1911 Census - Volume II - Part V Schooling.pdf,data\raw\abs_1911_census\1911 Census - Volume II - Part V Schooling.pdf,124,93,94,20 | 19 | 21,20,3,1,716,continues,"South Australia-Number of Persons Recorded in each County or Division, at the Census of 3rd April, 1911, Classified according to Schooling and Age",,,False,True,True,1,,False,
1911_census_volume_ii_part_v_schooling,1911 Census - Volume II - Part V Schooling.pdf,data\raw\abs_1911_census\1911 Census - Volume II - Part V Schooling.pdf,124,94,95,20 | 19 | 21,20,3,1,717,continues,"South Australia-Number of Persons Recorded in each County or Division, at the Census of 3rd April, 1911, Classified according to Schooling and Age",,,False,True,True,1,,False,
1911_census_volume_ii_part_v_schooling,1911 Census - Volume II - Part V Schooling.pdf,data\raw\abs_1911_census\1911 Census - Volume II - Part V Schooling.pdf,124,95,96,21 | 20 | 22,21,3,1,718,continues,"21.-WESTERN AUSTRALIA.-NUMBER OF MALES RECORDED IN EACH STATISTICAL DISTRICT, at the Census of 3rd April, 1911, Classified according to Schooling and Age",,,False,True,True,1,,False,
1911_census_volume_ii_part_v_schooling,1911 Census - Volume II - Part V Schooling.pdf,data\raw\abs_1911_census\1911 Census - Volume II - Part V Schooling.pdf,124,96,97,21 | 20 | 22,21,3,1,719,ends,21.—WESTERN AUSTRALIA.—NUMBER OF MALES RECORDED IN EACH STATISTICAL DISTRICT.—cont.,,,False,False,True,1,,False,
1911_census_volume_ii_part_v_schooling,1911 Census - Volume II - Part V Schooling.pdf,data\raw\abs_1911_census\1911 Census - Volume II - Part V Schooling.pdf,124,97,98,22 | 21 | 23,21 | 22,3,2,720,boundary_multiple_tables,"21.—WESTERN AUSTRALIA.—NUMBER OF MALES RECORDED IN EACH STATISTICAL DISTRICT.—cont. | 22.—WESTERN AUSTRALIA.—NUMBER OF FEMALES RECORDED IN EACH STATISTICAL DISTRICT At the Census of 3rd April, 1911, Classified according to Schooling and Age",,,True,True,True,1,,False,
1911_census_volume_ii_part_v_schooling,1911 Census - Volume II - Part V Schooling.pdf,data\raw\abs_1911_census\1911 Census - Volume II - Part V Schooling.pdf,124,98,99,22 | 21 | 23,22,3,1,721,ends,22.—WESTERN AUSTRALIA.—NUMBER OF FEMALES RECORDED IN EACH STATISTICAL DISTRICT—cont.,,,False,False,True,1,,False,
1911_census_volume_ii_part_v_schooling,1911 Census - Volume II - Part V Schooling.pdf,data\raw\abs_1911_census\1911 Census - Volume II - Part V Schooling.pdf,124,99,100,22 | 21 | 23,22,3,1,722,continues,22.—WESTERN AUSTRALIA.—NUMBER OF FEMALES RECORDED IN EACH STATISTICAL DISTRICT—cont.,,,False,False,True,1,,False,
1911_census_volume_ii_part_v_schooling,1911 Census - Volume II - Part V Schooling.pdf,data\raw\abs_1911_census\1911 Census - Volume II - Part V Schooling.pdf,124,100,101,23 | 22 | 24,22 | 23,3,2,723,boundary_multiple_tables,"Western Australia-Number of Females Recorded in each Statistical District, at the Census of 3rd April, 1911, Classified according to Schooling and Age | Western Australia- Number of Persons Recorded in each Statistical District, at the Census of 3rd April, 1911, Classified according to Schooling and Age",,,True,True,True,1,,False,
1911_census_volume_ii_part_v_schooling,1911 Census - Volume II - Part V Schooling.pdf,data\raw\abs_1911_census\1911 Census - Volume II - Part V Schooling.pdf,124,101,102,23 | 22 | 24,23,3,1,724,ends,23.-WESTERN AUSTRALIA.-NUMBER OF PERSONS RECORDED IN EACH STATISTICAL DISTRICT.-cont.,,,False,False,True,1,,False,
1911_census_volume_ii_part_v_schooling,1911 Census - Volume II - Part V Schooling.pdf,data\raw\abs_1911_census\1911 Census - Volume II - Part V Schooling.pdf,124,102,103,23 | 22 | 24,23,3,1,725,continues,23.—WESTERN AUSTRALIA.—NUMBER OF PERSONS RECORDED IN EACH STATISTICAL DISTRICT—cont.,,,False,False,True,1,,False,
1911_census_volume_ii_part_v_schooling,1911 Census - Volume II - Part V Schooling.pdf,data\raw\abs_1911_census\1911 Census - Volume II - Part V Schooling.pdf,124,103,104,24 | 23 | 25,23 | 24,3,2,726,boundary_multiple_tables,"Western Australia- Number of Persons Recorded in each Statistical District, at the Census of 3rd April, 1911, Classified according to Schooling and Age | Tasmania-Number of Males Recorded in each Municipality, at the Census of 3rd April, 1911, Classified according to Schooling and Age",,,True,True,True,1,,False,
1911_census_volume_ii_part_v_schooling,1911 Census - Volume II - Part V Schooling.pdf,data\raw\abs_1911_census\1911 Census - Volume II - Part V Schooling.pdf,124,104,105,24 | 23 | 25,24,3,1,727,continues,24.-TASMANIA.-NUMBER OF MALES RECORDED IN EACH MUNICIPALITY-continued.,,,False,True,True,1,,False,
1911_census_volume_ii_part_v_schooling,1911 Census - Volume II - Part V Schooling.pdf,data\raw\abs_1911_census\1911 Census - Volume II - Part V Schooling.pdf,124,105,106,24 | 23 | 25,24,3,1,728,continues,"Tasmania-Number of Males Recorded in each Municipality, at the Census of 3rd April, 1911, Classified according to Schooling and Age",,,False,False,True,1,,False,
1911_census_volume_ii_part_v_schooling,1911 Census - Volume II - Part V Schooling.pdf,data\raw\abs_1911_census\1911 Census - Volume II - Part V Schooling.pdf,124,106,107,24 | 23 | 25,24,3,1,729,ends,24.-TASMANIA.-NUMBER OF MALES RECORDED IN EACH MUNICIPALITY-continued.,,,False,True,True,1,,False,
1911_census_volume_ii_part_v_schooling,1911 Census - Volume II - Part V Schooling.pdf,data\raw\abs_1911_census\1911 Census - Volume II - Part V Schooling.pdf,124,107,108,24 | 23 | 25,24,3,1,730,continues,24.-TASMANIA.-NUMBER OF MALES RECORDED IN EACH MUNICIPALITY--continued.,,,False,True,True,1,,False,
1911_census_volume_ii_part_v_schooling,1911 Census - Volume II - Part V Schooling.pdf,data\raw\abs_1911_census\1911 Census - Volume II - Part V Schooling.pdf,124,108,109,25 | 24 | 26,24 | 25,3,2,731,boundary_multiple_tables,"24.-TASMANIA.-NUMBER OF MALES RECORDED IN EACH MUNICIPALITY-continued. | 25.-TASMANIA.-NUMBER OF FEMALES RECORDED IN EACH MUNICIPALITY At the Census of 3rd April, 1911, Classified according to Schooling and Age (Exclusive of Full-blooded Aboriginals).",,,True,True,True,1,,False,
1911_census_volume_ii_part_v_schooling,1911 Census - Volume II - Part V Schooling.pdf,data\raw\abs_1911_census\1911 Census - Volume II - Part V Schooling.pdf,124,109,110,25 | 24 | 26,25,3,1,732,continues,25.-TASMANIA.-NUMBER OF FEMALES RECORDED IN EACH MUNICIPALITY-continued.,,,False,True,True,1,,False,
1911_census_volume_ii_part_v_schooling,1911 Census - Volume II - Part V Schooling.pdf,data\raw\abs_1911_census\1911 Census - Volume II - Part V Schooling.pdf,124,110,111,25 | 24 | 26,25,3,1,733,continues,25.-TASMANIA.-NUMBER OF FEMALES RECORDED IN EACH MUNICIPALITY-continued.,,,False,True,True,1,,False,
1911_census_volume_ii_part_v_schooling,1911 Census - Volume II - Part V Schooling.pdf,data\raw\abs_1911_census\1911 Census - Volume II - Part V Schooling.pdf,124,111,112,25 | 24 | 26,25,3,1,734,continues,25.-TASMANIA.-NUMBER OF FEMALES RECORDED IN EACH MUNICIPALITY-continued.,,,False,False,True,1,,False,
1911_census_volume_ii_part_v_schooling,1911 Census - Volume II - Part V Schooling.pdf,data\raw\abs_1911_census\1911 Census - Volume II - Part V Schooling.pdf,124,112,113,25 | 24 | 26,25,3,1,735,ends,25.-TASMANIA.-NUMBER OF FEMALES RECORDED IN EACH MUNICIPALITY-continued.,,,False,True,True,1,,False,
1911_census_volume_ii_part_v_schooling,1911 Census - Volume II - Part V Schooling.pdf,data\raw\abs_1911_census\1911 Census - Volume II - Part V Schooling.pdf,124,113,114,26 | 25 | 27,25 | 26,3,2,736,boundary_multiple_tables,25.-TASMANIA.-NUMBER OF FEMALES RECORDED IN EACH MUNICIPALITY-continued. | 26.-TASMANIA.-NUMBER OF PERSONS RECORDED IN EACH MUNICIPALITY,,,True,True,True,1,,False,
1911_census_volume_ii_part_v_schooling,1911 Census - Volume II - Part V Schooling.pdf,data\raw\abs_1911_census\1911 Census - Volume II - Part V Schooling.pdf,124,114,115,26 | 25 | 27,26,3,1,737,continues,26.-TASMANIA.-NUMBER OF PERSONS RECORDED IN EACH MUNICIPALITY-continued.,,,False,True,True,1,,False,
1911_census_volume_ii_part_v_schooling,1911 Census - Volume II - Part V Schooling.pdf,data\raw\abs_1911_census\1911 Census - Volume II - Part V Schooling.pdf,124,115,116,26 | 25 | 27,26,3,1,738,continues,26.-TASMANIA.-NUMBER OF PERSONS RECORDED IN EACH MUNICIPALITY-continued.,,,False,True,True,1,,False,
1911_census_volume_ii_part_v_schooling,1911 Census - Volume II - Part V Schooling.pdf,data\raw\abs_1911_census\1911 Census - Volume II - Part V Schooling.pdf,124,116,117,26 | 25 | 27,26,3,1,739,continues,26.-TASMANIA.-NUMBER OF PERSONS RECORDED IN EACH MUNICIPALITY-continued.,,,False,True,True,1,,False,
1911_census_volume_ii_part_v_schooling,1911 Census - Volume II - Part V Schooling.pdf,data\raw\abs_1911_census\1911 Census - Volume II - Part V Schooling.pdf,124,117,118,26 | 25 | 27,26,3,1,740,continues,26.-TASMANIA.-NUMBER OF PERSONS RECORDED IN EACH MUNICIPALITY-continued.,,,False,True,True,1,,False,
1911_census_volume_ii_part_v_schooling,1911 Census - Volume II - Part V Schooling.pdf,data\raw\abs_1911_census\1911 Census - Volume II - Part V Schooling.pdf,124,118,119,27 | 26 | 28,26 | 27,3,2,741,boundary_multiple_tables,"26. - TASMANIA. - NUMBER OF PERSONS RECORDED IN EACH MUNICIPALITY -- continued. | 27. - NORTHERN TERRITORY. - NUMBER OF MALES RECORDED IN EACH COUNTY At the Census of 3rd April, 1911, Classified according to Schooling and Age",,,True,True,True,1,,False,
1911_census_volume_ii_part_v_schooling,1911 Census - Volume II - Part V Schooling.pdf,data\raw\abs_1911_census\1911 Census - Volume II - Part V Schooling.pdf,124,119,120,28 | 27 | 29 | 30,28 | 29,4,2,742,boundary_multiple_tables,"Northern Territory-Number of Females Recorded in each County, at the Census of 3rd April, 1911, Classified according to Schooling and Age | Northern Territory-Number of Persons Recorded in each County, at the Census of 3rd April, 1911, Classified according to Schooling and Age",,,True,True,True,1,,False,
1911_census_volume_ii_part_v_schooling,1911 Census - Volume II - Part V Schooling.pdf,data\raw\abs_1911_census\1911 Census - Volume II - Part V Schooling.pdf,124,120,121,30 | 29 | 31,30,3,1,743,complete_on_page,"30.-FEDERAL CAPITAL TERRITORY.-NUMBER OF PERSONS RECORDED IN EACH DIVISION At the Census of 3rd April, 1911, Classified according to Schooling, Age and Sex",,,False,True,True,1,,False,
1911_census_volume_ii_part_v_schooling,1911 Census - Volume II - Part V Schooling.pdf,data\raw\abs_1911_census\1911 Census - Volume II - Part V Schooling.pdf,124,121,122,31 | 30 | 32,31,3,1,744,complete_on_page,31.—NUMBER OF ABORIGINAL MALES RECORDED IN EACH STATE AND TERRITORY OF THE COMMONWEALTH,,,False,True,True,1,,False,
1911_census_volume_ii_part_v_schooling,1911 Census - Volume II - Part V Schooling.pdf,data\raw\abs_1911_census\1911 Census - Volume II - Part V Schooling.pdf,124,122,123,32 | 31 | 33,32,3,1,745,complete_on_page,"32.—NUMBER OF ABORIGINAL FEMALES RECORDED IN EACH STATE AND TERRITORY OF THE COMMONWEALTH, At the Census of 3rd April, 1911, Classified according to Schooling and Age.",,,False,True,True,1,,False,
1911_census_volume_ii_part_v_schooling,1911 Census - Volume II - Part V Schooling.pdf,data\raw\abs_1911_census\1911 Census - Volume II - Part V Schooling.pdf,124,123,124,33 | 32,33,2,1,746,complete_on_page,"Number of Aboriginal Persons Recorded in each State and Territory of the Commonwealth, at the Census of 3rd April, 1911, Classified according to Schooling and Age",,,False,True,True,1,,False,
1911_census_volume_ii_part_vi_religions,1911 Census - Volume II - Part VI Religions.pdf,data\raw\abs_1911_census\1911 Census - Volume II - Part VI Religions.pdf,119,4,5,1 | 2,1,2,1,751,starts,"1.—MALE POPULATION OF THE STATES AND TERRITORIES OF THE COMMONWEALTH, at the Census of 3rd April, 1911, Classified according to Religion",,I.—CHRISTIAN,False,True,True,1,,False,
1911_census_volume_ii_part_vi_religions,1911 Census - Volume II - Part VI Religions.pdf,data\raw\abs_1911_census\1911 Census - Volume II - Part VI Religions.pdf,119,5,6,1 | 2,1,2,1,752,continues,"Male Population of the States and Territories of the Commonwealth, at the Census of 3rd April, 1911, Classified according to Religion",,,False,True,True,1,,False,
1911_census_volume_ii_part_vi_religions,1911 Census - Volume II - Part VI Religions.pdf,data\raw\abs_1911_census\1911 Census - Volume II - Part VI Religions.pdf,119,6,7,1 | 2,1,2,1,753,continues,"Male Population of the States and Territories of the Commonwealth, at the Census of 3rd April, 1911, Classified according to Religion",,,False,False,True,1,,False,
1911_census_volume_ii_part_vi_religions,1911 Census - Volume II - Part VI Religions.pdf,data\raw\abs_1911_census\1911 Census - Volume II - Part VI Religions.pdf,119,7,8,1 | 2,1,2,1,754,continues,"Male Population of the States and Territories of the Commonwealth, at the Census of 3rd April, 1911, Classified according to Religion",15.—OTHERS (Christian)—continued,,False,False,True,1,,False,
1911_census_volume_ii_part_vi_religions,1911 Census - Volume II - Part VI Religions.pdf,data\raw\abs_1911_census\1911 Census - Volume II - Part VI Religions.pdf,119,8,9,1 | 2,1,2,1,755,continues,"Male Population of the States and Territories of the Commonwealth, at the Census of 3rd April, 1911, Classified according to Religion",,1.-MALE POPULATION OF THE STATES AND TERRITORIES OF THE COMMONWEALTH-continued,False,False,True,1,,False,
1911_census_volume_ii_part_vi_religions,1911 Census - Volume II - Part VI Religions.pdf,data\raw\abs_1911_census\1911 Census - Volume II - Part VI Religions.pdf,119,9,10,1 | 2,1,2,1,756,continues,1.—MALE POPULATION OF THE STATES AND TERRITORIES OF THE COMMONWEALTH—continued.,,,False,False,True,1,,False,
1911_census_volume_ii_part_vi_religions,1911 Census - Volume II - Part VI Religions.pdf,data\raw\abs_1911_census\1911 Census - Volume II - Part VI Religions.pdf,119,10,11,1 | 2,1,2,1,757,ends,1.—MALE POPULATION OF THE STATES AND TERRITORIES OF THE COMMONWEALTH—continued.,,,False,False,True,1,,False,
1911_census_volume_ii_part_vi_religions,1911 Census - Volume II - Part VI Religions.pdf,data\raw\abs_1911_census\1911 Census - Volume II - Part VI Religions.pdf,119,11,12,2 | 1 | 3,2,3,1,758,continues,"Female Population of the States and Territories of the Commonwealth, at the Census of 3rd April, 1911, Classified according to Religion",,,False,True,True,1,,False,
1911_census_volume_ii_part_vi_religions,1911 Census - Volume II - Part VI Religions.pdf,data\raw\abs_1911_census\1911 Census - Volume II - Part VI Religions.pdf,119,12,13,2 | 1 | 3,2,3,1,759,continues,"Female Population of the States and Territories of the Commonwealth, at the Census of 3rd April, 1911, Classified according to Religion",,,False,True,True,1,,False,
1911_census_volume_ii_part_vi_religions,1911 Census - Volume II - Part VI Religions.pdf,data\raw\abs_1911_census\1911 Census - Volume II - Part VI Religions.pdf,119,13,14,2 | 1 | 3,2,3,1,730,continues,2.—FEMALE POPULATION OF THE STATES AND TERRITORIES OF THE COMMONWEALTH—continued,,,False,True,True,1,,False,
1911_census_volume_ii_part_vi_religions,1911 Census - Volume II - Part VI Religions.pdf,data\raw\abs_1911_census\1911 Census - Volume II - Part VI Religions.pdf,119,14,15,2 | 1 | 3,2,3,1,761,continues,2.—FEMALE POPULATION OF THE STATES AND TERRITORIES OF THE COMMONWEALTH—continued,15.—OTHERS (Christian)—continued,,False,False,True,1,,False,
1911_census_volume_ii_part_vi_religions,1911 Census - Volume II - Part VI Religions.pdf,data\raw\abs_1911_census\1911 Census - Volume II - Part VI Religions.pdf,119,15,16,2 | 1 | 3,2,3,1,762,continues,"Female Population of the States and Territories of the Commonwealth, at the Census of 3rd April, 1911, Classified according to Religion",,15.-OTHERS (Christian)-continued,False,False,True,1,,False,
1911_census_volume_ii_part_vi_religions,1911 Census - Volume II - Part VI Religions.pdf,data\raw\abs_1911_census\1911 Census - Volume II - Part VI Religions.pdf,119,16,17,2 | 1 | 3,2,3,1,763,continues,2.—FEMALE POPULATION OF THE STATES AND TERRITORIES OF THE COMMONWEALTH—continued,,III.—INDEFINITE,False,True,True,1,,False,
1911_census_volume_ii_part_vi_religions,1911 Census - Volume II - Part VI Religions.pdf,data\raw\abs_1911_census\1911 Census - Volume II - Part VI Religions.pdf,119,17,18,3 | 2 | 4,2 | 3,3,2,764,boundary_multiple_tables,"2.—FEMALE POPULATION OF THE STATES AND TERRITORIES OF THE COMMONWEALTH—continued | 3.—TOTAL POPULATION OF THE STATES AND TERRITORIES OF THE COMMONWEALTH At the Census of 3rd April, 1911, Classified according to Religion",,,True,True,True,1,,False,
1911_census_volume_ii_part_vi_religions,1911 Census - Volume II - Part VI Religions.pdf,data\raw\abs_1911_census\1911 Census - Volume II - Part VI Religions.pdf,119,18,19,3 | 2 | 4,3,3,1,765,continues,"Total Population of the States and Territories of the Commonwealth, at the Census of 3rd April, 1911, Classified according to Religion",,3.-METHODIST,False,True,True,1,,False,
1911_census_volume_ii_part_vi_religions,1911 Census - Volume II - Part VI Religions.pdf,data\raw\abs_1911_census\1911 Census - Volume II - Part VI Religions.pdf,119,19,20,3 | 2 | 4,3,3,1,766,continues,"Total Population of the States and Territories of the Commonwealth, at the Census of 3rd April, 1911, Classified according to Religion",,,False,True,True,1,,False,
1911_census_volume_ii_part_vi_religions,1911 Census - Volume II - Part VI Religions.pdf,data\raw\abs_1911_census\1911 Census - Volume II - Part VI Religions.pdf,119,20,21,3 | 2 | 4,3,3,1,767,continues,3.—TOTAL POPULATION OF THE STATES AND TERRITORIES OF THE COMMONWEALTH—continued.,,13. Greek Catholic to 15. Others (Christian),False,True,True,1,,False,
1911_census_volume_ii_part_vi_religions,1911 Census - Volume II - Part VI Religions.pdf,data\raw\abs_1911_census\1911 Census - Volume II - Part VI Religions.pdf,119,21,22,3 | 2 | 4,3,3,1,768,continues,3.—TOTAL POPULATION OF THE STATES AND TERRITORIES OF THE COMMONWEALTH—continued.,,,False,True,True,1,,False,
1911_census_volume_ii_part_vi_religions,1911 Census - Volume II - Part VI Religions.pdf,data\raw\abs_1911_census\1911 Census - Volume II - Part VI Religions.pdf,119,22,23,3 | 2 | 4,3,3,1,769,continues,"Total Population of the States and Territories of the Commonwealth, at the Census of 3rd April, 1911, Classified according to Religion",,,False,False,True,1,,False,
1911_census_volume_ii_part_vi_religions,1911 Census - Volume II - Part VI Religions.pdf,data\raw\abs_1911_census\1911 Census - Volume II - Part VI Religions.pdf,119,23,24,3 | 2 | 4,3,3,1,770,ends,3.—TOTAL POPULATION OF THE STATES AND TERRITORIES OF THE COMMONWEALTH—continued,,,False,False,True,1,,False,
1911_census_volume_ii_part_vi_religions,1911 Census - Volume II - Part VI Religions.pdf,data\raw\abs_1911_census\1911 Census - Volume II - Part VI Religions.pdf,119,24,25,4 | 3 | 5,4,3,1,771,complete_on_page,"4. POPULATION OF THE COMMONWEALTH, at the Censuses of 1891, 1901, and 1911, Classified according to Religion and Sex",,,False,True,True,1,,False,
1911_census_volume_ii_part_vi_religions,1911 Census - Volume II - Part VI Religions.pdf,data\raw\abs_1911_census\1911 Census - Volume II - Part VI Religions.pdf,119,25,26,5 | 4 | 6,5,3,1,772,ends,"5.—MALE POPULATION OF THE COMMONWEALTH, AT THE CENSUS OF 3RD APRIL, 1911, CLASSIFIED ACCORDING TO RELIGION, AGE, EDUCATION AND CONJUGAL CONDITION",,,False,True,True,1,,False,
1911_census_volume_ii_part_vi_religions,1911 Census - Volume II - Part VI Religions.pdf,data\raw\abs_1911_census\1911 Census - Volume II - Part VI Religions.pdf,119,26,27,5 | 4 | 6,5,3,1,773,ends,"Male Population of the Commonwealth, at the Census of 3rd April, 1911, Classified according to Religion Age, Education and Conjugal Condition",,,False,False,True,1,,False,
1911_census_volume_ii_part_vi_religions,1911 Census - Volume II - Part VI Religions.pdf,data\raw\abs_1911_census\1911 Census - Volume II - Part VI Religions.pdf,119,27,28,6 | 5 | 7,6,3,1,774,ends,6.—FEMALE POPULATION OF,,,False,True,True,1,,False,
1911_census_volume_ii_part_vi_religions,1911 Census - Volume II - Part VI Religions.pdf,data\raw\abs_1911_census\1911 Census - Volume II - Part VI Religions.pdf,119,28,29,6 | 5 | 7,6,3,1,775,ends,"Female Population of the Commonwealth, at the Census of 3rd April, 1911, Classified according to Religion, Age, Education, and Conjugal Condition",,THE COMMONWEALTH,False,True,True,1,,False,
1911_census_volume_ii_part_vi_religions,1911 Census - Volume II - Part VI Religions.pdf,data\raw\abs_1911_census\1911 Census - Volume II - Part VI Religions.pdf,119,29,30,7 | 6 | 8,7,3,1,776,continues,"7. TOTAL POPULATION OF THE COMMONWEALTH, AT THE CENSUS OF 3RD APRIL, 1911, CLASSIFIED ACCORDING TO RELIGION, AGE, EDUCATION, AND CONJUGAL CONDITION",,,False,True,True,1,,False,
1911_census_volume_ii_part_vi_religions,1911 Census - Volume II - Part VI Religions.pdf,data\raw\abs_1911_census\1911 Census - Volume II - Part VI Religions.pdf,119,30,31,7 | 6 | 8,8,3,1,777,starts,"Male Population of the State of New South Wales, at the Census of 3rd April, 1911, Classified according to Religion, Age, Education, and Conjugal Condition",,,False,True,True,1,,False,
1911_census_volume_ii_part_vi_religions,1911 Census - Volume II - Part VI Religions.pdf,data\raw\abs_1911_census\1911 Census - Volume II - Part VI Religions.pdf,119,31,32,8 | 7 | 9,8,3,1,778,continues,8.—MALE POPULATION OF THE,,,False,True,True,1,,False,
1911_census_volume_ii_part_vi_religions,1911 Census - Volume II - Part VI Religions.pdf,data\raw\abs_1911_census\1911 Census - Volume II - Part VI Religions.pdf,119,32,33,8 | 7 | 9,9,3,1,779,starts,"Female Population of the State of New South Wales, at the Census of 3rd April, 1911, Classified according to Religion, Age, Education, and Conjugal Condition",,STATE OF NEW SOUTH WALES,False,True,True,1,,False,
1911_census_volume_ii_part_vi_religions,1911 Census - Volume II - Part VI Religions.pdf,data\raw\abs_1911_census\1911 Census - Volume II - Part VI Religions.pdf,119,33,34,9 | 8 | 10,9,3,1,780,ends,"9.—FEMALE POPULATION OF THE State of New South Wales, at the Census of 3rd April, 1911, Classified according to Religion, Age, Education, and Conjugal Condition",,,False,True,True,1,,False,
1911_census_volume_ii_part_vi_religions,1911 Census - Volume II - Part VI Religions.pdf,data\raw\abs_1911_census\1911 Census - Volume II - Part VI Religions.pdf,119,34,35,9 | 8 | 10,9,3,1,781,ends,"Female Population of the State of New South Wales, at the Census of 3rd April, 1911, Classified according to Religion, Age, Education, and Conjugal Condition",,STATE OF NEW SOUTH WALES,False,True,True,1,,False,
1911_census_volume_ii_part_vi_religions,1911 Census - Volume II - Part VI Religions.pdf,data\raw\abs_1911_census\1911 Census - Volume II - Part VI Religions.pdf,119,35,36,10 | 9 | 11,10,3,1,782,complete_on_page,"Total Population of the State of New South Wales, at the Census of 3rd April, 1911, Classified according to Religion, Age, Education, and Conjugal Condition",,,False,True,True,1,,False,
1911_census_volume_ii_part_vi_religions,1911 Census - Volume II - Part VI Religions.pdf,data\raw\abs_1911_census\1911 Census - Volume II - Part VI Religions.pdf,119,36,37,10 | 9 | 11,10,3,1,783,ends,"Total Population of the State of New South Wales, at the Census of 3rd April, 1911, Classified according to Religion, Age, Education, and Conjugal Condition",,STATE OF NEW SOUTH WALES,False,True,True,1,,False,
1911_census_volume_ii_part_vi_religions,1911 Census - Volume II - Part VI Religions.pdf,data\raw\abs_1911_census\1911 Census - Volume II - Part VI Religions.pdf,119,37,38,11 | 10 | 12,11,3,1,784,ends,"11. MALE POPULATION OF THE STATE OF VICTORIA, AT THE CENSUS OF 3RD APRIL, 1911, CLASSIFIED ACCORDING TO RELIGION, AGE, EDUCATION, AND CONJUGAL CONDITION",,,False,True,True,1,,False,
1911_census_volume_ii_part_vi_religions,1911 Census - Volume II - Part VI Religions.pdf,data\raw\abs_1911_census\1911 Census - Volume II - Part VI Religions.pdf,119,38,39,11 | 10 | 12,12,3,1,785,starts,"Female Population of the State of Victoria, at the Census of 3rd April, 1911, Classified according to Religion, Age, Education, and Conjugal Condition",,THE STATE OF VICTORIA,False,True,True,1,,False,
1911_census_volume_ii_part_vi_religions,1911 Census - Volume II - Part VI Religions.pdf,data\raw\abs_1911_census\1911 Census - Volume II - Part VI Religions.pdf,119,39,40,12 | 11 | 13,12,3,1,786,ends,"Female Population of the State of Victoria, at the Census of 3rd April, 1911, Classified according to Religion, Age, Education, and Conjugal Condition",,,False,True,True,1,,False,
1911_census_volume_ii_part_vi_religions,1911 Census - Volume II - Part VI Religions.pdf,data\raw\abs_1911_census\1911 Census - Volume II - Part VI Religions.pdf,119,40,41,12 | 11 | 13,13,3,1,787,starts,"Total Population of the State of Victoria, at the Census of 3rd April, 1911, Classified according to Religion, Age, Education, and Conjugal Condition",,THE STATE OF VICTORIA,False,True,True,1,,False,
1911_census_volume_ii_part_vi_religions,1911 Census - Volume II - Part VI Religions.pdf,data\raw\abs_1911_census\1911 Census - Volume II - Part VI Religions.pdf,119,41,42,13 | 12 | 14,13,3,1,788,ends,"Total Population of the State of Victoria, at the Census of 3rd April, 1911, Classified according to Religion, Age, Education, and Conjugal Condition",,,False,True,True,1,,False,
1911_census_volume_ii_part_vi_religions,1911 Census - Volume II - Part VI Religions.pdf,data\raw\abs_1911_census\1911 Census - Volume II - Part VI Religions.pdf,119,42,43,13 | 12 | 14,13,3,1,789,ends,"Total Population of the State of Victoria, at the Census of 3rd April, 1911, Classified according to Religion, Age, Education, and Conjugal Condition",,,False,False,True,1,,False,
1911_census_volume_ii_part_vi_religions,1911 Census - Volume II - Part VI Religions.pdf,data\raw\abs_1911_census\1911 Census - Volume II - Part VI Religions.pdf,119,43,44,14 | 13 | 15,14,3,1,790,ends,14. MALE POPULATION OF,,,False,True,True,1,,False,
1911_census_volume_ii_part_vi_religions,1911 Census - Volume II - Part VI Religions.pdf,data\raw\abs_1911_census\1911 Census - Volume II - Part VI Religions.pdf,119,44,45,14 | 13 | 15,15,3,1,791,starts,"Female Population of the State of Queensland, at the Census of 3rd April, 1911, Classified according to Religion, Age, Education, and Conjugal Condition",,,False,True,True,1,,False,
1911_census_volume_ii_part_vi_religions,1911 Census - Volume II - Part VI Religions.pdf,data\raw\abs_1911_census\1911 Census - Volume II - Part VI Religions.pdf,119,45,46,15 | 14 | 16,15,3,1,792,ends,15.—FEMALE POPULATION OF,,,False,True,True,1,,False,
1911_census_volume_ii_part_vi_religions,1911 Census - Volume II - Part VI Religions.pdf,data\raw\abs_1911_census\1911 Census - Volume II - Part VI Religions.pdf,119,46,47,15 | 14 | 16,15,3,1,793,ends,"Female Population of the State of Queensland, at the Census of 3rd April, 1911, Classified according to Religion, Age, Education, and Conjugal Condition",,THE STATE OF QUEENSLAND,False,False,True,1,,False,
1911_census_volume_ii_part_vi_religions,1911 Census - Volume II - Part VI Religions.pdf,data\raw\abs_1911_census\1911 Census - Volume II - Part VI Religions.pdf,119,47,48,16 | 15 | 17,16,3,1,794,ends,"16.—TOTAL POPULATION OF THE STATE OF QUEENSLAND, AT THE CENSUS OF 3RD APRIL, 1911, CLASSIFIED ACCORDING TO RELIGION, AGE, EDUCATION, AND CONJUGAL CONDITION",,,False,True,True,1,,False,
1911_census_volume_ii_part_vi_religions,1911 Census - Volume II - Part VI Religions.pdf,data\raw\abs_1911_census\1911 Census - Volume II - Part VI Religions.pdf,119,48,49,16 | 15 | 17,16,3,1,795,ends,"Total Population of the State of Queensland, at the Census of 3rd April, 1911, Classified according to Religion, Age, Education, and Conjugal Condition",,,False,False,True,1,,False,
1911_census_volume_ii_part_vi_religions,1911 Census - Volume II - Part VI Religions.pdf,data\raw\abs_1911_census\1911 Census - Volume II - Part VI Religions.pdf,119,49,50,17 | 16 | 18,17,3,1,796,starts,"17.—MALE POPULATION OF THE At the Census of 3rd April, 1911, Classified (Exclusive of Full-",,,False,True,True,1,,False,
1911_census_volume_ii_part_vi_religions,1911 Census - Volume II - Part VI Religions.pdf,data\raw\abs_1911_census\1911 Census - Volume II - Part VI Religions.pdf,119,50,51,17 | 16 | 18,18,3,1,797,starts,"Female Population of the State of South Australia, at the Census of 3rd April, 1911, Classified according to Religion, Age, Education, and Conjugal Condition",,STATE OF SOUTH AUSTRALIA,False,True,True,1,,False,
1911_census_volume_ii_part_vi_religions,1911 Census - Volume II - Part VI Religions.pdf,data\raw\abs_1911_census\1911 Census - Volume II - Part VI Religions.pdf,119,51,52,18 | 17 | 19,18,3,1,798,continues,18. FEMALE POPULATION OF THE,,,False,True,True,1,,False,
1911_census_volume_ii_part_vi_religions,1911 Census - Volume II - Part VI Religions.pdf,data\raw\abs_1911_census\1911 Census - Volume II - Part VI Religions.pdf,119,52,53,18 | 17 | 19,19,3,1,799,starts,"Total Population of the State of South Australia, at the Census of 3rd April, 1911, Classified according to Religion, Age, Education, and Conjugal Condition",,STATE OF SOUTH AUSTRALIA,False,True,True,1,,False,
1911_census_volume_ii_part_vi_religions,1911 Census - Volume II - Part VI Religions.pdf,data\raw\abs_1911_census\1911 Census - Volume II - Part VI Religions.pdf,119,53,54,19 | 18 | 20,19,3,1,800,ends,"19.—TOTAL POPULATION OF THE STATE OF SOUTH AUSTRALIA, AT THE CENSUS OF 3RD APRIL, 1911, CLASSIFIED ACCORDING TO RELIGION, AGE, EDUCATION, AND CONJUGAL CONDITION",,,False,True,True,1,,False,
1911_census_volume_ii_part_vi_religions,1911 Census - Volume II - Part VI Religions.pdf,data\raw\abs_1911_census\1911 Census - Volume II - Part VI Religions.pdf,119,54,55,19 | 18 | 20,19,3,1,801,ends,"Total Population of the State of South Australia, at the Census of 3rd April, 1911, Classified according to Religion, Age, Education, and Conjugal Condition",,STATE OF SOUTH AUSTRALIA,False,False,True,1,,False,
1911_census_volume_ii_part_vi_religions,1911 Census - Volume II - Part VI Religions.pdf,data\raw\abs_1911_census\1911 Census - Volume II - Part VI Religions.pdf,119,55,56,20 | 19 | 21,20,3,1,802,continues,"20. MALE POPULATION OF THE STATE OF WESTERN AUSTRALIA, AT THE CENSUS OF 3RD APRIL, 1911, CLASSIFIED ACCORDING TO RELIGION, AGE, EDUCATION, AND CONJUGAL CONDITION",,,False,True,True,1,,False,
1911_census_volume_ii_part_vi_religions,1911 Census - Volume II - Part VI Religions.pdf,data\raw\abs_1911_census\1911 Census - Volume II - Part VI Religions.pdf,119,56,57,20 | 19 | 21,20,3,1,803,ends,"Male Population of the State of Western Australia, at the Census of 3rd April, 1911, Classified according to Religion, Age, Education, and Conjugal Condition",,STATE OF WESTERN AUSTRALIA,False,False,True,1,,False,
1911_census_volume_ii_part_vi_religions,1911 Census - Volume II - Part VI Religions.pdf,data\raw\abs_1911_census\1911 Census - Volume II - Part VI Religions.pdf,119,57,58,21 | 20 | 22,21,3,1,804,ends,"21.—FEMALE POPULATION OF THE At the Census of 3rd April, 1911, Classified (Exclusive of Full-",,,False,True,True,1,,False,
1911_census_volume_ii_part_vi_religions,1911 Census - Volume II - Part VI Religions.pdf,data\raw\abs_1911_census\1911 Census - Volume II - Part VI Religions.pdf,119,58,59,21 | 20 | 22,22,3,1,805,starts,"Total Population of the State of Western Australia, at the Census of 3rd April, 1911, Classified according to Religion, Age, Education, and Conjugal Condition",,STATE OF WESTERN AUSTRALIA,False,True,True,1,,False,
1911_census_volume_ii_part_vi_religions,1911 Census - Volume II - Part VI Religions.pdf,data\raw\abs_1911_census\1911 Census - Volume II - Part VI Religions.pdf,119,59,60,22 | 21 | 23,22,3,1,806,ends,"Total Population of the State of Western Australia, at the Census of 3rd April, 1911, Classified according to Religion, Age, Education, and Conjugal Condition",,,False,True,True,1,,False,
1911_census_volume_ii_part_vi_religions,1911 Census - Volume II - Part VI Religions.pdf,data\raw\abs_1911_census\1911 Census - Volume II - Part VI Religions.pdf,119,60,61,22 | 21 | 23,22,3,1,807,ends,"Total Population of the State of Western Australia, at the Census of 3rd April, 1911, Classified according to Religion, Age, Education, and Conjugal Condition",,STATE OF WESTERN AUSTRALIA,False,False,True,1,,False,
1911_census_volume_ii_part_vi_religions,1911 Census - Volume II - Part VI Religions.pdf,data\raw\abs_1911_census\1911 Census - Volume II - Part VI Religions.pdf,119,61,62,23 | 22 | 24,23,3,1,808,continues,"23.—MALE POPULATION OF THE STATE OF TASMANIA, AT THE CENSUS OF 3RD APRIL, 1911, CLASSIFIED ACCORDING TO RELIGION, AGE, EDUCATION, AND CONJUGAL CONDITION",,,False,True,True,1,,False,
1911_census_volume_ii_part_vi_religions,1911 Census - Volume II - Part VI Religions.pdf,data\raw\abs_1911_census\1911 Census - Volume II - Part VI Religions.pdf,119,62,63,23 | 22 | 24,24,3,1,809,starts,"Female Population of the State of Tasmania, at the Census of 3rd April, 1911, Classified according to Religion, Age, Education, and Conjugal Condition",,THE STATE OF TASMANIA,False,True,True,1,,False,
1911_census_volume_ii_part_vi_religions,1911 Census - Volume II - Part VI Religions.pdf,data\raw\abs_1911_census\1911 Census - Volume II - Part VI Religions.pdf,119,63,64,24 | 23 | 25,24,3,1,810,complete_on_page,"Female Population of the State of Tasmania, at the Census of 3rd April, 1911, Classified according to Religion, Age, Education, and Conjugal Condition",,,False,True,True,1,,False,
1911_census_volume_ii_part_vi_religions,1911 Census - Volume II - Part VI Religions.pdf,data\raw\abs_1911_census\1911 Census - Volume II - Part VI Religions.pdf,119,64,65,24 | 23 | 25,25,3,1,811,starts,"Total Population of the State of Tasmania, at the Census of 3rd April, 1911, Classified according to Religion, Age, Education, and Conjugal Condition",,THE STATE OF TASMANIA,False,True,True,1,,False,
1911_census_volume_ii_part_vi_religions,1911 Census - Volume II - Part VI Religions.pdf,data\raw\abs_1911_census\1911 Census - Volume II - Part VI Religions.pdf,119,65,66,25 | 24 | 26,25,3,1,812,ends,"25.—TOTAL POPULATION OF THE STATE OF TASMANIA, AT THE CENSUS OF 3RD APRIL, 1911, CLASSIFIED ACCORDING TO RELIGION, AGE, EDUCATION, AND CONJUGAL CONDITION",,,False,True,True,1,,False,
1911_census_volume_ii_part_vi_religions,1911 Census - Volume II - Part VI Religions.pdf,data\raw\abs_1911_census\1911 Census - Volume II - Part VI Religions.pdf,119,66,67,25 | 24 | 26,25,3,1,813,ends,"Total Population of the State of Tasmania, at the Census of 3rd April, 1911, Classified according to Religion, Age, Education, and Conjugal Condition",,THE STATE OF TASMANIA,False,False,True,1,,False,
1911_census_volume_ii_part_vi_religions,1911 Census - Volume II - Part VI Religions.pdf,data\raw\abs_1911_census\1911 Census - Volume II - Part VI Religions.pdf,119,67,68,26 | 25 | 27,26,3,1,814,continues,"26.—MALE POPULATION OF THE NORTHERN TERRITORY, AT THE CENSUS OF 3RD APRIL, 1911, CLASSIFIED ACCORDING TO RELIGION, AGE, EDUCATION, AND CONJUGAL CONDITION",,,False,True,True,1,,False,
1911_census_volume_ii_part_vi_religions,1911 Census - Volume II - Part VI Religions.pdf,data\raw\abs_1911_census\1911 Census - Volume II - Part VI Religions.pdf,119,68,69,26 | 25 | 27,27,3,1,815,starts,"Female Population of the Northern Territory, at the Census of 3rd April, 1911, Classified according to Religion, Age, Education, and Conjugal Condition",,THE NORTHERN TERRITORY,False,True,True,1,,False,
1911_census_volume_ii_part_vi_religions,1911 Census - Volume II - Part VI Religions.pdf,data\raw\abs_1911_census\1911 Census - Volume II - Part VI Religions.pdf,119,69,70,27 | 26 | 28,27,3,1,816,complete_on_page,"27.—FEMALE POPULATION OF THE NORTHERN TERRITORY, AT THE CENSUS OF 3RD APRIL, 1911, CLASSIFIED ACCORDING TO RELIGION, AGE, EDUCATION, AND CONJUGAL CONDITION",,,False,True,True,1,,False,
1911_census_volume_ii_part_vi_religions,1911 Census - Volume II - Part VI Religions.pdf,data\raw\abs_1911_census\1911 Census - Volume II - Part VI Religions.pdf,119,70,71,27 | 26 | 28,27,3,1,817,ends,"Female Population of the Northern Territory, at the Census of 3rd April, 1911, Classified according to Religion, Age, Education, and Conjugal Condition",,THE NORTHERN TERRITORY,False,False,True,1,,False,
1911_census_volume_ii_part_vi_religions,1911 Census - Volume II - Part VI Religions.pdf,data\raw\abs_1911_census\1911 Census - Volume II - Part VI Religions.pdf,119,71,72,28 | 27 | 29,28,3,1,818,complete_on_page,"28.—TOTAL POPULATION OF THE NORTHERN TERRITORY, AT THE CENSUS OF 3RD APRIL, 1911, CLASSIFIED ACCORDING TO RELIGION, AGE, EDUCATION, AND CONJUGAL CONDITION",,,False,True,True,1,,False,
1911_census_volume_ii_part_vi_religions,1911 Census - Volume II - Part VI Religions.pdf,data\raw\abs_1911_census\1911 Census - Volume II - Part VI Religions.pdf,119,72,73,28 | 27 | 29,28,3,1,819,ends,"Total Population of the Northern Territory, at the Census of 3rd April, 1911, Classified according to Religion, Age, Education, and Conjugal Condition",,THE NORTHERN TERRITORY,False,True,True,1,,False,
1911_census_volume_ii_part_vi_religions,1911 Census - Volume II - Part VI Religions.pdf,data\raw\abs_1911_census\1911 Census - Volume II - Part VI Religions.pdf,119,73,74,29 | 28 | 30,29,3,1,820,complete_on_page,"29.—MALE POPULATION OF THE FEDERAL CAPITAL TERRITORY, AT THE CENSUS OF 3RD APRIL, 1911, CLASSIFIED ACCORDING TO RELIGION, AGE, EDUCATION, AND CONJUGAL CONDITION",,,False,True,True,1,,False,
1911_census_volume_ii_part_vi_religions,1911 Census - Volume II - Part VI Religions.pdf,data\raw\abs_1911_census\1911 Census - Volume II - Part VI Religions.pdf,119,74,75,29 | 28 | 30,30,3,1,821,starts,"Female Population of the Federal Capital Territory, at the Census of 3rd April, 1911, Classified according to Religion, Age, Education, and Conjugal Condition",,FEDERAL CAPITAL TERRITORY,False,True,True,1,,False,
1911_census_volume_ii_part_vi_religions,1911 Census - Volume II - Part VI Religions.pdf,data\raw\abs_1911_census\1911 Census - Volume II - Part VI Religions.pdf,119,75,76,30 | 29 | 31,30,3,1,822,ends,30.—FEMALE POPULATION OF THE,,,False,True,True,1,,False,
1911_census_volume_ii_part_vi_religions,1911 Census - Volume II - Part VI Religions.pdf,data\raw\abs_1911_census\1911 Census - Volume II - Part VI Religions.pdf,119,76,77,30 | 29 | 31,31,3,1,823,starts,"Total Population of the Federal Capital Territory, at the Census of 3rd April, 1911, Classified according to Religion, Age, Education, and Conjugal Condition",,FEDERAL CAPITAL TERRITORY,False,True,True,1,,False,
1911_census_volume_ii_part_vi_religions,1911 Census - Volume II - Part VI Religions.pdf,data\raw\abs_1911_census\1911 Census - Volume II - Part VI Religions.pdf,119,77,78,31 | 30 | 32,31,3,1,824,ends,"31.-TOTAL POPULATION OF THE Federal Capital Territory, at the Census of 3rd April, 1911, Classified according to Religion, Age, Education, and Conjugal Condition",,,False,True,True,1,,False,
1911_census_volume_ii_part_vi_religions,1911 Census - Volume II - Part VI Religions.pdf,data\raw\abs_1911_census\1911 Census - Volume II - Part VI Religions.pdf,119,78,79,31 | 30 | 32,31,3,1,825,ends,"Total Population of the Federal Capital Territory, at the Census of 3rd April, 1911, Classified according to Religion, Age, Education, and Conjugal Condition",,FEDERAL CAPITAL TERRITORY,False,False,True,1,,False,
1911_census_volume_ii_part_vi_religions,1911 Census - Volume II - Part VI Religions.pdf,data\raw\abs_1911_census\1911 Census - Volume II - Part VI Religions.pdf,119,79,80,32 | 31 | 33 | 34,32 | 33,4,2,826,boundary_multiple_tables,"Male Population of the Metropolis of each State of the Commonwealth, at the Census of 3rd April, 1911, Classified according to Religion | Female Population of the Metropolis of each State of the Commonwealth, at the Census of 3rd April, 1911, Classified according to Religion",,,True,True,True,1,,False,
1911_census_volume_ii_part_vi_religions,1911 Census - Volume II - Part VI Religions.pdf,data\raw\abs_1911_census\1911 Census - Volume II - Part VI Religions.pdf,119,80,81,34 | 33 | 35,33 | 34,3,2,827,boundary_multiple_tables,"33.—FEMALE POPULATION OF THE METROPOLIS OF EACH STATE—continued. | 34.—TOTAL POPULATION OF THE METROPOLIS OF EACH STATE OF THE COMMONWEALTH At the Census of 3rd April, 1911, Classified according to Religion",,,True,True,True,1,,False,
1911_census_volume_ii_part_vi_religions,1911 Census - Volume II - Part VI Religions.pdf,data\raw\abs_1911_census\1911 Census - Volume II - Part VI Religions.pdf,119,81,82,35 | 34 | 36,35,3,1,828,continues,"35. MALE POPULATION OF THE COUNTIES OF NEW SOUTH WALES, AT THE CENSUS OF 3RD APRIL, 1911",,,False,True,True,1,,False,
1911_census_volume_ii_part_vi_religions,1911 Census - Volume II - Part VI Religions.pdf,data\raw\abs_1911_census\1911 Census - Volume II - Part VI Religions.pdf,119,82,83,35 | 34 | 36,35,3,1,829,continues,"Male Population of the Counties of New South Wales, at the Census of 3rd April, 1911, Classified according to Religion",,Counties of New South Wales,False,False,True,1,,False,
1911_census_volume_ii_part_vi_religions,1911 Census - Volume II - Part VI Religions.pdf,data\raw\abs_1911_census\1911 Census - Volume II - Part VI Religions.pdf,119,83,84,35 | 34 | 36,35,3,1,830,ends,35.-MALE POPULATION OF THE COUNTIES,,,False,True,True,1,,False,
1911_census_volume_ii_part_vi_religions,1911 Census - Volume II - Part VI Religions.pdf,data\raw\abs_1911_census\1911 Census - Volume II - Part VI Religions.pdf,119,84,85,35 | 34 | 36,35,3,1,831,ends,"Male Population of the Counties of New South Wales, at the Census of 3rd April, 1911, Classified according to Religion",,OF NEW SOUTH WALES—continued.,False,True,True,1,,False,
1911_census_volume_ii_part_vi_religions,1911 Census - Volume II - Part VI Religions.pdf,data\raw\abs_1911_census\1911 Census - Volume II - Part VI Religions.pdf,119,85,86,36 | 35 | 37,36,3,1,832,continues,"Female Population of the Counties of New South Wales, at the Census of 3rd April, 1911, Classified according to Religion",,,False,True,True,1,,False,
1911_census_volume_ii_part_vi_religions,1911 Census - Volume II - Part VI Religions.pdf,data\raw\abs_1911_census\1911 Census - Volume II - Part VI Religions.pdf,119,86,87,36 | 35 | 37,36,3,1,833,continues,"Female Population of the Counties of New South Wales, at the Census of 3rd April, 1911, Classified according to Religion",,COUNTIES OF NEW SOUTH WALES,False,True,True,1,,False,
1911_census_volume_ii_part_vi_religions,1911 Census - Volume II - Part VI Religions.pdf,data\raw\abs_1911_census\1911 Census - Volume II - Part VI Religions.pdf,119,87,88,36 | 35 | 37,36,3,1,834,ends,"Female Population of the Counties of New South Wales, at the Census of 3rd April, 1911, Classified according to Religion",,,False,True,True,1,,False,
1911_census_volume_ii_part_vi_religions,1911 Census - Volume II - Part VI Religions.pdf,data\raw\abs_1911_census\1911 Census - Volume II - Part VI Religions.pdf,119,88,89,36 | 35 | 37,36,3,1,835,ends,"Female Population of the Counties of New South Wales, at the Census of 3rd April, 1911, Classified according to Religion",,OF NEW SOUTH WALES—continued.,False,True,True,1,,False,
1911_census_volume_ii_part_vi_religions,1911 Census - Volume II - Part VI Religions.pdf,data\raw\abs_1911_census\1911 Census - Volume II - Part VI Religions.pdf,119,89,90,37 | 36 | 38,37,3,1,836,continues,"37.-TOTAL POPULATION OF THE COUNTIES OF NEW SOUTH WALES, AT THE CENSUS OF 3RD APRIL, 1911, CLASSIFIED ACCORDING TO RELIGION",,,False,True,True,1,,False,
1911_census_volume_ii_part_vi_religions,1911 Census - Volume II - Part VI Religions.pdf,data\raw\abs_1911_census\1911 Census - Volume II - Part VI Religions.pdf,119,90,91,37 | 36 | 38,37,3,1,837,continues,"Total Population of the Counties of New South Wales, at the Census of 3rd April, 1911, Classified according to Religion",,COUNTIES OF NEW SOUTH WALES,False,True,True,1,,False,
1911_census_volume_ii_part_vi_religions,1911 Census - Volume II - Part VI Religions.pdf,data\raw\abs_1911_census\1911 Census - Volume II - Part VI Religions.pdf,119,91,92,37 | 36 | 38,37,3,1,838,ends,37.—TOTAL POPULATION OF THE COUNTIES,,,False,True,True,1,,False,
1911_census_volume_ii_part_vi_religions,1911 Census - Volume II - Part VI Religions.pdf,data\raw\abs_1911_census\1911 Census - Volume II - Part VI Religions.pdf,119,92,93,37 | 36 | 38,37,3,1,839,ends,"Total Population of the Counties of New South Wales, at the Census of 3rd April, 1911, Classified according to Religion",OF NEW SOUTH WALES - continued.,,False,True,True,1,,False,
1911_census_volume_ii_part_vi_religions,1911 Census - Volume II - Part VI Religions.pdf,data\raw\abs_1911_census\1911 Census - Volume II - Part VI Religions.pdf,119,93,94,38 | 37 | 39 | 40,38 | 39,4,2,840,boundary_multiple_tables,"38.—MALE POPULATION OF THE COUNTIES OF VICTORIA, AT THE CENSUS OF 3RD APRIL, 1911, (EXCLUSIVE OF FULL-BLOOD ABORIGINALS) | 39.—FEMALE POPULATION OF THE COUNTIES OF VICTORIA, AT THE CENSUS OF 3RD APRIL, 1911, (EXCLUSIVE OF FULL-BLOOD ABORIGINALS)",,,True,True,True,1,,False,
1911_census_volume_ii_part_vi_religions,1911 Census - Volume II - Part VI Religions.pdf,data\raw\abs_1911_census\1911 Census - Volume II - Part VI Religions.pdf,119,94,95,38 | 37 | 39 | 40,40,4,1,841,starts,"Total Population of the Counties of Victoria, at the Census of 3rd April, 1911, Classified according to Religion",,COUNTIES OF VICTORIA,True,True,True,1,"The page contains two distinct table blocks, both representing the start of Table 40 (Total Population of the Counties of Victoria). The first block is the continuation/conclusion of the previous page's data, and the second block starts the new table data.",False,
1911_census_volume_ii_part_vi_religions,1911 Census - Volume II - Part VI Religions.pdf,data\raw\abs_1911_census\1911 Census - Volume II - Part VI Religions.pdf,119,95,96,40 | 39 | 41,39 | 40,3,2,842,boundary_multiple_tables,"Female Population of the Counties of Victoria, at the Census of 3rd April, 1911, Classified according to Religion | Total Population of the Counties of Victoria, at the Census of 3rd April, 1911, Classified according to Religion",,,True,True,True,1,,False,
1911_census_volume_ii_part_vi_religions,1911 Census - Volume II - Part VI Religions.pdf,data\raw\abs_1911_census\1911 Census - Volume II - Part VI Religions.pdf,119,96,97,40 | 39 | 41,40,3,1,843,ends,"Total Population of the Counties of Victoria, at the Census of 3rd April, 1911, Classified according to Religion",,,False,True,True,1,,False,
1911_census_volume_ii_part_vi_religions,1911 Census - Volume II - Part VI Religions.pdf,data\raw\abs_1911_census\1911 Census - Volume II - Part VI Religions.pdf,119,97,98,41 | 40 | 42,41,3,1,844,continues,"41.-MALE POPULATION OF THE CENSUS DISTRICTS OF QUEENSLAND, AT THE CENSUS OF 3RD APRIL, 1911",,,False,True,True,1,,False,
1911_census_volume_ii_part_vi_religions,1911 Census - Volume II - Part VI Religions.pdf,data\raw\abs_1911_census\1911 Census - Volume II - Part VI Religions.pdf,119,98,99,41 | 40 | 42,41,3,1,845,ends,"Male Population of the Census Districts of Queensland, at the Census of 3rd April, 1911, Classified according to Religion",,,False,True,True,1,,False,
1911_census_volume_ii_part_vi_religions,1911 Census - Volume II - Part VI Religions.pdf,data\raw\abs_1911_census\1911 Census - Volume II - Part VI Religions.pdf,119,99,100,42 | 41 | 43,42,3,1,846,complete_on_page,"42.—FEMALE POPULATION OF THE CENSUS DISTRICTS OF QUEENSLAND, AT THE CENSUS OF 3RD APRIL, 1911, CLASSIFIED ACCORDING TO RELIGION",,,False,True,True,1,,False,
1911_census_volume_ii_part_vi_religions,1911 Census - Volume II - Part VI Religions.pdf,data\raw\abs_1911_census\1911 Census - Volume II - Part VI Religions.pdf,119,100,101,42 | 41 | 43,43,3,1,847,starts,"Total Population of the Census Districts of Queensland, at the Census of 3rd April, 1911, Classified according to Religion",,CENSUS DISTRICTS OF QUEENSLAND,False,True,True,1,,False,
1911_census_volume_ii_part_vi_religions,1911 Census - Volume II - Part VI Religions.pdf,data\raw\abs_1911_census\1911 Census - Volume II - Part VI Religions.pdf,119,101,102,43 | 42 | 44,43,3,1,848,ends,"43.—TOTAL POPULATION OF THE CENSUS DISTRICTS OF QUEENSLAND, AT THE CENSUS OF 3RD APRIL, 1911, CLASSIFIED ACCORDING TO RELIGION",,,False,True,True,1,,False,
1911_census_volume_ii_part_vi_religions,1911 Census - Volume II - Part VI Religions.pdf,data\raw\abs_1911_census\1911 Census - Volume II - Part VI Religions.pdf,119,102,103,43 | 42 | 44,43,3,1,849,ends,"Total Population of the Census Districts of Queensland, at the Census of 3rd April, 1911, Classified according to Religion",,CENSUS DISTRICTS OF QUEENSLAND,False,True,True,1,,False,
1911_census_volume_ii_part_vi_religions,1911 Census - Volume II - Part VI Religions.pdf,data\raw\abs_1911_census\1911 Census - Volume II - Part VI Religions.pdf,119,103,104,44 | 43 | 45 | 46,44 | 45,4,2,850,boundary_multiple_tables,"44. MALE POPULATION OF THE COUNTIES At the Census of 3rd April, 1911, (Exclusive of Full- | 45. FEMALE POPULATION OF THE COUNTIES At the Census of 3rd April, 1911, (Exclusive of Full-",,,True,True,True,1,,False,
1911_census_volume_ii_part_vi_religions,1911 Census - Volume II - Part VI Religions.pdf,data\raw\abs_1911_census\1911 Census - Volume II - Part VI Religions.pdf,119,104,105,44 | 43 | 45 | 46,46,4,1,851,starts,"Total Population of the Counties and Divisions of South Australia, at the Census of 3rd April, 1911, Classified according to Religion",,,False,True,True,0.9,"The page contains two table fragments, but both belong to the same table (46) as it spans multiple pages and is split here for layout reasons.",False,
1911_census_volume_ii_part_vi_religions,1911 Census - Volume II - Part VI Religions.pdf,data\raw\abs_1911_census\1911 Census - Volume II - Part VI Religions.pdf,119,105,106,46 | 45 | 47,45 | 46,3,2,852,boundary_multiple_tables,"Female Population of the Counties and Division of South Australia, at the Census of 3rd April, 1911, Classified according to Religion | Total Population of the Counties and Divisions of South Australia, at the Census of 3rd April, 1911, Classified according to Religion",,,True,True,True,1,,False,
1911_census_volume_ii_part_vi_religions,1911 Census - Volume II - Part VI Religions.pdf,data\raw\abs_1911_census\1911 Census - Volume II - Part VI Religions.pdf,119,106,107,46 | 45 | 47,46,3,1,853,ends,"Total Population of the Counties and Divisions of South Australia, at the Census of 3rd April, 1911, Classified according to Religion",,,False,True,True,1,,False,
1911_census_volume_ii_part_vi_religions,1911 Census - Volume II - Part VI Religions.pdf,data\raw\abs_1911_census\1911 Census - Volume II - Part VI Religions.pdf,119,107,108,47 | 46 | 48 | 49,47 | 48,4,2,854,boundary_multiple_tables,"Male Population of the Statistical Districts of Western Australia, at the Census of 3rd April, 1911, Classified according to Religion | Female Population of the Statistical Districts of Western Australia, at the Census of 3rd April, 1911, Classified according to Religion",,,True,True,True,1,,False,
1911_census_volume_ii_part_vi_religions,1911 Census - Volume II - Part VI Religions.pdf,data\raw\abs_1911_census\1911 Census - Volume II - Part VI Religions.pdf,119,108,109,47 | 46 | 48 | 49,49,4,1,855,starts,"Total Population of the Statistical Districts of Western Australia, at the Census of 3rd April, 1911, Classified according to Religion",,DISTRICTS OF WESTERN AUSTRALIA,False,True,True,1,,False,
1911_census_volume_ii_part_vi_religions,1911 Census - Volume II - Part VI Religions.pdf,data\raw\abs_1911_census\1911 Census - Volume II - Part VI Religions.pdf,119,109,110,49 | 48 | 50 | 51,49 | 50,4,2,856,boundary_multiple_tables,"Total Population of the Statistical Districts of Western Australia, at the Census of 3rd April, 1911, Classified according to Religion | Male Population of the Municipalities of Tasmania, at the Census of 3rd April, 1911, Classified according to Religion",,,True,True,True,1,,False,
1911_census_volume_ii_part_vi_religions,1911 Census - Volume II - Part VI Religions.pdf,data\raw\abs_1911_census\1911 Census - Volume II - Part VI Religions.pdf,119,110,111,49 | 48 | 50 | 51,50 | 51,4,2,857,boundary_multiple_tables,"Male Population of the Municipalities of Tasmania, at the Census of 3rd April, 1911, Classified according to Religion | Female Population of the Municipalities of Tasmania, at the Census of 3rd April, 1911, Classified according to Religion",,,True,True,True,1,,False,
1911_census_volume_ii_part_vi_religions,1911 Census - Volume II - Part VI Religions.pdf,data\raw\abs_1911_census\1911 Census - Volume II - Part VI Religions.pdf,119,111,112,51 | 50 | 52 | 53,51 | 52,4,2,858,boundary_multiple_tables,"51.—FEMALE POPULATION OF THE At the Census of 3rd April, 1911, (Exclusive of Full- | 52.—TOTAL POPULATION OF THE At the Census of 3rd April, 1911, (Exclusive of Full-",,,True,True,True,1,,False,
1911_census_volume_ii_part_vi_religions,1911 Census - Volume II - Part VI Religions.pdf,data\raw\abs_1911_census\1911 Census - Volume II - Part VI Religions.pdf,119,112,113,51 | 50 | 52 | 53,51 | 52,4,2,859,boundary_multiple_tables,"Female Population of the Municipalities of Tasmania, at the Census of 3rd April, 1911, Classified according to Religion | Total Population of the Municipalities of Tasmania, at the Census of 3rd April, 1911, Classified according to Religion",,MUNICIPALITIES OF TASMANIA,True,True,True,1,,False,
1911_census_volume_ii_part_vi_religions,1911 Census - Volume II - Part VI Religions.pdf,data\raw\abs_1911_census\1911 Census - Volume II - Part VI Religions.pdf,119,113,114,53 | 52 | 54,52 | 53,3,2,860,boundary_multiple_tables,"52.—TOTAL POPULATION OF THE | 53.—POPULATION OF THE COUNTIES At the Census of 3rd April, 1911, (Exclusive of Full-",,,True,True,True,1,,False,
1911_census_volume_ii_part_vi_religions,1911 Census - Volume II - Part VI Religions.pdf,data\raw\abs_1911_census\1911 Census - Volume II - Part VI Religions.pdf,119,114,115,53 | 52 | 54,52 | 53,3,2,861,boundary_multiple_tables,"Total Population of the Municipalities of Tasmania, at the Census of 3rd April, 1911, Classified according to Religion | Population of the Counties of the Northern Territory, at the Census of 3rd April, 1911, Classified according to Religion and Sex",,,True,True,True,1,,False,
1911_census_volume_ii_part_vi_religions,1911 Census - Volume II - Part VI Religions.pdf,data\raw\abs_1911_census\1911 Census - Volume II - Part VI Religions.pdf,119,115,116,54 | 53 | 55 | 56,54 | 55,4,2,862,boundary_multiple_tables,"54. POPULATION OF THE DIVISIONS OF THE FEDERAL CAPITAL TERRITORY At the Census of 3rd April, 1911, Classified according to Religion and Sex | 55. NUMBER OF ABORIGINAL MALES RECORDED IN EACH STATE AND TERRITORY OF THE COMMONWEALTH At the Census of 3rd April, 1911, Classified according to Religion.",,,True,True,True,1,,False,
1911_census_volume_ii_part_vi_religions,1911 Census - Volume II - Part VI Religions.pdf,data\raw\abs_1911_census\1911 Census - Volume II - Part VI Religions.pdf,119,116,117,56 | 55 | 57,56,3,1,863,complete_on_page,"Number of Aboriginal Females Recorded in each State and Territory of the Commonwealth, at the Census of 3rd April, 1911, Classified according to Religion",,,False,True,True,1,,False,
1911_census_volume_ii_part_vi_religions,1911 Census - Volume II - Part VI Religions.pdf,data\raw\abs_1911_census\1911 Census - Volume II - Part VI Religions.pdf,119,117,118,57 | 56,57,2,1,864,complete_on_page,57.—NUMBER OF ABORIGINAL PERSONS RECORDED IN EACH STATE AND TERRITORY OF THE COMMONWEALTH,,,False,True,True,1,,False,
1911_census_volume_ii_part_vi_religions,1911 Census - Volume II - Part VI Religions.pdf,data\raw\abs_1911_census\1911 Census - Volume II - Part VI Religions.pdf,119,118,119,57 | 56,,2,0,,non_table,,,PART VII. BLINDNESS AND DEAF MUTISM.,False,False,False,1,,False,
1911_census_volume_ii_part_vii_blindness_and_deaf_mutism,1911 Census - Volume II - Part VII Blindness and Deaf Mutism.pdf,data\raw\abs_1911_census\1911 Census - Volume II - Part VII Blindness and Deaf Mutism.pdf,32,2,3,1 | 2,1,2,1,867,complete_on_page,"1.—BLIND PERSONS AND DEAF MUTES RECORDED IN THE SEVERAL STATES OF THE COMMONWEALTH OF AUSTRALIA, at the Censuses of 31st March, 1901, and 3rd April, 1911",,,False,True,True,1,,False,
1911_census_volume_ii_part_vii_blindness_and_deaf_mutism,1911 Census - Volume II - Part VII Blindness and Deaf Mutism.pdf,data\raw\abs_1911_census\1911 Census - Volume II - Part VII Blindness and Deaf Mutism.pdf,32,3,4,2 | 1 | 3,2,3,1,868,complete_on_page,"Ages of Blind Persons recorded in the several States of the Commonwealth of Australia, at the Census of 3rd April, 1911",,,False,True,True,1,,False,
1911_census_volume_ii_part_vii_blindness_and_deaf_mutism,1911 Census - Volume II - Part VII Blindness and Deaf Mutism.pdf,data\raw\abs_1911_census\1911 Census - Volume II - Part VII Blindness and Deaf Mutism.pdf,32,4,5,3 | 2 | 4,3,3,1,869,continues,3.—BIRTHPLACES OF THE BLIND RECORDED IN THE SEVERAL STATES OF THE COMMONWEALTH OF AUSTRALIA,,,False,True,True,1,,False,
1911_census_volume_ii_part_vii_blindness_and_deaf_mutism,1911 Census - Volume II - Part VII Blindness and Deaf Mutism.pdf,data\raw\abs_1911_census\1911 Census - Volume II - Part VII Blindness and Deaf Mutism.pdf,32,5,6,3 | 2 | 4,3,3,1,870,continues,"Birthplaces of the Blind recorded in the several States of the Commonwealth of Australia, at the Census of 3rd April, 1911",,FEMALES—continued. PERSONS.,False,True,True,1,,False,
1911_census_volume_ii_part_vii_blindness_and_deaf_mutism,1911 Census - Volume II - Part VII Blindness and Deaf Mutism.pdf,data\raw\abs_1911_census\1911 Census - Volume II - Part VII Blindness and Deaf Mutism.pdf,32,6,7,4 | 3 | 5,4,3,1,871,complete_on_page,"4.—BLIND MALES RECORDED IN THE COMMONWEALTH OF AUSTRALIA At the Census of 3rd April, 1911, Classified according to Birthplace and Age",,,False,True,True,1,,False,
1911_census_volume_ii_part_vii_blindness_and_deaf_mutism,1911 Census - Volume II - Part VII Blindness and Deaf Mutism.pdf,data\raw\abs_1911_census\1911 Census - Volume II - Part VII Blindness and Deaf Mutism.pdf,32,7,8,5 | 4 | 6,5,3,1,872,complete_on_page,"Blind Females recorded in the Commonwealth of Australia, at the Census of 3rd April, 1911, Classified according to Birthplace and Age",,,False,True,True,1,,False,
1911_census_volume_ii_part_vii_blindness_and_deaf_mutism,1911 Census - Volume II - Part VII Blindness and Deaf Mutism.pdf,data\raw\abs_1911_census\1911 Census - Volume II - Part VII Blindness and Deaf Mutism.pdf,32,8,9,6 | 5 | 7,6,3,1,873,complete_on_page,"6.—BLIND PERSONS RECORDED IN THE COMMONWEALTH OF AUSTRALIA At the Census of 3rd April, 1911, Classified according to Birthplace and Age",,,False,True,True,1,,False,
1911_census_volume_ii_part_vii_blindness_and_deaf_mutism,1911 Census - Volume II - Part VII Blindness and Deaf Mutism.pdf,data\raw\abs_1911_census\1911 Census - Volume II - Part VII Blindness and Deaf Mutism.pdf,32,9,10,7 | 6 | 8,7,3,1,874,complete_on_page,"Blind Males recorded in the several States of the Commonwealth of Australia, at the Census of 3rd April, 1911, Classified according to Conjugal Condition and Age",,,False,True,True,1,,False,
1911_census_volume_ii_part_vii_blindness_and_deaf_mutism,1911 Census - Volume II - Part VII Blindness and Deaf Mutism.pdf,data\raw\abs_1911_census\1911 Census - Volume II - Part VII Blindness and Deaf Mutism.pdf,32,10,11,8 | 7 | 9,8,3,1,875,complete_on_page,"8.—BLIND FEMALES RECORDED IN THE SEVERAL STATES OF THE COMMONWEALTH OF AUSTRALIA, At the Census of 3rd April, 1911, Classified according to Conjugal Condition and Age",,,False,True,True,1,,False,
1911_census_volume_ii_part_vii_blindness_and_deaf_mutism,1911 Census - Volume II - Part VII Blindness and Deaf Mutism.pdf,data\raw\abs_1911_census\1911 Census - Volume II - Part VII Blindness and Deaf Mutism.pdf,32,11,12,9 | 8 | 10,9,3,1,876,complete_on_page,"Blind Males recorded in the several States of the Commonwealth of Australia, at the Census of 3rd April, 1911, Classified according to Occupation",,,False,True,True,1,,False,
1911_census_volume_ii_part_vii_blindness_and_deaf_mutism,1911 Census - Volume II - Part VII Blindness and Deaf Mutism.pdf,data\raw\abs_1911_census\1911 Census - Volume II - Part VII Blindness and Deaf Mutism.pdf,32,12,13,10 | 9 | 11,10,3,1,877,complete_on_page,"10.—BLIND FEMALES RECORDED IN THE SEVERAL STATES OF THE COMMONWEALTH OF AUSTRALIA, At the Census of 3rd April, 1911, Classified according to Occupation",,,False,True,True,1,,False,
1911_census_volume_ii_part_vii_blindness_and_deaf_mutism,1911 Census - Volume II - Part VII Blindness and Deaf Mutism.pdf,data\raw\abs_1911_census\1911 Census - Volume II - Part VII Blindness and Deaf Mutism.pdf,32,13,14,11 | 10 | 12,11,3,1,878,complete_on_page,"11.—BLIND MALES RECORDED IN THE COMMONWEALTH OF AUSTRALIA At the Census of 3rd April, 1911, Classified according to Occupation and Age",,,False,True,True,1,,False,
1911_census_volume_ii_part_vii_blindness_and_deaf_mutism,1911 Census - Volume II - Part VII Blindness and Deaf Mutism.pdf,data\raw\abs_1911_census\1911 Census - Volume II - Part VII Blindness and Deaf Mutism.pdf,32,14,15,12 | 11 | 13,12,3,1,879,complete_on_page,"Blind Females recorded in the Commonwealth of Australia, at the Census of 3rd April, 1911, Classified according to Occupation and Age",,,False,True,True,1,,False,
1911_census_volume_ii_part_vii_blindness_and_deaf_mutism,1911 Census - Volume II - Part VII Blindness and Deaf Mutism.pdf,data\raw\abs_1911_census\1911 Census - Volume II - Part VII Blindness and Deaf Mutism.pdf,32,15,16,13 | 12 | 14,13,3,1,880,complete_on_page,"Blind Males recorded in the Commonwealth of Australia, at the Census of 3rd April, 1911, Classified according to Occupation and Grade",,,False,True,True,1,,False,
1911_census_volume_ii_part_vii_blindness_and_deaf_mutism,1911 Census - Volume II - Part VII Blindness and Deaf Mutism.pdf,data\raw\abs_1911_census\1911 Census - Volume II - Part VII Blindness and Deaf Mutism.pdf,32,16,17,14 | 13 | 15,14,3,1,881,complete_on_page,"14.—BLIND FEMALES RECORDED IN THE COMMONWEALTH OF AUSTRALIA At the Census of 3rd April, 1911, Classified according to Occupation and Grade",,,False,True,True,1,,False,
1911_census_volume_ii_part_vii_blindness_and_deaf_mutism,1911 Census - Volume II - Part VII Blindness and Deaf Mutism.pdf,data\raw\abs_1911_census\1911 Census - Volume II - Part VII Blindness and Deaf Mutism.pdf,32,17,18,15 | 14 | 16,15,3,1,882,complete_on_page,"Ages of Deaf Mutes recorded in the several States of the Commonwealth of Australia, at the Census of 3rd April, 1911",,,False,True,True,1,,False,
1911_census_volume_ii_part_vii_blindness_and_deaf_mutism,1911 Census - Volume II - Part VII Blindness and Deaf Mutism.pdf,data\raw\abs_1911_census\1911 Census - Volume II - Part VII Blindness and Deaf Mutism.pdf,32,18,19,16 | 15 | 17,16,3,1,883,complete_on_page,"Birthplaces of Deaf Mutes recorded in the several States of the Commonwealth of Australia, at the Census of 3rd April, 1911",,,False,True,True,1,,False,
1911_census_volume_ii_part_vii_blindness_and_deaf_mutism,1911 Census - Volume II - Part VII Blindness and Deaf Mutism.pdf,data\raw\abs_1911_census\1911 Census - Volume II - Part VII Blindness and Deaf Mutism.pdf,32,19,20,16 | 15 | 17,16,3,1,884,continues,"Birthplaces of Deaf Mutes recorded in the several States of the Commonwealth of Australia, at the Census of 3rd April, 1911",,,False,True,True,1,,False,
1911_census_volume_ii_part_vii_blindness_and_deaf_mutism,1911 Census - Volume II - Part VII Blindness and Deaf Mutism.pdf,data\raw\abs_1911_census\1911 Census - Volume II - Part VII Blindness and Deaf Mutism.pdf,32,20,21,17 | 16 | 18,17,3,1,885,complete_on_page,"17.—DEAF MUTE MALES RECORDED IN THE COMMONWEALTH OF AUSTRALIA, At the Census of 3rd April, 1911, Classified according to Birthplace and Age",,,False,True,True,1,,False,
1911_census_volume_ii_part_vii_blindness_and_deaf_mutism,1911 Census - Volume II - Part VII Blindness and Deaf Mutism.pdf,data\raw\abs_1911_census\1911 Census - Volume II - Part VII Blindness and Deaf Mutism.pdf,32,21,22,18 | 17 | 19,18,3,1,886,complete_on_page,"Deaf Mute Females recorded in the Commonwealth of Australia, at the Census of 3rd April, 1911, Classified according to Birthplace and Age",,,False,True,True,1,,False,
1911_census_volume_ii_part_vii_blindness_and_deaf_mutism,1911 Census - Volume II - Part VII Blindness and Deaf Mutism.pdf,data\raw\abs_1911_census\1911 Census - Volume II - Part VII Blindness and Deaf Mutism.pdf,32,22,23,19 | 18 | 20,19,3,1,887,complete_on_page,"19.—DEAF MUTE PERSONS RECORDED IN THE COMMONWEALTH OF AUSTRALIA, At the Census of 3rd April, 1911, Classified according to Birthplace and Age",,,False,True,True,1,,False,
1911_census_volume_ii_part_vii_blindness_and_deaf_mutism,1911 Census - Volume II - Part VII Blindness and Deaf Mutism.pdf,data\raw\abs_1911_census\1911 Census - Volume II - Part VII Blindness and Deaf Mutism.pdf,32,23,24,20 | 19 | 21,20,3,1,888,complete_on_page,"Deaf Mute Males recorded in the several States of the Commonwealth of Australia, at the Census of 3rd April, 1911, Classified according to Conjugal Condition and Age",,,False,True,True,1,,False,
1911_census_volume_ii_part_vii_blindness_and_deaf_mutism,1911 Census - Volume II - Part VII Blindness and Deaf Mutism.pdf,data\raw\abs_1911_census\1911 Census - Volume II - Part VII Blindness and Deaf Mutism.pdf,32,24,25,21 | 20 | 22,21,3,1,889,complete_on_page,"Deaf Mute Females recorded in the several States of the Commonwealth of Australia, at the Census of 3rd April, 1911, Classified according to Conjugal Condition and Age",,,False,True,True,1,,False,
1911_census_volume_ii_part_vii_blindness_and_deaf_mutism,1911 Census - Volume II - Part VII Blindness and Deaf Mutism.pdf,data\raw\abs_1911_census\1911 Census - Volume II - Part VII Blindness and Deaf Mutism.pdf,32,25,26,22 | 21 | 23,22,3,1,890,complete_on_page,"Deaf Mute Males recorded in the several States of the Commonwealth of Australia, at the Census of 3rd April, 1911, Classified according to Occupation",,,False,True,True,1,,False,
1911_census_volume_ii_part_vii_blindness_and_deaf_mutism,1911 Census - Volume II - Part VII Blindness and Deaf Mutism.pdf,data\raw\abs_1911_census\1911 Census - Volume II - Part VII Blindness and Deaf Mutism.pdf,32,26,27,23 | 22 | 24,23,3,1,891,complete_on_page,"23.—DEAF MUTE FEMALES RECORDED IN THE SEVERAL STATES OF THE COMMONWEALTH OF AUSTRALIA, At the Census of 3rd April, 1911, Classified according to Occupation",,,False,True,True,1,,False,
1911_census_volume_ii_part_vii_blindness_and_deaf_mutism,1911 Census - Volume II - Part VII Blindness and Deaf Mutism.pdf,data\raw\abs_1911_census\1911 Census - Volume II - Part VII Blindness and Deaf Mutism.pdf,32,27,28,24 | 23 | 25,24,3,1,892,complete_on_page,"Deaf Mute Males recorded in the Commonwealth of Australia, at the Census of 3rd April, 1911, Classified according to Occupation and Age",,,False,True,True,1,,False,
1911_census_volume_ii_part_vii_blindness_and_deaf_mutism,1911 Census - Volume II - Part VII Blindness and Deaf Mutism.pdf,data\raw\abs_1911_census\1911 Census - Volume II - Part VII Blindness and Deaf Mutism.pdf,32,28,29,25 | 24 | 26,25,3,1,893,complete_on_page,"25.—DEAF MUTE FEMALES RECORDED IN THE COMMONWEALTH OF AUSTRALIA At the Census of 3rd April, 1911, Classified according to Occupation and Age",,,False,True,True,1,,False,
1911_census_volume_ii_part_vii_blindness_and_deaf_mutism,1911 Census - Volume II - Part VII Blindness and Deaf Mutism.pdf,data\raw\abs_1911_census\1911 Census - Volume II - Part VII Blindness and Deaf Mutism.pdf,32,29,30,26 | 25 | 27,26,3,1,894,complete_on_page,"26.—DEAF MUTE MALES RECORDED IN THE COMMONWEALTH OF AUSTRALIA At the Census of 3rd April, 1911, Classified according to Occupation and Grade",,,False,True,True,1,,False,
1911_census_volume_ii_part_vii_blindness_and_deaf_mutism,1911 Census - Volume II - Part VII Blindness and Deaf Mutism.pdf,data\raw\abs_1911_census\1911 Census - Volume II - Part VII Blindness and Deaf Mutism.pdf,32,30,31,27 | 26,27,2,1,895,complete_on_page,"Deaf Mute Females recorded in the Commonwealth of Australia, at the Census of 3rd April, 1911, Classified according to Occupation and Grade",,,False,True,True,1,,False,
1911_census_volume_ii_part_vii_blindness_and_deaf_mutism,1911 Census - Volume II - Part VII Blindness and Deaf Mutism.pdf,data\raw\abs_1911_census\1911 Census - Volume II - Part VII Blindness and Deaf Mutism.pdf,32,31,32,27 | 26,,2,0,,non_table,,,,False,False,False,1,The provided page is blank.,False,
1911_census_volume_ii_part_viii_non_european_races,1911 Census - Volume II - Part VIII Non-European Races.pdf,data\raw\abs_1911_census\1911 Census - Volume II - Part VIII Non-European Races.pdf,177,6,7,1 | 2 | 3,1 | 2,3,2,903,boundary_multiple_tables,"Persons of Non-European Race enumerated in the Commonwealth of Australia, at the Census of 3rd April 1911. Summary by States | Persons of Non-European Race enumerated in the Commonwealth of Australia, at the Census of 3rd April, 1911. Summary by Races",,,True,True,True,1,,False,
1911_census_volume_ii_part_viii_non_european_races,1911 Census - Volume II - Part VIII Non-European Races.pdf,data\raw\abs_1911_census\1911 Census - Volume II - Part VIII Non-European Races.pdf,177,7,8,3 | 2 | 4 | 5,3 | 4,4,2,904,boundary_multiple_tables,"Males of each Non-European Race enumerated in the several States and Territories of the Commonwealth of Australia, at the Census of 3rd April, 1911 | Females of each Non-European Race enumerated in the several States and Territories of the Commonwealth of Australia, at the Census of 3rd April, 1911",,,True,True,True,1,,False,
1911_census_volume_ii_part_viii_non_european_races,1911 Census - Volume II - Part VIII Non-European Races.pdf,data\raw\abs_1911_census\1911 Census - Volume II - Part VIII Non-European Races.pdf,177,8,9,5 | 4 | 6,4 | 5,3,2,905,boundary_multiple_tables,4.—FEMALES OF EACH NON-EUROPEAN RACE ENUMERATED IN THE STATES—continued. | 5.—PERSONS OF EACH NON-EUROPEAN RACE ENUMERATED IN THE SEVERAL STATES AND TERRITORIES OF THE COMMONWEALTH OF AUSTRALIA,,,True,True,True,1,,False,
1911_census_volume_ii_part_viii_non_european_races,1911 Census - Volume II - Part VIII Non-European Races.pdf,data\raw\abs_1911_census\1911 Census - Volume II - Part VIII Non-European Races.pdf,177,9,10,6 | 5 | 7 | 8,6 | 7,4,2,906,boundary_multiple_tables,"Commonwealth of Australia.—Males of Non-European Race enumerated at the Census of 3rd April, 1911, Classified according to Race and Age | Commonwealth of Australia.—Females of Non-European Race enumerated at the Census of 3rd April, 1911, Classified according to Race and Age",,,True,True,True,1,,False,
1911_census_volume_ii_part_viii_non_european_races,1911 Census - Volume II - Part VIII Non-European Races.pdf,data\raw\abs_1911_census\1911 Census - Volume II - Part VIII Non-European Races.pdf,177,10,11,6 | 5 | 7 | 8,6 | 7,4,2,907,boundary_multiple_tables,"Commonwealth of Australia.—Males of Non-European Race enumerated at the Census of 3rd April, 1911, Classified according to Race and Age | Commonwealth of Australia.—Females of Non-European Race enumerated at the Census of 3rd April, 1911, Classified according to Race and Age",,,True,True,True,1,,False,
1911_census_volume_ii_part_viii_non_european_races,1911 Census - Volume II - Part VIII Non-European Races.pdf,data\raw\abs_1911_census\1911 Census - Volume II - Part VIII Non-European Races.pdf,177,11,12,8 | 7 | 9 | 10,8 | 9,4,2,908,boundary_multiple_tables,"Commonwealth of Australia.—Persons of Non-European Race enumerated at the Census of 3rd April, 1911, Classified according to Race and Age | Commonwealth of Australia.—Males of Non-European Race enumerated in the several States and Territories, at the Census of 3rd April, 1911, Classified according to Age",,,True,True,True,1,,False,
1911_census_volume_ii_part_viii_non_european_races,1911 Census - Volume II - Part VIII Non-European Races.pdf,data\raw\abs_1911_census\1911 Census - Volume II - Part VIII Non-European Races.pdf,177,12,13,8 | 7 | 9 | 10,8 | 9,4,2,909,boundary_multiple_tables,"Commonwealth of Australia.—Persons of Non-European Race enumerated at the Census of 3rd April, 1911, Classified according to Race and Age | Commonwealth of Australia.—Males of Non-European Race enumerated in the several States and Territories, at the Census of 3rd April, 1911, Classified according to Age",,,True,True,True,1,,False,
1911_census_volume_ii_part_viii_non_european_races,1911 Census - Volume II - Part VIII Non-European Races.pdf,data\raw\abs_1911_census\1911 Census - Volume II - Part VIII Non-European Races.pdf,177,13,14,10 | 9 | 11 | 12,10 | 11,4,2,910,boundary_multiple_tables,"Commonwealth of Australia.—Females of Non-European Race enumerated in the several States and Territories, at the Census of 3rd April, 1911, Classified according to Age | Commonwealth of Australia.—Persons of Non-European Race enumerated in the several States and Territories, at the Census of 3rd April, 1911, Classified according to Age",,,True,True,True,1,,False,
1911_census_volume_ii_part_viii_non_european_races,1911 Census - Volume II - Part VIII Non-European Races.pdf,data\raw\abs_1911_census\1911 Census - Volume II - Part VIII Non-European Races.pdf,177,14,15,10 | 9 | 11 | 12,10 | 11,4,2,911,boundary_multiple_tables,"Commonwealth of Australia.—Females of Non-European Race enumerated in the several States and Territories, at the Census of 3rd April, 1911, Classified according to Age | Commonwealth of Australia.—Persons of Non-European Race enumerated in the several States and Territories, at the Census of 3rd April, 1911, Classified according to Age",,RACE ENUMERATED IN THE SEVERAL STATES AND TERRITORIES Classified according to Age,True,True,True,1,,False,
1911_census_volume_ii_part_viii_non_european_races,1911 Census - Volume II - Part VIII Non-European Races.pdf,data\raw\abs_1911_census\1911 Census - Volume II - Part VIII Non-European Races.pdf,177,15,16,12 | 11 | 13 | 14,12 | 13,4,2,912,boundary_multiple_tables,"12.—NEW SOUTH WALES.—MALES OF Non-European Race enumerated at the Census of 3rd April, 1911, Classified according to Race and Age | 13.—NEW SOUTH WALES.—FEMALES OF Non-European Race enumerated at the Census of 3rd April, 1911, Classified according to Race and Age",,,True,True,True,1,,False,
1911_census_volume_ii_part_viii_non_european_races,1911 Census - Volume II - Part VIII Non-European Races.pdf,data\raw\abs_1911_census\1911 Census - Volume II - Part VIII Non-European Races.pdf,177,16,17,12 | 11 | 13 | 14,14,4,1,913,complete_on_page,"New South Wales.—Persons of Non-European Race enumerated at the Census of 3rd April, 1911, Classified according to Race and Age",,,False,True,True,1,,False,
1911_census_volume_ii_part_viii_non_european_races,1911 Census - Volume II - Part VIII Non-European Races.pdf,data\raw\abs_1911_census\1911 Census - Volume II - Part VIII Non-European Races.pdf,177,17,18,14 | 13 | 15 | 16,14 | 15,4,2,914,boundary_multiple_tables,"14.—New South Wales.—Persons of Non-European Race enumerated at the Census of 3rd April, 1911, Classified according to Race and Age | 15.—Victoria.—Males of Non-European Race enumerated, at the Census of 3rd April, 1911. Classified according to Race and Age",,,True,True,True,1,,False,
1911_census_volume_ii_part_viii_non_european_races,1911 Census - Volume II - Part VIII Non-European Races.pdf,data\raw\abs_1911_census\1911 Census - Volume II - Part VIII Non-European Races.pdf,177,18,19,14 | 13 | 15 | 16,14 | 15,4,2,915,boundary_multiple_tables,"New South Wales.—Persons of Non-European Race enumerated at the Census of 3rd April, 1911, Classified according to Race and Age | Victoria.—Males of Non-European Race enumerated, at the Census of 3rd April, 1911. Classified according to Race and Age",,,True,True,True,0.9,"The page contains two distinct tables, one for New South Wales and one for Victoria, which correspond to the candidate tables 14 and 15 respectively.",False,
1911_census_volume_ii_part_viii_non_european_races,1911 Census - Volume II - Part VIII Non-European Races.pdf,data\raw\abs_1911_census\1911 Census - Volume II - Part VIII Non-European Races.pdf,177,19,20,16 | 15 | 17 | 18,16 | 17,4,2,916,boundary_multiple_tables,"Victoria.—Females of Non-European Race enumerated at the Census of 3rd April, 1911, Classified according to Race and Age | Victoria.—Persons of Non-European Race enumerated at the Census of 3rd April, 1911, Classified according to Race and Age",,,True,True,True,1,,False,
1911_census_volume_ii_part_viii_non_european_races,1911 Census - Volume II - Part VIII Non-European Races.pdf,data\raw\abs_1911_census\1911 Census - Volume II - Part VIII Non-European Races.pdf,177,20,21,16 | 15 | 17 | 18,18,4,1,917,starts,"Queensland.—Males of Non-European Race enumerated at the Census of 3rd April, 1911, Classified according to Race and Age",,,False,True,True,0.9,"The page contains two tables, but only the bottom one matches the candidate table 18. The top table appears to be a continuation of a previous table not listed in the candidates.",False,
1911_census_volume_ii_part_viii_non_european_races,1911 Census - Volume II - Part VIII Non-European Races.pdf,data\raw\abs_1911_census\1911 Census - Volume II - Part VIII Non-European Races.pdf,177,21,22,18 | 17 | 19 | 20,18 | 19,4,2,918,boundary_multiple_tables,"Queensland.—Males of Non-European Race enumerated at the Census of 3rd April, 1911, Classified according to Race and Age | Queensland.—Females of Non-European Race enumerated at the Census of 3rd April, 1911, Classified according to Race and Age",,,True,True,True,1,,False,
1911_census_volume_ii_part_viii_non_european_races,1911 Census - Volume II - Part VIII Non-European Races.pdf,data\raw\abs_1911_census\1911 Census - Volume II - Part VIII Non-European Races.pdf,177,22,23,18 | 17 | 19 | 20,18 | 19 | 20,4,3,919,boundary_multiple_tables,"Queensland.—Males of Non-European Race enumerated at the Census of 3rd April, 1911, Classified according to Race and Age | Queensland.—Females of Non-European Race enumerated at the Census of 3rd April, 1911, Classified according to Race and Age | Queensland.—Persons of Non-European Race enumerated at the Census of 3rd April, 1911, Classified according to Race and Age",,,True,True,True,0.9,"The page contains multiple tables (Queensland Males, Females, and Persons) which are presented as a continuous sequence of data blocks on this page.",False,
1911_census_volume_ii_part_viii_non_european_races,1911 Census - Volume II - Part VIII Non-European Races.pdf,data\raw\abs_1911_census\1911 Census - Volume II - Part VIII Non-European Races.pdf,177,23,24,20 | 19 | 21 | 22,20 | 21,4,2,920,boundary_multiple_tables,"Queensland.—Persons of Non-European Race enumerated at the Census of 3rd April, 1911, Classified according to Race and Age | South Australia.—Males of Non-European Race enumerated at the Census of 3rd April, 1911, Classified according to Race and Age",,,True,True,True,1,,False,
1911_census_volume_ii_part_viii_non_european_races,1911 Census - Volume II - Part VIII Non-European Races.pdf,data\raw\abs_1911_census\1911 Census - Volume II - Part VIII Non-European Races.pdf,177,24,25,20 | 19 | 21 | 22,,4,0,921,non_table,,,,False,False,False,1,"The page contains tables, but they do not match the provided candidate table numbers for Queensland or South Australia. The tables on this page appear to be for other states or a summary.",False,
1911_census_volume_ii_part_viii_non_european_races,1911 Census - Volume II - Part VIII Non-European Races.pdf,data\raw\abs_1911_census\1911 Census - Volume II - Part VIII Non-European Races.pdf,177,25,26,22 | 21 | 23 | 24,22 | 23,4,2,922,boundary_multiple_tables,"South Australia.—Females of Non-European Race enumerated at the Census of 3rd April, 1911, Classified according to Race and Age | South Australia.—Persons of Non-European Race enumerated at the Census of 3rd April, 1911, Classified according to Race and Age",,,True,True,True,1,,False,
1911_census_volume_ii_part_viii_non_european_races,1911 Census - Volume II - Part VIII Non-European Races.pdf,data\raw\abs_1911_census\1911 Census - Volume II - Part VIII Non-European Races.pdf,177,26,27,22 | 21 | 23 | 24,24,4,1,923,starts,"Western Australia.—Males of Non-European Race enumerated at the Census of 3rd April, 1911, Classified according to Race and Age",,,True,True,True,0.9,"The page contains two tables, but only one (Table 24) is listed in the candidate list for this page. The top table appears to be the continuation/end of a previous table not listed in the candidates.",False,
1911_census_volume_ii_part_viii_non_european_races,1911 Census - Volume II - Part VIII Non-European Races.pdf,data\raw\abs_1911_census\1911 Census - Volume II - Part VIII Non-European Races.pdf,177,27,28,24 | 23 | 25 | 26,24 | 25,4,2,924,boundary_multiple_tables,"Western Australia.—Males of Non-European Race enumerated at the Census of 3rd April, 1911, Classified according to Race and Age | Western Australia.—Females of Non-European Race enumerated at the Census of 3rd April, 1911, Classified according to Race and Age",,,True,True,True,1,,False,
1911_census_volume_ii_part_viii_non_european_races,1911 Census - Volume II - Part VIII Non-European Races.pdf,data\raw\abs_1911_census\1911 Census - Volume II - Part VIII Non-European Races.pdf,177,28,29,24 | 23 | 25 | 26,26,4,1,925,starts,"Western Australia.—Persons of Non-European Race enumerated at the Census of 3rd April, 1911, Classified according to Race and Age",,,False,True,True,0.9,"The page contains two tables, but only the top one matches the candidate list for Table 26 (Western Australia). The bottom table appears to be a continuation or related data for a different region not explicitly listed in the provided candidates.",False,
1911_census_volume_ii_part_viii_non_european_races,1911 Census - Volume II - Part VIII Non-European Races.pdf,data\raw\abs_1911_census\1911 Census - Volume II - Part VIII Non-European Races.pdf,177,29,30,26 | 25 | 27 | 28,26 | 27,4,2,926,boundary_multiple_tables,26.—WESTERN AUSTRALIA.—PERSONS | 27.—TASMANIA.—MALES OF NON-,,,True,True,True,1,,False,
1911_census_volume_ii_part_viii_non_european_races,1911 Census - Volume II - Part VIII Non-European Races.pdf,data\raw\abs_1911_census\1911 Census - Volume II - Part VIII Non-European Races.pdf,177,30,31,26 | 25 | 27 | 28,26 | 27,4,2,927,boundary_multiple_tables,"Western Australia.—Persons of Non-European Race enumerated at the Census of 3rd April, 1911, Classified according to Race and Age | Tasmania.—Males of Non-European Race enumerated at the Census of 3rd April, 1911, Classified according to Race and Age",,,True,True,True,1,,False,
1911_census_volume_ii_part_viii_non_european_races,1911 Census - Volume II - Part VIII Non-European Races.pdf,data\raw\abs_1911_census\1911 Census - Volume II - Part VIII Non-European Races.pdf,177,31,32,28 | 27 | 29 | 30,28 | 29,4,2,928,boundary_multiple_tables,"28.—TASMANIA.—FEMALES OF NON-EUROPEAN RACE enumerated at the Census of 3rd April, 1911, Classified according to Race and Age | 29.—TASMANIA.—PERSONS OF NON-EUROPEAN RACE enumerated at the Census of 3rd April, 1911, Classified according to Race and Age",,,True,True,True,1,,False,
1911_census_volume_ii_part_viii_non_european_races,1911 Census - Volume II - Part VIII Non-European Races.pdf,data\raw\abs_1911_census\1911 Census - Volume II - Part VIII Non-European Races.pdf,177,32,33,28 | 27 | 29 | 30,30,4,1,929,starts,"Northern Territory.—Males of Non-European Race enumerated at the Census of 3rd April, 1911, Classified according to Race and Age",,,False,True,True,0.9,"The page contains two tables, but only the bottom one matches the candidate list for Northern Territory. The top table appears to be a continuation of a previous table not listed in the candidates.",False,
1911_census_volume_ii_part_viii_non_european_races,1911 Census - Volume II - Part VIII Non-European Races.pdf,data\raw\abs_1911_census\1911 Census - Volume II - Part VIII Non-European Races.pdf,177,33,34,30 | 29 | 31 | 32,30 | 31,4,2,930,boundary_multiple_tables,"30.—NORTHERN TERRITORY.—MALES OF Non-European Race enumerated at the Census of 3rd April, 1911, Classified according to Race and Age | 31.—NORTHERN TERRITORY.—FEMALES OF Non-European Race enumerated at the Census of 3rd April, 1911, Classified according to Race and Age",,,True,True,True,1,,False,
1911_census_volume_ii_part_viii_non_european_races,1911 Census - Volume II - Part VIII Non-European Races.pdf,data\raw\abs_1911_census\1911 Census - Volume II - Part VIII Non-European Races.pdf,177,34,35,30 | 29 | 31 | 32,32,4,1,931,starts,"Northern Territory.—Persons of Non-European Race enumerated at the Census of 3rd April, 1911, Classified according to Race and Age",,,True,True,True,0.9,"The page contains two distinct tables, but only one is explicitly listed in the candidate list for this page (Table 32). The top table appears to be the continuation/end of Table 30/31, but Table 32 starts on this page.",False,
1911_census_volume_ii_part_viii_non_european_races,1911 Census - Volume II - Part VIII Non-European Races.pdf,data\raw\abs_1911_census\1911 Census - Volume II - Part VIII Non-European Races.pdf,177,35,36,32 | 31 | 33 | 34,32 | 33,4,2,932,boundary_multiple_tables,"Northern Territory.—Persons of Non-European Race enumerated at the Census of 3rd April, 1911, Classified according to Race and Age | Federal Capital Territory.—Persons of Non-European Race enumerated at the Census of 3rd April, 1911, Classified according to Race, Age and Sex",,,True,True,True,1,,False,
1911_census_volume_ii_part_viii_non_european_races,1911 Census - Volume II - Part VIII Non-European Races.pdf,data\raw\abs_1911_census\1911 Census - Volume II - Part VIII Non-European Races.pdf,177,36,37,32 | 31 | 33 | 34,32 | 33,4,2,933,boundary_multiple_tables,"Northern Territory.—Persons of Non-European Race enumerated at the Census of 3rd April, 1911, Classified according to Race and Age | Federal Capital Territory.—Persons of Non-European Race enumerated at the Census of 3rd April, 1911, Classified according to Race, Age and Sex",,,True,True,True,1,,False,
1911_census_volume_ii_part_viii_non_european_races,1911 Census - Volume II - Part VIII Non-European Races.pdf,data\raw\abs_1911_census\1911 Census - Volume II - Part VIII Non-European Races.pdf,177,37,38,34 | 33 | 35,34,3,1,934,continues,"Commonwealth of Australia.—Males of Non-European Race enumerated at the Census of 3rd April, 1911, Classified according to Race, Nationality, Length of Residence, Education and Conjugal Condition",,,False,True,True,1,,False,
1911_census_volume_ii_part_viii_non_european_races,1911 Census - Volume II - Part VIII Non-European Races.pdf,data\raw\abs_1911_census\1911 Census - Volume II - Part VIII Non-European Races.pdf,177,38,39,34 | 33 | 35,35,3,1,935,starts,"Commonwealth of Australia.—Females of Non-European Race enumerated at the Census of 3rd April, 1911, Classified according to Race, Nationality, Length of Residence, Education and Conjugal Condition",,"Nationality, Length of Residence, Education and Conjugal Condition",False,True,True,1,,False,
1911_census_volume_ii_part_viii_non_european_races,1911 Census - Volume II - Part VIII Non-European Races.pdf,data\raw\abs_1911_census\1911 Census - Volume II - Part VIII Non-European Races.pdf,177,39,40,35 | 34 | 36,35,3,1,936,starts,35.—COMMONWEALTH OF AUSTRALIA.—FEMALES,,,False,True,True,1,,False,
1911_census_volume_ii_part_viii_non_european_races,1911 Census - Volume II - Part VIII Non-European Races.pdf,data\raw\abs_1911_census\1911 Census - Volume II - Part VIII Non-European Races.pdf,177,40,41,35 | 34 | 36,35,3,1,937,ends,,,"Nationality, Length of Residence, Education and Conjugal Condition",False,False,True,1,,False,
1911_census_volume_ii_part_viii_non_european_races,1911 Census - Volume II - Part VIII Non-European Races.pdf,data\raw\abs_1911_census\1911 Census - Volume II - Part VIII Non-European Races.pdf,177,41,42,36 | 35 | 37,36,3,1,938,ends,"Commonwealth of Australia.—Persons of Non-European Race enumerated at the Census of 3rd April, 1911, Classified according to Race, Nationality, Length of Residence, Education and Conjugal Condition",,,False,True,True,1,,False,
1911_census_volume_ii_part_viii_non_european_races,1911 Census - Volume II - Part VIII Non-European Races.pdf,data\raw\abs_1911_census\1911 Census - Volume II - Part VIII Non-European Races.pdf,177,42,43,36 | 35 | 37,37,3,1,939,starts,"Commonwealth of Australia.—Males of Non-European Race enumerated in the several States and Territories at the Census of 3rd April, 1911, Classified according to Nationality, Length of Residence, Education and Conjugal Condition",,,False,True,True,1,,False,
1911_census_volume_ii_part_viii_non_european_races,1911 Census - Volume II - Part VIII Non-European Races.pdf,data\raw\abs_1911_census\1911 Census - Volume II - Part VIII Non-European Races.pdf,177,43,44,37 | 36 | 38,37,3,1,940,continues,37.—COMMONWEALTH OF AUSTRALIA.—MALES OF NON-EUROPEAN,,,False,True,True,1,,False,
1911_census_volume_ii_part_viii_non_european_races,1911 Census - Volume II - Part VIII Non-European Races.pdf,data\raw\abs_1911_census\1911 Census - Volume II - Part VIII Non-European Races.pdf,177,44,45,37 | 36 | 38,38,3,1,941,starts,"Commonwealth of Australia.—Females of Non-European Race enumerated in the several States and Territories at the Census of 3rd April, 1911, Classified according to Nationality, Length of Residence, Education and Conjugal Condition",,RACE ENUMERATED IN THE SEVERAL STATES AND TERRITORIES,False,True,True,1,,False,
1911_census_volume_ii_part_viii_non_european_races,1911 Census - Volume II - Part VIII Non-European Races.pdf,data\raw\abs_1911_census\1911 Census - Volume II - Part VIII Non-European Races.pdf,177,45,46,38 | 37 | 39,38,3,1,942,complete_on_page,"38.—COMMONWEALTH OF AUSTRALIA.—FEMALES OF NON-EUROPEAN RACE enumerated in the several States and Territories at the Census of 3rd April, 1911, Classified according to Nationality, Length of Residence, Education and Conjugal Condition",,,False,True,True,1,,False,
1911_census_volume_ii_part_viii_non_european_races,1911 Census - Volume II - Part VIII Non-European Races.pdf,data\raw\abs_1911_census\1911 Census - Volume II - Part VIII Non-European Races.pdf,177,46,47,38 | 37 | 39,38,3,1,943,ends,"Commonwealth of Australia.—Females of Non-European Race enumerated in the several States and Territories at the Census of 3rd April, 1911, Classified according to Nationality, Length of Residence, Education and Conjugal Condition",,"Length of Residence, Education and Conjugal Condition",False,True,True,1,,False,
1911_census_volume_ii_part_viii_non_european_races,1911 Census - Volume II - Part VIII Non-European Races.pdf,data\raw\abs_1911_census\1911 Census - Volume II - Part VIII Non-European Races.pdf,177,47,48,39 | 38 | 40,39,3,1,944,ends,"Commonwealth of Australia.—Persons of Non-European Race enumerated in the several States and Territories at the Census of 3rd April, 1911, Classified according to Nationality, Length of Residence, Education and Conjugal Condition",,,False,True,True,1,,False,
1911_census_volume_ii_part_viii_non_european_races,1911 Census - Volume II - Part VIII Non-European Races.pdf,data\raw\abs_1911_census\1911 Census - Volume II - Part VIII Non-European Races.pdf,177,48,49,39 | 38 | 40,39,3,1,945,ends,"Commonwealth of Australia.—Persons of Non-European Race enumerated in the several States and Territories at the Census of 3rd April, 1911, Classified according to Nationality, Length of Residence, Education and Conjugal Condition",,RACE ENUMERATED IN THE SEVERAL STATES AND TERRITORIES,False,True,True,1,,False,
1911_census_volume_ii_part_viii_non_european_races,1911 Census - Volume II - Part VIII Non-European Races.pdf,data\raw\abs_1911_census\1911 Census - Volume II - Part VIII Non-European Races.pdf,177,49,50,40 | 39 | 41 | 42,40 | 41,4,2,946,boundary_multiple_tables,"40.—NEW SOUTH WALES.—MALES OF At the Census of 3rd April, 1911, Classified according to Race, Nationality, (Exclusive of Full- | 41.—NEW SOUTH WALES.—FEMALES OF At the Census of 3rd April, 1911, Classified according to Race, (Exclusive of Full-",,,True,True,True,1,,False,
1911_census_volume_ii_part_viii_non_european_races,1911 Census - Volume II - Part VIII Non-European Races.pdf,data\raw\abs_1911_census\1911 Census - Volume II - Part VIII Non-European Races.pdf,177,50,51,40 | 39 | 41 | 42,42,4,1,947,starts,"New South Wales.—Persons of Non-European Race enumerated at the Census of 3rd April, 1911, Classified according to Race, Nationality, Length of Residence, Education and Conjugal Condition",,NON-EUROPEAN RACE ENUMERATED,False,True,True,0.95,,False,
1911_census_volume_ii_part_viii_non_european_races,1911 Census - Volume II - Part VIII Non-European Races.pdf,data\raw\abs_1911_census\1911 Census - Volume II - Part VIII Non-European Races.pdf,177,51,52,42 | 41 | 43,41 | 42,3,2,948,boundary_multiple_tables,41.—NEW SOUTH WALES.—FEMALES OF | 42.—NEW SOUTH WALES.—PERSONS OF,,,True,True,True,1,,False,
1911_census_volume_ii_part_viii_non_european_races,1911 Census - Volume II - Part VIII Non-European Races.pdf,data\raw\abs_1911_census\1911 Census - Volume II - Part VIII Non-European Races.pdf,177,52,53,42 | 41 | 43,43,3,1,949,starts,"Victoria.—Males of Non-European Race enumerated at the Census of 3rd April, 1911, Classified according to Race, Nationality, Length of Residence, Education and Conjugal Condition",,NON-EUROPEAN RACE ENUMERATED,False,True,True,0.9,The page contains the end of a previous table (likely 42) and the start of table 43. Only table 43 is explicitly requested for this page range.,False,
1911_census_volume_ii_part_viii_non_european_races,1911 Census - Volume II - Part VIII Non-European Races.pdf,data\raw\abs_1911_census\1911 Census - Volume II - Part VIII Non-European Races.pdf,177,53,54,43 | 42 | 44 | 45,43 | 44,4,2,950,boundary_multiple_tables,"43.—VICTORIA.—MALES OF NON-EUROPEAN RACE enumerated at the Census of 3rd April, 1911, Classified according to Race, Nationality, Length of Residence, Education and Conjugal Condition | 44.—VICTORIA.—FEMALES OF NON-EUROPEAN RACE enumerated at the Census of 3rd April, 1911, Classified according to Race, Nationality, Length of Residence, Education and Conjugal Condition",,,True,True,True,1,,False,
1911_census_volume_ii_part_viii_non_european_races,1911 Census - Volume II - Part VIII Non-European Races.pdf,data\raw\abs_1911_census\1911 Census - Volume II - Part VIII Non-European Races.pdf,177,54,55,43 | 42 | 44 | 45,45,4,1,951,starts,"Victoria.—Persons of Non-European Race enumerated at the Census of 3rd April, 1911, Classified according to Race, Nationality, Length of Residence, Education and Conjugal Condition",,,False,True,True,1,,False,
1911_census_volume_ii_part_viii_non_european_races,1911 Census - Volume II - Part VIII Non-European Races.pdf,data\raw\abs_1911_census\1911 Census - Volume II - Part VIII Non-European Races.pdf,177,55,56,45 | 44 | 46,44 | 45,3,2,952,boundary_multiple_tables,44.—VICTORIA.—FEMALES OF NON- | 45.—VICTORIA.—PERSONS OF NON-,,,True,True,True,1,,False,
1911_census_volume_ii_part_viii_non_european_races,1911 Census - Volume II - Part VIII Non-European Races.pdf,data\raw\abs_1911_census\1911 Census - Volume II - Part VIII Non-European Races.pdf,177,56,57,45 | 44 | 46,,3,0,953,non_table,,,EUROPEAN RACE ENUMERATED,False,False,True,1,"The page contains tables related to European race, which are not among the candidate tables provided for Non-European races.",False,
1911_census_volume_ii_part_viii_non_european_races,1911 Census - Volume II - Part VIII Non-European Races.pdf,data\raw\abs_1911_census\1911 Census - Volume II - Part VIII Non-European Races.pdf,177,57,58,46 | 45 | 47 | 48,46 | 47,4,2,954,boundary_multiple_tables,"46.—QUEENSLAND.—MALES OF NON-EUROPEAN RACE enumerated at the Census of 3rd April, 1911, Classified according to Race, Nationality, Length of Residence, Education and Conjugal Condition | 47.—QUEENSLAND.—FEMALES OF NON-EUROPEAN RACE enumerated at the Census of 3rd April, 1911, Classified according to Race, Nationality, Length of Residence, Education and Conjugal Condition",,,True,True,True,1,,False,
1911_census_volume_ii_part_viii_non_european_races,1911 Census - Volume II - Part VIII Non-European Races.pdf,data\raw\abs_1911_census\1911 Census - Volume II - Part VIII Non-European Races.pdf,177,58,59,46 | 45 | 47 | 48,48,4,1,955,starts,"Queensland.—Persons of Non-European Race enumerated at the Census of 3rd April, 1911, Classified according to Race, Nationality, Length of Residence, Education and Conjugal Condition",,,False,True,True,0.9,"The page content shows the start of Table 48, but the header text in the document refers to 'European Race' which appears to be a misprint or truncation in the source document for the Queensland Non-European table.",False,
1911_census_volume_ii_part_viii_non_european_races,1911 Census - Volume II - Part VIII Non-European Races.pdf,data\raw\abs_1911_census\1911 Census - Volume II - Part VIII Non-European Races.pdf,177,59,60,48 | 47 | 49,47 | 48,3,2,956,boundary_multiple_tables,"Queensland.—Females of Non-European Race enumerated at the Census of 3rd April, 1911, Classified according to Race, Nationality, Length of Residence, Education and Conjugal Condition | Queensland.—Persons of Non-European Race enumerated at the Census of 3rd April, 1911, Classified according to Race, Nationality, Length of Residence, Education and Conjugal Condition",,,True,True,True,1,,False,
1911_census_volume_ii_part_viii_non_european_races,1911 Census - Volume II - Part VIII Non-European Races.pdf,data\raw\abs_1911_census\1911 Census - Volume II - Part VIII Non-European Races.pdf,177,60,61,48 | 47 | 49,49,3,1,957,starts,"South Australia.—Males of Non-European Race enumerated at the Census of 3rd April, 1911, Classified according to Race, Nationality, Length of Residence, Education and Conjugal Condition",,,False,True,True,0.9,,False,
1911_census_volume_ii_part_viii_non_european_races,1911 Census - Volume II - Part VIII Non-European Races.pdf,data\raw\abs_1911_census\1911 Census - Volume II - Part VIII Non-European Races.pdf,177,61,62,49 | 48 | 50 | 51,49 | 50,4,2,958,boundary_multiple_tables,"49.—SOUTH AUSTRALIA.—MALES OF At the Census of 3rd April, 1911, Classified according to Race, (Exclusive of Full- | 50.—SOUTH AUSTRALIA.—FEMALES OF At the Census of 3rd April, 1911, Classified according to Race, (Exclusive of Full-",,,True,True,True,1,,False,
1911_census_volume_ii_part_viii_non_european_races,1911 Census - Volume II - Part VIII Non-European Races.pdf,data\raw\abs_1911_census\1911 Census - Volume II - Part VIII Non-European Races.pdf,177,62,63,49 | 48 | 50 | 51,51,4,1,959,starts,"South Australia.—Persons of Non-European Race enumerated at the Census of 3rd April, 1911, Classified according to Race, Nationality, Length of Residence, Education and Conjugal Condition",,,False,True,True,1,,False,
1911_census_volume_ii_part_viii_non_european_races,1911 Census - Volume II - Part VIII Non-European Races.pdf,data\raw\abs_1911_census\1911 Census - Volume II - Part VIII Non-European Races.pdf,177,63,64,51 | 50 | 52,50 | 51,3,2,960,boundary_multiple_tables,50.—SOUTH AUSTRALIA.—FEMALES OF | 51.—SOUTH AUSTRALIA.—PERSONS OF,,,True,True,True,1,,False,
1911_census_volume_ii_part_viii_non_european_races,1911 Census - Volume II - Part VIII Non-European Races.pdf,data\raw\abs_1911_census\1911 Census - Volume II - Part VIII Non-European Races.pdf,177,64,65,51 | 50 | 52,51 | 52,3,2,961,boundary_multiple_tables,"South Australia.—Persons of Non-European Race enumerated at the Census of 3rd April, 1911, Classified according to Race, Nationality, Length of Residence, Education and Conjugal Condition | Western Australia.—Males of Non-European Race enumerated at the Census of 3rd April, 1911, Classified according to Race, Nationality, Length of Residence, Education and Conjugal Condition",,,True,True,True,1,,False,
1911_census_volume_ii_part_viii_non_european_races,1911 Census - Volume II - Part VIII Non-European Races.pdf,data\raw\abs_1911_census\1911 Census - Volume II - Part VIII Non-European Races.pdf,177,65,66,52 | 51 | 53 | 54,52 | 53,4,2,962,boundary_multiple_tables,"52.—Western Australia.—Males of Non-European Race enumerated at the Census of 3rd April, 1911, Classified according to Race, Nationality, Length of Residence, Education and Conjugal Condition | 53.—Western Australia.—Females of Non-European Race enumerated at the Census of 3rd April, 1911, Classified according to Race, Nationality, Length of Residence, Education and Conjugal Condition",,,True,True,True,1,,False,
1911_census_volume_ii_part_viii_non_european_races,1911 Census - Volume II - Part VIII Non-European Races.pdf,data\raw\abs_1911_census\1911 Census - Volume II - Part VIII Non-European Races.pdf,177,66,67,52 | 51 | 53 | 54,54,4,1,963,starts,"Western Australia.—Persons of Non-European Race enumerated at the Census of 3rd April, 1911, Classified according to Race, Nationality, Length of Residence, Education and Conjugal Condition",,,False,True,True,1,,False,
1911_census_volume_ii_part_viii_non_european_races,1911 Census - Volume II - Part VIII Non-European Races.pdf,data\raw\abs_1911_census\1911 Census - Volume II - Part VIII Non-European Races.pdf,177,67,68,54 | 53 | 55,53 | 54,3,2,964,boundary_multiple_tables,53.—WESTERN AUSTRALIA.—FEMALES OF | 54.—WESTERN AUSTRALIA.—PERSONS OF,,,True,True,True,1,,False,
1911_census_volume_ii_part_viii_non_european_races,1911 Census - Volume II - Part VIII Non-European Races.pdf,data\raw\abs_1911_census\1911 Census - Volume II - Part VIII Non-European Races.pdf,177,68,69,54 | 53 | 55,55,3,1,965,starts,"Tasmania.—Males of Non-European Race enumerated at the Census of 3rd April, 1911, Classified according to Race, Nationality, Length of Residence, Education and Conjugal Condition",,,False,True,True,0.9,"The page contains the end of a previous table (likely Table 54) and the start of Table 55. Table 54 is not listed as a candidate for this page, so only Table 55 is matched.",False,
1911_census_volume_ii_part_viii_non_european_races,1911 Census - Volume II - Part VIII Non-European Races.pdf,data\raw\abs_1911_census\1911 Census - Volume II - Part VIII Non-European Races.pdf,177,69,70,55 | 54 | 56 | 57,55 | 56,4,2,966,boundary_multiple_tables,"55.—TASMANIA.—MALES OF NON-EUROPEAN RACE enumerated at the Census of 3rd April, 1911, Classified according to Race, Nationality, Length of Residence, Education and Conjugal Condition | 56.—TASMANIA.—FEMALES OF NON-EUROPEAN RACE enumerated at the Census of 3rd April, 1911, Classified according to Race, Nationality, Length of Residence, Education and Conjugal Condition",,,True,True,True,1,,False,
1911_census_volume_ii_part_viii_non_european_races,1911 Census - Volume II - Part VIII Non-European Races.pdf,data\raw\abs_1911_census\1911 Census - Volume II - Part VIII Non-European Races.pdf,177,70,71,55 | 54 | 56 | 57,57,4,1,967,starts,"Tasmania.—Persons of Non-European Race enumerated at the Census of 3rd April, 1911, Classified according to Race, Nationality, Length of Residence, Education and Conjugal Condition",,,False,True,True,0.9,"The page content appears to be a continuation of a table from a previous page or a specific subset of Table 57, but the header matches the start of Table 57.",False,
1911_census_volume_ii_part_viii_non_european_races,1911 Census - Volume II - Part VIII Non-European Races.pdf,data\raw\abs_1911_census\1911 Census - Volume II - Part VIII Non-European Races.pdf,177,71,72,57 | 56 | 58 | 59,57 | 58,4,2,968,boundary_multiple_tables,"57.—TASMANIA.—PERSONS OF NON-EUROPEAN RACE enumerated at the Census of 3rd April, 1911, Classified according to Race, Nationality, Length of Residence, Education and Conjugal Condition | 58.—NORTHERN TERRITORY.—MALES OF NON-EUROPEAN RACE enumerated at the Census of 3rd April, 1911, Classified according to Race, Nationality, Length of Residence, Education and Conjugal Condition",,,True,True,True,1,,False,
1911_census_volume_ii_part_viii_non_european_races,1911 Census - Volume II - Part VIII Non-European Races.pdf,data\raw\abs_1911_census\1911 Census - Volume II - Part VIII Non-European Races.pdf,177,72,73,57 | 56 | 58 | 59,58 | 59,4,2,969,boundary_multiple_tables,"Northern Territory.—Males of Non-European Race enumerated at the Census of 3rd April, 1911, Classified according to Race, Nationality, Length of Residence, Education and Conjugal Condition | Northern Territory.—Females of Non-European Race enumerated at the Census of 3rd April, 1911, Classified according to Race, Nationality, Length of Residence, Education and Conjugal Condition",,,True,True,True,1,,False,
1911_census_volume_ii_part_viii_non_european_races,1911 Census - Volume II - Part VIII Non-European Races.pdf,data\raw\abs_1911_census\1911 Census - Volume II - Part VIII Non-European Races.pdf,177,73,74,59 | 58 | 60 | 61,59 | 60,4,2,970,boundary_multiple_tables,"59.—NORTHERN TERRITORY.—FEMALES OF Non-European Race enumerated at the Census of 3rd April, 1911, Classified according to Race, Nationality, Length of Residence, Education and Conjugal Condition | 60.—NORTHERN TERRITORY.—PERSONS OF Non-European Race enumerated at the Census of 3rd April, 1911, Classified according to Race, Nationality, Length of Residence, Education and Conjugal Condition",,,True,True,True,1,,False,
1911_census_volume_ii_part_viii_non_european_races,1911 Census - Volume II - Part VIII Non-European Races.pdf,data\raw\abs_1911_census\1911 Census - Volume II - Part VIII Non-European Races.pdf,177,74,75,59 | 58 | 60 | 61,59 | 60,4,2,971,boundary_multiple_tables,"Northern Territory.—Females of Non-European Race enumerated at the Census of 3rd April, 1911, Classified according to Race, Nationality, Length of Residence, Education and Conjugal Condition | Northern Territory.—Persons of Non-European Race enumerated at the Census of 3rd April, 1911, Classified according to Race, Nationality, Length of Residence, Education and Conjugal Condition",,,True,True,True,1,,False,
1911_census_volume_ii_part_viii_non_european_races,1911 Census - Volume II - Part VIII Non-European Races.pdf,data\raw\abs_1911_census\1911 Census - Volume II - Part VIII Non-European Races.pdf,177,75,76,61 | 60 | 62,61,3,1,972,complete_on_page,"Federal Capital Territory.—Persons of Non-European Race enumerated at the Census of 3rd April, 1911, Classified according to Race, Nationality, Length of Residence, Education, Conjugal Condition and Sex",,,False,True,True,1,,False,
1911_census_volume_ii_part_viii_non_european_races,1911 Census - Volume II - Part VIII Non-European Races.pdf,data\raw\abs_1911_census\1911 Census - Volume II - Part VIII Non-European Races.pdf,177,76,77,61 | 60 | 62,61,3,1,973,ends,"Federal Capital Territory.—Persons of Non-European Race enumerated at the Census of 3rd April, 1911, Classified according to Race, Nationality, Length of Residence, Education, Conjugal Condition and Sex",,NON-EUROPEAN RACE ENUMERATED,False,True,True,1,,False,
1911_census_volume_ii_part_viii_non_european_races,1911 Census - Volume II - Part VIII Non-European Races.pdf,data\raw\abs_1911_census\1911 Census - Volume II - Part VIII Non-European Races.pdf,177,77,78,62 | 61 | 63,62,3,1,974,continues,"Commonwealth of Australia.—Males of Non-European Race enumerated at the Census of 3rd April, 1911, Classified according to Birthplace and Race",,,False,True,True,1,,False,
1911_census_volume_ii_part_viii_non_european_races,1911 Census - Volume II - Part VIII Non-European Races.pdf,data\raw\abs_1911_census\1911 Census - Volume II - Part VIII Non-European Races.pdf,177,78,79,62 | 61 | 63,63,3,1,975,starts,"Commonwealth of Australia—Females of Non-European Race enumerated at the Census of 3rd April, 1911, Classified according to Birthplace and Race",,,False,True,True,1,,False,
1911_census_volume_ii_part_viii_non_european_races,1911 Census - Volume II - Part VIII Non-European Races.pdf,data\raw\abs_1911_census\1911 Census - Volume II - Part VIII Non-European Races.pdf,177,79,80,63 | 62 | 64,63,3,1,976,ends,"63.—COMMONWEALTH OF AUSTRALIA.—FEMALES At the Census of 3rd April, 1911, Classified (Exclusive of Full-blood.)",,,False,True,True,1,,False,
1911_census_volume_ii_part_viii_non_european_races,1911 Census - Volume II - Part VIII Non-European Races.pdf,data\raw\abs_1911_census\1911 Census - Volume II - Part VIII Non-European Races.pdf,177,80,81,63 | 62 | 64,64,3,1,977,starts,"Commonwealth of Australia.—Persons of Non-European Race enumerated at the Census of 3rd April, 1911, Classified according to Birthplace and Race",,,False,True,True,1,,False,
1911_census_volume_ii_part_viii_non_european_races,1911 Census - Volume II - Part VIII Non-European Races.pdf,data\raw\abs_1911_census\1911 Census - Volume II - Part VIII Non-European Races.pdf,177,81,82,64 | 63 | 65,64,3,1,978,complete_on_page,"64.—COMMONWEALTH OF AUSTRALIA.—PERSONS of Non-European Race enumerated at the Census of 3rd April, 1911, Classified according to Birthplace and Race",,,False,True,True,1,,False,
1911_census_volume_ii_part_viii_non_european_races,1911 Census - Volume II - Part VIII Non-European Races.pdf,data\raw\abs_1911_census\1911 Census - Volume II - Part VIII Non-European Races.pdf,177,82,83,64 | 63 | 65,65,3,1,979,complete_on_page,"Commonwealth of Australia.—Full-blood Males of Non-European Race enumerated in the several States and Territories at the Census of 3rd April, 1911, Classified according to Birthplace",,,False,True,True,0.9,,False,
1911_census_volume_ii_part_viii_non_european_races,1911 Census - Volume II - Part VIII Non-European Races.pdf,data\raw\abs_1911_census\1911 Census - Volume II - Part VIII Non-European Races.pdf,177,83,84,65 | 64 | 66,65,3,1,980,complete_on_page,65.—COMMONWEALTH OF AUSTRALIA.—FULL-BLOOD MALES OF NON-EUROPEAN RACE ENUMERATED IN THE SEVERAL STATES AND TERRITORIES,,,False,True,True,1,,False,
1911_census_volume_ii_part_viii_non_european_races,1911 Census - Volume II - Part VIII Non-European Races.pdf,data\raw\abs_1911_census\1911 Census - Volume II - Part VIII Non-European Races.pdf,177,84,85,66 | 65 | 67,65 | 66,3,2,981,boundary_multiple_tables,"Commonwealth of Australia.—Full-blood Males of Non-European Race enumerated in the several States and Territories at the Census of 3rd April, 1911, Classified according to Birthplace | Commonwealth of Australia.—Half-caste Males of Non-European Race enumerated in the several States and Territories at the Census of 3rd April, 1911, Classified according to Birthplace",,,True,True,True,1,,False,
1911_census_volume_ii_part_viii_non_european_races,1911 Census - Volume II - Part VIII Non-European Races.pdf,data\raw\abs_1911_census\1911 Census - Volume II - Part VIII Non-European Races.pdf,177,85,86,67 | 66 | 68,66 | 67,3,2,982,boundary_multiple_tables,"Commonwealth of Australia.—Half-caste Males of Non-European Race—continued. | Commonwealth of Australia.—Full-blood and Half-caste Males of Non-European Race enumerated in the several States and Territories at the Census of 3rd April, 1911, Classified according to Birthplace",,,True,True,True,1,,False,
1911_census_volume_ii_part_viii_non_european_races,1911 Census - Volume II - Part VIII Non-European Races.pdf,data\raw\abs_1911_census\1911 Census - Volume II - Part VIII Non-European Races.pdf,177,86,87,67 | 66 | 68,67,3,1,983,ends,67.—COMMONWEALTH OF AUSTRALIA.—FULL-BLOOD AND HALF-CASTE MALES OF NON-EUROPEAN RACE—continued,,,False,True,True,1,,False,
1911_census_volume_ii_part_viii_non_european_races,1911 Census - Volume II - Part VIII Non-European Races.pdf,data\raw\abs_1911_census\1911 Census - Volume II - Part VIII Non-European Races.pdf,177,87,88,68 | 67 | 69,68,3,1,984,complete_on_page,"Commonwealth of Australia.—Full-blood Females of Non-European Race enumerated in the several States and Territories at the Census of 3rd April, 1911, Classified according to Birthplace",,,False,True,True,1,,False,
1911_census_volume_ii_part_viii_non_european_races,1911 Census - Volume II - Part VIII Non-European Races.pdf,data\raw\abs_1911_census\1911 Census - Volume II - Part VIII Non-European Races.pdf,177,88,89,69 | 68 | 70,69,3,1,985,complete_on_page,"69.—COMMONWEALTH OF AUSTRALIA.—HALF-CASTE FEMALES OF NON-EUROPEAN RACE ENUMERATED IN THE SEVERAL STATES AND TERRITORIES At the Census of 3rd April, 1911, Classified according to Birthplace.",,,False,True,True,1,,False,
1911_census_volume_ii_part_viii_non_european_races,1911 Census - Volume II - Part VIII Non-European Races.pdf,data\raw\abs_1911_census\1911 Census - Volume II - Part VIII Non-European Races.pdf,177,89,90,70 | 69 | 71,70,3,1,986,complete_on_page,"Commonwealth of Australia.—Full-blood and Half-caste Females of Non-European Race enumerated in the several States and Territories at the Census of 3rd April, 1911, Classified according to Birthplace",,,False,True,True,1,,False,
1911_census_volume_ii_part_viii_non_european_races,1911 Census - Volume II - Part VIII Non-European Races.pdf,data\raw\abs_1911_census\1911 Census - Volume II - Part VIII Non-European Races.pdf,177,90,91,71 | 70 | 72,71,3,1,987,complete_on_page,"Commonwealth of Australia.—Full-blood Persons of Non-European Race enumerated in the several States and Territories at the Census of 3rd April, 1911, Classified according to Birthplace",,,False,True,True,1,,False,
1911_census_volume_ii_part_viii_non_european_races,1911 Census - Volume II - Part VIII Non-European Races.pdf,data\raw\abs_1911_census\1911 Census - Volume II - Part VIII Non-European Races.pdf,177,91,92,72 | 71 | 73,72,3,1,988,complete_on_page,"Commonwealth of Australia.—Half-caste Persons of Non-European Race enumerated in the several States and Territories at the Census of 3rd April, 1911, Classified according to Birthplace",,,False,True,True,1,,False,
1911_census_volume_ii_part_viii_non_european_races,1911 Census - Volume II - Part VIII Non-European Races.pdf,data\raw\abs_1911_census\1911 Census - Volume II - Part VIII Non-European Races.pdf,177,92,93,73 | 72 | 74,73,3,1,989,complete_on_page,"Commonwealth of Australia.—Full-blood and Half-caste Persons of Non-European Race, enumerated in the several States and Territories at the Census of 3rd April, 1911, Classified according to Birthplace",,,False,True,True,1,,False,
1911_census_volume_ii_part_viii_non_european_races,1911 Census - Volume II - Part VIII Non-European Races.pdf,data\raw\abs_1911_census\1911 Census - Volume II - Part VIII Non-European Races.pdf,177,93,94,74 | 73 | 75,74,3,1,990,continues,"74.—NEW SOUTH WALES.—MALES OF Non-European Race enumerated at the Census of 3rd April, 1911, Classified according to Birthplace, and Race",,,False,True,True,1,,False,
1911_census_volume_ii_part_viii_non_european_races,1911 Census - Volume II - Part VIII Non-European Races.pdf,data\raw\abs_1911_census\1911 Census - Volume II - Part VIII Non-European Races.pdf,177,94,95,74 | 73 | 75,,3,0,991,non_table,,,NON-EUROPEAN RACE ENUMERATED,False,True,True,0.9,"The table on this page appears to be a continuation of a table not listed in the candidate list (likely Table 72 or similar, as it shows Half-caste data for the Commonwealth).",False,
1911_census_volume_ii_part_viii_non_european_races,1911 Census - Volume II - Part VIII Non-European Races.pdf,data\raw\abs_1911_census\1911 Census - Volume II - Part VIII Non-European Races.pdf,177,95,96,75 | 74 | 76,75,3,1,992,complete_on_page,"75.—NEW SOUTH WALES.—FEMALES OF Non-European Race enumerated at the Census of 3rd April, 1911, Classified according to Birthplace and Race",,,False,True,True,1,,False,
1911_census_volume_ii_part_viii_non_european_races,1911 Census - Volume II - Part VIII Non-European Races.pdf,data\raw\abs_1911_census\1911 Census - Volume II - Part VIII Non-European Races.pdf,177,96,97,75 | 74 | 76,76,3,1,993,starts,"Victoria.—Males of Non-European Race enumerated at the Census of 3rd April, 1911, Classified according to Birthplace and Race",,,False,True,True,0.9,"The table title is not explicitly printed on the page, but the content matches the start of Table 76.",False,
1911_census_volume_ii_part_viii_non_european_races,1911 Census - Volume II - Part VIII Non-European Races.pdf,data\raw\abs_1911_census\1911 Census - Volume II - Part VIII Non-European Races.pdf,177,97,98,76 | 75 | 77,76,3,1,994,complete_on_page,"Victoria.—Males of Non-European Race enumerated at the Census of 3rd April, 1911, Classified according to Birthplace and Race",,,False,True,True,1,,False,
1911_census_volume_ii_part_viii_non_european_races,1911 Census - Volume II - Part VIII Non-European Races.pdf,data\raw\abs_1911_census\1911 Census - Volume II - Part VIII Non-European Races.pdf,177,98,99,76 | 75 | 77,77,3,1,995,starts,"Victoria.—Females of Non-European Race enumerated at the Census of 3rd April, 1911, Classified according to Birthplace and Race",,,False,True,True,0.9,"The page content appears to be a continuation of a table from a previous page, but the header matches the start of Table 77.",False,
1911_census_volume_ii_part_viii_non_european_races,1911 Census - Volume II - Part VIII Non-European Races.pdf,data\raw\abs_1911_census\1911 Census - Volume II - Part VIII Non-European Races.pdf,177,99,100,77 | 76 | 78,77,3,1,996,complete_on_page,"77.—VICTORIA.—FEMALES OF NON-EUROPEAN RACE enumerated at the Census of 3rd April, 1911, Classified according to Birthplace and Race",,,False,True,True,1,,False,
1911_census_volume_ii_part_viii_non_european_races,1911 Census - Volume II - Part VIII Non-European Races.pdf,data\raw\abs_1911_census\1911 Census - Volume II - Part VIII Non-European Races.pdf,177,100,101,77 | 76 | 78,,3,0,997,non_table,,,EUROPEAN RACE ENUMERATED,False,False,True,0.9,"The page content does not match the provided candidate table titles or numbers. The page appears to be a continuation of a table regarding 'Half-caste' populations, which is not listed in the candidates.",False,
1911_census_volume_ii_part_viii_non_european_races,1911 Census - Volume II - Part VIII Non-European Races.pdf,data\raw\abs_1911_census\1911 Census - Volume II - Part VIII Non-European Races.pdf,177,101,102,78 | 77 | 79,78,3,1,998,complete_on_page,"Queensland.—Males of Non-European Race enumerated at the Census of 3rd April, 1911, Classified according to Birthplace and Race",,,False,True,True,1,,False,
1911_census_volume_ii_part_viii_non_european_races,1911 Census - Volume II - Part VIII Non-European Races.pdf,data\raw\abs_1911_census\1911 Census - Volume II - Part VIII Non-European Races.pdf,177,102,103,78 | 77 | 79,,3,0,999,non_table,,,EUROPEAN RACE ENUMERATED,False,False,False,1,"The page content does not match any of the provided candidate tables (77, 78, 79). It appears to be a table related to 'Half-Caste' populations, which is not in the candidate list.",False,
1911_census_volume_ii_part_viii_non_european_races,1911 Census - Volume II - Part VIII Non-European Races.pdf,data\raw\abs_1911_census\1911 Census - Volume II - Part VIII Non-European Races.pdf,177,103,104,79 | 78 | 80,79,3,1,1000,ends,"Queensland.—Females of Non-European Race enumerated at the Census of 3rd April, 1911, Classified according to Birthplace and Race",,,False,True,True,1,,False,
1911_census_volume_ii_part_viii_non_european_races,1911 Census - Volume II - Part VIII Non-European Races.pdf,data\raw\abs_1911_census\1911 Census - Volume II - Part VIII Non-European Races.pdf,177,104,105,79 | 78 | 80,,3,0,1001,non_table,,,EUROPEAN RACE ENUMERATED,False,False,False,1,"The page content does not match any of the provided candidate tables (78, 79, 80). The page appears to be a continuation of a table regarding European/Aboriginal race classification, not the Non-European race tables listed.",False,
1911_census_volume_ii_part_viii_non_european_races,1911 Census - Volume II - Part VIII Non-European Races.pdf,data\raw\abs_1911_census\1911 Census - Volume II - Part VIII Non-European Races.pdf,177,105,106,80 | 79 | 81,80,3,1,1002,complete_on_page,"South Australia.—Males of Non-European Race enumerated at the Census of 3rd April, 1911, Classified according to Birthplace and Race",,,False,True,True,1,,False,
1911_census_volume_ii_part_viii_non_european_races,1911 Census - Volume II - Part VIII Non-European Races.pdf,data\raw\abs_1911_census\1911 Census - Volume II - Part VIII Non-European Races.pdf,177,106,107,84 | 83 | 85,84,3,1,1003,complete_on_page,"Tasmania.—Males of Non-European Race enumerated at the Census of 3rd April, 1911, Classified according to Birthplace and Race",,,False,True,True,1,,False,
1911_census_volume_ii_part_viii_non_european_races,1911 Census - Volume II - Part VIII Non-European Races.pdf,data\raw\abs_1911_census\1911 Census - Volume II - Part VIII Non-European Races.pdf,177,107,108,81 | 80 | 82,81,3,1,1004,ends,"81.—SOUTH AUSTRALIA.—FEMALES OF Non-European Race enumerated at the Census of 3rd April, 1911, Classified according to Birthplace and Race",,,False,True,True,1,,False,
1911_census_volume_ii_part_viii_non_european_races,1911 Census - Volume II - Part VIII Non-European Races.pdf,data\raw\abs_1911_census\1911 Census - Volume II - Part VIII Non-European Races.pdf,177,108,109,81 | 80 | 82,82,3,1,1005,starts,"Western Australia.—Males of Non-European Race enumerated at the Census of 3rd April, 1911, Classified according to Birthplace and Race",,,False,True,True,0.9,"The table title is not explicitly printed on the page, but the content matches the start of Table 82.",False,
1911_census_volume_ii_part_viii_non_european_races,1911 Census - Volume II - Part VIII Non-European Races.pdf,data\raw\abs_1911_census\1911 Census - Volume II - Part VIII Non-European Races.pdf,177,109,110,82 | 81 | 83,82,3,1,1006,continues,"Western Australia.—Males of Non-European Race enumerated at the Census of 3rd April, 1911, Classified according to Birthplace and Race",,,False,True,True,1,,False,
1911_census_volume_ii_part_viii_non_european_races,1911 Census - Volume II - Part VIII Non-European Races.pdf,data\raw\abs_1911_census\1911 Census - Volume II - Part VIII Non-European Races.pdf,177,110,111,82 | 81 | 83,83,3,1,1007,starts,"Western Australia.—Females of Non-European Race enumerated at the Census of 3rd April, 1911, Classified according to Birthplace and Race",,,False,True,True,1,,False,
1911_census_volume_ii_part_viii_non_european_races,1911 Census - Volume II - Part VIII Non-European Races.pdf,data\raw\abs_1911_census\1911 Census - Volume II - Part VIII Non-European Races.pdf,177,111,112,83 | 82 | 84,83 | 84,3,2,1008,boundary_multiple_tables,"83.—Western Australia.—Females of Non-European Race enumerated at the Census of 3rd April, 1911, Classified according to Birthplace and Race | 84.—Tasmania.—Males of Non-European Race enumerated at the Census of 3rd April, 1911, Classified according to Birthplace and Race",,,True,True,True,1,,False,
1911_census_volume_ii_part_viii_non_european_races,1911 Census - Volume II - Part VIII Non-European Races.pdf,data\raw\abs_1911_census\1911 Census - Volume II - Part VIII Non-European Races.pdf,177,112,113,83 | 82 | 84,,3,0,1009,non_table,,,NON-EUROPEAN RACE ENUMERATED,False,True,True,0.9,"The page contains tables related to Aboriginal and half-caste populations, but these do not match the provided candidate table numbers (82, 83, 84) which are specific to Western Australia and Tasmania.",False,
1911_census_volume_ii_part_viii_non_european_races,1911 Census - Volume II - Part VIII Non-European Races.pdf,data\raw\abs_1911_census\1911 Census - Volume II - Part VIII Non-European Races.pdf,177,113,114,85 | 84 | 86 | 87,85 | 86,4,2,1010,boundary_multiple_tables,"85.—TASMANIA.—FEMALES OF NON-EUROPEAN RACE enumerated at the Census of 3rd April, 1911, Classified according to Birthplace and Race | 86.—NORTHERN TERRITORY.—MALES OF NON-EUROPEAN RACE enumerated at the Census of 3rd April, 1911, Classified according to Birthplace and Race",,,True,True,True,1,,False,
1911_census_volume_ii_part_viii_non_european_races,1911 Census - Volume II - Part VIII Non-European Races.pdf,data\raw\abs_1911_census\1911 Census - Volume II - Part VIII Non-European Races.pdf,177,114,115,85 | 84 | 86 | 87,87,4,1,1011,starts,"Northern Territory.—Females of Non-European Race enumerated at the Census of 3rd April, 1911, Classified according to Birthplace and Race",,,False,True,True,0.9,"The page contains two tables, but only the bottom one corresponds to the candidate table 87. The top table appears to be a continuation of a previous table not listed in the candidates.",False,
1911_census_volume_ii_part_viii_non_european_races,1911 Census - Volume II - Part VIII Non-European Races.pdf,data\raw\abs_1911_census\1911 Census - Volume II - Part VIII Non-European Races.pdf,177,115,116,87 | 86 | 88 | 89,87 | 88,4,2,1012,boundary_multiple_tables,"87.—NORTHERN TERRITORY.—FEMALES OF Non-European Race enumerated at the Census of 3rd April, 1911, Classified according to Birthplace and Race | 88.—FEDERAL CAPITAL TERRITORY.—MALES AND FEMALES of Non-European Race enumerated at the Census of 3rd April, 1911, Classified according to Birthplace and Race",,,True,True,True,1,,False,
1911_census_volume_ii_part_viii_non_european_races,1911 Census - Volume II - Part VIII Non-European Races.pdf,data\raw\abs_1911_census\1911 Census - Volume II - Part VIII Non-European Races.pdf,177,116,117,87 | 86 | 88 | 89,,4,0,1013,non_table,,,,False,False,True,0.9,"The page contains tables, but they appear to be continuations of tables from previous pages (likely 87 or 88) that are not listed in the candidate list for this specific page index, or they are fragments not matching the provided candidate table numbers.",False,
1911_census_volume_ii_part_viii_non_european_races,1911 Census - Volume II - Part VIII Non-European Races.pdf,data\raw\abs_1911_census\1911 Census - Volume II - Part VIII Non-European Races.pdf,177,117,118,89 | 88 | 90,89,3,1,1014,continues,"Commonwealth of Australia.—Males of Non-European Race enumerated at the Census of 3rd April, 1911, Classified according to Occupation and Race",,Class I.—Professional,False,True,True,1,,False,
1911_census_volume_ii_part_viii_non_european_races,1911 Census - Volume II - Part VIII Non-European Races.pdf,data\raw\abs_1911_census\1911 Census - Volume II - Part VIII Non-European Races.pdf,177,118,119,89 | 88 | 90,89,3,1,1015,continues,"Commonwealth of Australia.—Males of Non-European Race enumerated at the Census of 3rd April, 1911, Classified according to Occupation and Race",,,False,True,True,1,,False,
1911_census_volume_ii_part_viii_non_european_races,1911 Census - Volume II - Part VIII Non-European Races.pdf,data\raw\abs_1911_census\1911 Census - Volume II - Part VIII Non-European Races.pdf,177,119,120,89 | 88 | 90,89,3,1,1016,continues,89.—COMMONWEALTH OF AUSTRALIA.—MALES,,Class II.—Domestic. / Class III.—Commercial.,False,True,True,1,,False,
1911_census_volume_ii_part_viii_non_european_races,1911 Census - Volume II - Part VIII Non-European Races.pdf,data\raw\abs_1911_census\1911 Census - Volume II - Part VIII Non-European Races.pdf,177,120,121,89 | 88 | 90,89,3,1,1017,continues,"Commonwealth of Australia.—Males of Non-European Race enumerated at the Census of 3rd April, 1911, Classified according to Occupation and Race",OF NON-EUROPEAN RACE—continued.,,False,True,True,1,,False,
1911_census_volume_ii_part_viii_non_european_races,1911 Census - Volume II - Part VIII Non-European Races.pdf,data\raw\abs_1911_census\1911 Census - Volume II - Part VIII Non-European Races.pdf,177,121,122,89 | 88 | 90,89,3,1,1018,continues,89.—COMMONWEALTH OF AUSTRALIA.—MALES,,Class III.—Commercial—continued.,False,True,True,1,,False,
1911_census_volume_ii_part_viii_non_european_races,1911 Census - Volume II - Part VIII Non-European Races.pdf,data\raw\abs_1911_census\1911 Census - Volume II - Part VIII Non-European Races.pdf,177,122,123,89 | 88 | 90,89,3,1,1019,continues,"Commonwealth of Australia.—Males of Non-European Race enumerated at the Census of 3rd April, 1911, Classified according to Occupation and Race",,OF NON-EUROPEAN RACE—continued.,False,True,True,1,,False,
1911_census_volume_ii_part_viii_non_european_races,1911 Census - Volume II - Part VIII Non-European Races.pdf,data\raw\abs_1911_census\1911 Census - Volume II - Part VIII Non-European Races.pdf,177,123,124,89 | 88 | 90,89,3,1,1020,continues,89.—COMMONWEALTH OF AUSTRALIA.—MALES,,Class III. Commercial-continued.,False,True,True,1,,False,
1911_census_volume_ii_part_viii_non_european_races,1911 Census - Volume II - Part VIII Non-European Races.pdf,data\raw\abs_1911_census\1911 Census - Volume II - Part VIII Non-European Races.pdf,177,124,125,89 | 88 | 90,89,3,1,1021,continues,,OF NON-EUROPEAN RACE—continued.,,False,True,True,1,,False,
1911_census_volume_ii_part_viii_non_european_races,1911 Census - Volume II - Part VIII Non-European Races.pdf,data\raw\abs_1911_census\1911 Census - Volume II - Part VIII Non-European Races.pdf,177,125,126,89 | 88 | 90,89,3,1,1022,continues,89.—COMMONWEALTH OF AUSTRALIA.—MALES,,Class V.—Industrial—continued.,False,True,True,1,,False,
1911_census_volume_ii_part_viii_non_european_races,1911 Census - Volume II - Part VIII Non-European Races.pdf,data\raw\abs_1911_census\1911 Census - Volume II - Part VIII Non-European Races.pdf,177,126,127,89 | 88 | 90,89,3,1,1023,continues,"Commonwealth of Australia.—Males of Non-European Race enumerated at the Census of 3rd April, 1911, Classified according to Occupation and Race",OF NON-EUROPEAN RACE—continued.,,False,True,True,1,,False,
1911_census_volume_ii_part_viii_non_european_races,1911 Census - Volume II - Part VIII Non-European Races.pdf,data\raw\abs_1911_census\1911 Census - Volume II - Part VIII Non-European Races.pdf,177,127,128,89 | 88 | 90,89,3,1,1024,continues,89.—COMMONWEALTH OF AUSTRALIA.—MALES,,Class V.—Industrial—continued.,False,False,True,1,,False,
1911_census_volume_ii_part_viii_non_european_races,1911 Census - Volume II - Part VIII Non-European Races.pdf,data\raw\abs_1911_census\1911 Census - Volume II - Part VIII Non-European Races.pdf,177,128,129,89 | 88 | 90,89,3,1,1025,continues,"Commonwealth of Australia.—Males of Non-European Race enumerated at the Census of 3rd April, 1911, Classified according to Occupation and Race",,OF NON-EUROPEAN RACE—continued.,False,True,True,1,,False,
1911_census_volume_ii_part_viii_non_european_races,1911 Census - Volume II - Part VIII Non-European Races.pdf,data\raw\abs_1911_census\1911 Census - Volume II - Part VIII Non-European Races.pdf,177,129,130,89 | 88 | 90,89,3,1,1026,continues,"Commonwealth of Australia.—Males of Non-European Race enumerated at the Census of 3rd April, 1911, Classified according to Occupation and Race",,Class V. - Industrial - continued,False,True,True,1,,False,
1911_census_volume_ii_part_viii_non_european_races,1911 Census - Volume II - Part VIII Non-European Races.pdf,data\raw\abs_1911_census\1911 Census - Volume II - Part VIII Non-European Races.pdf,177,130,131,89 | 88 | 90,90,3,1,1027,starts,"Commonwealth of Australia.—Females of Non-European Race enumerated at the Census of 3rd April, 1911, Classified according to Occupation and Race",,OF NON-EUROPEAN RACE—continued.,False,True,True,1,,False,
1911_census_volume_ii_part_viii_non_european_races,1911 Census - Volume II - Part VIII Non-European Races.pdf,data\raw\abs_1911_census\1911 Census - Volume II - Part VIII Non-European Races.pdf,177,131,132,90 | 89 | 91,89 | 90,3,2,1028,boundary_multiple_tables,"Commonwealth of Australia.—Males of Non-European Race enumerated at the Census of 3rd April, 1911, Classified according to Occupation and Race | Commonwealth of Australia.—Females of Non-European Race enumerated at the Census of 3rd April, 1911, Classified according to Occupation and Race",,,True,True,True,1,,False,
1911_census_volume_ii_part_viii_non_european_races,1911 Census - Volume II - Part VIII Non-European Races.pdf,data\raw\abs_1911_census\1911 Census - Volume II - Part VIII Non-European Races.pdf,177,132,133,90 | 89 | 91,90,3,1,1029,continues,"Commonwealth of Australia.—Females of Non-European Race enumerated at the Census of 3rd April, 1911, Classified according to Occupation and Race",,OF NON-EUROPEAN RACE—continued.,False,True,True,1,,False,
1911_census_volume_ii_part_viii_non_european_races,1911 Census - Volume II - Part VIII Non-European Races.pdf,data\raw\abs_1911_census\1911 Census - Volume II - Part VIII Non-European Races.pdf,177,133,134,90 | 89 | 91,90,3,1,1030,continues,90.—COMMONWEALTH OF AUSTRALIA.—FEMALES,,,False,True,True,1,,False,
1911_census_volume_ii_part_viii_non_european_races,1911 Census - Volume II - Part VIII Non-European Races.pdf,data\raw\abs_1911_census\1911 Census - Volume II - Part VIII Non-European Races.pdf,177,134,135,90 | 89 | 91,90,3,1,1031,continues,"Commonwealth of Australia.—Females of Non-European Race enumerated at the Census of 3rd April, 1911, Classified according to Occupation and Race",HALF-CASTE.,,False,True,True,1,,False,
1911_census_volume_ii_part_viii_non_european_races,1911 Census - Volume II - Part VIII Non-European Races.pdf,data\raw\abs_1911_census\1911 Census - Volume II - Part VIII Non-European Races.pdf,177,135,136,90 | 89 | 91,90,3,1,1032,continues,90.—COMMONWEALTH OF AUSTRALIA.—FEMALES,,,False,True,True,1,,False,
1911_census_volume_ii_part_viii_non_european_races,1911 Census - Volume II - Part VIII Non-European Races.pdf,data\raw\abs_1911_census\1911 Census - Volume II - Part VIII Non-European Races.pdf,177,136,137,90 | 89 | 91,90,3,1,1033,continues,"Commonwealth of Australia.—Females of Non-European Race enumerated at the Census of 3rd April, 1911, Classified according to Occupation and Race",,OF NON-EUROPEAN RACE—continued.,False,True,True,1,,False,
1911_census_volume_ii_part_viii_non_european_races,1911 Census - Volume II - Part VIII Non-European Races.pdf,data\raw\abs_1911_census\1911 Census - Volume II - Part VIII Non-European Races.pdf,177,137,138,90 | 89 | 91,90,3,1,1034,ends,"90.—COMMONWEALTH OF AUSTRALIA.—FEMALES OF NON-EUROPEAN RACE ENUMERATED AT THE CENSUS OF 3RD APRIL, 1911, CLASSIFIED ACCORDING TO OCCUPATION AND RACE",,,False,True,True,1,,False,
1911_census_volume_ii_part_viii_non_european_races,1911 Census - Volume II - Part VIII Non-European Races.pdf,data\raw\abs_1911_census\1911 Census - Volume II - Part VIII Non-European Races.pdf,177,138,139,90 | 89 | 91,90,3,1,1035,ends,"Commonwealth of Australia.—Females of Non-European Race enumerated at the Census of 3rd April, 1911, Classified according to Occupation and Race",HALF-CASTE.,OF NON-EUROPEAN RACE—continued.,False,False,True,1,,False,
1911_census_volume_ii_part_viii_non_european_races,1911 Census - Volume II - Part VIII Non-European Races.pdf,data\raw\abs_1911_census\1911 Census - Volume II - Part VIII Non-European Races.pdf,177,139,140,91 | 90 | 92,91,3,1,1036,complete_on_page,"Commonwealth of Australia.—Full-blood Males of Non-European Race enumerated in the several States and Territories at the Census of 3rd April, 1911, Classified according to Occupation",,,False,True,True,1,,False,
1911_census_volume_ii_part_viii_non_european_races,1911 Census - Volume II - Part VIII Non-European Races.pdf,data\raw\abs_1911_census\1911 Census - Volume II - Part VIII Non-European Races.pdf,177,140,141,92 | 91 | 93,92,3,1,1037,complete_on_page,"Commonwealth of Australia.—Half-caste Males of Non-European Race enumerated in the several States and Territories at the Census of 3rd April, 1911, Classified according to Occupation",,,False,True,True,1,,False,
1911_census_volume_ii_part_viii_non_european_races,1911 Census - Volume II - Part VIII Non-European Races.pdf,data\raw\abs_1911_census\1911 Census - Volume II - Part VIII Non-European Races.pdf,177,141,142,93 | 92 | 94,93,3,1,1038,complete_on_page,"93.—COMMONWEALTH OF AUSTRALIA.—FULL-BLOOD AND HALF-CASTE MALES OF NON-EUROPEAN RACE ENUMERATED IN THE SEVERAL STATES AND TERRITORIES AT THE CENSUS OF 3rd APRIL, 1911, CLASSIFIED ACCORDING TO OCCUPATION",,,False,True,True,1,,False,
1911_census_volume_ii_part_viii_non_european_races,1911 Census - Volume II - Part VIII Non-European Races.pdf,data\raw\abs_1911_census\1911 Census - Volume II - Part VIII Non-European Races.pdf,177,142,143,94 | 93 | 95,94,3,1,1039,complete_on_page,"Commonwealth of Australia.—Full-blood Females of Non-European Race enumerated in the several States and Territories at the Census of 3rd April, 1911, Classified according to Occupation",,,False,True,True,1,,False,
1911_census_volume_ii_part_viii_non_european_races,1911 Census - Volume II - Part VIII Non-European Races.pdf,data\raw\abs_1911_census\1911 Census - Volume II - Part VIII Non-European Races.pdf,177,143,144,95 | 94 | 96,95,3,1,1040,complete_on_page,"Commonwealth of Australia.—Half-caste Females of Non-European Race enumerated in the several States and Territories at the Census of 3rd April, 1911, Classified according to Occupation",,,False,True,True,1,,False,
1911_census_volume_ii_part_viii_non_european_races,1911 Census - Volume II - Part VIII Non-European Races.pdf,data\raw\abs_1911_census\1911 Census - Volume II - Part VIII Non-European Races.pdf,177,144,145,96 | 95 | 97,96,3,1,1041,complete_on_page,"Commonwealth of Australia.—Full-blood and Half-caste Females of Non-European Race enumerated in the several States and Territories at the Census of 3rd April, 1911, Classified according to Occupation",,,False,True,True,1,,False,
1911_census_volume_ii_part_viii_non_european_races,1911 Census - Volume II - Part VIII Non-European Races.pdf,data\raw\abs_1911_census\1911 Census - Volume II - Part VIII Non-European Races.pdf,177,145,146,97 | 96 | 98,97,3,1,1042,complete_on_page,"97.—NEW SOUTH WALES.—MALES OF At the Census of 3rd April, 1911, Classified according to Occupation and Race",,,False,True,True,1,,False,
1911_census_volume_ii_part_viii_non_european_races,1911 Census - Volume II - Part VIII Non-European Races.pdf,data\raw\abs_1911_census\1911 Census - Volume II - Part VIII Non-European Races.pdf,177,146,147,97 | 96 | 98,98,3,1,1043,starts,"New South Wales.—Females of Non-European Race enumerated at the Census of 3rd April, 1911, Classified according to Occupation and Race",,,False,True,True,1,,False,
1911_census_volume_ii_part_viii_non_european_races,1911 Census - Volume II - Part VIII Non-European Races.pdf,data\raw\abs_1911_census\1911 Census - Volume II - Part VIII Non-European Races.pdf,177,147,148,98 | 97 | 99,98,3,1,1044,complete_on_page,"98.—NEW SOUTH WALES.—FEMALES OF NON-EUROPEAN RACE ENUMERATED AT THE CENSUS OF 3RD APRIL, 1911, CLASSIFIED ACCORDING TO OCCUPATION AND RACE",,,False,True,True,1,,False,
1911_census_volume_ii_part_viii_non_european_races,1911 Census - Volume II - Part VIII Non-European Races.pdf,data\raw\abs_1911_census\1911 Census - Volume II - Part VIII Non-European Races.pdf,177,148,149,98 | 97 | 99,99,3,1,1045,starts,"Victoria.—Males of Non-European Race enumerated at the Census of 3rd April, 1911, Classified according to Occupation and Race",,,False,True,True,1,,False,
1911_census_volume_ii_part_viii_non_european_races,1911 Census - Volume II - Part VIII Non-European Races.pdf,data\raw\abs_1911_census\1911 Census - Volume II - Part VIII Non-European Races.pdf,177,149,150,99 | 98 | 100,99,3,1,1046,continues,"Victoria.—Males of Non-European Race enumerated at the Census of 3rd April, 1911, Classified according to Occupation and Race",,,False,True,True,1,,False,
1911_census_volume_ii_part_viii_non_european_races,1911 Census - Volume II - Part VIII Non-European Races.pdf,data\raw\abs_1911_census\1911 Census - Volume II - Part VIII Non-European Races.pdf,177,150,151,99 | 98 | 100,100,3,1,1047,starts,"Victoria.—Females of Non-European Race enumerated at the Census of 3rd April, 1911, Classified according to Occupation and Race",,,False,True,True,0.9,The page title in the document text is 'EUROPEAN RACE ENUMERATED' but the context and table structure match the candidate table 100 for Victoria Females.,False,
1911_census_volume_ii_part_viii_non_european_races,1911 Census - Volume II - Part VIII Non-European Races.pdf,data\raw\abs_1911_census\1911 Census - Volume II - Part VIII Non-European Races.pdf,177,151,152,100 | 99 | 101,100,3,1,1048,complete_on_page,"100.—VICTORIA.—FEMALES OF NON-EUROPEAN RACE enumerated at the Census of 3rd April, 1911, Classified according to Occupation and Race",,,False,True,True,1,,False,
1911_census_volume_ii_part_viii_non_european_races,1911 Census - Volume II - Part VIII Non-European Races.pdf,data\raw\abs_1911_census\1911 Census - Volume II - Part VIII Non-European Races.pdf,177,152,153,100 | 99 | 101,101,3,1,1049,starts,"Queensland.—Males of Non-European Race enumerated at the Census of 3rd April, 1911, Classified according to Occupation and Race",,,False,True,True,1,,False,
1911_census_volume_ii_part_viii_non_european_races,1911 Census - Volume II - Part VIII Non-European Races.pdf,data\raw\abs_1911_census\1911 Census - Volume II - Part VIII Non-European Races.pdf,177,153,154,101 | 100 | 102,101,3,1,1050,complete_on_page,"Queensland.—Males of Non-European Race enumerated at the Census of 3rd April, 1911, Classified according to Occupation and Race",,,False,True,True,1,,False,
1911_census_volume_ii_part_viii_non_european_races,1911 Census - Volume II - Part VIII Non-European Races.pdf,data\raw\abs_1911_census\1911 Census - Volume II - Part VIII Non-European Races.pdf,177,154,155,101 | 100 | 102,102,3,1,1051,starts,"Queensland.—Females of Non-European Race enumerated at the Census of 3rd April, 1911, Classified according to Occupation and Race",,,False,True,True,1,,False,
1911_census_volume_ii_part_viii_non_european_races,1911 Census - Volume II - Part VIII Non-European Races.pdf,data\raw\abs_1911_census\1911 Census - Volume II - Part VIII Non-European Races.pdf,177,155,156,102 | 101 | 103,102,3,1,1052,ends,"102.—QUEENSLAND.—FEMALES OF NON-EUROPEAN RACE enumerated at the Census of 3rd April, 1911, (Exclusive of Full-blood.)",,,False,True,True,1,,False,
1911_census_volume_ii_part_viii_non_european_races,1911 Census - Volume II - Part VIII Non-European Races.pdf,data\raw\abs_1911_census\1911 Census - Volume II - Part VIII Non-European Races.pdf,177,156,157,102 | 101 | 103,,3,0,1053,non_table,,,EUROPEAN RACE ENUMERATED,False,True,True,0.9,"The page contains a table, but it does not match any of the provided candidate table numbers (101, 102, 103). The table appears to be a continuation of a table for 'Half-caste' individuals, likely related to a previous state or territory.",False,
1911_census_volume_ii_part_viii_non_european_races,1911 Census - Volume II - Part VIII Non-European Races.pdf,data\raw\abs_1911_census\1911 Census - Volume II - Part VIII Non-European Races.pdf,177,157,158,103 | 102 | 104,103,3,1,1054,complete_on_page,"103.—SOUTH AUSTRALIA.—MALES OF Non-European Race enumerated at the Census of 3rd April, 1911, Classified according to Occupation and Race",,,False,True,True,1,,False,
1911_census_volume_ii_part_viii_non_european_races,1911 Census - Volume II - Part VIII Non-European Races.pdf,data\raw\abs_1911_census\1911 Census - Volume II - Part VIII Non-European Races.pdf,177,158,159,103 | 102 | 104,104,3,1,1055,starts,"South Australia.—Females of Non-European Race enumerated at the Census of 3rd April, 1911, Classified according to Occupation and Race",,,False,True,True,0.9,"The table title on the page is truncated and slightly different from the candidate list, but it clearly corresponds to Table 104.",False,
1911_census_volume_ii_part_viii_non_european_races,1911 Census - Volume II - Part VIII Non-European Races.pdf,data\raw\abs_1911_census\1911 Census - Volume II - Part VIII Non-European Races.pdf,177,159,160,104 | 103 | 105,104,3,1,1056,complete_on_page,"104.—SOUTH AUSTRALIA.—FEMALES OF Non-European Race enumerated at the Census of 3rd April, 1911, Classified according to Occupation and Race",,,False,True,True,1,,False,
1911_census_volume_ii_part_viii_non_european_races,1911 Census - Volume II - Part VIII Non-European Races.pdf,data\raw\abs_1911_census\1911 Census - Volume II - Part VIII Non-European Races.pdf,177,160,161,104 | 103 | 105,105,3,1,1057,starts,"Western Australia.—Males of Non-European Race enumerated at the Census of 3rd April, 1911, Classified according to Occupation and Race",,,False,True,True,0.9,,False,
1911_census_volume_ii_part_viii_non_european_races,1911 Census - Volume II - Part VIII Non-European Races.pdf,data\raw\abs_1911_census\1911 Census - Volume II - Part VIII Non-European Races.pdf,177,161,162,105 | 104 | 106,105,3,1,1058,complete_on_page,"105.—WESTERN AUSTRALIA.—MALES OF Non-European Race enumerated at the Census of 3rd April, 1911, Classified according to Occupation and Race",,,False,True,True,1,,False,
1911_census_volume_ii_part_viii_non_european_races,1911 Census - Volume II - Part VIII Non-European Races.pdf,data\raw\abs_1911_census\1911 Census - Volume II - Part VIII Non-European Races.pdf,177,162,163,105 | 104 | 106,106,3,1,1059,starts,"Western Australia.—Females of Non-European Race enumerated at the Census of 3rd April, 1911, Classified according to Occupation and Race",,,False,True,True,1,,False,
1911_census_volume_ii_part_viii_non_european_races,1911 Census - Volume II - Part VIII Non-European Races.pdf,data\raw\abs_1911_census\1911 Census - Volume II - Part VIII Non-European Races.pdf,177,163,164,106 | 105 | 107,106,3,1,1060,ends,"106.—WESTERN AUSTRALIA.—FEMALES OF Non-European Race enumerated at the Census of 3rd April, 1911, Classified according to Occupation and Race",,,False,True,True,1,,False,
1911_census_volume_ii_part_viii_non_european_races,1911 Census - Volume II - Part VIII Non-European Races.pdf,data\raw\abs_1911_census\1911 Census - Volume II - Part VIII Non-European Races.pdf,177,164,165,106 | 105 | 107,107,3,1,1061,starts,"Tasmania.—Males of Non-European Race enumerated at the Census of 3rd April, 1911, Classified according to Occupation and Race",,,False,True,True,1,,False,
1911_census_volume_ii_part_viii_non_european_races,1911 Census - Volume II - Part VIII Non-European Races.pdf,data\raw\abs_1911_census\1911 Census - Volume II - Part VIII Non-European Races.pdf,177,165,166,107 | 106 | 108,107,3,1,1062,complete_on_page,"107.—TASMANIA.—MALES OF NON-EUROPEAN RACE enumerated at the Census of 3rd April, 1911, Classified according to Occupation and Race",,,False,True,True,1,,False,
1911_census_volume_ii_part_viii_non_european_races,1911 Census - Volume II - Part VIII Non-European Races.pdf,data\raw\abs_1911_census\1911 Census - Volume II - Part VIII Non-European Races.pdf,177,166,167,107 | 106 | 108,108,3,1,1063,starts,"Tasmania.—Females of Non-European Race enumerated at the Census of 3rd April, 1911, Classified according to Occupation and Race",,,False,True,True,0.9,The page title in the document header is partially obscured/truncated but matches the context of Table 108.,False,
1911_census_volume_ii_part_viii_non_european_races,1911 Census - Volume II - Part VIII Non-European Races.pdf,data\raw\abs_1911_census\1911 Census - Volume II - Part VIII Non-European Races.pdf,177,167,168,108 | 107 | 109,108,3,1,1064,complete_on_page,"108.—TASMANIA.—FEMALES OF NON-EUROPEAN RACE enumerated at the Census of 3rd April, 1911, Classified according to Occupation and Race",,,False,True,True,1,,False,
1911_census_volume_ii_part_viii_non_european_races,1911 Census - Volume II - Part VIII Non-European Races.pdf,data\raw\abs_1911_census\1911 Census - Volume II - Part VIII Non-European Races.pdf,177,168,169,108 | 107 | 109,109,3,1,1065,starts,"Northern Territory.—Males of Non-European Race enumerated at the Census of 3rd April, 1911, Classified according to Occupation and Race",,,False,True,True,0.9,"The table title on the page is partially obscured/truncated in the provided image, but matches the candidate table 109.",False,
1911_census_volume_ii_part_viii_non_european_races,1911 Census - Volume II - Part VIII Non-European Races.pdf,data\raw\abs_1911_census\1911 Census - Volume II - Part VIII Non-European Races.pdf,177,169,170,109 | 108 | 110,109,3,1,1066,complete_on_page,"109.—NORTHERN TERRITORY.—MALES At the Census of 3rd April, 1911, Classified according to Occupation and Race",,,False,True,True,1,,False,
1911_census_volume_ii_part_viii_non_european_races,1911 Census - Volume II - Part VIII Non-European Races.pdf,data\raw\abs_1911_census\1911 Census - Volume II - Part VIII Non-European Races.pdf,177,170,171,109 | 108 | 110,110,3,1,1067,starts,"Northern Territory.—Females of Non-European Race enumerated at the Census of 3rd April, 1911, Classified according to Occupation and Race",,,False,True,True,1,,False,
1911_census_volume_ii_part_viii_non_european_races,1911 Census - Volume II - Part VIII Non-European Races.pdf,data\raw\abs_1911_census\1911 Census - Volume II - Part VIII Non-European Races.pdf,177,171,172,110 | 109 | 111,110,3,1,1068,complete_on_page,"110.—NORTHERN TERRITORY.—FEMALES At the Census of 3rd April, 1911, Classified (Exclusive of Full-",,,False,True,True,1,,False,
1911_census_volume_ii_part_viii_non_european_races,1911 Census - Volume II - Part VIII Non-European Races.pdf,data\raw\abs_1911_census\1911 Census - Volume II - Part VIII Non-European Races.pdf,177,172,173,110 | 109 | 111,111,3,1,1069,starts,"Federal Capital Territory.—Males and Females of Non-European Race enumerated at the Census of 3rd April, 1911, Classified according to Occupation and Race",,,False,True,True,1,,False,
1911_census_volume_ii_part_viii_non_european_races,1911 Census - Volume II - Part VIII Non-European Races.pdf,data\raw\abs_1911_census\1911 Census - Volume II - Part VIII Non-European Races.pdf,177,173,174,111 | 110 | 112,111,3,1,1070,complete_on_page,"111.—FEDERAL CAPITAL TERRITORY.—MALES AND FEMALES OF NON-EUROPEAN RACE ENUMERATED AT THE CENSUS OF 3RD APRIL, 1911, CLASSIFIED ACCORDING TO OCCUPATION AND RACE",,,False,True,True,1,,False,
1911_census_volume_ii_part_viii_non_european_races,1911 Census - Volume II - Part VIII Non-European Races.pdf,data\raw\abs_1911_census\1911 Census - Volume II - Part VIII Non-European Races.pdf,177,174,175,111 | 110 | 112,112,3,1,1071,complete_on_page,"Males of Non-European Race enumerated in the Metropolitan Areas of the several States of the Commonwealth at the Census of 3rd April, 1911",,,False,True,True,1,,False,
1911_census_volume_ii_part_viii_non_european_races,1911 Census - Volume II - Part VIII Non-European Races.pdf,data\raw\abs_1911_census\1911 Census - Volume II - Part VIII Non-European Races.pdf,177,175,176,112 | 111 | 113 | 114,112 | 113,4,2,1072,boundary_multiple_tables,"Males of Non-European Race enumerated in the Metropolitan Areas of the several States of the Commonwealth at the Census of 3rd April, 1911 | Females of Non-European Race enumerated in the Metropolitan Areas of the several States of the Commonwealth at the Census of 3rd April, 1911",,,True,True,True,1,,False,
1911_census_volume_ii_part_viii_non_european_races,1911 Census - Volume II - Part VIII Non-European Races.pdf,data\raw\abs_1911_census\1911 Census - Volume II - Part VIII Non-European Races.pdf,177,176,177,114 | 113,113 | 114,2,2,1073,boundary_multiple_tables,"Females of Non-European Race enumerated in the Metropolitan Areas of the several States of the Commonwealth at the Census of 3rd April, 1911 | Persons of Non-European Race enumerated in the Metropolitan Areas of the several States of the Commonwealth at the Census of 3rd April, 1911",,,True,True,True,1,,False,
1911_census_volume_iii_part_ix_conjugal_condition,1911 Census - Volume III - Part IX Conjugal Condition.pdf,data\raw\abs_1911_census\1911 Census - Volume III - Part IX Conjugal Condition.pdf,28,2,3,1 | 2 | 3,1 | 2,3,2,1077,boundary_multiple_tables,"Persons enumerated in each State and Territory of the Commonwealth of Australia, at the Census of 3rd April, 1911, classified according to Conjugal Condition and Sex | Persons enumerated in the Commonwealth of Australia, at the Censuses of 1881, 1891, 1901, and 1911, classified according to Conjugal Condition and Sex",,,True,True,True,1,,False,
1911_census_volume_iii_part_ix_conjugal_condition,1911 Census - Volume III - Part IX Conjugal Condition.pdf,data\raw\abs_1911_census\1911 Census - Volume III - Part IX Conjugal Condition.pdf,28,3,4,3 | 2 | 4,3,3,1,1078,continues,"3.—MALES ENUMERATED IN EACH STATE AND TERRITORY OF THE COMMONWEALTH OF AUSTRALIA, AT THE CENSUS OF 3RD APRIL, 1911, CLASSIFIED ACCORDING TO CONJUGAL CONDITION AND AGE",,,False,True,True,1,,False,
1911_census_volume_iii_part_ix_conjugal_condition,1911 Census - Volume III - Part IX Conjugal Condition.pdf,data\raw\abs_1911_census\1911 Census - Volume III - Part IX Conjugal Condition.pdf,28,4,5,3 | 2 | 4,3,3,1,1079,ends,"Males enumerated in each State and Territory of the Commonwealth of Australia, at the Census of 3rd April, 1911, classified according to Conjugal Condition and Age",,TERRITORY OF THE COMMONWEALTH OF AUSTRALIA according to Conjugal Condition and Age,False,True,True,1,,False,
1911_census_volume_iii_part_ix_conjugal_condition,1911 Census - Volume III - Part IX Conjugal Condition.pdf,data\raw\abs_1911_census\1911 Census - Volume III - Part IX Conjugal Condition.pdf,28,5,6,4 | 3 | 5,4,3,1,1080,complete_on_page,"Females enumerated in each State and Territory of the Commonwealth of Australia, at the Census of 3rd April, 1911, classified according to Conjugal Condition and Age",,,False,True,True,1,,False,
1911_census_volume_iii_part_ix_conjugal_condition,1911 Census - Volume III - Part IX Conjugal Condition.pdf,data\raw\abs_1911_census\1911 Census - Volume III - Part IX Conjugal Condition.pdf,28,6,7,4 | 3 | 5,4,3,1,1081,complete_on_page,"Females enumerated in each State and Territory of the Commonwealth of Australia, at the Census of 3rd April, 1911, classified according to Conjugal Condition and Age",,,False,True,True,1,,False,
1911_census_volume_iii_part_ix_conjugal_condition,1911 Census - Volume III - Part IX Conjugal Condition.pdf,data\raw\abs_1911_census\1911 Census - Volume III - Part IX Conjugal Condition.pdf,28,7,8,5 | 4 | 6,5,3,1,1082,ends,"Persons enumerated in each State and Territory of the Commonwealth of Australia, at the Census of 3rd April, 1911, classified according to Conjugal Condition and Age",,,False,True,True,1,,False,
1911_census_volume_iii_part_ix_conjugal_condition,1911 Census - Volume III - Part IX Conjugal Condition.pdf,data\raw\abs_1911_census\1911 Census - Volume III - Part IX Conjugal Condition.pdf,28,8,9,5 | 4 | 6,5,3,1,1083,ends,"Persons enumerated in each State and Territory of the Commonwealth of Australia, at the Census of 3rd April, 1911, classified according to Conjugal Condition and Age",,,False,True,True,1,,False,
1911_census_volume_iii_part_ix_conjugal_condition,1911 Census - Volume III - Part IX Conjugal Condition.pdf,data\raw\abs_1911_census\1911 Census - Volume III - Part IX Conjugal Condition.pdf,28,9,10,6 | 5 | 7,6,3,1,1084,complete_on_page,"6.—MALES ENUMERATED IN THE METROPOLITAN AREAS OF THE COMMONWEALTH OF AUSTRALIA AT THE CENSUS OF 3RD APRIL, 1911, CLASSIFIED ACCORDING TO CONJUGAL CONDITION AND AGE",,,False,True,True,1,,False,
1911_census_volume_iii_part_ix_conjugal_condition,1911 Census - Volume III - Part IX Conjugal Condition.pdf,data\raw\abs_1911_census\1911 Census - Volume III - Part IX Conjugal Condition.pdf,28,10,11,6 | 5 | 7,6,3,1,1085,ends,"Males enumerated in the Metropolitan Areas of the Commonwealth of Australia at the Census of 3rd April, 1911, classified according to Conjugal Condition and Age",,AREAS OF THE COMMONWEALTH OF AUSTRALIA,False,False,True,1,,False,
1911_census_volume_iii_part_ix_conjugal_condition,1911 Census - Volume III - Part IX Conjugal Condition.pdf,data\raw\abs_1911_census\1911 Census - Volume III - Part IX Conjugal Condition.pdf,28,11,12,7 | 6 | 8,7,3,1,1086,ends,"7. FEMALES ENUMERATED IN THE METROPOLITAN AREAS OF THE COMMONWEALTH OF AUSTRALIA, AT THE CENSUS OF 3RD APRIL, 1911, CLASSIFIED ACCORDING TO CONJUGAL CONDITION AND AGE",,,False,True,True,1,,False,
1911_census_volume_iii_part_ix_conjugal_condition,1911 Census - Volume III - Part IX Conjugal Condition.pdf,data\raw\abs_1911_census\1911 Census - Volume III - Part IX Conjugal Condition.pdf,28,12,13,7 | 6 | 8,7,3,1,1087,ends,"Females enumerated in the Metropolitan Areas of the Commonwealth of Australia, at the Census of 3rd April, 1911, classified according to Conjugal Condition and Age",,,False,False,True,1,,False,
1911_census_volume_iii_part_ix_conjugal_condition,1911 Census - Volume III - Part IX Conjugal Condition.pdf,data\raw\abs_1911_census\1911 Census - Volume III - Part IX Conjugal Condition.pdf,28,13,14,8 | 7 | 9,8,3,1,1088,ends,"8.—PERSONS ENUMERATED IN THE METROPOLITAN AREAS OF THE COMMONWEALTH OF AUSTRALIA, AT THE CENSUS OF 3RD APRIL, 1911, CLASSIFIED ACCORDING TO CONJUGAL CONDITION AND AGE",,,False,True,True,1,,False,
1911_census_volume_iii_part_ix_conjugal_condition,1911 Census - Volume III - Part IX Conjugal Condition.pdf,data\raw\abs_1911_census\1911 Census - Volume III - Part IX Conjugal Condition.pdf,28,14,15,8 | 7 | 9,8,3,1,1089,ends,"Persons enumerated in the Metropolitan Areas of the Commonwealth of Australia, at the Census of 3rd April, 1911, classified according to Conjugal Condition and Age",,AREAS OF THE COMMONWEALTH OF AUSTRALIA,False,False,True,1,,False,
1911_census_volume_iii_part_ix_conjugal_condition,1911 Census - Volume III - Part IX Conjugal Condition.pdf,data\raw\abs_1911_census\1911 Census - Volume III - Part IX Conjugal Condition.pdf,28,15,16,9 | 8 | 10,9,3,1,1090,complete_on_page,"9.—NEW SOUTH WALES.—PERSONS ENUMERATED IN EACH COUNTY At the Census of 3rd April, 1911, classified according to Conjugal Condition and Sex",,,False,True,True,1,,False,
1911_census_volume_iii_part_ix_conjugal_condition,1911 Census - Volume III - Part IX Conjugal Condition.pdf,data\raw\abs_1911_census\1911 Census - Volume III - Part IX Conjugal Condition.pdf,28,16,17,10 | 9 | 11,9 | 10,3,2,1091,boundary_multiple_tables,9.—NEW SOUTH WALES.—PERSONS ENUMERATED IN EACH COUNTY—continued. | 10.—VICTORIA.—PERSONS ENUMERATED IN EACH COUNTY,,,True,True,True,1,,False,
1911_census_volume_iii_part_ix_conjugal_condition,1911 Census - Volume III - Part IX Conjugal Condition.pdf,data\raw\abs_1911_census\1911 Census - Volume III - Part IX Conjugal Condition.pdf,28,17,18,11 | 10 | 12,10 | 11,3,2,1092,boundary_multiple_tables,10.—VICTORIA.—PERSONS ENUMERATED IN EACH COUNTY—continued. | 11.—QUEENSLAND.—PERSONS ENUMERATED IN EACH CENSUS DISTRICT,,,True,True,True,1,,False,
1911_census_volume_iii_part_ix_conjugal_condition,1911 Census - Volume III - Part IX Conjugal Condition.pdf,data\raw\abs_1911_census\1911 Census - Volume III - Part IX Conjugal Condition.pdf,28,18,19,12 | 11 | 13,12,3,1,1093,complete_on_page,"12.—SOUTH AUSTRALIA.—PERSONS ENUMERATED IN EACH COUNTY AND DIVISION, at the Census of 3rd April, 1911, classified according to Conjugal Condition and Sex",,,False,True,True,1,,False,
1911_census_volume_iii_part_ix_conjugal_condition,1911 Census - Volume III - Part IX Conjugal Condition.pdf,data\raw\abs_1911_census\1911 Census - Volume III - Part IX Conjugal Condition.pdf,28,19,20,13 | 12 | 14 | 15,13 | 14,4,2,1094,boundary_multiple_tables,"Western Australia.—Persons enumerated in each Statistical District, at the Census of 3rd April, 1911, classified according to Conjugal Condition and Sex | Tasmania.—Persons enumerated in each Municipality at the Census of 3rd April, 1911, classified according to Conjugal Condition and Sex",,,True,True,True,1,,False,
1911_census_volume_iii_part_ix_conjugal_condition,1911 Census - Volume III - Part IX Conjugal Condition.pdf,data\raw\abs_1911_census\1911 Census - Volume III - Part IX Conjugal Condition.pdf,28,20,21,15 | 14 | 16 | 17,14 | 15 | 16,4,3,1095,boundary_multiple_tables,14.—TASMANIA.—PERSONS ENUMERATED IN EACH MUNICIPALITY--continued. | 15.—NORTHERN TERRITORY.—PERSONS ENUMERATED IN EACH COUNTY | 16.—FEDERAL CAPITAL TERRITORY.—PERSONS ENUMERATED IN EACH DIVISION,,,True,True,True,1,,False,
1911_census_volume_iii_part_ix_conjugal_condition,1911 Census - Volume III - Part IX Conjugal Condition.pdf,data\raw\abs_1911_census\1911 Census - Volume III - Part IX Conjugal Condition.pdf,28,21,22,17 | 16 | 18,17,3,1,1096,continues,"17.—ABORIGINAL MALES ENUMERATED IN EACH STATE AND TERRITORY OF THE COMMONWEALTH OF AUSTRALIA AT THE CENSUS OF 3RD APRIL, 1911, CLASSIFIED ACCORDING TO CONJUGAL CONDITION AND AGE",,,False,True,True,1,,False,
1911_census_volume_iii_part_ix_conjugal_condition,1911 Census - Volume III - Part IX Conjugal Condition.pdf,data\raw\abs_1911_census\1911 Census - Volume III - Part IX Conjugal Condition.pdf,28,22,23,17 | 16 | 18,17,3,1,1097,ends,"Aboriginal Males enumerated in each State and Territory of the Commonwealth of Australia at the Census of 3rd April, 1911, classified according to Conjugal Condition and Age",,TERRITORY OF THE COMMONWEALTH OF AUSTRALIA according to Conjugal Condition and Age.,False,True,True,1,,False,
1911_census_volume_iii_part_ix_conjugal_condition,1911 Census - Volume III - Part IX Conjugal Condition.pdf,data\raw\abs_1911_census\1911 Census - Volume III - Part IX Conjugal Condition.pdf,28,23,24,18 | 17 | 19,18,3,1,1098,continues,"Aboriginal Females enumerated in each State and Territory of the Commonwealth of Australia, at the Census of 3rd April, 1911, classified according to Conjugal Condition and Age",,,False,True,True,1,,False,
1911_census_volume_iii_part_ix_conjugal_condition,1911 Census - Volume III - Part IX Conjugal Condition.pdf,data\raw\abs_1911_census\1911 Census - Volume III - Part IX Conjugal Condition.pdf,28,24,25,18 | 17 | 19,19,3,1,1099,starts,"Aboriginal Persons enumerated in each State and Territory of the Commonwealth of Australia, at the Census of 3rd April, 1911, classified according to Conjugal Condition and Age",,TERRITORY OF THE COMMONWEALTH OF AUSTRALIA,False,True,True,1,,False,
1911_census_volume_iii_part_ix_conjugal_condition,1911 Census - Volume III - Part IX Conjugal Condition.pdf,data\raw\abs_1911_census\1911 Census - Volume III - Part IX Conjugal Condition.pdf,28,25,26,19 | 18,19,2,1,1100,continues,"19.—ABORIGINAL PERSONS ENUMERATED IN EACH STATE AND TERRITORY OF THE COMMONWEALTH OF AUSTRALIA, AT THE CENSUS OF 3RD APRIL, 1911, CLASSIFIED ACCORDING TO CONJUGAL CONDITION AND AGE",,,False,True,True,1,,False,
1911_census_volume_iii_part_ix_conjugal_condition,1911 Census - Volume III - Part IX Conjugal Condition.pdf,data\raw\abs_1911_census\1911 Census - Volume III - Part IX Conjugal Condition.pdf,28,26,27,19 | 18,19,2,1,1101,ends,"Aboriginal Persons enumerated in each State and Territory of the Commonwealth of Australia, at the Census of 3rd April, 1911, classified according to Conjugal Condition and Age",,TERRITORY OF THE COMMONWEALTH OF AUSTRALIA,False,True,True,1,,False,
1911_census_volume_iii_part_ix_conjugal_condition,1911 Census - Volume III - Part IX Conjugal Condition.pdf,data\raw\abs_1911_census\1911 Census - Volume III - Part IX Conjugal Condition.pdf,28,27,28,19 | 18,,2,0,,non_table,,,,False,False,False,1,The provided page is blank.,False,
1911_census_volume_iii_part_x_families,1911 Census - Volume III - Part X Families.pdf,data\raw\abs_1911_census\1911 Census - Volume III - Part X Families.pdf,104,3,4,1 | 2 | 3,1 | 2,3,2,1106,boundary_multiple_tables,"Relative Ages of Husbands and Wives in the Commonwealth of Australia, at the Census of 3rd April, 1911 | Relative Religions of Husbands and Wives in the Commonwealth of Australia, at the Census of 3rd April, 1911",,,True,True,True,1,,False,
1911_census_volume_iii_part_x_families,1911 Census - Volume III - Part X Families.pdf,data\raw\abs_1911_census\1911 Census - Volume III - Part X Families.pdf,104,4,5,1 | 2 | 3,1 | 2,3,2,1107,boundary_multiple_tables,"Relative Ages of Husbands and Wives in the Commonwealth of Australia, at the Census of 3rd April, 1911 | Relative Religions of Husbands and Wives in the Commonwealth of Australia, at the Census of 3rd April, 1911",,IN THE COMMONWEALTH OF AUSTRALIA,True,True,True,1,,False,
1911_census_volume_iii_part_x_families,1911 Census - Volume III - Part X Families.pdf,data\raw\abs_1911_census\1911 Census - Volume III - Part X Families.pdf,104,5,6,3 | 2 | 4,3,3,1,1108,continues,"Relative Birthplaces of Husbands and Wives in the Commonwealth of Australia, at the Census of 3rd April, 1911",,,False,True,True,1,,False,
1911_census_volume_iii_part_x_families,1911 Census - Volume III - Part X Families.pdf,data\raw\abs_1911_census\1911 Census - Volume III - Part X Families.pdf,104,6,7,3 | 2 | 4,3,3,1,1109,continues,"Relative Birthplaces of Husbands and Wives in the Commonwealth of Australia, at the Census of 3rd April, 1911",,,False,True,True,1,,False,
1911_census_volume_iii_part_x_families,1911 Census - Volume III - Part X Families.pdf,data\raw\abs_1911_census\1911 Census - Volume III - Part X Families.pdf,104,7,8,3 | 2 | 4,3,3,1,1110,continues,3.—RELATIVE BIRTHPLACES OF HUSBANDS AND WIVES,,,False,True,True,1,,False,
1911_census_volume_iii_part_x_families,1911 Census - Volume III - Part X Families.pdf,data\raw\abs_1911_census\1911 Census - Volume III - Part X Families.pdf,104,8,9,3 | 2 | 4,3,3,1,1111,continues,"Relative Birthplaces of Husbands and Wives in the Commonwealth of Australia, at the Census of 3rd April, 1911",,IN THE COMMONWEALTH OF AUSTRALIA—continued.,False,True,True,1,,False,
1911_census_volume_iii_part_x_families,1911 Census - Volume III - Part X Families.pdf,data\raw\abs_1911_census\1911 Census - Volume III - Part X Families.pdf,104,9,10,4 | 3 | 5,4,3,1,1112,continues,4.-RELATIVE AGES OF HUSBANDS AND WIVES IN,I.-NEW SOUTH WALES. II.-VICTORIA.,,False,True,True,1,,False,
1911_census_volume_iii_part_x_families,1911 Census - Volume III - Part X Families.pdf,data\raw\abs_1911_census\1911 Census - Volume III - Part X Families.pdf,104,10,11,4 | 3 | 5,4,3,1,1113,continues,"Relative Ages of Husbands and Wives in the States and Territories of the Commonwealth of Australia, at the Census of 3rd April, 1911",I.-NEW SOUTH WALES. II.-VICTORIA.,,False,True,True,1,,False,
1911_census_volume_iii_part_x_families,1911 Census - Volume III - Part X Families.pdf,data\raw\abs_1911_census\1911 Census - Volume III - Part X Families.pdf,104,11,12,4 | 3 | 5,4,3,1,1114,continues,4.—RELATIVE AGES OF HUSBANDS AND WIVES IN THE STATES,III.—QUEENSLAND. IV.—SOUTH AUSTRALIA.,,False,True,True,1,,False,
1911_census_volume_iii_part_x_families,1911 Census - Volume III - Part X Families.pdf,data\raw\abs_1911_census\1911 Census - Volume III - Part X Families.pdf,104,12,13,4 | 3 | 5,4,3,1,1115,continues,"Relative Ages of Husbands and Wives in the States and Territories of the Commonwealth of Australia, at the Census of 3rd April, 1911","III.—QUEENSLAND, IV.—SOUTH AUSTRALIA",,False,False,True,1,,False,
1911_census_volume_iii_part_x_families,1911 Census - Volume III - Part X Families.pdf,data\raw\abs_1911_census\1911 Census - Volume III - Part X Families.pdf,104,13,14,4 | 3 | 5,4,3,1,1116,continues,4.—RELATIVE AGES OF HUSBANDS AND WIVES IN THE STATES,V.—WESTERN AUSTRALIA. VI.—TASMANIA.,,False,True,True,1,,False,
1911_census_volume_iii_part_x_families,1911 Census - Volume III - Part X Families.pdf,data\raw\abs_1911_census\1911 Census - Volume III - Part X Families.pdf,104,14,15,4 | 3 | 5,4,3,1,1117,continues,"Relative Ages of Husbands and Wives in the States and Territories of the Commonwealth of Australia, at the Census of 3rd April, 1911",V.—WESTERN AUSTRALIA. VI.—TASMANIA.,,False,True,True,1,,False,
1911_census_volume_iii_part_x_families,1911 Census - Volume III - Part X Families.pdf,data\raw\abs_1911_census\1911 Census - Volume III - Part X Families.pdf,104,15,16,4 | 3 | 5,4,3,1,1118,ends,"4.-Relative Ages of Husbands and Wives in the States and Territories of the Commonwealth of Australia, at the Census of 3rd April, 1911",VIII.-Federal Capital Territory,VII.-Northern Territory,False,True,True,1,,False,
1911_census_volume_iii_part_x_families,1911 Census - Volume III - Part X Families.pdf,data\raw\abs_1911_census\1911 Census - Volume III - Part X Families.pdf,104,16,17,4 | 3 | 5,4,3,1,1119,continues,"Relative Ages of Husbands and Wives in the States and Territories of the Commonwealth of Australia, at the Census of 3rd April, 1911",VII.-NORTHERN TERRITORY. VIII.-FEDERAL CAPITAL TERRITORY.,,False,True,True,1,,False,
1911_census_volume_iii_part_x_families,1911 Census - Volume III - Part X Families.pdf,data\raw\abs_1911_census\1911 Census - Volume III - Part X Families.pdf,104,17,18,5 | 4 | 6,5,3,1,1120,continues,"Relative Religions of Husbands and Wives in the States and Territories of the Commonwealth of Australia, at the Census of 3rd April, 1911",,I.—NEW SOUTH WALES. II.—VICTORIA.,False,True,True,1,,False,
1911_census_volume_iii_part_x_families,1911 Census - Volume III - Part X Families.pdf,data\raw\abs_1911_census\1911 Census - Volume III - Part X Families.pdf,104,18,19,5 | 4 | 6,5,3,1,1121,continues,"Relative Religions of Husbands and Wives in the States and Territories of the Commonwealth of Australia, at the Census of 3rd April, 1911",,I.-NEW SOUTH WALES; I.-VICTORIA,False,True,True,1,,False,
1911_census_volume_iii_part_x_families,1911 Census - Volume III - Part X Families.pdf,data\raw\abs_1911_census\1911 Census - Volume III - Part X Families.pdf,104,19,20,5 | 4 | 6,5,3,1,1122,continues,5.-RELATIVE RELIGIONS OF HUSBANDS AND WIVES IN THE STATES,,III.-QUEENSLAND and IV.-SOUTH AUSTRALIA,False,True,True,1,,False,
1911_census_volume_iii_part_x_families,1911 Census - Volume III - Part X Families.pdf,data\raw\abs_1911_census\1911 Census - Volume III - Part X Families.pdf,104,20,21,5 | 4 | 6,5,3,1,1123,continues,"Relative Religions of Husbands and Wives in the States and Territories of the Commonwealth of Australia, at the Census of 3rd April, 1911",III.—QUEENSLAND; IV.—SOUTH AUSTRALIA,,False,False,True,1,,False,
1911_census_volume_iii_part_x_families,1911 Census - Volume III - Part X Families.pdf,data\raw\abs_1911_census\1911 Census - Volume III - Part X Families.pdf,104,21,22,5 | 4 | 6,5,3,1,1124,continues,5.—RELATIVE RELIGIONS OF HUSBANDS AND WIVES IN THE STATES,,V.—WESTERN AUSTRALIA. VI.—TASMANIA.,False,True,True,1,,False,
1911_census_volume_iii_part_x_families,1911 Census - Volume III - Part X Families.pdf,data\raw\abs_1911_census\1911 Census - Volume III - Part X Families.pdf,104,22,23,5 | 4 | 6,5,3,1,1125,continues,"Relative Religions of Husbands and Wives in the States and Territories of the Commonwealth of Australia, at the Census of 3rd April, 1911",V.—WESTERN AUSTRALIA. VI.—TASMANIA.,,False,False,True,1,,False,
1911_census_volume_iii_part_x_families,1911 Census - Volume III - Part X Families.pdf,data\raw\abs_1911_census\1911 Census - Volume III - Part X Families.pdf,104,23,24,5 | 4 | 6,5,3,1,1126,ends,5.-RELATIVE RELIGIONS OF HUSBANDS AND WIVES IN THE STATES,VIII.-FEDERAL CAPITAL TERRITORY,,False,True,True,1,,False,
1911_census_volume_iii_part_x_families,1911 Census - Volume III - Part X Families.pdf,data\raw\abs_1911_census\1911 Census - Volume III - Part X Families.pdf,104,24,25,5 | 4 | 6,5,3,1,1127,continues,"Relative Religions of Husbands and Wives in the States and Territories of the Commonwealth of Australia, at the Census of 3rd April, 1911",VII.—NORTHERN TERRITORY. VIII.—FEDERAL CAPITAL TERRITORY.,,False,True,True,1,,False,
1911_census_volume_iii_part_x_families,1911 Census - Volume III - Part X Families.pdf,data\raw\abs_1911_census\1911 Census - Volume III - Part X Families.pdf,104,25,26,6 | 5 | 7,6,3,1,1128,continues,6.—RELATIVE BIRTHPLACES OF HUSBANDS AND WIVES,I.—NEW SOUTH WALES; II.—VICTORIA,,False,True,True,1,,False,
1911_census_volume_iii_part_x_families,1911 Census - Volume III - Part X Families.pdf,data\raw\abs_1911_census\1911 Census - Volume III - Part X Families.pdf,104,26,27,6 | 5 | 7,6,3,1,1129,continues,"Relative Birthplaces of Husbands and Wives in the States and Territories of the Commonwealth of Australia, at the Census of 3rd April, 1911",,I.-NEW SOUTH WALES. II.-VICTORIA.,False,False,True,1,,False,
1911_census_volume_iii_part_x_families,1911 Census - Volume III - Part X Families.pdf,data\raw\abs_1911_census\1911 Census - Volume III - Part X Families.pdf,104,27,28,6 | 5 | 7,6,3,1,1130,continues,6.-RELATIVE BIRTHPLACES OF HUSBANDS AND WIVES IN THE,III.-QUEENSLAND. IV.-SOUTH AUSTRALIA.,,False,True,True,1,,False,
1911_census_volume_iii_part_x_families,1911 Census - Volume III - Part X Families.pdf,data\raw\abs_1911_census\1911 Census - Volume III - Part X Families.pdf,104,28,29,6 | 5 | 7,6,3,1,1131,continues,"Relative Birthplaces of Husbands and Wives in the States and Territories of the Commonwealth of Australia, at the Census of 3rd April, 1911",III.—QUEENSLAND; IV.—SOUTH AUSTRALIA,,False,True,True,1,,False,
1911_census_volume_iii_part_x_families,1911 Census - Volume III - Part X Families.pdf,data\raw\abs_1911_census\1911 Census - Volume III - Part X Families.pdf,104,29,30,6 | 5 | 7,6,3,1,1132,continues,6. RELATIVE BIRTHPLACES OF HUSBANDS AND WIVES IN THE,,V. WESTERN AUSTRALIA. and VI. TASMANIA.,False,True,True,1,,False,
1911_census_volume_iii_part_x_families,1911 Census - Volume III - Part X Families.pdf,data\raw\abs_1911_census\1911 Census - Volume III - Part X Families.pdf,104,30,31,6 | 5 | 7,6,3,1,1133,continues,"Relative Birthplaces of Husbands and Wives in the States and Territories of the Commonwealth of Australia, at the Census of 3rd April, 1911",V.-WESTERN AUSTRALIA. VI.-TASMANIA.,,False,True,True,1,,False,
1911_census_volume_iii_part_x_families,1911 Census - Volume III - Part X Families.pdf,data\raw\abs_1911_census\1911 Census - Volume III - Part X Families.pdf,104,31,32,6 | 5 | 7,6,3,1,1134,ends,6.—RELATIVE BIRTHPLACES OF HUSBANDS AND WIVES IN THE,,VII.—NORTHERN TERRITORY. VIII.—FEDERAL CAPITAL TERRITORY.,False,True,True,1,,False,
1911_census_volume_iii_part_x_families,1911 Census - Volume III - Part X Families.pdf,data\raw\abs_1911_census\1911 Census - Volume III - Part X Families.pdf,104,32,33,6 | 5 | 7,6,3,1,1135,ends,"Relative Birthplaces of Husbands and Wives in the States and Territories of the Commonwealth of Australia, at the Census of 3rd April, 1911",,"VII-NORTHERN TERRITORY, VIII-FEDERAL CAPITAL TERRITORY",False,True,True,1,,False,
1911_census_volume_iii_part_x_families,1911 Census - Volume III - Part X Families.pdf,data\raw\abs_1911_census\1911 Census - Volume III - Part X Families.pdf,104,33,34,7 | 6 | 8 | 9,7 | 8,4,2,1136,boundary_multiple_tables,"Ages and Issue of Husbands in the Commonwealth of Australia, at the Census of 3rd April, 1911 | Ages and Issue of Wives in the Commonwealth of Australia, at the Census of 3rd April, 1911",,,True,True,True,1,,False,
1911_census_volume_iii_part_x_families,1911 Census - Volume III - Part X Families.pdf,data\raw\abs_1911_census\1911 Census - Volume III - Part X Families.pdf,104,34,35,7 | 6 | 8 | 9,7 | 8,4,2,1137,boundary_multiple_tables,"Ages and Issue of Husbands in the Commonwealth of Australia, at the Census of 3rd April, 1911 | Ages and Issue of Wives in the Commonwealth of Australia, at the Census of 3rd April, 1911",,COMMONWEALTH OF AUSTRALIA,True,True,True,1,,False,
1911_census_volume_iii_part_x_families,1911 Census - Volume III - Part X Families.pdf,data\raw\abs_1911_census\1911 Census - Volume III - Part X Families.pdf,104,35,36,9 | 8 | 10 | 11,9 | 10,4,2,1138,boundary_multiple_tables,"Religions and Issue of Wives in the Commonwealth of Australia, at the Census of 3rd April, 1911 | Birthplaces and Issue of Wives in the Commonwealth of Australia, at the Census of 3rd April, 1911",,,True,True,True,1,,False,
1911_census_volume_iii_part_x_families,1911 Census - Volume III - Part X Families.pdf,data\raw\abs_1911_census\1911 Census - Volume III - Part X Families.pdf,104,36,37,9 | 8 | 10 | 11,9 | 10,4,2,1139,boundary_multiple_tables,"Religions and Issue of Wives in the Commonwealth of Australia, at the Census of 3rd April, 1911 | Birthplaces and Issue of Wives in the Commonwealth of Australia, at the Census of 3rd April, 1911",,THE COMMONWEALTH OF AUSTRALIA,True,True,True,1,,False,
1911_census_volume_iii_part_x_families,1911 Census - Volume III - Part X Families.pdf,data\raw\abs_1911_census\1911 Census - Volume III - Part X Families.pdf,104,37,38,11 | 10 | 12,10 | 11,3,2,1140,boundary_multiple_tables,10.—BIRTHPLACES AND ISSUE OF WIVES IN | 11.—DURATION OF EXISTING MARRIAGE AND ISSUE,,,True,True,True,1,,False,
1911_census_volume_iii_part_x_families,1911 Census - Volume III - Part X Families.pdf,data\raw\abs_1911_census\1911 Census - Volume III - Part X Families.pdf,104,38,39,11 | 10 | 12,11,3,1,1141,ends,"Duration of Existing Marriage and Issue of Wives in the Commonwealth of Australia, at the Census of 3rd April, 1911",,THE COMMONWEALTH OF AUSTRALIA,False,True,True,1,,False,
1911_census_volume_iii_part_x_families,1911 Census - Volume III - Part X Families.pdf,data\raw\abs_1911_census\1911 Census - Volume III - Part X Families.pdf,104,39,40,12 | 11 | 13,12,3,1,1142,complete_on_page,12.—AGES AND AVERAGE ISSUE OF HUSBANDS IN THE STATES AND TERRITORIES OF THE COMMONWEALTH OF AUSTRALIA,,,False,True,True,1,,False,
1911_census_volume_iii_part_x_families,1911 Census - Volume III - Part X Families.pdf,data\raw\abs_1911_census\1911 Census - Volume III - Part X Families.pdf,104,40,41,13 | 12 | 14,13,3,1,1143,complete_on_page,"13.—AGES AND AVERAGE ISSUE OF WIVES IN THE STATES AND TERRITORIES OF THE COMMONWEALTH OF AUSTRALIA, At the Census of 3rd April, 1911",,,False,True,True,1,,False,
1911_census_volume_iii_part_x_families,1911 Census - Volume III - Part X Families.pdf,data\raw\abs_1911_census\1911 Census - Volume III - Part X Families.pdf,104,41,42,14 | 13 | 15,14,3,1,1144,ends,"14.—AVERAGE ISSUE OF WIVES IN THE COMMONWEALTH OF AUSTRALIA, AT THE CENSUS OF 3RD APRIL, 1911, CLASSIFIED ACCORDING TO RELIGION AND AGE",,,False,True,True,1,,False,
1911_census_volume_iii_part_x_families,1911 Census - Volume III - Part X Families.pdf,data\raw\abs_1911_census\1911 Census - Volume III - Part X Families.pdf,104,42,43,14 | 13 | 15,15,3,1,1145,continues,"Average Issue of Wives in the States and Territories of the Commonwealth of Australia, at the Census of 3rd April, 1911, classified according to Religion and Age",,COMMONWEALTH OF AUSTRALIA,False,False,True,1,,False,
1911_census_volume_iii_part_x_families,1911 Census - Volume III - Part X Families.pdf,data\raw\abs_1911_census\1911 Census - Volume III - Part X Families.pdf,104,43,44,15 | 14 | 16,15,3,1,1146,continues,"15.—AVERAGE ISSUE OF WIVES IN THE STATES AND TERRITORIES OF THE COMMONWEALTH OF AUSTRALIA, AT THE CENSUS OF 3RD APRIL, 1911, CLASSIFIED ACCORDING TO RELIGION AND AGE",NEW SOUTH WALES,,False,True,True,1,,False,
1911_census_volume_iii_part_x_families,1911 Census - Volume III - Part X Families.pdf,data\raw\abs_1911_census\1911 Census - Volume III - Part X Families.pdf,104,44,45,15 | 14 | 16,15,3,1,1147,continues,"Average Issue of Wives in the States and Territories of the Commonwealth of Australia, at the Census of 3rd April, 1911, classified according to Religion and Age",NEW SOUTH WALES,TERRITORIES OF THE COMMONWEALTH OF AUSTRALIA,False,False,True,1,,False,
1911_census_volume_iii_part_x_families,1911 Census - Volume III - Part X Families.pdf,data\raw\abs_1911_census\1911 Census - Volume III - Part X Families.pdf,104,45,46,15 | 14 | 16,15,3,1,1148,continues,15.—AVERAGE ISSUE OF WIVES IN THE STATES,VICTORIA.,,False,True,True,1,,False,
1911_census_volume_iii_part_x_families,1911 Census - Volume III - Part X Families.pdf,data\raw\abs_1911_census\1911 Census - Volume III - Part X Families.pdf,104,46,47,15 | 14 | 16,15,3,1,1149,continues,"Average Issue of Wives in the States and Territories of the Commonwealth of Australia, at the Census of 3rd April, 1911, classified according to Religion and Age",VICTORIA,,False,False,True,1,,False,
1911_census_volume_iii_part_x_families,1911 Census - Volume III - Part X Families.pdf,data\raw\abs_1911_census\1911 Census - Volume III - Part X Families.pdf,104,47,48,15 | 14 | 16,15,3,1,1150,continues,15.—AVERAGE ISSUE OF WIVES IN THE STATES,III.—QUEENSLAND.,,False,True,True,1,,False,
1911_census_volume_iii_part_x_families,1911 Census - Volume III - Part X Families.pdf,data\raw\abs_1911_census\1911 Census - Volume III - Part X Families.pdf,104,48,49,15 | 14 | 16,15,3,1,1151,continues,"Average Issue of Wives in the States and Territories of the Commonwealth of Australia, at the Census of 3rd April, 1911, classified according to Religion and Age",III.—QUEENSLAND.,,False,False,True,1,,False,
1911_census_volume_iii_part_x_families,1911 Census - Volume III - Part X Families.pdf,data\raw\abs_1911_census\1911 Census - Volume III - Part X Families.pdf,104,49,50,15 | 14 | 16,15,3,1,1152,continues,15.--AVERAGE ISSUE OF WIVES IN THE STATES,IV.--SOUTH AUSTRALIA.,,False,True,True,1,,False,
1911_census_volume_iii_part_x_families,1911 Census - Volume III - Part X Families.pdf,data\raw\abs_1911_census\1911 Census - Volume III - Part X Families.pdf,104,50,51,15 | 14 | 16,15,3,1,1153,continues,"Average Issue of Wives in the States and Territories of the Commonwealth of Australia, at the Census of 3rd April, 1911, classified according to Religion and Age",IV.—SOUTH AUSTRALIA.,,False,True,True,1,,False,
1911_census_volume_iii_part_x_families,1911 Census - Volume III - Part X Families.pdf,data\raw\abs_1911_census\1911 Census - Volume III - Part X Families.pdf,104,51,52,15 | 14 | 16,15,3,1,1154,continues,15.—AVERAGE ISSUE OF WIVES IN THE STATES,V.—WESTERN AUSTRALIA.,,False,True,True,1,,False,
1911_census_volume_iii_part_x_families,1911 Census - Volume III - Part X Families.pdf,data\raw\abs_1911_census\1911 Census - Volume III - Part X Families.pdf,104,52,53,15 | 14 | 16,15,3,1,1155,continues,"Average Issue of Wives in the States and Territories of the Commonwealth of Australia, at the Census of 3rd April, 1911, classified according to Religion and Age",V.—WESTERN AUSTRALIA.,,False,True,True,1,,False,
1911_census_volume_iii_part_x_families,1911 Census - Volume III - Part X Families.pdf,data\raw\abs_1911_census\1911 Census - Volume III - Part X Families.pdf,104,53,54,15 | 14 | 16,15,3,1,1156,continues,15.—AVERAGE ISSUE OF WIVES IN THE STATES,VI.—TASMANIA.,,False,True,True,1,,False,
1911_census_volume_iii_part_x_families,1911 Census - Volume III - Part X Families.pdf,data\raw\abs_1911_census\1911 Census - Volume III - Part X Families.pdf,104,54,55,15 | 14 | 16,15,3,1,1157,continues,"Average Issue of Wives in the States and Territories of the Commonwealth of Australia, at the Census of 3rd April, 1911, classified according to Religion and Age",VI.—TASMANIA.,,False,False,True,1,,False,
1911_census_volume_iii_part_x_families,1911 Census - Volume III - Part X Families.pdf,data\raw\abs_1911_census\1911 Census - Volume III - Part X Families.pdf,104,55,56,15 | 14 | 16,15,3,1,1158,ends,15.—AVERAGE ISSUE OF WIVES IN THE STATES,,VIII.—FEDERAL CAPITAL TERRITORY,False,True,True,1,,False,
1911_census_volume_iii_part_x_families,1911 Census - Volume III - Part X Families.pdf,data\raw\abs_1911_census\1911 Census - Volume III - Part X Families.pdf,104,56,57,15 | 14 | 16,15,3,1,1159,continues,"Average Issue of Wives in the States and Territories of the Commonwealth of Australia, at the Census of 3rd April, 1911, classified according to Religion and Age",VII.—NORTHERN TERRITORY. VIII.—FEDERAL CAPITAL TERRITORY,,False,True,True,1,,False,
1911_census_volume_iii_part_x_families,1911 Census - Volume III - Part X Families.pdf,data\raw\abs_1911_census\1911 Census - Volume III - Part X Families.pdf,104,57,58,16 | 15 | 17,16,3,1,1160,continues,"16.-AVERAGE ISSUE OF WIVES IN At the Census of 3rd April, 1911, (Exclusive of Full-",,,False,True,True,1,,False,
1911_census_volume_iii_part_x_families,1911 Census - Volume III - Part X Families.pdf,data\raw\abs_1911_census\1911 Census - Volume III - Part X Families.pdf,104,58,59,16 | 15 | 17,17,3,1,1161,starts,"Average Issue of Wives in the States and Territories of the Commonwealth of Australia, at the Census of 3rd April, 1911, classified according to Birthplace and Age",,THE COMMONWEALTH OF AUSTRALIA,False,True,True,1,,False,
1911_census_volume_iii_part_x_families,1911 Census - Volume III - Part X Families.pdf,data\raw\abs_1911_census\1911 Census - Volume III - Part X Families.pdf,104,59,60,17 | 16 | 18,16 | 17,3,2,1162,boundary_multiple_tables,"16.—AVERAGE ISSUE OF WIVES IN THE | 17.—AVERAGE ISSUE OF WIVES IN THE STATES AND At the Census of 3rd April, 1911, Classified",I.—NEW SOUTH WALES,,True,True,True,1,,False,
1911_census_volume_iii_part_x_families,1911 Census - Volume III - Part X Families.pdf,data\raw\abs_1911_census\1911 Census - Volume III - Part X Families.pdf,104,60,61,17 | 16 | 18,17,3,1,1163,continues,"Average Issue of Wives in the States and Territories of the Commonwealth of Australia, at the Census of 3rd April, 1911, classified according to Birthplace and Age",I.—NEW SOUTH WALES.,TERRITORIES OF THE COMMONWEALTH OF AUSTRALIA,False,False,True,1,,False,
1911_census_volume_iii_part_x_families,1911 Census - Volume III - Part X Families.pdf,data\raw\abs_1911_census\1911 Census - Volume III - Part X Families.pdf,104,61,62,17 | 16 | 18,17,3,1,1164,continues,17—AVERAGE ISSUE OF WIVES IN THE STATES AND,I.—NEW SOUTH WALES—continued.,,False,True,True,1,,False,
1911_census_volume_iii_part_x_families,1911 Census - Volume III - Part X Families.pdf,data\raw\abs_1911_census\1911 Census - Volume III - Part X Families.pdf,104,62,63,17 | 16 | 18,17,3,1,1165,continues,"Average Issue of Wives in the States and Territories of the Commonwealth of Australia, at the Census of 3rd April, 1911, classified according to Birthplace and Age",I.—NEW SOUTH WALES—continued.,TERRITORIES OF THE COMMONWEALTH—continued.,False,False,True,1,,False,
1911_census_volume_iii_part_x_families,1911 Census - Volume III - Part X Families.pdf,data\raw\abs_1911_census\1911 Census - Volume III - Part X Families.pdf,104,63,64,17 | 16 | 18,17,3,1,1166,continues,"17—AVERAGE ISSUE OF WIVES IN THE STATES AND TERRITORIES OF THE COMMONWEALTH OF AUSTRALIA, AT THE CENSUS OF 3RD APRIL, 1911, CLASSIFIED ACCORDING TO BIRTHPLACE AND AGE",II.—VICTORIA.,,False,True,True,1,,False,
1911_census_volume_iii_part_x_families,1911 Census - Volume III - Part X Families.pdf,data\raw\abs_1911_census\1911 Census - Volume III - Part X Families.pdf,104,64,65,17 | 16 | 18,17,3,1,1167,continues,"Average Issue of Wives in the States and Territories of the Commonwealth of Australia, at the Census of 3rd April, 1911, classified according to Birthplace and Age",II.—VICTORIA.,,False,False,True,1,,False,
1911_census_volume_iii_part_x_families,1911 Census - Volume III - Part X Families.pdf,data\raw\abs_1911_census\1911 Census - Volume III - Part X Families.pdf,104,65,66,17 | 16 | 18,17,3,1,1168,continues,"Average Issue of Wives in the States and Territories of the Commonwealth of Australia, at the Census of 3rd April, 1911, classified according to Birthplace and Age",II.—VICTORIA—continued. / III.—QUEENSLAND.,,False,True,True,1,,False,
1911_census_volume_iii_part_x_families,1911 Census - Volume III - Part X Families.pdf,data\raw\abs_1911_census\1911 Census - Volume III - Part X Families.pdf,104,66,67,17 | 16 | 18,17,3,1,1169,continues,"Average Issue of Wives in the States and Territories of the Commonwealth of Australia, at the Census of 3rd April, 1911, classified according to Birthplace and Age",II.—VICTORIA—continued. III.—QUEENSLAND.,,False,False,True,1,,False,
1911_census_volume_iii_part_x_families,1911 Census - Volume III - Part X Families.pdf,data\raw\abs_1911_census\1911 Census - Volume III - Part X Families.pdf,104,67,68,17 | 16 | 18,17,3,1,1170,continues,"17—AVERAGE ISSUE OF WIVES IN THE STATES AND TERRITORIES OF THE COMMONWEALTH OF AUSTRALIA, AT THE CENSUS OF 3RD APRIL, 1911, CLASSIFIED ACCORDING TO BIRTHPLACE AND AGE",III.—QUEENSLAND—continued.,,False,True,True,1,,False,
1911_census_volume_iii_part_x_families,1911 Census - Volume III - Part X Families.pdf,data\raw\abs_1911_census\1911 Census - Volume III - Part X Families.pdf,104,68,69,17 | 16 | 18,17,3,1,1171,continues,"Average Issue of Wives in the States and Territories of the Commonwealth of Australia, at the Census of 3rd April, 1911, classified according to Birthplace and Age",III.—QUEENSLAND—continued.,TERRITORIES OF THE COMMONWEALTH—continued.,False,True,True,1,,False,
1911_census_volume_iii_part_x_families,1911 Census - Volume III - Part X Families.pdf,data\raw\abs_1911_census\1911 Census - Volume III - Part X Families.pdf,104,69,70,17 | 16 | 18,17,3,1,1172,continues,"Average Issue of Wives in the States and Territories of the Commonwealth of Australia, at the Census of 3rd April, 1911, classified according to Birthplace and Age",IV.—SOUTH AUSTRALIA.,,False,True,True,1,,False,
1911_census_volume_iii_part_x_families,1911 Census - Volume III - Part X Families.pdf,data\raw\abs_1911_census\1911 Census - Volume III - Part X Families.pdf,104,70,71,17 | 16 | 18,17,3,1,1173,continues,"Average Issue of Wives in the States and Territories of the Commonwealth of Australia, at the Census of 3rd April, 1911, classified according to Birthplace and Age",IV.—SOUTH AUSTRALIA.,TERRITORIES OF THE COMMONWEALTH—continued.,False,False,True,1,,False,
1911_census_volume_iii_part_x_families,1911 Census - Volume III - Part X Families.pdf,data\raw\abs_1911_census\1911 Census - Volume III - Part X Families.pdf,104,71,72,17 | 16 | 18,17,3,1,1174,continues,"17—AVERAGE ISSUE OF WIVES IN THE STATES AND TERRITORIES OF THE COMMONWEALTH OF AUSTRALIA, AT THE CENSUS OF 3RD APRIL, 1911, CLASSIFIED ACCORDING TO BIRTHPLACE AND AGE",IV.—SOUTH AUSTRALIA—continued.,V.—WESTERN AUSTRALIA.,False,False,True,1,,False,
1911_census_volume_iii_part_x_families,1911 Census - Volume III - Part X Families.pdf,data\raw\abs_1911_census\1911 Census - Volume III - Part X Families.pdf,104,72,73,17 | 16 | 18,17,3,1,1175,continues,"Average Issue of Wives in the States and Territories of the Commonwealth of Australia, at the Census of 3rd April, 1911, classified according to Birthplace and Age",IV.—SOUTH AUSTRALIA—continued. V.—WESTERN AUSTRALIA.,TERRITORIES OF THE COMMONWEALTH—continued.,False,False,True,1,,False,
1911_census_volume_iii_part_x_families,1911 Census - Volume III - Part X Families.pdf,data\raw\abs_1911_census\1911 Census - Volume III - Part X Families.pdf,104,73,74,17 | 16 | 18,17,3,1,1176,continues,17—AVERAGE ISSUE OF WIVES IN THE STATES AND,V.—WESTERN AUSTRALIA—continued.,,False,True,True,1,,False,
1911_census_volume_iii_part_x_families,1911 Census - Volume III - Part X Families.pdf,data\raw\abs_1911_census\1911 Census - Volume III - Part X Families.pdf,104,74,75,17 | 16 | 18,17,3,1,1177,continues,"Average Issue of Wives in the States and Territories of the Commonwealth of Australia, at the Census of 3rd April, 1911, classified according to Birthplace and Age",V.—WESTERN AUSTRALIA—continued.,TERRITORIES OF THE COMMONWEALTH—continued.,False,False,True,1,,False,
1911_census_volume_iii_part_x_families,1911 Census - Volume III - Part X Families.pdf,data\raw\abs_1911_census\1911 Census - Volume III - Part X Families.pdf,104,75,76,17 | 16 | 18,17,3,1,1178,continues,"Average Issue of Wives in the States and Territories of the Commonwealth of Australia, at the Census of 3rd April, 1911, classified according to Birthplace and Age",VI.—TASMANIA.,,False,True,True,1,,False,
1911_census_volume_iii_part_x_families,1911 Census - Volume III - Part X Families.pdf,data\raw\abs_1911_census\1911 Census - Volume III - Part X Families.pdf,104,76,77,17 | 16 | 18,17,3,1,1179,continues,"Average Issue of Wives in the States and Territories of the Commonwealth of Australia, at the Census of 3rd April, 1911, classified according to Birthplace and Age",VI.—TASMANIA.,TERRITORIES OF THE COMMONWEALTH—continued.,False,False,True,1,,False,
1911_census_volume_iii_part_x_families,1911 Census - Volume III - Part X Families.pdf,data\raw\abs_1911_census\1911 Census - Volume III - Part X Families.pdf,104,77,78,17 | 16 | 18,17,3,1,1180,continues,17—AVERAGE ISSUE OF WIVES IN THE STATES AND,VI.—TASMANIA—continued.,VII.—NORTHERN TERRITORY.,False,True,True,1,,False,
1911_census_volume_iii_part_x_families,1911 Census - Volume III - Part X Families.pdf,data\raw\abs_1911_census\1911 Census - Volume III - Part X Families.pdf,104,78,79,17 | 16 | 18,17,3,1,1181,continues,"Average Issue of Wives in the States and Territories of the Commonwealth of Australia, at the Census of 3rd April, 1911, classified according to Birthplace and Age",VI.—TASMANIA—continued. VII.—NORTHERN TERRITORY.,TERRITORIES OF THE COMMONWEALTH—continued.,False,True,True,1,,False,
1911_census_volume_iii_part_x_families,1911 Census - Volume III - Part X Families.pdf,data\raw\abs_1911_census\1911 Census - Volume III - Part X Families.pdf,104,79,80,17 | 16 | 18,17,3,1,1182,ends,17—AVERAGE ISSUE OF WIVES IN THE STATES AND,,VIII.—FEDERAL CAPITAL TERRITORY.,False,True,True,1,,False,
1911_census_volume_iii_part_x_families,1911 Census - Volume III - Part X Families.pdf,data\raw\abs_1911_census\1911 Census - Volume III - Part X Families.pdf,104,80,81,17 | 16 | 18,17,3,1,1183,ends,"Average Issue of Wives in the States and Territories of the Commonwealth of Australia, at the Census of 3rd April, 1911, classified according to Birthplace and Age",VIII.—FEDERAL CAPITAL TERRITORY.,TERRITORIES OF THE COMMONWEALTH—continued.,False,False,True,1,,False,
1911_census_volume_iii_part_x_families,1911 Census - Volume III - Part X Families.pdf,data\raw\abs_1911_census\1911 Census - Volume III - Part X Families.pdf,104,81,82,18 | 17 | 19 | 20,18 | 19,4,2,1184,boundary_multiple_tables,"18.—AVERAGE ISSUE OF WIVES IN At the Census of 3rd April, 1911, Classified (Exclusive of Full- | 19.—AVERAGE ISSUE OF WIVES IN THE STATES AND At the Census of 3rd April, 1911, Classified (Exclusive of Full-",,,True,True,True,1,,False,
1911_census_volume_iii_part_x_families,1911 Census - Volume III - Part X Families.pdf,data\raw\abs_1911_census\1911 Census - Volume III - Part X Families.pdf,104,82,83,18 | 17 | 19 | 20,18 | 19,4,2,1185,boundary_multiple_tables,"Average Issue of Wives in the Commonwealth of Australia, at the Census of 3rd April, 1911, classified according to Duration of Marriage and Age | Average Issue of Wives in the States and Territories of the Commonwealth of Australia, at the Census of 3rd April, 1911, classified according to Duration of Marriage and Age",,"I.-NEW SOUTH WALES, II.-VICTORIA, III.-QUEENSLAND",True,True,True,1,,False,
1911_census_volume_iii_part_x_families,1911 Census - Volume III - Part X Families.pdf,data\raw\abs_1911_census\1911 Census - Volume III - Part X Families.pdf,104,83,84,18 | 17 | 19 | 20,19,4,1,1186,continues,"Average Issue of Wives in the States and Territories of the Commonwealth of Australia, at the Census of 3rd April, 1911, classified according to Duration of Marriage and Age",,"IV. SOUTH AUSTRALIA, V. WESTERN AUSTRALIA, VI. TASMANIA, VII. NORTHERN TERRITORY, VIII. FEDERAL CAPITAL TERRITORY",False,False,True,1,,False,
1911_census_volume_iii_part_x_families,1911 Census - Volume III - Part X Families.pdf,data\raw\abs_1911_census\1911 Census - Volume III - Part X Families.pdf,104,84,85,18 | 17 | 19 | 20,19,4,1,1187,ends,"Average Issue of Wives in the States and Territories of the Commonwealth of Australia, at the Census of 3rd April, 1911, classified according to Duration of Marriage and Age",,TERRITORIES OF THE COMMONWEALTH—continued.,False,True,True,1,,False,
1911_census_volume_iii_part_x_families,1911 Census - Volume III - Part X Families.pdf,data\raw\abs_1911_census\1911 Census - Volume III - Part X Families.pdf,104,85,86,20 | 19 | 21,20,3,1,1188,starts,"20.—AVERAGE ISSUE OF HUSBANDS IN THE COMMONWEALTH OF AUSTRALIA At the Census of 3rd April, 1911, Classified according to Occupation, Grade and Age (Exclusive of Full-blooded Aboriginals).",,,False,True,True,1,,False,
1911_census_volume_iii_part_x_families,1911 Census - Volume III - Part X Families.pdf,data\raw\abs_1911_census\1911 Census - Volume III - Part X Families.pdf,104,86,87,20 | 19 | 21,20,3,1,1189,continues,20—AVERAGE ISSUE OF HUSBANDS IN THE COMMONWEALTH—continued.,,II.—GRADE—EMPLOYERS.,False,True,True,1,,False,
1911_census_volume_iii_part_x_families,1911 Census - Volume III - Part X Families.pdf,data\raw\abs_1911_census\1911 Census - Volume III - Part X Families.pdf,104,87,88,20 | 19 | 21,20,3,1,1190,continues,20.—AVERAGE ISSUE OF HUSBANDS IN THE COMMONWEALTH—continued.,"III.—GRADE—WORKING ON OWN ACCOUNT, BUT NOT EMPLOYING LABOUR.",,False,True,True,1,,False,
1911_census_volume_iii_part_x_families,1911 Census - Volume III - Part X Families.pdf,data\raw\abs_1911_census\1911 Census - Volume III - Part X Families.pdf,104,88,89,20 | 19 | 21,20,3,1,1191,continues,20.—AVERAGE ISSUE OF HUSBANDS IN THE COMMONWEALTH—continued.,"IV.—GRADE—ASSISTING, BUT NOT RECEIVING WAGES OR SALARY.",,False,True,True,1,,False,
1911_census_volume_iii_part_x_families,1911 Census - Volume III - Part X Families.pdf,data\raw\abs_1911_census\1911 Census - Volume III - Part X Families.pdf,104,89,90,20 | 19 | 21,20,3,1,1192,continues,20.—AVERAGE ISSUE OF HUSBANDS IN THE COMMONWEALTH—CONTINUED.,V.—GRADE IN RECEIPT OF WAGES OR SALARY.,,False,True,True,1,,False,
1911_census_volume_iii_part_x_families,1911 Census - Volume III - Part X Families.pdf,data\raw\abs_1911_census\1911 Census - Volume III - Part X Families.pdf,104,90,91,20 | 19 | 21,20,3,1,1193,continues,"Average Issue of Husbands in the Commonwealth of Australia, at the Census of 3rd April, 1911, classified according to Occupation, Grade and Age",VI.—GRADE—UNEMPLOYED.,,False,True,True,1,,False,
1911_census_volume_iii_part_x_families,1911 Census - Volume III - Part X Families.pdf,data\raw\abs_1911_census\1911 Census - Volume III - Part X Families.pdf,104,91,92,20 | 19 | 21,20,3,1,1194,continues,"Average Issue of Husbands in the Commonwealth of Australia, at the Census of 3rd April, 1911, classified according to Occupation, Grade and Age",,VII.—GRADE—NOT APPLICABLE.,False,True,True,1,,False,
1911_census_volume_iii_part_x_families,1911 Census - Volume III - Part X Families.pdf,data\raw\abs_1911_census\1911 Census - Volume III - Part X Families.pdf,104,92,93,20 | 19 | 21,20,3,1,1195,ends,20.—AVERAGE ISSUE OF HUSBANDS IN THE COMMONWEALTH—continued.,,VIII.—GRADE—NOT STATED.,False,True,True,1,,False,
1911_census_volume_iii_part_x_families,1911 Census - Volume III - Part X Families.pdf,data\raw\abs_1911_census\1911 Census - Volume III - Part X Families.pdf,104,93,94,21 | 20 | 22,21,3,1,1196,continues,"Average Issue of Husbands in the States and Territories of the Commonwealth of Australia, at the Census of 3rd April, 1911, classified according to Occupation and Age",NEW SOUTH WALES.—ALL GRADES.,,False,True,True,1,,False,
1911_census_volume_iii_part_x_families,1911 Census - Volume III - Part X Families.pdf,data\raw\abs_1911_census\1911 Census - Volume III - Part X Families.pdf,104,94,95,21 | 20 | 22,21,3,1,1197,continues,"Average Issue of Husbands in the States and Territories of the Commonwealth of Australia, at the Census of 3rd April, 1911, classified according to Occupation and Age",II.—VICTORIA.—ALL GRADES.,,False,True,True,1,,False,
1911_census_volume_iii_part_x_families,1911 Census - Volume III - Part X Families.pdf,data\raw\abs_1911_census\1911 Census - Volume III - Part X Families.pdf,104,95,96,21 | 20 | 22,21,3,1,1198,continues,"Average Issue of Husbands in the States and Territories of the Commonwealth of Australia, at the Census of 3rd April, 1911, classified according to Occupation and Age",III.—QUEENSLAND.—ALL GRADES.,,False,True,True,1,,False,
1911_census_volume_iii_part_x_families,1911 Census - Volume III - Part X Families.pdf,data\raw\abs_1911_census\1911 Census - Volume III - Part X Families.pdf,104,96,97,21 | 20 | 22,21,3,1,1199,continues,21.—AVERAGE ISSUE OF HUSBANDS IN THE STATES AND TERRITORIES—continued.,IV.—SOUTH AUSTRALIA.—ALL GRADES.,,False,True,True,1,,False,
1911_census_volume_iii_part_x_families,1911 Census - Volume III - Part X Families.pdf,data\raw\abs_1911_census\1911 Census - Volume III - Part X Families.pdf,104,97,98,21 | 20 | 22,21,3,1,1200,continues,21.—AVERAGE ISSUE OF HUSBANDS IN THE STATES AND TERRITORIES—continued.,V.—WESTERN AUSTRALIA.—ALL GRADES.,,False,True,True,1,,False,
1911_census_volume_iii_part_x_families,1911 Census - Volume III - Part X Families.pdf,data\raw\abs_1911_census\1911 Census - Volume III - Part X Families.pdf,104,98,99,21 | 20 | 22,21,3,1,1201,continues,"Average Issue of Husbands in the States and Territories of the Commonwealth of Australia, at the Census of 3rd April, 1911, classified according to Occupation and Age",VI.—TASMANIA.—ALL GRADES.,,False,True,True,1,,False,
1911_census_volume_iii_part_x_families,1911 Census - Volume III - Part X Families.pdf,data\raw\abs_1911_census\1911 Census - Volume III - Part X Families.pdf,104,99,100,21 | 20 | 22,21,3,1,1202,ends,21.--AVERAGE ISSUE OF HUSBANDS IN THE STATES AND TERRITORIES--continued.,VII.--NORTHERN TERRITORY.--ALL GRADES.,,False,True,True,1,,False,
1911_census_volume_iii_part_x_families,1911 Census - Volume III - Part X Families.pdf,data\raw\abs_1911_census\1911 Census - Volume III - Part X Families.pdf,104,100,101,21 | 20 | 22,21,3,1,1203,ends,21.—AVERAGE ISSUE OF HUSBANDS IN THE STATES AND TERRITORIES—continued.,VIII.—FEDERAL CAPITAL TERRITORY.—ALL GRADES.,,False,True,True,1,,False,
1911_census_volume_iii_part_x_families,1911 Census - Volume III - Part X Families.pdf,data\raw\abs_1911_census\1911 Census - Volume III - Part X Families.pdf,104,101,102,22 | 21 | 23,22,3,1,1204,complete_on_page,"Ages and Average Issue of Widowers and Divorced Males in the States and Territories of the Commonwealth of Australia, at the Census of 3rd April, 1911",,,False,True,True,1,,False,
1911_census_volume_iii_part_x_families,1911 Census - Volume III - Part X Families.pdf,data\raw\abs_1911_census\1911 Census - Volume III - Part X Families.pdf,104,102,103,23 | 22,23,2,1,1205,complete_on_page,23.—AGES AND AVERAGE ISSUE OF WIDOWS AND DIVORCED FEMALES IN THE STATES AND TERRITORIES OF THE COMMONWEALTH OF AUSTRALIA,,,False,True,True,1,,False,
1911_census_volume_iii_part_x_families,1911 Census - Volume III - Part X Families.pdf,data\raw\abs_1911_census\1911 Census - Volume III - Part X Families.pdf,104,103,104,23 | 22,,2,0,,non_table,,,,False,False,False,1.0,The provided page image is blank.,False,
1911_census_volume_iii_part_xi_life_tables,1911 Census - Volume III - Part XI Life Tables.pdf,data\raw\abs_1911_census\1911 Census - Volume III - Part XI Life Tables.pdf,72,2,3,1 | 2,1,2,1,1209,complete_on_page,"Commonwealth.—Male Life Table, 1881–1890",,,False,True,True,1,,False,
1911_census_volume_iii_part_xi_life_tables,1911 Census - Volume III - Part XI Life Tables.pdf,data\raw\abs_1911_census\1911 Census - Volume III - Part XI Life Tables.pdf,72,3,4,2 | 1 | 3,1 | 2,3,2,1210,boundary_multiple_tables,"1.—COMMONWEALTH.—MALE LIFE TABLE, 1881-90—continued. | 2.—COMMONWEALTH.—FEMALE LIFE TABLE, 1881-90.",,,True,True,True,1,,False,
1911_census_volume_iii_part_xi_life_tables,1911 Census - Volume III - Part XI Life Tables.pdf,data\raw\abs_1911_census\1911 Census - Volume III - Part XI Life Tables.pdf,72,4,5,2 | 1 | 3,2,3,1,1211,continues,"Commonwealth.—Female Life Table, 1881–90—continued.",,,False,True,True,1,,False,
1911_census_volume_iii_part_xi_life_tables,1911 Census - Volume III - Part XI Life Tables.pdf,data\raw\abs_1911_census\1911 Census - Volume III - Part XI Life Tables.pdf,72,5,6,3 | 2 | 4,2 | 3,3,2,1212,boundary_multiple_tables,"2.—COMMONWEALTH.—FEMALE LIFE TABLE, 1881-90.—continued. | 3.—COMMONWEALTH.—MALE LIFE TABLE, 1891-1900.",,,True,True,True,1,,False,
1911_census_volume_iii_part_xi_life_tables,1911 Census - Volume III - Part XI Life Tables.pdf,data\raw\abs_1911_census\1911 Census - Volume III - Part XI Life Tables.pdf,72,6,7,3 | 2 | 4,3,3,1,1213,continues,"Commonwealth.—Male Life Table, 1891–1900",continued,,False,True,True,1,,False,
1911_census_volume_iii_part_xi_life_tables,1911 Census - Volume III - Part XI Life Tables.pdf,data\raw\abs_1911_census\1911 Census - Volume III - Part XI Life Tables.pdf,72,7,8,4 | 3 | 5,4,3,1,1214,complete_on_page,"Commonwealth.—Female Life Table, 1891–1900",,,False,True,True,1,,False,
1911_census_volume_iii_part_xi_life_tables,1911 Census - Volume III - Part XI Life Tables.pdf,data\raw\abs_1911_census\1911 Census - Volume III - Part XI Life Tables.pdf,72,8,9,5 | 4 | 6,4 | 5,3,2,1215,boundary_multiple_tables,"Commonwealth.—Female Life Table, 1891–1900—continued. | Commonwealth.—Male Life Table, 1901–1910",,,True,True,True,1,,False,
1911_census_volume_iii_part_xi_life_tables,1911 Census - Volume III - Part XI Life Tables.pdf,data\raw\abs_1911_census\1911 Census - Volume III - Part XI Life Tables.pdf,72,9,10,5 | 4 | 6,5,3,1,1216,continues,"Commonwealth.—Male Life Table, 1901–1910",continued,,False,True,True,1,,False,
1911_census_volume_iii_part_xi_life_tables,1911 Census - Volume III - Part XI Life Tables.pdf,data\raw\abs_1911_census\1911 Census - Volume III - Part XI Life Tables.pdf,72,10,11,6 | 5 | 7,5 | 6,3,2,1217,boundary_multiple_tables,"Commonwealth.—Male Life Table, 1901–1910 | Commonwealth.—Female Life Table, 1901–1910",,,True,True,True,1,,False,
1911_census_volume_iii_part_xi_life_tables,1911 Census - Volume III - Part XI Life Tables.pdf,data\raw\abs_1911_census\1911 Census - Volume III - Part XI Life Tables.pdf,72,11,12,6 | 5 | 7,6,3,1,1218,ends,"Commonwealth.—Female Life Table, 1901–1910—continued.",,,False,True,True,1,,False,
1911_census_volume_iii_part_xi_life_tables,1911 Census - Volume III - Part XI Life Tables.pdf,data\raw\abs_1911_census\1911 Census - Volume III - Part XI Life Tables.pdf,72,12,13,7 | 6 | 8,7,3,1,1219,complete_on_page,"New South Wales.—Male Life Table, 1881–1890",,,False,True,True,1,,False,
1911_census_volume_iii_part_xi_life_tables,1911 Census - Volume III - Part XI Life Tables.pdf,data\raw\abs_1911_census\1911 Census - Volume III - Part XI Life Tables.pdf,72,13,14,8 | 7 | 9,7 | 8,3,2,1220,boundary_multiple_tables,"New South Wales.—Male Life Table, 1881–90—continued. | New South Wales.—Female Life Table, 1881–90.",,,True,True,True,1,,False,
1911_census_volume_iii_part_xi_life_tables,1911 Census - Volume III - Part XI Life Tables.pdf,data\raw\abs_1911_census\1911 Census - Volume III - Part XI Life Tables.pdf,72,14,15,8 | 7 | 9,8,3,1,1221,continues,"New South Wales.—Female Life Table, 1881–1890",,,False,True,True,1,,False,
1911_census_volume_iii_part_xi_life_tables,1911 Census - Volume III - Part XI Life Tables.pdf,data\raw\abs_1911_census\1911 Census - Volume III - Part XI Life Tables.pdf,72,15,16,9 | 8 | 10,8 | 9,3,2,1222,boundary_multiple_tables,"New South Wales.—Female Life Table, 1881–1890 | New South Wales.—Male Life Table, 1891–1900",,,True,True,True,1,,False,
1911_census_volume_iii_part_xi_life_tables,1911 Census - Volume III - Part XI Life Tables.pdf,data\raw\abs_1911_census\1911 Census - Volume III - Part XI Life Tables.pdf,72,16,17,9 | 8 | 10,9,3,1,1223,continues,"New South Wales.—Male Life Table, 1891–1900",,,False,True,True,1,,False,
1911_census_volume_iii_part_xi_life_tables,1911 Census - Volume III - Part XI Life Tables.pdf,data\raw\abs_1911_census\1911 Census - Volume III - Part XI Life Tables.pdf,72,17,18,10 | 9 | 11,10,3,1,1224,complete_on_page,"10.—NEW SOUTH WALES.—FEMALE LIFE TABLE, 1891–1900.",,,False,True,True,1,,False,
1911_census_volume_iii_part_xi_life_tables,1911 Census - Volume III - Part XI Life Tables.pdf,data\raw\abs_1911_census\1911 Census - Volume III - Part XI Life Tables.pdf,72,18,19,11 | 10 | 12,10 | 11,3,2,1225,boundary_multiple_tables,"New South Wales.—Female Life Table, 1891–1900 | New South Wales.—Male Life Table, 1901–1910",,,True,True,True,1,,False,
1911_census_volume_iii_part_xi_life_tables,1911 Census - Volume III - Part XI Life Tables.pdf,data\raw\abs_1911_census\1911 Census - Volume III - Part XI Life Tables.pdf,72,19,20,11 | 10 | 12,11,3,1,1226,continues,"New South Wales.—Male Life Table, 1901–1910",,,False,True,True,1,,False,
1911_census_volume_iii_part_xi_life_tables,1911 Census - Volume III - Part XI Life Tables.pdf,data\raw\abs_1911_census\1911 Census - Volume III - Part XI Life Tables.pdf,72,20,21,12 | 11 | 13,11 | 12,3,2,1227,boundary_multiple_tables,"11.—NEW SOUTH WALES.—MALE LIFE TABLE, 1901-10—continued. | 12.—NEW SOUTH WALES.—FEMALE LIFE TABLE, 1901-10.",,,True,True,True,1,,False,
1911_census_volume_iii_part_xi_life_tables,1911 Census - Volume III - Part XI Life Tables.pdf,data\raw\abs_1911_census\1911 Census - Volume III - Part XI Life Tables.pdf,72,21,22,12 | 11 | 13,12,3,1,1228,continues,"New South Wales.—Female Life Table, 1901–1910",continued,,False,True,True,1,,False,
1911_census_volume_iii_part_xi_life_tables,1911 Census - Volume III - Part XI Life Tables.pdf,data\raw\abs_1911_census\1911 Census - Volume III - Part XI Life Tables.pdf,72,22,23,13 | 12 | 14,13,3,1,1229,complete_on_page,"13.—VICTORIA.—MALE LIFE TABLE, 1881-90.",,,False,True,True,1,,False,
1911_census_volume_iii_part_xi_life_tables,1911 Census - Volume III - Part XI Life Tables.pdf,data\raw\abs_1911_census\1911 Census - Volume III - Part XI Life Tables.pdf,72,23,24,14 | 13 | 15,13 | 14,3,2,1230,boundary_multiple_tables,"Victoria.—Male Life Table, 1881–1890 | Victoria.—Female Life Table, 1881–1890",,,True,True,True,1,,False,
1911_census_volume_iii_part_xi_life_tables,1911 Census - Volume III - Part XI Life Tables.pdf,data\raw\abs_1911_census\1911 Census - Volume III - Part XI Life Tables.pdf,72,24,25,14 | 13 | 15,14,3,1,1231,continues,"14.—VICTORIA.—FEMALE LIFE TABLE, 1881–90—continued.",,,False,True,True,1,,False,
1911_census_volume_iii_part_xi_life_tables,1911 Census - Volume III - Part XI Life Tables.pdf,data\raw\abs_1911_census\1911 Census - Volume III - Part XI Life Tables.pdf,72,25,26,15 | 14 | 16,14 | 15,3,2,1232,boundary_multiple_tables,"14.—VICTORIA.—FEMALE LIFE TABLE, 1881-90—continued. | 15.—VICTORIA.—MALE LIFE TABLE, 1891-1900.",,,True,True,True,1,,False,
1911_census_volume_iii_part_xi_life_tables,1911 Census - Volume III - Part XI Life Tables.pdf,data\raw\abs_1911_census\1911 Census - Volume III - Part XI Life Tables.pdf,72,26,27,15 | 14 | 16,15,3,1,1233,continues,"15.—VICTORIA.—MALE LIFE TABLE, 1891–1900—continued.",,,False,True,True,1,,False,
1911_census_volume_iii_part_xi_life_tables,1911 Census - Volume III - Part XI Life Tables.pdf,data\raw\abs_1911_census\1911 Census - Volume III - Part XI Life Tables.pdf,72,27,28,16 | 15 | 17,16,3,1,1234,complete_on_page,"16.—VICTORIA.—FEMALE LIFE TABLE, 1891–1900.",,,False,True,True,1,,False,
1911_census_volume_iii_part_xi_life_tables,1911 Census - Volume III - Part XI Life Tables.pdf,data\raw\abs_1911_census\1911 Census - Volume III - Part XI Life Tables.pdf,72,28,29,17 | 16 | 18,16 | 17,3,2,1235,boundary_multiple_tables,"16.—VICTORIA.—FEMALE LIFE TABLE, 1891–1900—continued. | 17.—VICTORIA.—MALE LIFE TABLE, 1900–10.",,,True,True,True,1,,False,
1911_census_volume_iii_part_xi_life_tables,1911 Census - Volume III - Part XI Life Tables.pdf,data\raw\abs_1911_census\1911 Census - Volume III - Part XI Life Tables.pdf,72,29,30,17 | 16 | 18,17,3,1,1236,continues,"17.—VICTORIA.—MALE LIFE TABLE, 1901–10—continued.",,,False,True,True,1,,False,
1911_census_volume_iii_part_xi_life_tables,1911 Census - Volume III - Part XI Life Tables.pdf,data\raw\abs_1911_census\1911 Census - Volume III - Part XI Life Tables.pdf,72,30,31,18 | 17 | 19,18,3,1,1237,starts,"18.—VICTORIA.—FEMALE LIFE TABLE, 1901–10.",,,True,True,True,1,The page contains the end of table 17 and the start of table 18. Table 17 was not included in matched_table_numbers because it was not in the candidate list for this page index.,False,
1911_census_volume_iii_part_xi_life_tables,1911 Census - Volume III - Part XI Life Tables.pdf,data\raw\abs_1911_census\1911 Census - Volume III - Part XI Life Tables.pdf,72,31,32,18 | 17 | 19,18,3,1,1238,continues,"18.—VICTORIA.—FEMALE LIFE TABLE, 1901–10—continued.",,,False,True,True,1,,False,
1911_census_volume_iii_part_xi_life_tables,1911 Census - Volume III - Part XI Life Tables.pdf,data\raw\abs_1911_census\1911 Census - Volume III - Part XI Life Tables.pdf,72,32,33,19 | 18 | 20,19,3,1,1239,complete_on_page,"19.—QUEENSLAND.—MALE LIFE TABLE, 1881–90.",,,False,True,True,1,,False,
1911_census_volume_iii_part_xi_life_tables,1911 Census - Volume III - Part XI Life Tables.pdf,data\raw\abs_1911_census\1911 Census - Volume III - Part XI Life Tables.pdf,72,33,34,20 | 19 | 21,19 | 20,3,2,1240,boundary_multiple_tables,"19.—QUEENSLAND.—MALE LIFE TABLE, 1881-90—continued. | 20.—QUEENSLAND.—FEMALE LIFE TABLE, 1881-90.",,,True,True,True,1,,False,
1911_census_volume_iii_part_xi_life_tables,1911 Census - Volume III - Part XI Life Tables.pdf,data\raw\abs_1911_census\1911 Census - Volume III - Part XI Life Tables.pdf,72,34,35,20 | 19 | 21,20,3,1,1241,ends,"Queensland.—Female Life Table, 1881–90—continued.",,,False,True,True,1,,False,
1911_census_volume_iii_part_xi_life_tables,1911 Census - Volume III - Part XI Life Tables.pdf,data\raw\abs_1911_census\1911 Census - Volume III - Part XI Life Tables.pdf,72,35,36,21 | 20 | 22,20 | 21,3,2,1242,boundary_multiple_tables,"20.—QUEENSLAND.—FEMALE LIFE TABLE, 1881-90—continued. | 21.—QUEENSLAND.—MALE LIFE TABLE, 1891-1900.",,,True,True,True,1,,False,
1911_census_volume_iii_part_xi_life_tables,1911 Census - Volume III - Part XI Life Tables.pdf,data\raw\abs_1911_census\1911 Census - Volume III - Part XI Life Tables.pdf,72,36,37,21 | 20 | 22,21,3,1,1243,continues,"Queensland.—Male Life Table, 1891–1900—continued.",,,False,True,True,1,,False,
1911_census_volume_iii_part_xi_life_tables,1911 Census - Volume III - Part XI Life Tables.pdf,data\raw\abs_1911_census\1911 Census - Volume III - Part XI Life Tables.pdf,72,37,38,22 | 21 | 23,22,3,1,1244,complete_on_page,"22.—QUEENSLAND.—FEMALE LIFE TABLE, 1891–1900.",,,False,True,True,1,,False,
1911_census_volume_iii_part_xi_life_tables,1911 Census - Volume III - Part XI Life Tables.pdf,data\raw\abs_1911_census\1911 Census - Volume III - Part XI Life Tables.pdf,72,38,39,23 | 22 | 24,22 | 23,3,2,1245,boundary_multiple_tables,"22.—QUEENSLAND.—FEMALE LIFE TABLE, 1891-1900—continued. | 23.—QUEENSLAND.—MALE LIFE TABLE, 1901-10.",,,True,True,True,1,,False,
1911_census_volume_iii_part_xi_life_tables,1911 Census - Volume III - Part XI Life Tables.pdf,data\raw\abs_1911_census\1911 Census - Volume III - Part XI Life Tables.pdf,72,39,40,23 | 22 | 24,23,3,1,1246,continues,"Queensland.—Male Life Table, 1901–1910",,,False,True,True,1,,False,
1911_census_volume_iii_part_xi_life_tables,1911 Census - Volume III - Part XI Life Tables.pdf,data\raw\abs_1911_census\1911 Census - Volume III - Part XI Life Tables.pdf,72,40,41,24 | 23 | 25,23 | 24,3,2,1247,boundary_multiple_tables,"Queensland.—Male Life Table, 1901–10—continued. | Queensland.—Female Life Table, 1901–1910.",,,True,True,True,1,,False,
1911_census_volume_iii_part_xi_life_tables,1911 Census - Volume III - Part XI Life Tables.pdf,data\raw\abs_1911_census\1911 Census - Volume III - Part XI Life Tables.pdf,72,41,42,24 | 23 | 25,24,3,1,1248,continues,"Queensland.—Female Life Table, 1901–1910—continued.",,,False,True,True,1,,False,
1911_census_volume_iii_part_xi_life_tables,1911 Census - Volume III - Part XI Life Tables.pdf,data\raw\abs_1911_census\1911 Census - Volume III - Part XI Life Tables.pdf,72,42,43,25 | 24 | 26,25,3,1,1249,complete_on_page,"25.—SOUTH AUSTRALIA.—MALE LIFE TABLE, 1881-90.",,,False,True,True,1,,False,
1911_census_volume_iii_part_xi_life_tables,1911 Census - Volume III - Part XI Life Tables.pdf,data\raw\abs_1911_census\1911 Census - Volume III - Part XI Life Tables.pdf,72,43,44,26 | 25 | 27,25 | 26,3,2,1250,boundary_multiple_tables,"South Australia.—Male Life Table, 1881–1890—continued. | South Australia.—Female Life Table, 1881–90.",,,True,True,True,1,,False,
1911_census_volume_iii_part_xi_life_tables,1911 Census - Volume III - Part XI Life Tables.pdf,data\raw\abs_1911_census\1911 Census - Volume III - Part XI Life Tables.pdf,72,44,45,26 | 25 | 27,26,3,1,1251,continues,"26.—SOUTH AUSTRALIA.—FEMALE LIFE TABLE, 1881–90—continued.",,,False,True,True,1,,False,
1911_census_volume_iii_part_xi_life_tables,1911 Census - Volume III - Part XI Life Tables.pdf,data\raw\abs_1911_census\1911 Census - Volume III - Part XI Life Tables.pdf,72,45,46,27 | 26 | 28,27,3,1,1252,boundary_multiple_tables,"South Australia.—Male Life Table, 1891–1900",,,True,True,True,1,,False,
1911_census_volume_iii_part_xi_life_tables,1911 Census - Volume III - Part XI Life Tables.pdf,data\raw\abs_1911_census\1911 Census - Volume III - Part XI Life Tables.pdf,72,46,47,27 | 26 | 28,27,3,1,1253,continues,"27.—SOUTH AUSTRALIA.—MALE LIFE TABLE, 1891-1900—continued.",,,False,True,True,1,,False,
1911_census_volume_iii_part_xi_life_tables,1911 Census - Volume III - Part XI Life Tables.pdf,data\raw\abs_1911_census\1911 Census - Volume III - Part XI Life Tables.pdf,72,47,48,28 | 27 | 29,28,3,1,1254,complete_on_page,"28.—SOUTH AUSTRALIA.—FEMALE LIFE TABLE, 1891–1900.",,,False,True,True,1,,False,
1911_census_volume_iii_part_xi_life_tables,1911 Census - Volume III - Part XI Life Tables.pdf,data\raw\abs_1911_census\1911 Census - Volume III - Part XI Life Tables.pdf,72,48,49,29 | 28 | 30,28 | 29,3,2,1255,boundary_multiple_tables,"South Australia.—Female Life Table, 1891–1900 | South Australia.—Male Life Table, 1901–1910",,,True,True,True,1,,False,
1911_census_volume_iii_part_xi_life_tables,1911 Census - Volume III - Part XI Life Tables.pdf,data\raw\abs_1911_census\1911 Census - Volume III - Part XI Life Tables.pdf,72,49,50,29 | 28 | 30,29,3,1,1256,continues,"South Australia.—Male Life Table, 1901–1910",continued,,False,True,True,1,,False,
1911_census_volume_iii_part_xi_life_tables,1911 Census - Volume III - Part XI Life Tables.pdf,data\raw\abs_1911_census\1911 Census - Volume III - Part XI Life Tables.pdf,72,50,51,30 | 29 | 31,29 | 30,3,2,1257,boundary_multiple_tables,"29.—SOUTH AUSTRALIA.—MALE LIFE TABLE, 1901–10—continued. | 30.—SOUTH AUSTRALIA.—FEMALE LIFE TABLE, 1901–10.",,,True,True,True,1,,False,
1911_census_volume_iii_part_xi_life_tables,1911 Census - Volume III - Part XI Life Tables.pdf,data\raw\abs_1911_census\1911 Census - Volume III - Part XI Life Tables.pdf,72,51,52,30 | 29 | 31,30,3,1,1258,ends,"30.—SOUTH AUSTRALIA.—FEMALE LIFE TABLE, 1901–10—continued.",,,False,True,True,1,,False,
1911_census_volume_iii_part_xi_life_tables,1911 Census - Volume III - Part XI Life Tables.pdf,data\raw\abs_1911_census\1911 Census - Volume III - Part XI Life Tables.pdf,72,52,53,31 | 30 | 32,31,3,1,1259,complete_on_page,"Western Australia.—Male Life Table, 1881–1890",,,False,True,True,1,,False,
1911_census_volume_iii_part_xi_life_tables,1911 Census - Volume III - Part XI Life Tables.pdf,data\raw\abs_1911_census\1911 Census - Volume III - Part XI Life Tables.pdf,72,53,54,32 | 31 | 33,31 | 32,3,2,1260,boundary_multiple_tables,"Western Australia.—Male Life Table, 1881–90—continued. | Western Australia.—Female Life Table, 1881–90,",,,True,True,True,1,,False,
1911_census_volume_iii_part_xi_life_tables,1911 Census - Volume III - Part XI Life Tables.pdf,data\raw\abs_1911_census\1911 Census - Volume III - Part XI Life Tables.pdf,72,54,55,32 | 31 | 33,32,3,1,1261,ends,"32.—WESTERN AUSTRALIA.—FEMALE LIFE TABLE, 1881–90—continued",,,False,True,True,1,,False,
1911_census_volume_iii_part_xi_life_tables,1911 Census - Volume III - Part XI Life Tables.pdf,data\raw\abs_1911_census\1911 Census - Volume III - Part XI Life Tables.pdf,72,55,56,33 | 32 | 34,33,3,1,1262,starts,"33.—WESTERN AUSTRALIA.—MALE LIFE TABLE, 1891–1900.",,,True,True,True,1,"The page contains the end of table 32 and the start of table 33. Table 32 was not provided as a candidate for this page, so only table 33 is matched.",False,
1911_census_volume_iii_part_xi_life_tables,1911 Census - Volume III - Part XI Life Tables.pdf,data\raw\abs_1911_census\1911 Census - Volume III - Part XI Life Tables.pdf,72,56,57,33 | 32 | 34,33,3,1,1263,continues,"33.—WESTERN AUSTRALIA.—MALE LIFE TABLE, 1891–1900—continued.",,,False,True,True,1,,False,
1911_census_volume_iii_part_xi_life_tables,1911 Census - Volume III - Part XI Life Tables.pdf,data\raw\abs_1911_census\1911 Census - Volume III - Part XI Life Tables.pdf,72,57,58,34 | 33 | 35,34,3,1,1264,complete_on_page,"Western Australia.—Female Life Table, 1891–1900",,,False,True,True,1,,False,
1911_census_volume_iii_part_xi_life_tables,1911 Census - Volume III - Part XI Life Tables.pdf,data\raw\abs_1911_census\1911 Census - Volume III - Part XI Life Tables.pdf,72,58,59,35 | 34 | 36,34 | 35,3,2,1265,boundary_multiple_tables,"34.—WESTERN AUSTRALIA.—FEMALE LIFE TABLE, 1891-1900—continued. | 35.—WESTERN AUSTRALIA.—MALE LIFE TABLE, 1901-10.",,,True,True,True,1,,False,
1911_census_volume_iii_part_xi_life_tables,1911 Census - Volume III - Part XI Life Tables.pdf,data\raw\abs_1911_census\1911 Census - Volume III - Part XI Life Tables.pdf,72,59,60,35 | 34 | 36,35,3,1,1266,continues,"Western Australia.—Male Life Table, 1901–1910",,,False,True,True,1,,False,
1911_census_volume_iii_part_xi_life_tables,1911 Census - Volume III - Part XI Life Tables.pdf,data\raw\abs_1911_census\1911 Census - Volume III - Part XI Life Tables.pdf,72,60,61,36 | 35 | 37,35 | 36,3,2,1267,boundary_multiple_tables,"35.—WESTERN AUSTRALIA.—MALE LIFE TABLE, 1901-10—continued. | 36.—WESTERN AUSTRALIA.—FEMALE LIFE TABLE, 1901-10.",,,True,True,True,1,,False,
1911_census_volume_iii_part_xi_life_tables,1911 Census - Volume III - Part XI Life Tables.pdf,data\raw\abs_1911_census\1911 Census - Volume III - Part XI Life Tables.pdf,72,61,62,36 | 35 | 37,36,3,1,1268,continues,"36.—WESTERN AUSTRALIA.—FEMALE LIFE TABLE, 1901–1910—continued.",,,False,True,True,1,,False,
1911_census_volume_iii_part_xi_life_tables,1911 Census - Volume III - Part XI Life Tables.pdf,data\raw\abs_1911_census\1911 Census - Volume III - Part XI Life Tables.pdf,72,62,63,37 | 36 | 38,37,3,1,1269,complete_on_page,"37.—Tasmania.—Male Life Table, 1881–1890",,,False,True,True,1,,False,
1911_census_volume_iii_part_xi_life_tables,1911 Census - Volume III - Part XI Life Tables.pdf,data\raw\abs_1911_census\1911 Census - Volume III - Part XI Life Tables.pdf,72,63,64,38 | 37 | 39,37 | 38,3,2,1270,boundary_multiple_tables,"37.—TASMANIA.—MALE LIFE TABLE, 1881-90—continued. | 38.—TASMANIA.—FEMALE LIFE TABLE, 1881-90.",,,True,True,True,1,,False,
1911_census_volume_iii_part_xi_life_tables,1911 Census - Volume III - Part XI Life Tables.pdf,data\raw\abs_1911_census\1911 Census - Volume III - Part XI Life Tables.pdf,72,64,65,38 | 37 | 39,38,3,1,1271,continues,"38.—TASMANIA.—FEMALE LIFE TABLE, 1881–90—continued.",,,False,True,True,1,,False,
1911_census_volume_iii_part_xi_life_tables,1911 Census - Volume III - Part XI Life Tables.pdf,data\raw\abs_1911_census\1911 Census - Volume III - Part XI Life Tables.pdf,72,65,66,39 | 38 | 40,38 | 39,3,2,1272,boundary_multiple_tables,"38.—TASMANIA.—FEMALE LIFE TABLE, 1881-90—continued. | 39.—TASMANIA.—MALE LIFE TABLE, 1891-1900.",,,True,True,True,1,,False,
1911_census_volume_iii_part_xi_life_tables,1911 Census - Volume III - Part XI Life Tables.pdf,data\raw\abs_1911_census\1911 Census - Volume III - Part XI Life Tables.pdf,72,66,67,39 | 38 | 40,39,3,1,1273,continues,"39.—TASMANIA.—MALE LIFE TABLE, 1891–1900—continued.",,,False,True,True,1,,False,
1911_census_volume_iii_part_xi_life_tables,1911 Census - Volume III - Part XI Life Tables.pdf,data\raw\abs_1911_census\1911 Census - Volume III - Part XI Life Tables.pdf,72,67,68,40 | 39 | 41,40,3,1,1274,complete_on_page,"40.—TASMANIA.—FEMALE LIFE TABLE, 1891–1900.",,,False,True,True,1,,False,
1911_census_volume_iii_part_xi_life_tables,1911 Census - Volume III - Part XI Life Tables.pdf,data\raw\abs_1911_census\1911 Census - Volume III - Part XI Life Tables.pdf,72,68,69,41 | 40 | 42,40 | 41,3,2,1275,boundary_multiple_tables,"Tasmania.—Female Life Table, 1891–1900 | Tasmania.—Male Life Table, 1901–1910",,,True,True,True,1,,False,
1911_census_volume_iii_part_xi_life_tables,1911 Census - Volume III - Part XI Life Tables.pdf,data\raw\abs_1911_census\1911 Census - Volume III - Part XI Life Tables.pdf,72,69,70,41 | 40 | 42,41,3,1,1276,continues,"Tasmania.—Male Life Table, 1901–1910",,,False,True,True,1,,False,
1911_census_volume_iii_part_xi_life_tables,1911 Census - Volume III - Part XI Life Tables.pdf,data\raw\abs_1911_census\1911 Census - Volume III - Part XI Life Tables.pdf,72,70,71,42 | 41,41 | 42,2,2,1277,boundary_multiple_tables,"41.—TASMANIA.—MALE LIFE TABLE, 1901-10—continued. | 42.—TASMANIA.—FEMALE LIFE TABLE, 1901-10.",,,True,True,True,1,,False,
1911_census_volume_iii_part_xi_life_tables,1911 Census - Volume III - Part XI Life Tables.pdf,data\raw\abs_1911_census\1911 Census - Volume III - Part XI Life Tables.pdf,72,71,72,42 | 41,42,2,1,1278,ends,"42.—TASMANIA.—FEMALE LIFE TABLE, 1901–10—continued.",,,False,True,True,1,,False,
1911_census_volume_iii_part_xii_occupations,1911 Census - Volume III - Part XII Occupations.pdf,data\raw\abs_1911_census\1911 Census - Volume III - Part XII Occupations.pdf,570,4,5,1 | 2,1,2,1,1283,complete_on_page,1.—SUMMARY OF OCCUPATIONS OF THE POPULATION OF THE COMMONWEALTH OF AUSTRALIA,,,False,True,True,1,,False,
1911_census_volume_iii_part_xii_occupations,1911 Census - Volume III - Part XII Occupations.pdf,data\raw\abs_1911_census\1911 Census - Volume III - Part XII Occupations.pdf,570,5,6,2 | 1 | 3,2,3,1,1284,complete_on_page,"Comparative Statement of Occupations of the Population of the Commonwealth of Australia, at the Censuses of 1891, 1901 and 1911",,,False,True,True,1,,False,
1911_census_volume_iii_part_xii_occupations,1911 Census - Volume III - Part XII Occupations.pdf,data\raw\abs_1911_census\1911 Census - Volume III - Part XII Occupations.pdf,570,6,7,3 | 2 | 4,3,3,1,1285,complete_on_page,"3.—CENTESIMAL COMPARISON OF OCCUPATIONS OF THE POPULATION OF THE COMMONWEALTH OF AUSTRALIA At the Censuses of 1891, 1901 and 1911",,,False,True,True,1,,False,
1911_census_volume_iii_part_xii_occupations,1911 Census - Volume III - Part XII Occupations.pdf,data\raw\abs_1911_census\1911 Census - Volume III - Part XII Occupations.pdf,570,7,8,4 | 3 | 5,4,3,1,1286,complete_on_page,"4.—COMPARATIVE STATEMENT OF OCCUPATIONS OF THE POPULATION OF THE STATE OF NEW SOUTH WALES (Including Federal Capital Territory) At the Censuses of 1891, 1901 and 1911",,,False,True,True,1,,False,
1911_census_volume_iii_part_xii_occupations,1911 Census - Volume III - Part XII Occupations.pdf,data\raw\abs_1911_census\1911 Census - Volume III - Part XII Occupations.pdf,570,8,9,5 | 4 | 6,5,3,1,1287,complete_on_page,5.—COMPARATIVE STATEMENT OF OCCUPATIONS OF THE POPULATION OF THE STATE OF VICTORIA,,,False,True,True,1,,False,
1911_census_volume_iii_part_xii_occupations,1911 Census - Volume III - Part XII Occupations.pdf,data\raw\abs_1911_census\1911 Census - Volume III - Part XII Occupations.pdf,570,9,10,6 | 5 | 7,6,3,1,1288,complete_on_page,"6.—COMPARATIVE STATEMENT OF OCCUPATIONS OF THE POPULATION OF THE STATE OF QUEENSLAND, At the Censuses of 1891, 1901 and 1911",,,False,True,True,1,,False,
1911_census_volume_iii_part_xii_occupations,1911 Census - Volume III - Part XII Occupations.pdf,data\raw\abs_1911_census\1911 Census - Volume III - Part XII Occupations.pdf,570,10,11,7 | 6 | 8,7,3,1,1289,complete_on_page,"7.—COMPARATIVE STATEMENT OF OCCUPATIONS OF THE POPULATION OF THE STATE OF SOUTH AUSTRALIA (Including Northern Territory) At the Censuses of 1891, 1901 and 1911 (Exclusive of Full-blooded Aboriginals).",,,False,True,True,1,,False,
1911_census_volume_iii_part_xii_occupations,1911 Census - Volume III - Part XII Occupations.pdf,data\raw\abs_1911_census\1911 Census - Volume III - Part XII Occupations.pdf,570,11,12,8 | 7 | 9,8,3,1,1290,complete_on_page,"8.—COMPARATIVE STATEMENT OF OCCUPATIONS OF THE POPULATION OF THE STATE OF WESTERN AUSTRALIA, at the Censuses of 1891, 1901 and 1911",,,False,True,True,1,,False,
1911_census_volume_iii_part_xii_occupations,1911 Census - Volume III - Part XII Occupations.pdf,data\raw\abs_1911_census\1911 Census - Volume III - Part XII Occupations.pdf,570,12,13,9 | 8 | 10,9,3,1,1291,complete_on_page,9.—COMPARATIVE STATEMENT OF OCCUPATIONS OF THE POPULATION OF THE STATE OF TASMANIA,,,False,True,True,1,,False,
1911_census_volume_iii_part_xii_occupations,1911 Census - Volume III - Part XII Occupations.pdf,data\raw\abs_1911_census\1911 Census - Volume III - Part XII Occupations.pdf,570,13,14,10 | 9 | 11,10,3,1,1292,complete_on_page,"10.—CENTESIMAL COMPARISON OF OCCUPATIONS OF THE POPULATION OF THE STATE OF NEW SOUTH WALES (Including Federal Capital Territory), at the Censuses of 1891, 1901 and 1911",,,False,True,True,1,,False,
1911_census_volume_iii_part_xii_occupations,1911 Census - Volume III - Part XII Occupations.pdf,data\raw\abs_1911_census\1911 Census - Volume III - Part XII Occupations.pdf,570,14,15,11 | 10 | 12,11,3,1,1293,complete_on_page,"Centesimal Comparison of Occupations of the Population of the State of Victoria, at the Censuses of 1891, 1901 and 1911",,,False,True,True,1,,False,
1911_census_volume_iii_part_xii_occupations,1911 Census - Volume III - Part XII Occupations.pdf,data\raw\abs_1911_census\1911 Census - Volume III - Part XII Occupations.pdf,570,15,16,12 | 11 | 13,12,3,1,1294,complete_on_page,12.—CENTESIMAL COMPARISON OF OCCUPATIONS OF THE POPULATION OF THE STATE OF QUEENSLAND,,,False,True,True,1,,False,
1911_census_volume_iii_part_xii_occupations,1911 Census - Volume III - Part XII Occupations.pdf,data\raw\abs_1911_census\1911 Census - Volume III - Part XII Occupations.pdf,570,16,17,13 | 12 | 14,13,3,1,1295,complete_on_page,"13.—CENTESIMAL COMPARISON OF OCCUPATIONS OF THE POPULATION OF THE STATE OF SOUTH AUSTRALIA (including Northern Territory) At the Censuses of 1891, 1901 and 1911 (Exclusive of Full-blooded Aboriginals).",,,False,True,True,1,,False,
1911_census_volume_iii_part_xii_occupations,1911 Census - Volume III - Part XII Occupations.pdf,data\raw\abs_1911_census\1911 Census - Volume III - Part XII Occupations.pdf,570,17,18,14 | 13 | 15,14,3,1,1296,complete_on_page,"Centesimal Comparison of Occupations of the Population of the State of Western Australia, at the Censuses of 1891, 1901 and 1911",,,False,True,True,1,,False,
1911_census_volume_iii_part_xii_occupations,1911 Census - Volume III - Part XII Occupations.pdf,data\raw\abs_1911_census\1911 Census - Volume III - Part XII Occupations.pdf,570,18,19,15 | 14 | 16,15,3,1,1297,complete_on_page,15 - CENTESIMAL COMPARISON OF OCCUPATIONS OF THE POPULATION OF THE STATE OF TASMANIA,,,False,True,True,1,,False,
1911_census_volume_iii_part_xii_occupations,1911 Census - Volume III - Part XII Occupations.pdf,data\raw\abs_1911_census\1911 Census - Volume III - Part XII Occupations.pdf,570,19,20,16 | 15 | 17,16,3,1,1298,continues,"16.—MALE POPULATION OF THE SEVERAL STATES AND TERRITORIES OF THE COMMONWEALTH OF AUSTRALIA, At the Census of 3rd April, 1911, Classified according to Occupation (Exclusive of Full-blooded Aboriginals).",Sub-order 4.—Literature,CLASS I.—PROFESSIONAL.,False,True,True,1,,False,
1911_census_volume_iii_part_xii_occupations,1911 Census - Volume III - Part XII Occupations.pdf,data\raw\abs_1911_census\1911 Census - Volume III - Part XII Occupations.pdf,570,20,21,16 | 15 | 17,16,3,1,1299,continues,16.—MALE POPULATION OF THE STATES AND TERRITORIES OF THE COMMONWEALTH—continued.,,CLASS I.—ORDER 2—continued.,False,True,True,1,,False,
1911_census_volume_iii_part_xii_occupations,1911 Census - Volume III - Part XII Occupations.pdf,data\raw\abs_1911_census\1911 Census - Volume III - Part XII Occupations.pdf,570,21,22,16 | 15 | 17,16,3,1,1300,continues,16.—MALE POPULATION OF THE STATES AND TERRITORIES OF THE COMMONWEALTH—continued.,,CLASS II.—ORDER 3—continued.,False,True,True,1,,False,
1911_census_volume_iii_part_xii_occupations,1911 Census - Volume III - Part XII Occupations.pdf,data\raw\abs_1911_census\1911 Census - Volume III - Part XII Occupations.pdf,570,22,23,16 | 15 | 17,16,3,1,1301,continues,16.—MALE POPULATION OF THE STATES AND TERRITORIES OF THE COMMONWEALTH—continued.,,Class III.—Sub-Class B—Order 5—continued.,False,True,True,1,,False,
1911_census_volume_iii_part_xii_occupations,1911 Census - Volume III - Part XII Occupations.pdf,data\raw\abs_1911_census\1911 Census - Volume III - Part XII Occupations.pdf,570,23,24,16 | 15 | 17,16,3,1,1302,continues,16.—MALE POPULATION OF THE STATES AND TERRITORIES OF THE COMMONWEALTH—continued.,Sub-order 2.—Vegetable Food.,"ORDER 7.—PERSONS ENGAGED IN DEALING IN FOOD, DRINKS, NARCOTICS, AND STIMULANTS.",False,True,True,1,,False,
1911_census_volume_iii_part_xii_occupations,1911 Census - Volume III - Part XII Occupations.pdf,data\raw\abs_1911_census\1911 Census - Volume III - Part XII Occupations.pdf,570,24,25,16 | 15 | 17,16,3,1,1303,continues,16.—MALE POPULATION OF THE STATES AND TERRITORIES OF THE COMMONWEALTH—continued.,,CLASS III.—SUB-CLASS B—ORDER 7—continued.,False,True,True,1,,False,
1911_census_volume_iii_part_xii_occupations,1911 Census - Volume III - Part XII Occupations.pdf,data\raw\abs_1911_census\1911 Census - Volume III - Part XII Occupations.pdf,570,25,26,16 | 15 | 17,16,3,1,1304,continues,"Male Population of the several States and Territories of the Commonwealth of Australia, at the Census of 3rd April, 1911, classified according to Occupation",,CLASS III.—SUB-CLASS B—continued.,False,True,True,1,,False,
1911_census_volume_iii_part_xii_occupations,1911 Census - Volume III - Part XII Occupations.pdf,data\raw\abs_1911_census\1911 Census - Volume III - Part XII Occupations.pdf,570,26,27,16 | 15 | 17,16,3,1,1305,continues,16.—MALE POPULATION OF THE STATES AND TERRITORIES OF THE COMMONWEALTH—continued.,,CLASS IV.—TRANSPORT AND COMMUNICATION,False,True,True,1,,False,
1911_census_volume_iii_part_xii_occupations,1911 Census - Volume III - Part XII Occupations.pdf,data\raw\abs_1911_census\1911 Census - Volume III - Part XII Occupations.pdf,570,27,28,16 | 15 | 17,16,3,1,1306,continues,"Male Population of the several States and Territories of the Commonwealth of Australia, at the Census of 3rd April, 1911, classified according to Occupation",,Class V.—Order 15—continued,False,True,True,1,,False,
1911_census_volume_iii_part_xii_occupations,1911 Census - Volume III - Part XII Occupations.pdf,data\raw\abs_1911_census\1911 Census - Volume III - Part XII Occupations.pdf,570,28,29,16 | 15 | 17,16,3,1,1307,continues,16.—MALE POPULATION OF THE STATES AND TERRITORIES OF THE COMMONWEALTH—continued.,,CLASS V.—ORDER 15—continued.,False,True,True,1,,False,
1911_census_volume_iii_part_xii_occupations,1911 Census - Volume III - Part XII Occupations.pdf,data\raw\abs_1911_census\1911 Census - Volume III - Part XII Occupations.pdf,570,29,30,16 | 15 | 17,16,3,1,1308,continues,"Male Population of the several States and Territories of the Commonwealth of Australia, at the Census of 3rd April, 1911, classified according to Occupation",,,False,True,True,1,,False,
1911_census_volume_iii_part_xii_occupations,1911 Census - Volume III - Part XII Occupations.pdf,data\raw\abs_1911_census\1911 Census - Volume III - Part XII Occupations.pdf,570,30,31,16 | 15 | 17,16,3,1,1309,continues,16.—MALE POPULATION OF THE STATES AND TERRITORIES OF THE COMMONWEALTH—continued.,,CLASS V.—continued.,False,True,True,1,,False,
1911_census_volume_iii_part_xii_occupations,1911 Census - Volume III - Part XII Occupations.pdf,data\raw\abs_1911_census\1911 Census - Volume III - Part XII Occupations.pdf,570,31,32,16 | 15 | 17,16,3,1,1310,continues,16.—MALE POPULATION OF THE STATES AND TERRITORIES OF THE COMMONWEALTH—continued.,,CLASS V.—continued.,False,True,True,1,,False,
1911_census_volume_iii_part_xii_occupations,1911 Census - Volume III - Part XII Occupations.pdf,data\raw\abs_1911_census\1911 Census - Volume III - Part XII Occupations.pdf,570,32,33,16 | 15 | 17,16,3,1,1311,ends,16.—MALE POPULATION OF THE STATES AND TERRITORIES OF THE COMMONWEALTH—continued.,"Sub-order 1.—Persons of Independent Means, having no specific occupation.",CLASS VII.—INDEPENDENT MEANS.,False,True,True,1,,False,
1911_census_volume_iii_part_xii_occupations,1911 Census - Volume III - Part XII Occupations.pdf,data\raw\abs_1911_census\1911 Census - Volume III - Part XII Occupations.pdf,570,33,34,16 | 15 | 17,16,3,1,1312,ends,16.--MALE POPULATION OF THE STATES AND TERRITORIES OF THE COMMONWEALTH--continued.,,CLASS VIII.--DEPENDENTS.,False,True,True,1,,False,
1911_census_volume_iii_part_xii_occupations,1911 Census - Volume III - Part XII Occupations.pdf,data\raw\abs_1911_census\1911 Census - Volume III - Part XII Occupations.pdf,570,34,35,17 | 16 | 18,17,3,1,1313,starts,"17.—FEMALE POPULATION OF THE SEVERAL STATES AND TERRITORIES OF THE COMMONWEALTH OF AUSTRALIA, At the Census of 3rd April, 1911, Classified according to Occupation",,CLASS I.—PROFESSIONAL.,False,True,True,1,,False,
1911_census_volume_iii_part_xii_occupations,1911 Census - Volume III - Part XII Occupations.pdf,data\raw\abs_1911_census\1911 Census - Volume III - Part XII Occupations.pdf,570,35,36,17 | 16 | 18,17,3,1,1314,continues,17.—FEMALE POPULATION OF THE STATES AND TERRITORIES OF THE COMMONWEALTH—continued.,Class I.—Order 2—continued.,Class II.—Domestic.,False,True,True,1,,False,
1911_census_volume_iii_part_xii_occupations,1911 Census - Volume III - Part XII Occupations.pdf,data\raw\abs_1911_census\1911 Census - Volume III - Part XII Occupations.pdf,570,36,37,17 | 16 | 18,17,3,1,1315,continues,17.—FEMALE POPULATION OF THE SEVERAL STATES AND TERRITORIES OF THE COMMONWEALTH—continued.,,CLASS III.—COMMERCIAL.,False,True,True,1,,False,
1911_census_volume_iii_part_xii_occupations,1911 Census - Volume III - Part XII Occupations.pdf,data\raw\abs_1911_census\1911 Census - Volume III - Part XII Occupations.pdf,570,37,38,17 | 16 | 18,17,3,1,1316,continues,17.—FEMALE POPULATION OF THE STATES AND TERRITORIES OF THE COMMONWEALTH—continued.,,"Order 6.—PERSONS ENGAGED IN THE SALE, HIRE, OR EXCHANGE OF TEXTILE FABRICS AND DRESS, AND OF FIBROUS MATERIALS.",False,True,True,1,,False,
1911_census_volume_iii_part_xii_occupations,1911 Census - Volume III - Part XII Occupations.pdf,data\raw\abs_1911_census\1911 Census - Volume III - Part XII Occupations.pdf,570,38,39,17 | 16 | 18,17,3,1,1317,continues,"Female Population of the several States and Territories of the Commonwealth of Australia, at the Census of 3rd April, 1911, classified according to Occupation",,CLASS III.—SUB-CLASS B—ORDER 6—continued.,False,False,True,1,,False,
1911_census_volume_iii_part_xii_occupations,1911 Census - Volume III - Part XII Occupations.pdf,data\raw\abs_1911_census\1911 Census - Volume III - Part XII Occupations.pdf,570,39,40,17 | 16 | 18,17,3,1,1318,continues,17.—FEMALE POPULATION OF THE STATES AND TERRITORIES OF THE COMMONWEALTH—continued.,,ORDER 12.—PERSONS ENGAGED AS SPECULATORS ON CHANCE EVENTS.,False,False,True,1,,False,
1911_census_volume_iii_part_xii_occupations,1911 Census - Volume III - Part XII Occupations.pdf,data\raw\abs_1911_census\1911 Census - Volume III - Part XII Occupations.pdf,570,40,41,17 | 16 | 18,17,3,1,1319,continues,17.—FEMALE POPULATION OF THE STATES AND TERRITORIES OF THE COMMONWEALTH—continued.,,CLASS III.—Storage; CLASS IV.—TRANSPORT AND COMMUNICATION; CLASS V.—INDUSTRIAL,False,False,True,1,,False,
1911_census_volume_iii_part_xii_occupations,1911 Census - Volume III - Part XII Occupations.pdf,data\raw\abs_1911_census\1911 Census - Volume III - Part XII Occupations.pdf,570,41,42,17 | 16 | 18,17,3,1,1320,continues,17.—FEMALE POPULATION OF THE STATES AND TERRITORIES OF THE COMMONWEALTH—continued.,,CLASS V.—ORDER 15—continued.,False,True,True,1,,False,
1911_census_volume_iii_part_xii_occupations,1911 Census - Volume III - Part XII Occupations.pdf,data\raw\abs_1911_census\1911 Census - Volume III - Part XII Occupations.pdf,570,42,43,17 | 16 | 18,17,3,1,1321,continues,17.—FEMALE POPULATION OF THE STATES AND TERRITORIES OF THE COMMONWEALTH—continued.,,CLASS V.—ORDER 15—continued.,False,True,True,1,,False,
1911_census_volume_iii_part_xii_occupations,1911 Census - Volume III - Part XII Occupations.pdf,data\raw\abs_1911_census\1911 Census - Volume III - Part XII Occupations.pdf,570,43,44,17 | 16 | 18,17,3,1,1322,continues,"Female Population of the several States and Territories of the Commonwealth of Australia, at the Census of 3rd April, 1911, classified according to Occupation",,"Class V.—continued. Order 17.—Persons engaged in connection with the manufacture, or in other processes relating to food, drinks, narcotics, and stimulants.",False,True,True,1,,False,
1911_census_volume_iii_part_xii_occupations,1911 Census - Volume III - Part XII Occupations.pdf,data\raw\abs_1911_census\1911 Census - Volume III - Part XII Occupations.pdf,570,44,45,17 | 16 | 18,17,3,1,1323,continues,17.—FEMALE POPULATION OF THE STATES AND TERRITORIES OF THE COMMONWEALTH—continued.,,CLASS V.—ORDER 19—continued.,False,True,True,1,,False,
1911_census_volume_iii_part_xii_occupations,1911 Census - Volume III - Part XII Occupations.pdf,data\raw\abs_1911_census\1911 Census - Volume III - Part XII Occupations.pdf,570,45,46,17 | 16 | 18,17,3,1,1324,ends,17.—FEMALE POPULATION OF THE STATES AND TERRITORIES OF THE COMMONWEALTH—continued,,"CLASS VI.—AGRICULTURAL, PASTORAL, MINERAL, AND OTHER PRIMARY PRODUCERS.",False,True,True,1,,False,
1911_census_volume_iii_part_xii_occupations,1911 Census - Volume III - Part XII Occupations.pdf,data\raw\abs_1911_census\1911 Census - Volume III - Part XII Occupations.pdf,570,46,47,17 | 16 | 18,17,3,1,1325,ends,17.—FEMALE POPULATION OF THE STATES AND TERRITORIES OF THE COMMONWEALTH—continued.,,,False,True,True,1,,False,
1911_census_volume_iii_part_xii_occupations,1911 Census - Volume III - Part XII Occupations.pdf,data\raw\abs_1911_census\1911 Census - Volume III - Part XII Occupations.pdf,570,47,48,18 | 17 | 19,18,3,1,1326,starts,"18.—MALE POPULATION OF THE At the Census of 3rd April, 1911, Classified (Exclusive of Full-",,Class I.—Professional.,False,True,True,1,,False,
1911_census_volume_iii_part_xii_occupations,1911 Census - Volume III - Part XII Occupations.pdf,data\raw\abs_1911_census\1911 Census - Volume III - Part XII Occupations.pdf,570,48,49,18 | 17 | 19,18,3,1,1327,continues,"Male Population of the Commonwealth of Australia, at the Census of 3rd April, 1911, classified according to Occupation, Grade and Age. (Details).",,,False,True,True,1,,False,
1911_census_volume_iii_part_xii_occupations,1911 Census - Volume III - Part XII Occupations.pdf,data\raw\abs_1911_census\1911 Census - Volume III - Part XII Occupations.pdf,570,49,50,18 | 17 | 19,18,3,1,1328,continues,18.—MALE POPULATION OF THE,CLASS I.—ORDER 1—SUB-ORDER 4—continued.,"ORDER 2.—PERSONS MINISTERING TO RELIGION, CHARITY, HEALTH, EDUCATION, ART, AND SCIENCE.",False,False,True,1,,False,
1911_census_volume_iii_part_xii_occupations,1911 Census - Volume III - Part XII Occupations.pdf,data\raw\abs_1911_census\1911 Census - Volume III - Part XII Occupations.pdf,570,50,51,18 | 17 | 19,18,3,1,1329,continues,"Male Population of the Commonwealth of Australia, at the Census of 3rd April, 1911, classified according to Occupation, Grade and Age. (Details).",,COMMONWEALTH OF AUSTRALIA,False,False,True,1,,False,
1911_census_volume_iii_part_xii_occupations,1911 Census - Volume III - Part XII Occupations.pdf,data\raw\abs_1911_census\1911 Census - Volume III - Part XII Occupations.pdf,570,51,52,18 | 17 | 19,18,3,1,1330,continues,18.—MALE POPULATION OF THE,Sub-order 3.—Health.,CLASS I.—ORDER 1,False,True,True,1,,False,
1911_census_volume_iii_part_xii_occupations,1911 Census - Volume III - Part XII Occupations.pdf,data\raw\abs_1911_census\1911 Census - Volume III - Part XII Occupations.pdf,570,52,53,18 | 17 | 19,18,3,1,1331,continues,"Male Population of the Commonwealth of Australia, at the Census of 3rd April, 1911, classified according to Occupation, Grade and Age. (Details).",,COMMONWEALTH OF AUSTRALIA—continued.,False,False,True,1,,False,
1911_census_volume_iii_part_xii_occupations,1911 Census - Volume III - Part XII Occupations.pdf,data\raw\abs_1911_census\1911 Census - Volume III - Part XII Occupations.pdf,570,53,54,18 | 17 | 19,18,3,1,1332,continues,18.—MALE POPULATION OF THE,,CLASS I.—ORDER 2—SUB-ORDER 3—continued.,False,False,True,1,,False,
1911_census_volume_iii_part_xii_occupations,1911 Census - Volume III - Part XII Occupations.pdf,data\raw\abs_1911_census\1911 Census - Volume III - Part XII Occupations.pdf,570,54,55,18 | 17 | 19,18,3,1,1333,continues,,,COMMONWEALTH OF AUSTRALIA—continued.,False,False,True,1,,False,
1911_census_volume_iii_part_xii_occupations,1911 Census - Volume III - Part XII Occupations.pdf,data\raw\abs_1911_census\1911 Census - Volume III - Part XII Occupations.pdf,570,55,56,18 | 17 | 19,18,3,1,1334,continues,18.—MALE POPULATION OF THE,"Sub-order 6.—Civil Engineering, Architecture, and Surveying.",CLASS I.—ORDER 2—SUB-ORDER 5—continued.,False,True,True,1,,False,
1911_census_volume_iii_part_xii_occupations,1911 Census - Volume III - Part XII Occupations.pdf,data\raw\abs_1911_census\1911 Census - Volume III - Part XII Occupations.pdf,570,56,57,18 | 17 | 19,18,3,1,1335,continues,"Male Population of the Commonwealth of Australia, at the Census of 3rd April, 1911, classified according to Occupation, Grade and Age. (Details).",,COMMONWEALTH OF AUSTRALIA—continued.,False,False,True,1,,False,
1911_census_volume_iii_part_xii_occupations,1911 Census - Volume III - Part XII Occupations.pdf,data\raw\abs_1911_census\1911 Census - Volume III - Part XII Occupations.pdf,570,57,58,18 | 17 | 19,18,3,1,1336,continues,18.-MALE POPULATION OF THE,Sub-order 7.-Education.,CLASS I.-ORDER 2-continued.,False,True,True,1,,False,
1911_census_volume_iii_part_xii_occupations,1911 Census - Volume III - Part XII Occupations.pdf,data\raw\abs_1911_census\1911 Census - Volume III - Part XII Occupations.pdf,570,58,59,18 | 17 | 19,18,3,1,1337,continues,"Male Population of the Commonwealth of Australia, at the Census of 3rd April, 1911, classified according to Occupation, Grade and Age. (Details).",COMMONWEALTH OF AUSTRALIA—continued.,,False,False,True,1,,False,
1911_census_volume_iii_part_xii_occupations,1911 Census - Volume III - Part XII Occupations.pdf,data\raw\abs_1911_census\1911 Census - Volume III - Part XII Occupations.pdf,570,59,60,18 | 17 | 19,18,3,1,1338,continues,18.—MALE POPULATION OF THE,Sub-order 9.—Music.,CLASS I.—ORDER 2—continued.,False,True,True,1,,False,
1911_census_volume_iii_part_xii_occupations,1911 Census - Volume III - Part XII Occupations.pdf,data\raw\abs_1911_census\1911 Census - Volume III - Part XII Occupations.pdf,570,60,61,18 | 17 | 19,18,3,1,1339,continues,"Male Population of the Commonwealth of Australia, at the Census of 3rd April, 1911, classified according to Occupation, Grade and Age. (Details).",,COMMONWEALTH OF AUSTRALIA—continued.,False,True,True,1,,False,
1911_census_volume_iii_part_xii_occupations,1911 Census - Volume III - Part XII Occupations.pdf,data\raw\abs_1911_census\1911 Census - Volume III - Part XII Occupations.pdf,570,61,62,18 | 17 | 19,18,3,1,1340,continues,"Male Population of the Commonwealth of Australia, at the Census of 3rd April, 1911, classified according to Occupation, Grade and Age. (Details).",Class I. - Order 2 - continued. Sub-order 10. - Amusements.,,False,True,True,1,,False,
1911_census_volume_iii_part_xii_occupations,1911 Census - Volume III - Part XII Occupations.pdf,data\raw\abs_1911_census\1911 Census - Volume III - Part XII Occupations.pdf,570,62,63,18 | 17 | 19,18,3,1,1341,continues,"Male Population of the Commonwealth of Australia, at the Census of 3rd April, 1911, classified according to Occupation, Grade and Age. (Details).",,COMMONWEALTH OF AUSTRALIA,False,False,True,1,,False,
1911_census_volume_iii_part_xii_occupations,1911 Census - Volume III - Part XII Occupations.pdf,data\raw\abs_1911_census\1911 Census - Volume III - Part XII Occupations.pdf,570,63,64,18 | 17 | 19,18,3,1,1342,continues,18.—MALE POPULATION OF THE,Class II.—Domestic.,,False,True,True,1,,False,
1911_census_volume_iii_part_xii_occupations,1911 Census - Volume III - Part XII Occupations.pdf,data\raw\abs_1911_census\1911 Census - Volume III - Part XII Occupations.pdf,570,64,65,18 | 17 | 19,18,3,1,1343,continues,,,COMMONWEALTH OF AUSTRALIA—continued.,False,True,True,1,,False,
1911_census_volume_iii_part_xii_occupations,1911 Census - Volume III - Part XII Occupations.pdf,data\raw\abs_1911_census\1911 Census - Volume III - Part XII Occupations.pdf,570,65,66,18 | 17 | 19,18,3,1,1344,continues,18.-MALE POPULATION OF THE,CLASS II.-ORDER 3-continued.,,False,True,True,1,,False,
1911_census_volume_iii_part_xii_occupations,1911 Census - Volume III - Part XII Occupations.pdf,data\raw\abs_1911_census\1911 Census - Volume III - Part XII Occupations.pdf,570,66,67,18 | 17 | 19,18,3,1,1345,continues,"Male Population of the Commonwealth of Australia, at the Census of 3rd April, 1911, classified according to Occupation, Grade and Age. (Details).",,COMMONWEALTH OF AUSTRALIA—continued.,False,False,True,1,,False,
1911_census_volume_iii_part_xii_occupations,1911 Census - Volume III - Part XII Occupations.pdf,data\raw\abs_1911_census\1911 Census - Volume III - Part XII Occupations.pdf,570,67,68,18 | 17 | 19,18,3,1,346,continues,18.-MALE POPULATION OF THE,"Sub-order 2.-Insurance, Valuation, and Protection of Property.",Class III.-Commercial.,False,False,True,1,,False,
1911_census_volume_iii_part_xii_occupations,1911 Census - Volume III - Part XII Occupations.pdf,data\raw\abs_1911_census\1911 Census - Volume III - Part XII Occupations.pdf,570,68,69,18 | 17 | 19,18,3,1,1347,continues,"Male Population of the Commonwealth of Australia, at the Census of 3rd April, 1911, classified according to Occupation, Grade and Age. (Details).",,COMMONWEALTH OF AUSTRALIA—continued.,False,False,True,1,,False,
1911_census_volume_iii_part_xii_occupations,1911 Census - Volume III - Part XII Occupations.pdf,data\raw\abs_1911_census\1911 Census - Volume III - Part XII Occupations.pdf,570,69,70,18 | 17 | 19,18,3,1,1348,continues,18.—MALE POPULATION OF THE,Sub order 3.—Landed and House Property.,CLASS III.—SUB-CLASS A—ORDER 4—SUB-ORDER 2—cont.,False,True,True,1,,False,
1911_census_volume_iii_part_xii_occupations,1911 Census - Volume III - Part XII Occupations.pdf,data\raw\abs_1911_census\1911 Census - Volume III - Part XII Occupations.pdf,570,70,71,18 | 17 | 19,18,3,1,1349,continues,,,COMMONWEALTH OF AUSTRALIA,False,False,True,1,,False,
1911_census_volume_iii_part_xii_occupations,1911 Census - Volume III - Part XII Occupations.pdf,data\raw\abs_1911_census\1911 Census - Volume III - Part XII Occupations.pdf,570,71,72,18 | 17 | 19,18,3,1,1350,continues,18.—MALE POPULATION OF THE,Sub-order 4.—Property Rights not otherwise classed.,CLASS III.—SUB-CLASS A,False,True,True,1,,False,
1911_census_volume_iii_part_xii_occupations,1911 Census - Volume III - Part XII Occupations.pdf,data\raw\abs_1911_census\1911 Census - Volume III - Part XII Occupations.pdf,570,72,73,18 | 17 | 19,18,3,1,1351,continues,"Male Population of the Commonwealth of Australia, at the Census of 3rd April, 1911, classified according to Occupation, Grade and Age. (Details).",,COMMONWEALTH OF AUSTRALIA—continued.,False,False,True,1,,False,
1911_census_volume_iii_part_xii_occupations,1911 Census - Volume III - Part XII Occupations.pdf,data\raw\abs_1911_census\1911 Census - Volume III - Part XII Occupations.pdf,570,73,74,18 | 17 | 19,18,3,1,1352,continues,18.—MALE POPULATION OF THE,"Sub-order 4.—Ornaments, Minor Art Products, and Small Wares.",CLASS III.—SUB-CLASS B.—ORDER 5—continued.,False,True,True,1,,False,
1911_census_volume_iii_part_xii_occupations,1911 Census - Volume III - Part XII Occupations.pdf,data\raw\abs_1911_census\1911 Census - Volume III - Part XII Occupations.pdf,570,74,75,18 | 17 | 19,18,3,1,1353,continues,"Male Population of the Commonwealth of Australia, at the Census of 3rd April, 1911, classified according to Occupation, Grade and Age. (Details).",,COMMONWEALTH OF AUSTRALIA,False,True,True,1,,False,
1911_census_volume_iii_part_xii_occupations,1911 Census - Volume III - Part XII Occupations.pdf,data\raw\abs_1911_census\1911 Census - Volume III - Part XII Occupations.pdf,570,75,76,18 | 17 | 19,18,3,1,1354,continues,18.—MALE POPULATION OF THE,"Sub-order 7.—Watches, Clocks, Jewellery, and Plated Ware, and Scientific Instruments and Materials.",CLASS III.—SUB-CLASS B,False,False,True,1,,False,
1911_census_volume_iii_part_xii_occupations,1911 Census - Volume III - Part XII Occupations.pdf,data\raw\abs_1911_census\1911 Census - Volume III - Part XII Occupations.pdf,570,76,77,18 | 17 | 19,18,3,1,1355,continues,"Male Population of the Commonwealth of Australia, at the Census of 3rd April, 1911, classified according to Occupation, Grade and Age. (Details).",,COMMONWEALTH OF AUSTRALIA--continued.,False,True,True,1,,False,
1911_census_volume_iii_part_xii_occupations,1911 Census - Volume III - Part XII Occupations.pdf,data\raw\abs_1911_census\1911 Census - Volume III - Part XII Occupations.pdf,570,77,78,18 | 17 | 19,18,3,1,1356,continues,18.—MALE POPULATION OF THE,Sub-order 8.—Surgical Instruments and Appliances,CLASS III.—SUB-CLASS B,False,True,True,1,,False,
1911_census_volume_iii_part_xii_occupations,1911 Census - Volume III - Part XII Occupations.pdf,data\raw\abs_1911_census\1911 Census - Volume III - Part XII Occupations.pdf,570,78,79,18 | 17 | 19,18,3,1,1357,continues,"Male Population of the Commonwealth of Australia, at the Census of 3rd April, 1911, classified according to Occupation, Grade and Age. (Details).",,COMMONWEALTH OF AUSTRALIA--continued.,False,True,True,1,,False,
1911_census_volume_iii_part_xii_occupations,1911 Census - Volume III - Part XII Occupations.pdf,data\raw\abs_1911_census\1911 Census - Volume III - Part XII Occupations.pdf,570,79,80,18 | 17 | 19,18,3,1,1358,continues,18.-MALE POPULATION OF THE,Sub-order 14.-Building Materials and House Fittings.,CLASS III.-SUB-CLASS B-ORDER 5-SUB-ORDER 11-cont.,False,False,True,1,,False,
1911_census_volume_iii_part_xii_occupations,1911 Census - Volume III - Part XII Occupations.pdf,data\raw\abs_1911_census\1911 Census - Volume III - Part XII Occupations.pdf,570,80,81,18 | 17 | 19,18,3,1,1359,continues,"Male Population of the Commonwealth of Australia, at the Census of 3rd April, 1911, classified according to Occupation, Grade and Age. (Details).",,COMMONWEALTH OF AUSTRALIA—continued.,False,True,True,1,,False,
1911_census_volume_iii_part_xii_occupations,1911 Census - Volume III - Part XII Occupations.pdf,data\raw\abs_1911_census\1911 Census - Volume III - Part XII Occupations.pdf,570,81,82,18 | 17 | 19,18,3,1,1360,continues,"Male Population of the Commonwealth of Australia, at the Census of 3rd April, 1911, classified according to Occupation, Grade and Age. (Details).",,Sub-order 15. - Furniture.,False,False,True,1,,False,
1911_census_volume_iii_part_xii_occupations,1911 Census - Volume III - Part XII Occupations.pdf,data\raw\abs_1911_census\1911 Census - Volume III - Part XII Occupations.pdf,570,82,83,18 | 17 | 19,18,3,1,1361,continues,"Male Population of the Commonwealth of Australia, at the Census of 3rd April, 1911, classified according to Occupation, Grade and Age. (Details).",COMMONWEALTH OF AUSTRALIA—continued.,,False,False,True,1,,False,
1911_census_volume_iii_part_xii_occupations,1911 Census - Volume III - Part XII Occupations.pdf,data\raw\abs_1911_census\1911 Census - Volume III - Part XII Occupations.pdf,570,83,84,18 | 17 | 19,18,3,1,1362,continues,"Male Population of the Commonwealth of Australia, at the Census of 3rd April, 1911, classified according to Occupation, Grade and Age.",Class III.—Sub-Class B—Order 5—Sub-Order 17—cont.,,False,True,True,1,,False,
1911_census_volume_iii_part_xii_occupations,1911 Census - Volume III - Part XII Occupations.pdf,data\raw\abs_1911_census\1911 Census - Volume III - Part XII Occupations.pdf,570,84,85,18 | 17 | 19,18,3,1,1363,continues,"Male Population of the Commonwealth of Australia, at the Census of 3rd April, 1911, classified according to Occupation, Grade and Age. (Details).",,COMMONWEALTH OF AUSTRALIA,False,False,True,1,,False,
1911_census_volume_iii_part_xii_occupations,1911 Census - Volume III - Part XII Occupations.pdf,data\raw\abs_1911_census\1911 Census - Volume III - Part XII Occupations.pdf,570,85,86,18 | 17 | 19,18,3,1,1364,continues,18.—MALE POPULATION OF THE,Sub-order 3.—Fibrous Materials.,CLASS III.—SUB-CLASS B—ORDER 6—SUB-ORDER 2—cont.,False,False,True,1,,False,
1911_census_volume_iii_part_xii_occupations,1911 Census - Volume III - Part XII Occupations.pdf,data\raw\abs_1911_census\1911 Census - Volume III - Part XII Occupations.pdf,570,86,87,18 | 17 | 19,18,3,1,1365,continues,"Male Population of the Commonwealth of Australia, at the Census of 3rd April, 1911, classified according to Occupation, Grade and Age. (Details).",,COMMONWEALTH OF AUSTRALIA,False,True,True,1,,False,
1911_census_volume_iii_part_xii_occupations,1911 Census - Volume III - Part XII Occupations.pdf,data\raw\abs_1911_census\1911 Census - Volume III - Part XII Occupations.pdf,570,87,88,18 | 17 | 19,18,3,1,1366,continues,18.—MALE POPULATION OF THE,Sub-order 2.—Vegetable Food.,CLASS III.—SUB-CLASS B—continued.,False,True,True,1,,False,
1911_census_volume_iii_part_xii_occupations,1911 Census - Volume III - Part XII Occupations.pdf,data\raw\abs_1911_census\1911 Census - Volume III - Part XII Occupations.pdf,570,88,89,18 | 17 | 19,18,3,1,1367,continues,"Male Population of the Commonwealth of Australia, at the Census of 3rd April, 1911, classified according to Occupation, Grade and Age. (Details).",,COMMONWEALTH OF AUSTRALIA--continued.,False,False,True,1,,False,
1911_census_volume_iii_part_xii_occupations,1911 Census - Volume III - Part XII Occupations.pdf,data\raw\abs_1911_census\1911 Census - Volume III - Part XII Occupations.pdf,570,89,90,18 | 17 | 19,18,3,1,1368,continues,18.-MALE POPULATION OF THE,"Sub-order 3.-Groceries, Drinks, Narcotics, and Stimulants",CLASS III.-SUB-CLASS B-ORDER 7,False,True,True,1,,False,
1911_census_volume_iii_part_xii_occupations,1911 Census - Volume III - Part XII Occupations.pdf,data\raw\abs_1911_census\1911 Census - Volume III - Part XII Occupations.pdf,570,90,91,18 | 17 | 19,18,3,1,1369,continues,"Male Population of the Commonwealth of Australia, at the Census of 3rd April, 1911, classified according to Occupation, Grade and Age. (Details).",,COMMONWEALTH OF AUSTRALIA—continued.,False,False,True,1,,False,
1911_census_volume_iii_part_xii_occupations,1911 Census - Volume III - Part XII Occupations.pdf,data\raw\abs_1911_census\1911 Census - Volume III - Part XII Occupations.pdf,570,91,92,18 | 17 | 19,18,3,1,1370,continues,"Male Population of the Commonwealth of Australia, at the Census of 3rd April, 1911, classified according to Occupation, Grade and Age. (Details).","Order 8.—Persons engaged in dealing in and treating animals, and dealing in animal and vegetable substances, excluding dealers in food.",Class III.—Sub-Class B—Order 7—Sub-Order 3,False,False,True,1,,False,
1911_census_volume_iii_part_xii_occupations,1911 Census - Volume III - Part XII Occupations.pdf,data\raw\abs_1911_census\1911 Census - Volume III - Part XII Occupations.pdf,570,92,93,18 | 17 | 19,18,3,1,1371,continues,"Male Population of the Commonwealth of Australia, at the Census of 3rd April, 1911, classified according to Occupation, Grade and Age. (Details).",,COMMONWEALTH OF AUSTRALIA—continued.,False,False,True,1,,False,
1911_census_volume_iii_part_xii_occupations,1911 Census - Volume III - Part XII Occupations.pdf,data\raw\abs_1911_census\1911 Census - Volume III - Part XII Occupations.pdf,570,93,94,18 | 17 | 19,18,3,1,1372,continues,18.-MALE POPULATION OF THE,CLASS III.-SUB-CLASS B-ORDER 8-continued.,"Sub-order 3.-Leather, Raw Materials, and Manufactures.",False,True,True,1,,False,
1911_census_volume_iii_part_xii_occupations,1911 Census - Volume III - Part XII Occupations.pdf,data\raw\abs_1911_census\1911 Census - Volume III - Part XII Occupations.pdf,570,94,95,18 | 17 | 19,18,3,1,1373,continues,"Male Population of the Commonwealth of Australia, at the Census of 3rd April, 1911, classified according to Occupation, Grade and Age. (Details).",,COMMONWEALTH OF AUSTRALIA—continued.,False,False,True,1,,False,
1911_census_volume_iii_part_xii_occupations,1911 Census - Volume III - Part XII Occupations.pdf,data\raw\abs_1911_census\1911 Census - Volume III - Part XII Occupations.pdf,570,95,96,18 | 17 | 19,18,3,1,1374,continues,18.—MALE POPULATION OF THE,Sub-order 6.—Other Vegetable Matters not included elsewhere.,CLASS III.—SUB-CLASS B—ORDER 8—SUB-ORDER 5—cont.,False,False,True,1,,False,
1911_census_volume_iii_part_xii_occupations,1911 Census - Volume III - Part XII Occupations.pdf,data\raw\abs_1911_census\1911 Census - Volume III - Part XII Occupations.pdf,570,96,97,18 | 17 | 19,18,3,1,1375,continues,"Male Population of the Commonwealth of Australia, at the Census of 3rd April, 1911, classified according to Occupation, Grade and Age.",,COMMONWEALTH OF AUSTRALIA—continued.,False,True,True,1,,False,
1911_census_volume_iii_part_xii_occupations,1911 Census - Volume III - Part XII Occupations.pdf,data\raw\abs_1911_census\1911 Census - Volume III - Part XII Occupations.pdf,570,97,98,18 | 17 | 19,18,3,1,1376,continues,18.—MALE POPULATION OF THE,CLASS III.—SUB-CLASS B—ORDER 9—SUB-ORDER 9—cont.,ORDER 10.—PERSONS ENGAGED IN DEALING IN MINERALS OTHER THAN FOR FUEL AND LIGHT.,False,False,True,1,,False,
1911_census_volume_iii_part_xii_occupations,1911 Census - Volume III - Part XII Occupations.pdf,data\raw\abs_1911_census\1911 Census - Volume III - Part XII Occupations.pdf,570,98,99,18 | 17 | 19,18,3,1,1377,continues,"Male Population of the Commonwealth of Australia, at the Census of 3rd April, 1911, classified according to Occupation, Grade and Age. (Details).",,COMMONWEALTH OF AUSTRALIA,False,True,True,1,,False,
1911_census_volume_iii_part_xii_occupations,1911 Census - Volume III - Part XII Occupations.pdf,data\raw\abs_1911_census\1911 Census - Volume III - Part XII Occupations.pdf,570,99,100,18 | 17 | 19,18,3,1,1378,continues,18.--MALE POPULATION OF THE,CLASS III.--SUB-CLASS B--ORDER 10--continued.,,False,False,True,1,,False,
1911_census_volume_iii_part_xii_occupations,1911 Census - Volume III - Part XII Occupations.pdf,data\raw\abs_1911_census\1911 Census - Volume III - Part XII Occupations.pdf,570,100,101,18 | 17 | 19,18,3,1,1379,continues,,,COMMONWEALTH OF AUSTRALIA—continued.,False,False,True,1,,False,
1911_census_volume_iii_part_xii_occupations,1911 Census - Volume III - Part XII Occupations.pdf,data\raw\abs_1911_census\1911 Census - Volume III - Part XII Occupations.pdf,570,101,102,18 | 17 | 19,18,3,1,1380,continues,"Male Population of the Commonwealth of Australia, at the Census of 3rd April, 1911, classified according to Occupation, Grade and Age. (Details).","Sub-order 1.—Merchants, Dealers (undefined).",CLASS III.—SUB-CLASS B—continued.,False,False,True,1,,False,
1911_census_volume_iii_part_xii_occupations,1911 Census - Volume III - Part XII Occupations.pdf,data\raw\abs_1911_census\1911 Census - Volume III - Part XII Occupations.pdf,570,102,103,18 | 17 | 19,18,3,1,1381,continues,"Male Population of the Commonwealth of Australia, at the Census of 3rd April, 1911, classified according to Occupation, Grade and Age. (Details).",,COMMONWEALTH OF AUSTRALIA,False,False,True,1,,False,
1911_census_volume_iii_part_xii_occupations,1911 Census - Volume III - Part XII Occupations.pdf,data\raw\abs_1911_census\1911 Census - Volume III - Part XII Occupations.pdf,570,103,104,18 | 17 | 19,18,3,1,1382,continues,18.—MALE POPULATION OF THE,CLASS III.—SUB-CLASS B—ORDER 11—SUB-ORDER 2—cont.,,False,False,True,1,,False,
1911_census_volume_iii_part_xii_occupations,1911 Census - Volume III - Part XII Occupations.pdf,data\raw\abs_1911_census\1911 Census - Volume III - Part XII Occupations.pdf,570,104,105,18 | 17 | 19,18,3,1,1383,continues,,,COMMONWEALTH OF AUSTRALIA—continued.,False,False,True,1,,False,
1911_census_volume_iii_part_xii_occupations,1911 Census - Volume III - Part XII Occupations.pdf,data\raw\abs_1911_census\1911 Census - Volume III - Part XII Occupations.pdf,570,105,106,18 | 17 | 19,18,3,1,1384,continues,18.—MALE POPULATION OF THE,Sub-order 2.—On Roads.,Class IV.—Transport and Communication.,False,False,True,1,,False,
1911_census_volume_iii_part_xii_occupations,1911 Census - Volume III - Part XII Occupations.pdf,data\raw\abs_1911_census\1911 Census - Volume III - Part XII Occupations.pdf,570,106,107,18 | 17 | 19,18,3,1,1385,continues,,,COMMONWEALTH OF AUSTRALIA—continued.,False,False,True,1,,False,
1911_census_volume_iii_part_xii_occupations,1911 Census - Volume III - Part XII Occupations.pdf,data\raw\abs_1911_census\1911 Census - Volume III - Part XII Occupations.pdf,570,107,108,18 | 17 | 19,18,3,1,1386,continues,18.—MALE POPULATION OF THE,CLASS IV.—ORDER 14—SUB-ORDER 2—continued.,,False,False,True,1,,False,
1911_census_volume_iii_part_xii_occupations,1911 Census - Volume III - Part XII Occupations.pdf,data\raw\abs_1911_census\1911 Census - Volume III - Part XII Occupations.pdf,570,108,109,18 | 17 | 19,18,3,1,1387,continues,"Male Population of the Commonwealth of Australia, at the Census of 3rd April, 1911, classified according to Occupation, Grade and Age. (Details).",,COMMONWEALTH OF AUSTRALIA—continued.,False,False,True,1,,False,
1911_census_volume_iii_part_xii_occupations,1911 Census - Volume III - Part XII Occupations.pdf,data\raw\abs_1911_census\1911 Census - Volume III - Part XII Occupations.pdf,570,109,110,18 | 17 | 19,18,3,1,1388,continues,"Male Population of the Commonwealth of Australia, at the Census of 3rd April, 1911, classified according to Occupation, Grade and Age. (Details).",CLASS IV.—ORDER 14—SUB-ORDER 3—continued.,,False,True,True,1,,False,
1911_census_volume_iii_part_xii_occupations,1911 Census - Volume III - Part XII Occupations.pdf,data\raw\abs_1911_census\1911 Census - Volume III - Part XII Occupations.pdf,570,110,111,18 | 17 | 19,18,3,1,1389,continues,"Male Population of the Commonwealth of Australia, at the Census of 3rd April, 1911, classified according to Occupation, Grade and Age. (Details).",,COMMONWEALTH OF AUSTRALIA—continued.,False,False,True,1,,False,
1911_census_volume_iii_part_xii_occupations,1911 Census - Volume III - Part XII Occupations.pdf,data\raw\abs_1911_census\1911 Census - Volume III - Part XII Occupations.pdf,570,111,112,18 | 17 | 19,18,3,1,1390,continues,18.—MALE POPULATION OF THE,CLASS IV.—ORDER 14—SUB-ORDER 4—continued.,,False,True,True,1,,False,
1911_census_volume_iii_part_xii_occupations,1911 Census - Volume III - Part XII Occupations.pdf,data\raw\abs_1911_census\1911 Census - Volume III - Part XII Occupations.pdf,570,112,113,18 | 17 | 19,18,3,1,1391,continues,"Male Population of the Commonwealth of Australia, at the Census of 3rd April, 1911, classified according to Occupation, Grade and Age. (Details).",,COMMONWEALTH OF AUSTRALIA—continued.,False,False,True,1,,False,
1911_census_volume_iii_part_xii_occupations,1911 Census - Volume III - Part XII Occupations.pdf,data\raw\abs_1911_census\1911 Census - Volume III - Part XII Occupations.pdf,570,113,114,18 | 17 | 19,18,3,1,1392,continues,18.—MALE POPULATION OF THE,Sub-order 2.—Musical Instruments.,Class V.—Industrial.,False,False,True,1,,False,
1911_census_volume_iii_part_xii_occupations,1911 Census - Volume III - Part XII Occupations.pdf,data\raw\abs_1911_census\1911 Census - Volume III - Part XII Occupations.pdf,570,114,115,18 | 17 | 19,18,3,1,1393,continues,"Male Population of the Commonwealth of Australia, at the Census of 3rd April, 1911, classified according to Occupation, Grade and Age. (Details).",,COMMONWEALTH OF AUSTRALIA—continued.,False,False,True,1,,False,
1911_census_volume_iii_part_xii_occupations,1911 Census - Volume III - Part XII Occupations.pdf,data\raw\abs_1911_census\1911 Census - Volume III - Part XII Occupations.pdf,570,115,116,18 | 17 | 19,18,3,1,1394,continues,18.-MALE POPULATION OF THE,"Sub-order 4.-Ornaments, Minor Art Products, and Small Wares.",CLASS V.-ORDER 15-continued.,False,True,True,1,,False,
1911_census_volume_iii_part_xii_occupations,1911 Census - Volume III - Part XII Occupations.pdf,data\raw\abs_1911_census\1911 Census - Volume III - Part XII Occupations.pdf,570,116,117,18 | 17 | 19,18,3,1,1395,continues,"Male Population of the Commonwealth of Australia, at the Census of 3rd April, 1911, classified according to Occupation, Grade and Age. (Details).",,COMMONWEALTH OF AUSTRALIA—continued.,False,False,True,1,,False,
1911_census_volume_iii_part_xii_occupations,1911 Census - Volume III - Part XII Occupations.pdf,data\raw\abs_1911_census\1911 Census - Volume III - Part XII Occupations.pdf,570,117,118,18 | 17 | 19,18,3,1,1396,continues,18.—MALE POPULATION OF THE,,CLASS V.—ORDER 15,False,True,True,1,,False,
1911_census_volume_iii_part_xii_occupations,1911 Census - Volume III - Part XII Occupations.pdf,data\raw\abs_1911_census\1911 Census - Volume III - Part XII Occupations.pdf,570,118,119,18 | 17 | 19,18,3,1,1397,continues,"Male Population of the Commonwealth of Australia, at the Census of 3rd April, 1911, classified according to Occupation, Grade and Age. (Details).",,COMMONWEALTH OF AUSTRALIA—continued.,False,False,True,1,,False,
1911_census_volume_iii_part_xii_occupations,1911 Census - Volume III - Part XII Occupations.pdf,data\raw\abs_1911_census\1911 Census - Volume III - Part XII Occupations.pdf,570,119,120,18 | 17 | 19,18,3,1,1398,continues,18.—MALE POPULATION OF THE,"Sub-order 9.—Arms, Ammunition, and Explosives.",CLASS V.—ORDER 15—continued.,False,True,True,1,,False,
1911_census_volume_iii_part_xii_occupations,1911 Census - Volume III - Part XII Occupations.pdf,data\raw\abs_1911_census\1911 Census - Volume III - Part XII Occupations.pdf,570,120,121,18 | 17 | 19,18,3,1,1399,continues,,COMMONWEALTH OF AUSTRALIA—continued.,,False,True,True,1,,False,
1911_census_volume_iii_part_xii_occupations,1911 Census - Volume III - Part XII Occupations.pdf,data\raw\abs_1911_census\1911 Census - Volume III - Part XII Occupations.pdf,570,121,122,18 | 17 | 19,18,3,1,1400,continues,18.-MALE POPULATION OF THE,"Sub-order 10.-Engines, Machines, Tools, and Implements.",CLASS V.-ORDER 15-SUB-ORDER 9-continued.,False,True,True,1,,False,
1911_census_volume_iii_part_xii_occupations,1911 Census - Volume III - Part XII Occupations.pdf,data\raw\abs_1911_census\1911 Census - Volume III - Part XII Occupations.pdf,570,122,123,18 | 17 | 19,18,3,1,1401,continues,"Male Population of the Commonwealth of Australia, at the Census of 3rd April, 1911, classified according to Occupation, Grade and Age. (Details).",,COMMONWEALTH OF AUSTRALIA—continued.,False,False,True,1,,False,
1911_census_volume_iii_part_xii_occupations,1911 Census - Volume III - Part XII Occupations.pdf,data\raw\abs_1911_census\1911 Census - Volume III - Part XII Occupations.pdf,570,123,124,18 | 17 | 19,18,3,1,1402,continues,"Male Population of the Commonwealth of Australia, at the Census of 3rd April, 1911, classified according to Occupation, Grade and Age. (Details).",Sub-order 11.—Carriages and Vehicles.,CLASS V.—ORDER 15—SUB-ORDER 10—continued.,False,False,True,1,,False,
1911_census_volume_iii_part_xii_occupations,1911 Census - Volume III - Part XII Occupations.pdf,data\raw\abs_1911_census\1911 Census - Volume III - Part XII Occupations.pdf,570,124,125,18 | 17 | 19,18,3,1,1403,continues,,,COMMONWEALTH OF AUSTRALIA—continued.,False,False,True,1,,False,
1911_census_volume_iii_part_xii_occupations,1911 Census - Volume III - Part XII Occupations.pdf,data\raw\abs_1911_census\1911 Census - Volume III - Part XII Occupations.pdf,570,125,126,18 | 17 | 19,18,3,1,1404,continues,18.-MALE POPULATION OF THE,CLASS V.-ORDER 15-SUB-ORDER 12-continued.,,False,False,True,1,,False,
1911_census_volume_iii_part_xii_occupations,1911 Census - Volume III - Part XII Occupations.pdf,data\raw\abs_1911_census\1911 Census - Volume III - Part XII Occupations.pdf,570,126,127,18 | 17 | 19,18,3,1,1405,continues,"Male Population of the Commonwealth of Australia, at the Census of 3rd April, 1911, classified according to Occupation, Grade and Age. (Details).",,COMMONWEALTH OF AUSTRALIA—continued.,False,False,True,1,,False,
1911_census_volume_iii_part_xii_occupations,1911 Census - Volume III - Part XII Occupations.pdf,data\raw\abs_1911_census\1911 Census - Volume III - Part XII Occupations.pdf,570,127,128,18 | 17 | 19,18,3,1,1406,continues,18.—MALE POPULATION OF THE,Sub-order 14.—Furniture.,CLASS V.—ORDER 15—continued.,False,False,True,1,,False,
1911_census_volume_iii_part_xii_occupations,1911 Census - Volume III - Part XII Occupations.pdf,data\raw\abs_1911_census\1911 Census - Volume III - Part XII Occupations.pdf,570,128,129,18 | 17 | 19,18,3,1,1407,continues,"Male Population of the Commonwealth of Australia, at the Census of 3rd April, 1911, classified according to Occupation, Grade and Age. (Details).",,COMMONWEALTH OF AUSTRALIA—continued.,False,False,True,1,,False,
1911_census_volume_iii_part_xii_occupations,1911 Census - Volume III - Part XII Occupations.pdf,data\raw\abs_1911_census\1911 Census - Volume III - Part XII Occupations.pdf,570,129,130,18 | 17 | 19,18,3,1,1408,continues,18.—MALE POPULATION OF THE,Sub-order 16.—Chemicals and By-Products.,CLASS V.—ORDER 15—continued.,False,True,True,1,,False,
1911_census_volume_iii_part_xii_occupations,1911 Census - Volume III - Part XII Occupations.pdf,data\raw\abs_1911_census\1911 Census - Volume III - Part XII Occupations.pdf,570,130,131,18 | 17 | 19,18,3,1,1409,continues,"Male Population of the Commonwealth of Australia, at the Census of 3rd April, 1911, classified according to Occupation, Grade and Age. (Details).",,COMMONWEALTH OF AUSTRALIA,False,False,True,1,,False,
1911_census_volume_iii_part_xii_occupations,1911 Census - Volume III - Part XII Occupations.pdf,data\raw\abs_1911_census\1911 Census - Volume III - Part XII Occupations.pdf,570,131,132,18 | 17 | 19,18,3,1,1410,continues,18.—MALE POPULATION OF THE,Sub-order 2.—Dress.,CLASS V.—ORDER 16—SUB-ORDER 1—continued.,False,False,True,1,,False,
1911_census_volume_iii_part_xii_occupations,1911 Census - Volume III - Part XII Occupations.pdf,data\raw\abs_1911_census\1911 Census - Volume III - Part XII Occupations.pdf,570,132,133,18 | 17 | 19,18,3,1,1411,continues,"Male Population of the Commonwealth of Australia, at the Census of 3rd April, 1911, classified according to Occupation, Grade and Age. (Details).",,COMMONWEALTH OF AUSTRALIA—continued.,False,False,True,1,,False,
1911_census_volume_iii_part_xii_occupations,1911 Census - Volume III - Part XII Occupations.pdf,data\raw\abs_1911_census\1911 Census - Volume III - Part XII Occupations.pdf,570,133,134,18 | 17 | 19,18,3,1,1412,continues,18.—MALE POPULATION OF THE,CLASS V.—ORDER 16—SUB-ORDER 2—continued.,,False,True,True,1,,False,
1911_census_volume_iii_part_xii_occupations,1911 Census - Volume III - Part XII Occupations.pdf,data\raw\abs_1911_census\1911 Census - Volume III - Part XII Occupations.pdf,570,134,135,18 | 17 | 19,18,3,1,1413,continues,"Male Population of the Commonwealth of Australia, at the Census of 3rd April, 1911, classified according to Occupation, Grade and Age. (Details).",,COMMONWEALTH OF AUSTRALIA,False,False,True,1,,False,
1911_census_volume_iii_part_xii_occupations,1911 Census - Volume III - Part XII Occupations.pdf,data\raw\abs_1911_census\1911 Census - Volume III - Part XII Occupations.pdf,570,135,136,18 | 17 | 19,18,3,1,1414,continues,18.-MALE POPULATION OF THE,Sub-order 2.-Vegetable Food.,CLASS V.-continued.,False,True,True,1,,False,
1911_census_volume_iii_part_xii_occupations,1911 Census - Volume III - Part XII Occupations.pdf,data\raw\abs_1911_census\1911 Census - Volume III - Part XII Occupations.pdf,570,136,137,18 | 17 | 19,18,3,1,1415,continues,,,COMMONWEALTH OF AUSTRALIA,False,False,True,1,,False,
1911_census_volume_iii_part_xii_occupations,1911 Census - Volume III - Part XII Occupations.pdf,data\raw\abs_1911_census\1911 Census - Volume III - Part XII Occupations.pdf,570,137,138,18 | 17 | 19,18,3,1,1416,continues,18.-MALE POPULATION OF THE,"Sub-order 3.-Groceries, Drinks, Narcotics, and Stimulants.",CLASS V.-ORDER 17-SUB-ORDER 2-continued.,False,False,True,1,,False,
1911_census_volume_iii_part_xii_occupations,1911 Census - Volume III - Part XII Occupations.pdf,data\raw\abs_1911_census\1911 Census - Volume III - Part XII Occupations.pdf,570,138,139,18 | 17 | 19,18,3,1,1417,continues,"Male Population of the Commonwealth of Australia, at the Census of 3rd April, 1911, classified according to Occupation, Grade and Age. (Details).",,COMMONWEALTH OF AUSTRALIA--continued.,False,False,True,1,,False,
1911_census_volume_iii_part_xii_occupations,1911 Census - Volume III - Part XII Occupations.pdf,data\raw\abs_1911_census\1911 Census - Volume III - Part XII Occupations.pdf,570,139,140,18 | 17 | 19,18,3,1,1418,continues,18.—MALE POPULATION OF THE,CLASS V.—ORDER 17—SUB-ORDER 3—continued.,,False,False,True,1,,False,
1911_census_volume_iii_part_xii_occupations,1911 Census - Volume III - Part XII Occupations.pdf,data\raw\abs_1911_census\1911 Census - Volume III - Part XII Occupations.pdf,570,140,141,18 | 17 | 19,18,3,1,1419,continues,,,COMMONWEALTH OF AUSTRALIA—continued.,False,False,True,1,,False,
1911_census_volume_iii_part_xii_occupations,1911 Census - Volume III - Part XII Occupations.pdf,data\raw\abs_1911_census\1911 Census - Volume III - Part XII Occupations.pdf,570,141,142,18 | 17 | 19,18,3,1,1420,continues,18.—MALE POPULATION OF THE,CLASS V.—ORDER 18—SUB-ORDER 1—continued.,,False,False,True,1,,False,
1911_census_volume_iii_part_xii_occupations,1911 Census - Volume III - Part XII Occupations.pdf,data\raw\abs_1911_census\1911 Census - Volume III - Part XII Occupations.pdf,570,142,143,18 | 17 | 19,18,3,1,1421,continues,"Male Population of the Commonwealth of Australia, at the Census of 3rd April, 1911, classified according to Occupation, Grade and Age. (Details).",,COMMONWEALTH OF AUSTRALIA-continued.,False,True,True,1,,False,
1911_census_volume_iii_part_xii_occupations,1911 Census - Volume III - Part XII Occupations.pdf,data\raw\abs_1911_census\1911 Census - Volume III - Part XII Occupations.pdf,570,143,144,18 | 17 | 19,18,3,1,1422,continues,18.—MALE POPULATION OF THE,"Sub-order 1.—Manufactures and Processes relating to Stone, Clay, Earthenware, Glass, and Minerals not otherwise classed.",CLASS V.—ORDER 18—continued.,False,False,True,1,,False,
1911_census_volume_iii_part_xii_occupations,1911 Census - Volume III - Part XII Occupations.pdf,data\raw\abs_1911_census\1911 Census - Volume III - Part XII Occupations.pdf,570,144,145,18 | 17 | 19,18,3,1,1423,continues,"Male Population of the Commonwealth of Australia, at the Census of 3rd April, 1911, classified according to Occupation, Grade and Age. (Details).",,COMMONWEALTH OF AUSTRALIA,False,False,True,1,,False,
1911_census_volume_iii_part_xii_occupations,1911 Census - Volume III - Part XII Occupations.pdf,data\raw\abs_1911_census\1911 Census - Volume III - Part XII Occupations.pdf,570,145,146,18 | 17 | 19,18,3,1,1424,continues,18.-MALE POPULATION OF THE,Sub-order 3.-Workers in various Metals (not elsewhere classed).,CLASS V.-ORDER 19,False,True,True,1,,False,
1911_census_volume_iii_part_xii_occupations,1911 Census - Volume III - Part XII Occupations.pdf,data\raw\abs_1911_census\1911 Census - Volume III - Part XII Occupations.pdf,570,146,147,18 | 17 | 19,18,3,1,1425,continues,"Male Population of the Commonwealth of Australia, at the Census of 3rd April, 1911, classified according to Occupation, Grade and Age. (Details).",,COMMONWEALTH OF AUSTRALIA—continued.,False,False,True,1,,False,
1911_census_volume_iii_part_xii_occupations,1911 Census - Volume III - Part XII Occupations.pdf,data\raw\abs_1911_census\1911 Census - Volume III - Part XII Occupations.pdf,570,147,148,18 | 17 | 19,18,3,1,1426,continues,18.—MALE POPULATION OF THE,CLASS V.—ORDER 19—SUB-ORDER 3—continued.,,False,True,True,1,,False,
1911_census_volume_iii_part_xii_occupations,1911 Census - Volume III - Part XII Occupations.pdf,data\raw\abs_1911_census\1911 Census - Volume III - Part XII Occupations.pdf,570,148,149,18 | 17 | 19,18,3,1,1427,continues,,,COMMONWEALTH OF AUSTRALIA—continued.,False,False,True,1,,False,
1911_census_volume_iii_part_xii_occupations,1911 Census - Volume III - Part XII Occupations.pdf,data\raw\abs_1911_census\1911 Census - Volume III - Part XII Occupations.pdf,570,149,150,18 | 17 | 19,18,3,1,1428,continues,18.—MALE POPULATION OF THE,CLASS V.—continued.,"Order 20.—PERSONS ENGAGED IN THE CONVERSION OF COAL AND OTHER SUBSTANCES TO PURPOSES OF HEAT, LIGHT, OR FORMS OF ENERGY NOT OTHERWISE CLASSED.",False,False,True,1,,False,
1911_census_volume_iii_part_xii_occupations,1911 Census - Volume III - Part XII Occupations.pdf,data\raw\abs_1911_census\1911 Census - Volume III - Part XII Occupations.pdf,570,150,151,18 | 17 | 19,18,3,1,1429,continues,"Male Population of the Commonwealth of Australia, at the Census of 3rd April, 1911, classified according to Occupation, Grade and Age. (Details).",COMMONWEALTH OF AUSTRALIA—continued.,,False,True,True,1,,False,
1911_census_volume_iii_part_xii_occupations,1911 Census - Volume III - Part XII Occupations.pdf,data\raw\abs_1911_census\1911 Census - Volume III - Part XII Occupations.pdf,570,151,152,18 | 17 | 19,18,3,1,1430,continues,18.—MALE POPULATION OF THE,CLASS V.—ORDER 21—SUB-ORDER 1—continued.,,False,True,True,1,,False,
1911_census_volume_iii_part_xii_occupations,1911 Census - Volume III - Part XII Occupations.pdf,data\raw\abs_1911_census\1911 Census - Volume III - Part XII Occupations.pdf,570,152,153,18 | 17 | 19,18,3,1,1431,continues,"Male Population of the Commonwealth of Australia, at the Census of 3rd April, 1911, classified according to Occupation, Grade and Age. (Details).",,COMMONWEALTH OF AUSTRALIA—continued.,False,False,True,1,,False,
1911_census_volume_iii_part_xii_occupations,1911 Census - Volume III - Part XII Occupations.pdf,data\raw\abs_1911_census\1911 Census - Volume III - Part XII Occupations.pdf,570,153,154,18 | 17 | 19,18,3,1,1432,continues,"Male Population of the Commonwealth of Australia, at the Census of 3rd April, 1911, classified according to Occupation, Grade and Age. (Details).",,CLASS V.-ORDER 21-SUB-ORDER 2-continued.,False,False,True,1,,False,
1911_census_volume_iii_part_xii_occupations,1911 Census - Volume III - Part XII Occupations.pdf,data\raw\abs_1911_census\1911 Census - Volume III - Part XII Occupations.pdf,570,154,155,18 | 17 | 19,18,3,1,1433,continues,"Male Population of the Commonwealth of Australia, at the Census of 3rd April, 1911, classified according to Occupation, Grade and Age. (Details).",,COMMONWEALTH OF AUSTRALIA,False,False,True,1,,False,
1911_census_volume_iii_part_xii_occupations,1911 Census - Volume III - Part XII Occupations.pdf,data\raw\abs_1911_census\1911 Census - Volume III - Part XII Occupations.pdf,570,155,156,18 | 17 | 19,18,3,1,1434,continues,"18.—MALE POPULATION OF THE COMMONWEALTH OF AUSTRALIA, AT THE CENSUS OF 3RD APRIL, 1911, CLASSIFIED ACCORDING TO OCCUPATION, GRADE AND AGE. (DETAILS).",CLASS V.—ORDER 22—SUB-ORDER 1—continued.,ORDER 23.—INDUSTRIAL AND OTHER ACTIVE WORKERS IMPERFECTLY DEFINED.,False,True,True,1,,False,
1911_census_volume_iii_part_xii_occupations,1911 Census - Volume III - Part XII Occupations.pdf,data\raw\abs_1911_census\1911 Census - Volume III - Part XII Occupations.pdf,570,156,157,18 | 17 | 19,18,3,1,1435,continues,"Male Population of the Commonwealth of Australia, at the Census of 3rd April, 1911, classified according to Occupation, Grade and Age. (Details).",,COMMONWEALTH OF AUSTRALIA—continued.,False,False,True,1,,False,
1911_census_volume_iii_part_xii_occupations,1911 Census - Volume III - Part XII Occupations.pdf,data\raw\abs_1911_census\1911 Census - Volume III - Part XII Occupations.pdf,570,157,158,18 | 17 | 19,18,3,1,1436,continues,18.-MALE POPULATION OF THE,,CLASS V.-ORDER 23-SUB-ORDER 1-continued.,False,True,True,1,,False,
1911_census_volume_iii_part_xii_occupations,1911 Census - Volume III - Part XII Occupations.pdf,data\raw\abs_1911_census\1911 Census - Volume III - Part XII Occupations.pdf,570,158,159,18 | 17 | 19,18,3,1,1437,continues,"Male Population of the Commonwealth of Australia, at the Census of 3rd April, 1911, classified according to Occupation, Grade and Age. (Details).",,COMMONWEALTH OF AUSTRALIA--continued.,False,False,True,1,,False,
1911_census_volume_iii_part_xii_occupations,1911 Census - Volume III - Part XII Occupations.pdf,data\raw\abs_1911_census\1911 Census - Volume III - Part XII Occupations.pdf,570,159,160,18 | 17 | 19,18,3,1,1438,continues,"Male Population of the Commonwealth of Australia, at the Census of 3rd April, 1911, classified according to Occupation, Grade and Age. (Details).",,CLASS VI.—ORDER 24—SUB-ORDER 1,False,False,True,1,,False,
1911_census_volume_iii_part_xii_occupations,1911 Census - Volume III - Part XII Occupations.pdf,data\raw\abs_1911_census\1911 Census - Volume III - Part XII Occupations.pdf,570,160,161,18 | 17 | 19,18,3,1,1439,continues,"Male Population of the Commonwealth of Australia, at the Census of 3rd April, 1911, classified according to Occupation, Grade and Age. (Details).",,COMMONWEALTH OF AUSTRALIA—continued.,False,False,True,1,,False,
1911_census_volume_iii_part_xii_occupations,1911 Census - Volume III - Part XII Occupations.pdf,data\raw\abs_1911_census\1911 Census - Volume III - Part XII Occupations.pdf,570,161,162,18 | 17 | 19,18,3,1,1440,continues,18.—MALE POPULATION OF THE,"Sub-order 3.—The Capture, Preservation, or Destruction of Wild Animals, or the Acquisition of Products yielded by Wild Animals.",CLASS VI.—ORDER 24,False,False,True,1,,False,
1911_census_volume_iii_part_xii_occupations,1911 Census - Volume III - Part XII Occupations.pdf,data\raw\abs_1911_census\1911 Census - Volume III - Part XII Occupations.pdf,570,162,163,18 | 17 | 19,18,3,1,1441,continues,"Male Population of the Commonwealth of Australia, at the Census of 3rd April, 1911, classified according to Occupation, Grade and Age. (Details).",,COMMONWEALTH OF AUSTRALIA—continued.,False,False,True,1,,False,
1911_census_volume_iii_part_xii_occupations,1911 Census - Volume III - Part XII Occupations.pdf,data\raw\abs_1911_census\1911 Census - Volume III - Part XII Occupations.pdf,570,163,164,18 | 17 | 19,18,3,1,1442,continues,18.—MALE POPULATION OF THE,Sub-order 4.—Fisheries.,CLASS VI.—ORDER 24,False,True,True,1,,False,
1911_census_volume_iii_part_xii_occupations,1911 Census - Volume III - Part XII Occupations.pdf,data\raw\abs_1911_census\1911 Census - Volume III - Part XII Occupations.pdf,570,164,165,18 | 17 | 19,18,3,1,1443,continues,"Male Population of the Commonwealth of Australia, at the Census of 3rd April, 1911, classified according to Occupation, Grade and Age. (Details).",,COMMONWEALTH OF AUSTRALIA—continued.,False,True,True,1,,False,
1911_census_volume_iii_part_xii_occupations,1911 Census - Volume III - Part XII Occupations.pdf,data\raw\abs_1911_census\1911 Census - Volume III - Part XII Occupations.pdf,570,165,166,18 | 17 | 19,18,3,1,1444,continues,18.—MALE POPULATION OF THE,CLASS VI.—ORDER 24—continued.,,False,True,True,1,,False,
1911_census_volume_iii_part_xii_occupations,1911 Census - Volume III - Part XII Occupations.pdf,data\raw\abs_1911_census\1911 Census - Volume III - Part XII Occupations.pdf,570,166,167,18 | 17 | 19,18,3,1,1445,continues,"Male Population of the Commonwealth of Australia, at the Census of 3rd April, 1911, classified according to Occupation, Grade and Age. (Details).",,COMMONWEALTH OF AUSTRALIA—continued.,False,False,True,1,,False,
1911_census_volume_iii_part_xii_occupations,1911 Census - Volume III - Part XII Occupations.pdf,data\raw\abs_1911_census\1911 Census - Volume III - Part XII Occupations.pdf,570,167,168,18 | 17 | 19,18,3,1,1446,continues,18.—MALE POPULATION OF THE,,CLASS VI.—ORDER 24—SUB-ORDER 7—continued,False,False,True,1,,False,
1911_census_volume_iii_part_xii_occupations,1911 Census - Volume III - Part XII Occupations.pdf,data\raw\abs_1911_census\1911 Census - Volume III - Part XII Occupations.pdf,570,168,169,18 | 17 | 19,18,3,1,1447,continues,"Male Population of the Commonwealth of Australia, at the Census of 3rd April, 1911, classified according to Occupation, Grade and Age. (Details).",,COMMONWEALTH OF AUSTRALIA—continued.,False,False,True,1,,False,
1911_census_volume_iii_part_xii_occupations,1911 Census - Volume III - Part XII Occupations.pdf,data\raw\abs_1911_census\1911 Census - Volume III - Part XII Occupations.pdf,570,169,170,18 | 17 | 19,18,3,1,1448,ends,18.—MALE POPULATION OF THE,Class VIII.—Dependents.,,False,True,True,1,,False,
1911_census_volume_iii_part_xii_occupations,1911 Census - Volume III - Part XII Occupations.pdf,data\raw\abs_1911_census\1911 Census - Volume III - Part XII Occupations.pdf,570,170,171,18 | 17 | 19,18,3,1,1449,ends,"Male Population of the Commonwealth of Australia, at the Census of 3rd April, 1911, classified according to Occupation, Grade and Age. (Details).",,COMMONWEALTH OF AUSTRALIA,False,False,True,1,,False,
1911_census_volume_iii_part_xii_occupations,1911 Census - Volume III - Part XII Occupations.pdf,data\raw\abs_1911_census\1911 Census - Volume III - Part XII Occupations.pdf,570,171,172,19 | 18 | 20,19,3,1,1450,starts,"19.—FEMALE POPULATION OF THE At the Census of 3rd April, 1911, Classified (Exclusive of Full- Details.]",Class 1.—Professional.,,False,True,True,1,,False,
1911_census_volume_iii_part_xii_occupations,1911 Census - Volume III - Part XII Occupations.pdf,data\raw\abs_1911_census\1911 Census - Volume III - Part XII Occupations.pdf,570,172,173,19 | 18 | 20,19,3,1,1451,continues,"Female Population of the Commonwealth of Australia, at the Census of 3rd April, 1911, classified according to Occupation, Grade and Age. (Details)",,,False,True,True,1,,False,
1911_census_volume_iii_part_xii_occupations,1911 Census - Volume III - Part XII Occupations.pdf,data\raw\abs_1911_census\1911 Census - Volume III - Part XII Occupations.pdf,570,173,174,19 | 18 | 20,19,3,1,1452,continues,19.—FEMALE POPULATION OF THE,"Sub-order 2.—Charity, exclusive of Hospitals.",CLASS I.—ORDER 2—continued.,False,True,True,1,,False,
1911_census_volume_iii_part_xii_occupations,1911 Census - Volume III - Part XII Occupations.pdf,data\raw\abs_1911_census\1911 Census - Volume III - Part XII Occupations.pdf,570,174,175,19 | 18 | 20,19,3,1,1453,continues,,,COMMONWEALTH OF AUSTRALIA—continued.,False,True,True,1,,False,
1911_census_volume_iii_part_xii_occupations,1911 Census - Volume III - Part XII Occupations.pdf,data\raw\abs_1911_census\1911 Census - Volume III - Part XII Occupations.pdf,570,175,176,19 | 18 | 20,19,3,1,1454,continues,19.—FEMALE POPULATION OF THE,CLASS I.—ORDER 2—SUB-ORDER 3—continued.,,False,True,True,1,,False,
1911_census_volume_iii_part_xii_occupations,1911 Census - Volume III - Part XII Occupations.pdf,data\raw\abs_1911_census\1911 Census - Volume III - Part XII Occupations.pdf,570,176,177,19 | 18 | 20,19,3,1,1455,continues,"Female Population of the Commonwealth of Australia, at the Census of 3rd April, 1911, classified according to Occupation, Grade and Age. (Details)",,Commonwealth of Australia—continued.,False,True,True,1,,False,
1911_census_volume_iii_part_xii_occupations,1911 Census - Volume III - Part XII Occupations.pdf,data\raw\abs_1911_census\1911 Census - Volume III - Part XII Occupations.pdf,570,177,178,19 | 18 | 20,19,3,1,1456,continues,19.—FEMALE POPULATION OF THE,CLASS I.—ORDER 2—continued.,,False,True,True,1,,False,
1911_census_volume_iii_part_xii_occupations,1911 Census - Volume III - Part XII Occupations.pdf,data\raw\abs_1911_census\1911 Census - Volume III - Part XII Occupations.pdf,570,178,179,19 | 18 | 20,19,3,1,1457,continues,"Female Population of the Commonwealth of Australia, at the Census of 3rd April, 1911, classified according to Occupation, Grade and Age. (Details)",,COMMONWEALTH OF AUSTRALIA-continued.,False,False,True,1,,False,
1911_census_volume_iii_part_xii_occupations,1911 Census - Volume III - Part XII Occupations.pdf,data\raw\abs_1911_census\1911 Census - Volume III - Part XII Occupations.pdf,570,179,180,19 | 18 | 20,19,3,1,1458,continues,19.—FEMALE POPULATION OF THE,Sub-order 10.—Amusements.,CLASS I.—ORDER 2—continued.,False,True,True,1,,False,
1911_census_volume_iii_part_xii_occupations,1911 Census - Volume III - Part XII Occupations.pdf,data\raw\abs_1911_census\1911 Census - Volume III - Part XII Occupations.pdf,570,180,181,19 | 18 | 20,19,3,1,1459,continues,"Female Population of the Commonwealth of Australia, at the Census of 3rd April, 1911, classified according to Occupation, Grade and Age. (Details)",,COMMONWEALTH OF AUSTRALIA—continued.,False,False,True,1,,False,
1911_census_volume_iii_part_xii_occupations,1911 Census - Volume III - Part XII Occupations.pdf,data\raw\abs_1911_census\1911 Census - Volume III - Part XII Occupations.pdf,570,181,182,19 | 18 | 20,19,3,1,1460,continues,19.—FEMALE POPULATION OF THE,Class II.—Domestic.,Class I.—Order 2—Sub-order 10—continued.,False,False,True,1,,False,
1911_census_volume_iii_part_xii_occupations,1911 Census - Volume III - Part XII Occupations.pdf,data\raw\abs_1911_census\1911 Census - Volume III - Part XII Occupations.pdf,570,182,183,19 | 18 | 20,19,3,1,1461,continues,,,COMMONWEALTH OF AUSTRALIA—continued.,False,False,True,1,,False,
1911_census_volume_iii_part_xii_occupations,1911 Census - Volume III - Part XII Occupations.pdf,data\raw\abs_1911_census\1911 Census - Volume III - Part XII Occupations.pdf,570,183,184,19 | 18 | 20,19,3,1,1462,continues,19.—FEMALE POPULATION OF THE,CLASS I.—ORDER 3—continued. Sub-order 2.—Domestic Service and Attendance.,,False,False,True,1,,False,
1911_census_volume_iii_part_xii_occupations,1911 Census - Volume III - Part XII Occupations.pdf,data\raw\abs_1911_census\1911 Census - Volume III - Part XII Occupations.pdf,570,184,185,19 | 18 | 20,19,3,1,1463,continues,"Female Population of the Commonwealth of Australia, at the Census of 3rd April, 1911, classified according to Occupation, Grade and Age.",,COMMONWEALTH OF AUSTRALIA—continued.,False,False,True,1,,False,
1911_census_volume_iii_part_xii_occupations,1911 Census - Volume III - Part XII Occupations.pdf,data\raw\abs_1911_census\1911 Census - Volume III - Part XII Occupations.pdf,570,185,186,19 | 18 | 20,19,3,1,1464,continues,19.—FEMALE POPULATION OF THE,"Sub-order 2.—Insurance, Valuation, and Protection of Property.",Class III.—Commercial.,False,True,True,1,,False,
1911_census_volume_iii_part_xii_occupations,1911 Census - Volume III - Part XII Occupations.pdf,data\raw\abs_1911_census\1911 Census - Volume III - Part XII Occupations.pdf,570,186,187,19 | 18 | 20,19,3,1,1465,continues,"Female Population of the Commonwealth of Australia, at the Census of 3rd April, 1911, classified according to Occupation, Grade and Age.",COMMONWEALTH OF AUSTRALIA—continued.,,False,True,True,1,,False,
1911_census_volume_iii_part_xii_occupations,1911 Census - Volume III - Part XII Occupations.pdf,data\raw\abs_1911_census\1911 Census - Volume III - Part XII Occupations.pdf,570,187,188,19 | 18 | 20,19,3,1,1466,continues,"Female Population of the Commonwealth of Australia, at the Census of 3rd April, 1911, classified according to Occupation, Grade and Age. (Details)",Sub-class B.—Trade.,Class III.—Sub-Class A—Order 4—continued.,False,True,True,1,,False,
1911_census_volume_iii_part_xii_occupations,1911 Census - Volume III - Part XII Occupations.pdf,data\raw\abs_1911_census\1911 Census - Volume III - Part XII Occupations.pdf,570,188,189,19 | 18 | 20,19,3,1,1467,continues,,COMMONWEALTH OF AUSTRALIA—continued.,,False,False,True,1,,False,
1911_census_volume_iii_part_xii_occupations,1911 Census - Volume III - Part XII Occupations.pdf,data\raw\abs_1911_census\1911 Census - Volume III - Part XII Occupations.pdf,570,189,190,19 | 18 | 20,19,3,1,1468,continues,"Female Population of the Commonwealth of Australia, at the Census of 3rd April, 1911, classified according to Occupation, Grade and Age. (Details)","Sub-order 4.—Ornaments, Minor Art Products, and Small Wares.",CLASS III.—SUB-CLASS B—ORDER 5—SUB-ORDER 1—cont.,False,True,True,1,,False,
1911_census_volume_iii_part_xii_occupations,1911 Census - Volume III - Part XII Occupations.pdf,data\raw\abs_1911_census\1911 Census - Volume III - Part XII Occupations.pdf,570,190,191,19 | 18 | 20,19,3,1,1469,continues,"Female Population of the Commonwealth of Australia, at the Census of 3rd April, 1911, classified according to Occupation, Grade and Age. (Details)",,COMMONWEALTH OF AUSTRALIA—continued.,False,False,True,1,,False,
1911_census_volume_iii_part_xii_occupations,1911 Census - Volume III - Part XII Occupations.pdf,data\raw\abs_1911_census\1911 Census - Volume III - Part XII Occupations.pdf,570,191,192,19 | 18 | 20,19,3,1,1470,continues,19.—FEMALE POPULATION OF THE,,CLASS III.—SUB-CLASS B—ORDER 5—SUB-ORDER 4—cont.,False,False,True,1,,False,
1911_census_volume_iii_part_xii_occupations,1911 Census - Volume III - Part XII Occupations.pdf,data\raw\abs_1911_census\1911 Census - Volume III - Part XII Occupations.pdf,570,192,193,19 | 18 | 20,19,3,1,1471,continues,"Female Population of the Commonwealth of Australia, at the Census of 3rd April, 1911, classified according to Occupation, Grade and Age. (Details)",,COMMONWEALTH OF AUSTRALIA—continued.,False,False,True,1,,False,
1911_census_volume_iii_part_xii_occupations,1911 Census - Volume III - Part XII Occupations.pdf,data\raw\abs_1911_census\1911 Census - Volume III - Part XII Occupations.pdf,570,193,194,19 | 18 | 20,19,3,1,1472,continues,19.—FEMALE POPULATION OF THE,Sub-order 15.—Furniture.,CLASS III.—SUB-CLASS B—ORDER 5—continued.,False,False,True,1,,False,
1911_census_volume_iii_part_xii_occupations,1911 Census - Volume III - Part XII Occupations.pdf,data\raw\abs_1911_census\1911 Census - Volume III - Part XII Occupations.pdf,570,194,195,19 | 18 | 20,19,3,1,1473,continues,"Female Population of the Commonwealth of Australia, at the Census of 3rd April, 1911, classified according to Occupation, Grade and Age. (Details)",,COMMONWEALTH OF AUSTRALIA—continued.,False,False,True,1,,False,
1911_census_volume_iii_part_xii_occupations,1911 Census - Volume III - Part XII Occupations.pdf,data\raw\abs_1911_census\1911 Census - Volume III - Part XII Occupations.pdf,570,195,196,19 | 18 | 20,19,3,1,1474,continues,19.—FEMALE POPULATION OF THE,,CLASS III.—SUB-CLASS B—ORDER 5,False,False,True,1,,False,
1911_census_volume_iii_part_xii_occupations,1911 Census - Volume III - Part XII Occupations.pdf,data\raw\abs_1911_census\1911 Census - Volume III - Part XII Occupations.pdf,570,196,197,19 | 18 | 20,19,3,1,1475,continues,"Female Population of the Commonwealth of Australia, at the Census of 3rd April, 1911, classified according to Occupation, Grade and Age. (Details)",COMMONWEALTH OF AUSTRALIA—continued.,,False,False,True,1,,False,
1911_census_volume_iii_part_xii_occupations,1911 Census - Volume III - Part XII Occupations.pdf,data\raw\abs_1911_census\1911 Census - Volume III - Part XII Occupations.pdf,570,197,198,19 | 18 | 20,19,3,1,1476,continues,19.—FEMALE POPULATION OF THE,Sub-order 1.—Animal Food.,"ORDER 7.—PERSONS ENGAGED IN DEALING IN FOOD, DRINKS, NARCOTICS, AND STIMULANTS.",False,False,True,1,,False,
1911_census_volume_iii_part_xii_occupations,1911 Census - Volume III - Part XII Occupations.pdf,data\raw\abs_1911_census\1911 Census - Volume III - Part XII Occupations.pdf,570,198,199,19 | 18 | 20,19,3,1,1477,continues,"Female Population of the Commonwealth of Australia, at the Census of 3rd April, 1911, classified according to Occupation, Grade and Age. (Details)",,COMMONWEALTH OF AUSTRALIA—continued.,False,False,True,1,,False,
1911_census_volume_iii_part_xii_occupations,1911 Census - Volume III - Part XII Occupations.pdf,data\raw\abs_1911_census\1911 Census - Volume III - Part XII Occupations.pdf,570,199,200,19 | 18 | 20,19,3,1,1478,continues,"Female Population of the Commonwealth of Australia, at the Census of 3rd April, 1911, classified according to Occupation, Grade and Age. (Details)",Sub-order 2.—Vegetable Food.,CLASS III.—SUB-CLASS B—ORDER 7,False,False,True,1,,False,
1911_census_volume_iii_part_xii_occupations,1911 Census - Volume III - Part XII Occupations.pdf,data\raw\abs_1911_census\1911 Census - Volume III - Part XII Occupations.pdf,570,200,201,19 | 18 | 20,19,3,1,1479,continues,"Female Population of the Commonwealth of Australia, at the Census of 3rd April, 1911, classified according to Occupation, Grade and Age. (Details)",,COMMONWEALTH OF AUSTRALIA,False,False,True,1,,False,
1911_census_volume_iii_part_xii_occupations,1911 Census - Volume III - Part XII Occupations.pdf,data\raw\abs_1911_census\1911 Census - Volume III - Part XII Occupations.pdf,570,201,202,19 | 18 | 20,19,3,1,1480,continues,19.-FEMALE POPULATION OF THE,,CLASS III.-SUB-CLASS B-ORDER 7-continued.,False,True,True,1,,False,
1911_census_volume_iii_part_xii_occupations,1911 Census - Volume III - Part XII Occupations.pdf,data\raw\abs_1911_census\1911 Census - Volume III - Part XII Occupations.pdf,570,202,203,19 | 18 | 20,19,3,1,1481,continues,"Female Population of the Commonwealth of Australia, at the Census of 3rd April, 1911, classified according to Occupation, Grade and Age.",,COMMONWEALTH OF AUSTRALIA—continued.,False,False,True,1,,False,
1911_census_volume_iii_part_xii_occupations,1911 Census - Volume III - Part XII Occupations.pdf,data\raw\abs_1911_census\1911 Census - Volume III - Part XII Occupations.pdf,570,203,204,19 | 18 | 20,19,3,1,1482,continues,19.—FEMALE POPULATION OF THE,Sub-order 2.—Manures and Animal Waste Products.,CLASS III.—SUB-CLASS B—ORDER 8—continued.,False,True,True,1,,False,
1911_census_volume_iii_part_xii_occupations,1911 Census - Volume III - Part XII Occupations.pdf,data\raw\abs_1911_census\1911 Census - Volume III - Part XII Occupations.pdf,570,204,205,19 | 18 | 20,19,3,1,1483,continues,,COMMONWEALTH OF AUSTRALIA—continued.,,False,False,True,1,,False,
1911_census_volume_iii_part_xii_occupations,1911 Census - Volume III - Part XII Occupations.pdf,data\raw\abs_1911_census\1911 Census - Volume III - Part XII Occupations.pdf,570,205,206,19 | 18 | 20,19,3,1,1484,continues,"Female Population of the Commonwealth of Australia, at the Census of 3rd April, 1911, classified according to Occupation, Grade and Age.",CLASS III.—SUB-CLASS B —continued.,ORDER 9.—PERSONS ENGAGED IN DEALING IN MINERALS OR OTHER SUBSTANCES MAINLY USED FOR FUEL AND LIGHT.,False,True,True,1,,False,
1911_census_volume_iii_part_xii_occupations,1911 Census - Volume III - Part XII Occupations.pdf,data\raw\abs_1911_census\1911 Census - Volume III - Part XII Occupations.pdf,570,206,207,19 | 18 | 20,19,3,1,1485,continues,"Female Population of the Commonwealth of Australia, at the Census of 3rd April, 1911, classified according to Occupation, Grade and Age.",,COMMONWEALTH OF AUSTRALIA,False,True,True,1,,False,
1911_census_volume_iii_part_xii_occupations,1911 Census - Volume III - Part XII Occupations.pdf,data\raw\abs_1911_census\1911 Census - Volume III - Part XII Occupations.pdf,570,207,208,19 | 18 | 20,19,3,1,1486,continues,19.—FEMALE POPULATION OF THE,Sub-order 2.—Other Mercantile Persons.,CLASS III.—SUB-CLASS B—ORDER 10—SUB-ORDER 3—cont.,False,False,True,1,,False,
1911_census_volume_iii_part_xii_occupations,1911 Census - Volume III - Part XII Occupations.pdf,data\raw\abs_1911_census\1911 Census - Volume III - Part XII Occupations.pdf,570,208,209,19 | 18 | 20,19,3,1,1487,continues,"Female Population of the Commonwealth of Australia, at the Census of 3rd April, 1911, classified according to Occupation, Grade and Age. (Details)",,COMMONWEALTH OF AUSTRALIA—continued.,False,False,True,1,,False,
1911_census_volume_iii_part_xii_occupations,1911 Census - Volume III - Part XII Occupations.pdf,data\raw\abs_1911_census\1911 Census - Volume III - Part XII Occupations.pdf,570,209,210,19 | 18 | 20,19,3,1,1488,continues,19.—FEMALE POPULATION OF THE,,CLASS III.—SUB-CLASS B—ORDER 11—SUB-ORDER 2—cont.,False,False,True,1,,False,
1911_census_volume_iii_part_xii_occupations,1911 Census - Volume III - Part XII Occupations.pdf,data\raw\abs_1911_census\1911 Census - Volume III - Part XII Occupations.pdf,570,210,211,19 | 18 | 20,19,3,1,1489,continues,"Female Population of the Commonwealth of Australia, at the Census of 3rd April, 1911, classified according to Occupation, Grade and Age. (Details)",,COMMONWEALTH OF AUSTRALIA—continued.,False,False,True,1,,False,
1911_census_volume_iii_part_xii_occupations,1911 Census - Volume III - Part XII Occupations.pdf,data\raw\abs_1911_census\1911 Census - Volume III - Part XII Occupations.pdf,570,211,212,19 | 18 | 20,19,3,1,1490,continues,"Female Population of the Commonwealth of Australia, at the Census of 3rd April, 1911, classified according to Occupation, Grade and Age. (Details)",Class IV.—Transport and Communication,,False,True,True,1,,False,
1911_census_volume_iii_part_xii_occupations,1911 Census - Volume III - Part XII Occupations.pdf,data\raw\abs_1911_census\1911 Census - Volume III - Part XII Occupations.pdf,570,212,213,19 | 18 | 20,19,3,1,1491,continues,"Female Population of the Commonwealth of Australia, at the Census of 3rd April, 1911, classified according to Occupation, Grade and Age. (Details)",,COMMONWEALTH OF AUSTRALIA—continued.,False,True,True,1,,False,
1911_census_volume_iii_part_xii_occupations,1911 Census - Volume III - Part XII Occupations.pdf,data\raw\abs_1911_census\1911 Census - Volume III - Part XII Occupations.pdf,570,213,214,19 | 18 | 20,19,3,1,1492,continues,19.—FEMALE POPULATION OF THE,Class V.—Industrial.,Class IV.—Order 14—continued.,False,True,True,1,,False,
1911_census_volume_iii_part_xii_occupations,1911 Census - Volume III - Part XII Occupations.pdf,data\raw\abs_1911_census\1911 Census - Volume III - Part XII Occupations.pdf,570,214,215,19 | 18 | 20,19,3,1,1493,continues,"Female Population of the Commonwealth of Australia, at the Census of 3rd April, 1911, classified according to Occupation, Grade and Age.",COMMONWEALTH OF AUSTRALIA—continued.,,False,False,True,1,,False,
1911_census_volume_iii_part_xii_occupations,1911 Census - Volume III - Part XII Occupations.pdf,data\raw\abs_1911_census\1911 Census - Volume III - Part XII Occupations.pdf,570,215,216,19 | 18 | 20,19,3,1,1494,continues,"Female Population of the Commonwealth of Australia, at the Census of 3rd April, 1911, classified according to Occupation, Grade and Age.",,CLASS V.—ORDER 15.—SUB-ORDER 1,False,False,True,1,,False,
1911_census_volume_iii_part_xii_occupations,1911 Census - Volume III - Part XII Occupations.pdf,data\raw\abs_1911_census\1911 Census - Volume III - Part XII Occupations.pdf,570,216,217,19 | 18 | 20,19,3,1,149,continues,"Female Population of the Commonwealth of Australia, at the Census of 3rd April, 1911, classified according to Occupation, Grade and Age. (Details)",,COMMONWEALTH OF AUSTRALIA—continued.,False,False,True,1,,False,
1911_census_volume_iii_part_xii_occupations,1911 Census - Volume III - Part XII Occupations.pdf,data\raw\abs_1911_census\1911 Census - Volume III - Part XII Occupations.pdf,570,217,218,19 | 18 | 20,19,3,1,1496,continues,19.—FEMALE POPULATION OF THE,"Sub-order 7.—Watches, Clocks, and Scientific Instruments.",CLASS V.—ORDER 15—SUB-ORDER 4—continued.,False,True,True,1,,False,
1911_census_volume_iii_part_xii_occupations,1911 Census - Volume III - Part XII Occupations.pdf,data\raw\abs_1911_census\1911 Census - Volume III - Part XII Occupations.pdf,570,218,219,19 | 18 | 20,19,3,1,1497,continues,"Female Population of the Commonwealth of Australia, at the Census of 3rd April, 1911, classified according to Occupation, Grade and Age.",,COMMONWEALTH OF AUSTRALIA,False,True,True,1,,False,
1911_census_volume_iii_part_xii_occupations,1911 Census - Volume III - Part XII Occupations.pdf,data\raw\abs_1911_census\1911 Census - Volume III - Part XII Occupations.pdf,570,219,220,19 | 18 | 20,19,3,1,1498,continues,19.-FEMALE POPULATION OF THE,,CLASS V.-ORDER 15-SUB-ORDER 7-continued.,False,True,True,1,,False,
1911_census_volume_iii_part_xii_occupations,1911 Census - Volume III - Part XII Occupations.pdf,data\raw\abs_1911_census\1911 Census - Volume III - Part XII Occupations.pdf,570,220,221,19 | 18 | 20,19,3,1,1499,continues,"Female Population of the Commonwealth of Australia, at the Census of 3rd April, 1911, classified according to Occupation, Grade and Age. (Details)",COMMONWEALTH OF AUSTRALIA—continued.,,False,True,True,1,,False,
1911_census_volume_iii_part_xii_occupations,1911 Census - Volume III - Part XII Occupations.pdf,data\raw\abs_1911_census\1911 Census - Volume III - Part XII Occupations.pdf,570,221,222,19 | 18 | 20,19,3,1,1500,continues,"Female Population of the Commonwealth of Australia, at the Census of 3rd April, 1911, classified according to Occupation, Grade and Age.",Class V.-Order 15-continued. Sub-order 11.-Carriages and Vehicles.,,False,False,True,1,,False,
1911_census_volume_iii_part_xii_occupations,1911 Census - Volume III - Part XII Occupations.pdf,data\raw\abs_1911_census\1911 Census - Volume III - Part XII Occupations.pdf,570,222,223,19 | 18 | 20,19,3,1,1501,continues,"Female Population of the Commonwealth of Australia, at the Census of 3rd April, 1911, classified according to Occupation, Grade and Age. (Details)",COMMONWEALTH OF AUSTRALIA—continued.,,False,True,True,1,,False,
1911_census_volume_iii_part_xii_occupations,1911 Census - Volume III - Part XII Occupations.pdf,data\raw\abs_1911_census\1911 Census - Volume III - Part XII Occupations.pdf,570,223,224,19 | 18 | 20,19,3,1,1502,continues,"Female Population of the Commonwealth of Australia, at the Census of 3rd April, 1911, classified according to Occupation, Grade and Age. (Details)",Class V.-Order 15-Sub-order 14-continued,,False,False,True,1,,False,
1911_census_volume_iii_part_xii_occupations,1911 Census - Volume III - Part XII Occupations.pdf,data\raw\abs_1911_census\1911 Census - Volume III - Part XII Occupations.pdf,570,224,225,19 | 18 | 20,19,3,1,1503,continues,"Female Population of the Commonwealth of Australia, at the Census of 3rd April, 1911, classified according to Occupation, Grade and Age. (Details)",,COMMONWEALTH OF AUSTRALIA--continued.,False,False,True,1,,False,
1911_census_volume_iii_part_xii_occupations,1911 Census - Volume III - Part XII Occupations.pdf,data\raw\abs_1911_census\1911 Census - Volume III - Part XII Occupations.pdf,570,225,226,19 | 18 | 20,19,3,1,1504,continues,"Female Population of the Commonwealth of Australia, at the Census of 3rd April, 1911, classified according to Occupation, Grade and Age. (Details)",Sub-order 2.—Dress.,Class V.—continued.,False,False,True,1,,False,
1911_census_volume_iii_part_xii_occupations,1911 Census - Volume III - Part XII Occupations.pdf,data\raw\abs_1911_census\1911 Census - Volume III - Part XII Occupations.pdf,570,226,227,19 | 18 | 20,19,3,1,1505,continues,"Female Population of the Commonwealth of Australia, at the Census of 3rd April, 1911, classified according to Occupation, Grade and Age. (Details)",,COMMONWEALTH OF AUSTRALIA—continued.,False,False,True,1,,False,
1911_census_volume_iii_part_xii_occupations,1911 Census - Volume III - Part XII Occupations.pdf,data\raw\abs_1911_census\1911 Census - Volume III - Part XII Occupations.pdf,570,227,228,19 | 18 | 20,19,3,1,1506,continues,19.-FEMALE POPULATION OF THE,CLASS V.-ORDER 16-SUB-ORDER 2-continued.,,False,False,True,1,,False,
1911_census_volume_iii_part_xii_occupations,1911 Census - Volume III - Part XII Occupations.pdf,data\raw\abs_1911_census\1911 Census - Volume III - Part XII Occupations.pdf,570,228,229,19 | 18 | 20,19,3,1,1507,continues,"Female Population of the Commonwealth of Australia, at the Census of 3rd April, 1911, classified according to Occupation, Grade and Age. (Details)",,COMMONWEALTH OF AUSTRALIA—continued.,False,False,True,1,,False,
1911_census_volume_iii_part_xii_occupations,1911 Census - Volume III - Part XII Occupations.pdf,data\raw\abs_1911_census\1911 Census - Volume III - Part XII Occupations.pdf,570,229,230,19 | 18 | 20,19,3,1,1508,continues,19.—FEMALE POPULATION OF THE,"Sub-order 3.—Groceries, Drinks, Narcotics, and Stimulants.",CLASS V.—continued.,False,True,True,1,,False,
1911_census_volume_iii_part_xii_occupations,1911 Census - Volume III - Part XII Occupations.pdf,data\raw\abs_1911_census\1911 Census - Volume III - Part XII Occupations.pdf,570,230,231,19 | 18 | 20,19,3,1,1509,continues,,,COMMONWEALTH OF AUSTRALIA,False,False,True,1,,False,
1911_census_volume_iii_part_xii_occupations,1911 Census - Volume III - Part XII Occupations.pdf,data\raw\abs_1911_census\1911 Census - Volume III - Part XII Occupations.pdf,570,231,232,19 | 18 | 20,19,3,1,1510,continues,19.—FEMALE POPULATION OF THE,,CLASS V.—ORDER 17—SUB-ORDER 3—continued.,False,False,True,1,,False,
1911_census_volume_iii_part_xii_occupations,1911 Census - Volume III - Part XII Occupations.pdf,data\raw\abs_1911_census\1911 Census - Volume III - Part XII Occupations.pdf,570,232,233,19 | 18 | 20,19,3,1,1511,continues,"Female Population of the Commonwealth of Australia, at the Census of 3rd April, 1911, classified according to Occupation, Grade and Age.",,COMMONWEALTH OF AUSTRALIA—continued.,False,True,True,1,,False,
1911_census_volume_iii_part_xii_occupations,1911 Census - Volume III - Part XII Occupations.pdf,data\raw\abs_1911_census\1911 Census - Volume III - Part XII Occupations.pdf,570,233,234,19 | 18 | 20,19,3,1,1512,continues,19.—FEMALE POPULATION OF THE,CLASS V.—ORDER 18—continued.,Sub-order 2.—Working in Vegetable Matters (not else-where classed).,False,False,True,1,,False,
1911_census_volume_iii_part_xii_occupations,1911 Census - Volume III - Part XII Occupations.pdf,data\raw\abs_1911_census\1911 Census - Volume III - Part XII Occupations.pdf,570,234,235,19 | 18 | 20,19,3,1,1513,continues,"Female Population of the Commonwealth of Australia, at the Census of 3rd April, 1911, classified according to Occupation, Grade and Age. (Details)",COMMONWEALTH OF AUSTRALIA—continued.,,False,False,True,1,,False,
1911_census_volume_iii_part_xii_occupations,1911 Census - Volume III - Part XII Occupations.pdf,data\raw\abs_1911_census\1911 Census - Volume III - Part XII Occupations.pdf,570,235,236,19 | 18 | 20,19,3,1,1514,continues,"Female Population of the Commonwealth of Australia, at the Census of 3rd April, 1911, classified according to Occupation, Grade and Age. (Details)",,CLASS V.—ORDER 19,False,False,True,1,,False,
1911_census_volume_iii_part_xii_occupations,1911 Census - Volume III - Part XII Occupations.pdf,data\raw\abs_1911_census\1911 Census - Volume III - Part XII Occupations.pdf,570,236,237,19 | 18 | 20,19,3,1,1515,continues,,,COMMONWEALTH OF AUSTRALIA—continued.,False,False,True,1,,False,
1911_census_volume_iii_part_xii_occupations,1911 Census - Volume III - Part XII Occupations.pdf,data\raw\abs_1911_census\1911 Census - Volume III - Part XII Occupations.pdf,570,237,238,19 | 18 | 20,19,3,1,1516,continues,19.—FEMALE POPULATION OF THE,,CLASS V.—continued.,False,False,True,1,,False,
1911_census_volume_iii_part_xii_occupations,1911 Census - Volume III - Part XII Occupations.pdf,data\raw\abs_1911_census\1911 Census - Volume III - Part XII Occupations.pdf,570,238,239,19 | 18 | 20,19,3,1,1517,continues,,,COMMONWEALTH OF AUSTRALIA--continued.,False,True,True,1,,False,
1911_census_volume_iii_part_xii_occupations,1911 Census - Volume III - Part XII Occupations.pdf,data\raw\abs_1911_census\1911 Census - Volume III - Part XII Occupations.pdf,570,239,240,19 | 18 | 20,19,3,1,1518,continues,"Female Population of the Commonwealth of Australia, at the Census of 3rd April, 1911, classified according to Occupation, Grade and Age. (Details)","Class VI.—Agricultural, Pastoral, Mineral, and other Primary Producers.",Class V.—continued.,False,True,True,1,,False,
1911_census_volume_iii_part_xii_occupations,1911 Census - Volume III - Part XII Occupations.pdf,data\raw\abs_1911_census\1911 Census - Volume III - Part XII Occupations.pdf,570,240,241,19 | 18 | 20,19,3,1,1519,continues,,,COMMONWEALTH OF AUSTRALIA,False,False,True,1,,False,
1911_census_volume_iii_part_xii_occupations,1911 Census - Volume III - Part XII Occupations.pdf,data\raw\abs_1911_census\1911 Census - Volume III - Part XII Occupations.pdf,570,241,242,19 | 18 | 20,19,3,1,1520,continues,"Female Population of the Commonwealth of Australia, at the Census of 3rd April, 1911, classified according to Occupation, Grade and Age. (Details)",,CLASS VI.—ORDER 24—SUB-ORDER 1—continued.,False,False,True,1,,False,
1911_census_volume_iii_part_xii_occupations,1911 Census - Volume III - Part XII Occupations.pdf,data\raw\abs_1911_census\1911 Census - Volume III - Part XII Occupations.pdf,570,242,243,19 | 18 | 20,19,3,1,1521,continues,"Female Population of the Commonwealth of Australia, at the Census of 3rd April, 1911, classified according to Occupation, Grade and Age. (Details)",,COMMONWEALTH OF AUSTRALIA—continued.,False,False,True,1,,False,
1911_census_volume_iii_part_xii_occupations,1911 Census - Volume III - Part XII Occupations.pdf,data\raw\abs_1911_census\1911 Census - Volume III - Part XII Occupations.pdf,570,243,244,19 | 18 | 20,19,3,1,1522,continues,19.--FEMALE POPULATION OF THE,CLASS VI.--ORDER 24--SUB-ORDER 2--continued.,,False,True,True,1,,False,
1911_census_volume_iii_part_xii_occupations,1911 Census - Volume III - Part XII Occupations.pdf,data\raw\abs_1911_census\1911 Census - Volume III - Part XII Occupations.pdf,570,244,245,19 | 18 | 20,19,3,1,1523,continues,"Female Population of the Commonwealth of Australia, at the Census of 3rd April, 1911, classified according to Occupation, Grade and Age. (Details)",,COMMONWEALTH OF AUSTRALIA—continued.,False,False,True,1,,False,
1911_census_volume_iii_part_xii_occupations,1911 Census - Volume III - Part XII Occupations.pdf,data\raw\abs_1911_census\1911 Census - Volume III - Part XII Occupations.pdf,570,245,246,19 | 18 | 20,19,3,1,1524,continues,19.—FEMALE POPULATION OF THE,Class VI.—Order 24—continued,,False,True,True,1,,False,
1911_census_volume_iii_part_xii_occupations,1911 Census - Volume III - Part XII Occupations.pdf,data\raw\abs_1911_census\1911 Census - Volume III - Part XII Occupations.pdf,570,246,247,19 | 18 | 20,19,3,1,1525,continues,"Female Population of the Commonwealth of Australia, at the Census of 3rd April, 1911, classified according to Occupation, Grade and Age. (Details)",,COMMONWEALTH OF AUSTRALIA—continued.,False,False,True,1,,False,
1911_census_volume_iii_part_xii_occupations,1911 Census - Volume III - Part XII Occupations.pdf,data\raw\abs_1911_census\1911 Census - Volume III - Part XII Occupations.pdf,570,247,248,19 | 18 | 20,19,3,1,1526,ends,19.—FEMALE POPULATION OF THE,,Class VIII.—Dependents.,False,True,True,1,,False,
1911_census_volume_iii_part_xii_occupations,1911 Census - Volume III - Part XII Occupations.pdf,data\raw\abs_1911_census\1911 Census - Volume III - Part XII Occupations.pdf,570,248,249,19 | 18 | 20,20,3,1,1527,starts,"Male Population of the Commonwealth of Australia, at the Census of 3rd April, 1911, classified according to Occupation, Grade and Age. (Summary)",,COMMONWEALTH OF AUSTRALIA—continued.,False,True,True,1,,False,
1911_census_volume_iii_part_xii_occupations,1911 Census - Volume III - Part XII Occupations.pdf,data\raw\abs_1911_census\1911 Census - Volume III - Part XII Occupations.pdf,570,249,250,20 | 19 | 21,20,3,1,1528,continues,"20.—MALE POPULATION OF THE Commonwealth of Australia, at the Census of 3rd April, 1911, classified according to Occupation, Grade and Age. (Summary.)",,Class I.—Professional to Class III.—Commercial,False,True,True,1,,False,
1911_census_volume_iii_part_xii_occupations,1911 Census - Volume III - Part XII Occupations.pdf,data\raw\abs_1911_census\1911 Census - Volume III - Part XII Occupations.pdf,570,250,251,20 | 19 | 21,20,3,1,1529,continues,"Male Population of the Commonwealth of Australia, at the Census of 3rd April, 1911, classified according to Occupation, Grade and Age. (Summary)",,,False,False,True,1,,False,
1911_census_volume_iii_part_xii_occupations,1911 Census - Volume III - Part XII Occupations.pdf,data\raw\abs_1911_census\1911 Census - Volume III - Part XII Occupations.pdf,570,251,252,20 | 19 | 21,20,3,1,1530,continues,"Male Population of the Commonwealth of Australia, at the Census of 3rd April, 1911, classified according to Occupation, Grade and Age. (Summary)",,Class III and Class IV,False,False,True,1,,False,
1911_census_volume_iii_part_xii_occupations,1911 Census - Volume III - Part XII Occupations.pdf,data\raw\abs_1911_census\1911 Census - Volume III - Part XII Occupations.pdf,570,252,253,20 | 19 | 21,20,3,1,1531,continues,"Male Population of the Commonwealth of Australia, at the Census of 3rd April, 1911, classified according to Occupation, Grade and Age. (Summary)",,COMMONWEALTH OF AUSTRALIA--continued.,False,False,True,1,,False,
1911_census_volume_iii_part_xii_occupations,1911 Census - Volume III - Part XII Occupations.pdf,data\raw\abs_1911_census\1911 Census - Volume III - Part XII Occupations.pdf,570,253,254,20 | 19 | 21,20,3,1,1532,continues,20.—MALE POPULATION OF THE,,CLASS IV. - continued,False,True,True,1,,False,
1911_census_volume_iii_part_xii_occupations,1911 Census - Volume III - Part XII Occupations.pdf,data\raw\abs_1911_census\1911 Census - Volume III - Part XII Occupations.pdf,570,254,255,20 | 19 | 21,20,3,1,1533,continues,"Male Population of the Commonwealth of Australia, at the Census of 3rd April, 1911, classified according to Occupation, Grade and Age. (Summary)",,COMMONWEALTH OF AUSTRALIA,False,False,True,1,,False,
1911_census_volume_iii_part_xii_occupations,1911 Census - Volume III - Part XII Occupations.pdf,data\raw\abs_1911_census\1911 Census - Volume III - Part XII Occupations.pdf,570,255,256,20 | 19 | 21,20,3,1,1534,ends,20.—MALE POPULATION OF THE,,,False,True,True,1,,False,
1911_census_volume_iii_part_xii_occupations,1911 Census - Volume III - Part XII Occupations.pdf,data\raw\abs_1911_census\1911 Census - Volume III - Part XII Occupations.pdf,570,256,257,20 | 19 | 21,21,3,1,1535,starts,"Female Population of the Commonwealth of Australia, at the Census of 3rd April, 1911, classified according to Occupation, Grade and Age. (Summary)",,COMMONWEALTH OF AUSTRALIA—continued.,False,True,True,1,,False,
1911_census_volume_iii_part_xii_occupations,1911 Census - Volume III - Part XII Occupations.pdf,data\raw\abs_1911_census\1911 Census - Volume III - Part XII Occupations.pdf,570,257,258,21 | 20 | 22,21,3,1,1536,continues,"21.—FEMALE POPULATION OF THE At the Census of 3rd April, 1911, Classified (Exclusive of Full- (Summary.)",,Class I.-Professional to Class III.-Commercial,False,True,True,1,,False,
1911_census_volume_iii_part_xii_occupations,1911 Census - Volume III - Part XII Occupations.pdf,data\raw\abs_1911_census\1911 Census - Volume III - Part XII Occupations.pdf,570,258,259,21 | 20 | 22,21,3,1,1537,continues,"Female Population of the Commonwealth of Australia, at the Census of 3rd April, 1911, classified according to Occupation, Grade and Age. (Summary)",,,False,False,True,1,,False,
1911_census_volume_iii_part_xii_occupations,1911 Census - Volume III - Part XII Occupations.pdf,data\raw\abs_1911_census\1911 Census - Volume III - Part XII Occupations.pdf,570,259,260,21 | 20 | 22,21,3,1,1538,continues,"Female Population of the Commonwealth of Australia, at the Census of 3rd April, 1911, classified according to Occupation, Grade and Age. (Summary)",,Class III and Class IV,False,True,True,1,,False,
1911_census_volume_iii_part_xii_occupations,1911 Census - Volume III - Part XII Occupations.pdf,data\raw\abs_1911_census\1911 Census - Volume III - Part XII Occupations.pdf,570,260,261,21 | 20 | 22,21,3,1,1539,continues,,COMMONWEALTH OF AUSTRALIA—continued.,,False,False,True,1,,False,
1911_census_volume_iii_part_xii_occupations,1911 Census - Volume III - Part XII Occupations.pdf,data\raw\abs_1911_census\1911 Census - Volume III - Part XII Occupations.pdf,570,261,262,21 | 20 | 22,21,3,1,1540,continues,21.-FEMALE POPULATION OF THE,,CLASS V.-INDUSTRIAL,False,True,True,1,,False,
1911_census_volume_iii_part_xii_occupations,1911 Census - Volume III - Part XII Occupations.pdf,data\raw\abs_1911_census\1911 Census - Volume III - Part XII Occupations.pdf,570,262,263,21 | 20 | 22,21,3,1,1541,continues,"Female Population of the Commonwealth of Australia, at the Census of 3rd April, 1911, classified according to Occupation, Grade and Age. (Summary)",,COMMONWEALTH OF AUSTRALIA—continued.,False,False,True,1,,False,
1911_census_volume_iii_part_xii_occupations,1911 Census - Volume III - Part XII Occupations.pdf,data\raw\abs_1911_census\1911 Census - Volume III - Part XII Occupations.pdf,570,263,264,21 | 20 | 22,21,3,1,1542,ends,21.-FEMALE POPULATION OF THE,,,False,True,True,1,,False,
1911_census_volume_iii_part_xii_occupations,1911 Census - Volume III - Part XII Occupations.pdf,data\raw\abs_1911_census\1911 Census - Volume III - Part XII Occupations.pdf,570,264,265,21 | 20 | 22,22,3,1,1543,starts,"Male Population of the State of New South Wales, at the Census of 3rd April, 1911, classified according to Occupation, Grade and Age",,COMMONWEALTH OF AUSTRALIA-continued.,False,True,True,1,,False,
1911_census_volume_iii_part_xii_occupations,1911 Census - Volume III - Part XII Occupations.pdf,data\raw\abs_1911_census\1911 Census - Volume III - Part XII Occupations.pdf,570,265,266,22 | 21 | 23,22,3,1,1544,continues,"22.—MALE POPULATION OF THE At the Census of 3rd April, 1911, Classified (Exclusive of Full-",,,False,True,True,1,,False,
1911_census_volume_iii_part_xii_occupations,1911 Census - Volume III - Part XII Occupations.pdf,data\raw\abs_1911_census\1911 Census - Volume III - Part XII Occupations.pdf,570,266,267,22 | 21 | 23,22,3,1,1545,continues,"Male Population of the State of New South Wales, at the Census of 3rd April, 1911, classified according to Occupation, Grade and Age",,,False,False,True,1,,False,
1911_census_volume_iii_part_xii_occupations,1911 Census - Volume III - Part XII Occupations.pdf,data\raw\abs_1911_census\1911 Census - Volume III - Part XII Occupations.pdf,570,267,268,22 | 21 | 23,22,3,1,1546,continues,22.—MALE POPULATION OF THE,,,False,True,True,1,,False,
1911_census_volume_iii_part_xii_occupations,1911 Census - Volume III - Part XII Occupations.pdf,data\raw\abs_1911_census\1911 Census - Volume III - Part XII Occupations.pdf,570,268,269,22 | 21 | 23,22,3,1,1547,continues,"Male Population of the State of New South Wales, at the Census of 3rd April, 1911, classified according to Occupation, Grade and Age",,STATE OF NEW SOUTH WALES—continued.,False,False,True,1,,False,
1911_census_volume_iii_part_xii_occupations,1911 Census - Volume III - Part XII Occupations.pdf,data\raw\abs_1911_census\1911 Census - Volume III - Part XII Occupations.pdf,570,269,270,22 | 21 | 23,22,3,1,1548,continues,22.-MALE POPULATION OF THE,,,False,False,True,1,,False,
1911_census_volume_iii_part_xii_occupations,1911 Census - Volume III - Part XII Occupations.pdf,data\raw\abs_1911_census\1911 Census - Volume III - Part XII Occupations.pdf,570,270,271,22 | 21 | 23,22,3,1,1549,continues,"Male Population of the State of New South Wales, at the Census of 3rd April, 1911, classified according to Occupation, Grade and Age",STATE OF NEW SOUTH WALES—continued.,,False,False,True,1,,False,
1911_census_volume_iii_part_xii_occupations,1911 Census - Volume III - Part XII Occupations.pdf,data\raw\abs_1911_census\1911 Census - Volume III - Part XII Occupations.pdf,570,271,272,22 | 21 | 23,22,3,1,1550,ends,22.—MALE POPULATION OF THE,,,False,False,True,1,,False,
1911_census_volume_iii_part_xii_occupations,1911 Census - Volume III - Part XII Occupations.pdf,data\raw\abs_1911_census\1911 Census - Volume III - Part XII Occupations.pdf,570,272,273,22 | 21 | 23,23,3,1,1551,starts,"Female Population of the State of New South Wales, at the Census of 3rd April, 1911, classified according to Occupation, Grade and Age",,STATE OF NEW SOUTH WALES—continued.,False,True,True,1,,False,
1911_census_volume_iii_part_xii_occupations,1911 Census - Volume III - Part XII Occupations.pdf,data\raw\abs_1911_census\1911 Census - Volume III - Part XII Occupations.pdf,570,273,274,23 | 22 | 24,23,3,1,1552,continues,23.—FEMALE POPULATION OF THE,,"Class I.—Professional, Class II.—Domestic, Class III.—Commercial",False,True,True,1,,False,
1911_census_volume_iii_part_xii_occupations,1911 Census - Volume III - Part XII Occupations.pdf,data\raw\abs_1911_census\1911 Census - Volume III - Part XII Occupations.pdf,570,274,275,23 | 22 | 24,23,3,1,1553,continues,"Female Population of the State of New South Wales, at the Census of 3rd April, 1911, classified according to Occupation, Grade and Age",,STATE OF NEW SOUTH WALES,False,False,True,1,,False,
1911_census_volume_iii_part_xii_occupations,1911 Census - Volume III - Part XII Occupations.pdf,data\raw\abs_1911_census\1911 Census - Volume III - Part XII Occupations.pdf,570,275,276,23 | 22 | 24,23,3,1,1554,continues,23.-FEMALE POPULATION OF THE,,"CLASS III.-continued. Dealing in Food, Drinks, Narcotics, and Stimulants",False,True,True,1,,False,
1911_census_volume_iii_part_xii_occupations,1911 Census - Volume III - Part XII Occupations.pdf,data\raw\abs_1911_census\1911 Census - Volume III - Part XII Occupations.pdf,570,276,277,23 | 22 | 24,23,3,1,1555,continues,"Female Population of the State of New South Wales, at the Census of 3rd April, 1911, classified according to Occupation, Grade and Age",STATE OF NEW SOUTH WALES—continued.,,False,False,True,1,,False,
1911_census_volume_iii_part_xii_occupations,1911 Census - Volume III - Part XII Occupations.pdf,data\raw\abs_1911_census\1911 Census - Volume III - Part XII Occupations.pdf,570,277,278,23 | 22 | 24,23,3,1,1556,continues,23.—FEMALE POPULATION OF THE,,CLASS V.—INDUSTRIAL,False,False,True,1,,False,
1911_census_volume_iii_part_xii_occupations,1911 Census - Volume III - Part XII Occupations.pdf,data\raw\abs_1911_census\1911 Census - Volume III - Part XII Occupations.pdf,570,278,279,23 | 22 | 24,23,3,1,1557,continues,"Female Population of the State of New South Wales, at the Census of 3rd April, 1911, classified according to Occupation, Grade and Age",,STATE OF NEW SOUTH WALES—continued.,False,False,True,1,,False,
1911_census_volume_iii_part_xii_occupations,1911 Census - Volume III - Part XII Occupations.pdf,data\raw\abs_1911_census\1911 Census - Volume III - Part XII Occupations.pdf,570,279,280,23 | 22 | 24,23,3,1,1558,ends,23.—FEMALE POPULATION OF THE,,,False,False,True,1,,False,
1911_census_volume_iii_part_xii_occupations,1911 Census - Volume III - Part XII Occupations.pdf,data\raw\abs_1911_census\1911 Census - Volume III - Part XII Occupations.pdf,570,280,281,23 | 22 | 24,23,3,1,1559,ends,"Female Population of the State of New South Wales, at the Census of 3rd April, 1911, classified according to Occupation, Grade and Age",,STATE OF NEW SOUTH WALES—continued.,False,False,True,1,,False,
1911_census_volume_iii_part_xii_occupations,1911 Census - Volume III - Part XII Occupations.pdf,data\raw\abs_1911_census\1911 Census - Volume III - Part XII Occupations.pdf,570,281,282,24 | 23 | 25,24,3,1,1560,continues,"24. MALE POPULATION OF THE STATE OF VICTORIA, AT THE CENSUS OF 3RD APRIL, 1911, CLASSIFIED ACCORDING TO OCCUPATION, GRADE AND AGE",,,False,True,True,1,,False,
1911_census_volume_iii_part_xii_occupations,1911 Census - Volume III - Part XII Occupations.pdf,data\raw\abs_1911_census\1911 Census - Volume III - Part XII Occupations.pdf,570,282,283,24 | 23 | 25,24,3,1,1561,continues,"Male Population of the State of Victoria, at the Census of 3rd April, 1911, classified according to Occupation, Grade and Age",,,False,False,True,1,,False,
1911_census_volume_iii_part_xii_occupations,1911 Census - Volume III - Part XII Occupations.pdf,data\raw\abs_1911_census\1911 Census - Volume III - Part XII Occupations.pdf,570,283,284,24 | 23 | 25,24,3,1,1562,continues,"Male Population of the State of Victoria, at the Census of 3rd April, 1911, classified according to Occupation, Grade and Age",,,False,False,True,1,,False,
1911_census_volume_iii_part_xii_occupations,1911 Census - Volume III - Part XII Occupations.pdf,data\raw\abs_1911_census\1911 Census - Volume III - Part XII Occupations.pdf,570,284,285,24 | 23 | 25,24,3,1,1563,continues,"Male Population of the State of Victoria, at the Census of 3rd April, 1911, classified according to Occupation, Grade and Age",,STATE OF VICTORIA,False,False,True,1,,False,
1911_census_volume_iii_part_xii_occupations,1911 Census - Volume III - Part XII Occupations.pdf,data\raw\abs_1911_census\1911 Census - Volume III - Part XII Occupations.pdf,570,285,286,24 | 23 | 25,24,3,1,1564,continues,"Male Population of the State of Victoria, at the Census of 3rd April, 1911, classified according to Occupation, Grade and Age",,,False,False,True,1,,False,
1911_census_volume_iii_part_xii_occupations,1911 Census - Volume III - Part XII Occupations.pdf,data\raw\abs_1911_census\1911 Census - Volume III - Part XII Occupations.pdf,570,286,287,24 | 23 | 25,24,3,1,1565,continues,"Male Population of the State of Victoria, at the Census of 3rd April, 1911, classified according to Occupation, Grade and Age",,STATE OF VICTORIA,False,False,True,1,,False,
1911_census_volume_iii_part_xii_occupations,1911 Census - Volume III - Part XII Occupations.pdf,data\raw\abs_1911_census\1911 Census - Volume III - Part XII Occupations.pdf,570,287,288,24 | 23 | 25,24,3,1,1566,ends,24.—MALE POPULATION OF THE,,CLASS VI.—continued,False,True,True,1,,False,
1911_census_volume_iii_part_xii_occupations,1911 Census - Volume III - Part XII Occupations.pdf,data\raw\abs_1911_census\1911 Census - Volume III - Part XII Occupations.pdf,570,288,289,24 | 23 | 25,25,3,1,1567,starts,"Female Population of the State of Victoria, at the Census of 3rd April, 1911, classified according to Occupation, Grade and Age",,STATE OF VICTORIA,False,True,True,1,,False,
1911_census_volume_iii_part_xii_occupations,1911 Census - Volume III - Part XII Occupations.pdf,data\raw\abs_1911_census\1911 Census - Volume III - Part XII Occupations.pdf,570,289,290,25 | 24 | 26,25,3,1,1568,continues,"25.—FEMALE POPULATION OF At the Census of 3rd April, 1911, Classified",,,False,True,True,1,,False,
1911_census_volume_iii_part_xii_occupations,1911 Census - Volume III - Part XII Occupations.pdf,data\raw\abs_1911_census\1911 Census - Volume III - Part XII Occupations.pdf,570,290,291,25 | 24 | 26,25,3,1,1569,continues,"Female Population of the State of Victoria, at the Census of 3rd April, 1911, classified according to Occupation, Grade and Age",,THE STATE OF VICTORIA,False,False,True,1,,False,
1911_census_volume_iii_part_xii_occupations,1911 Census - Volume III - Part XII Occupations.pdf,data\raw\abs_1911_census\1911 Census - Volume III - Part XII Occupations.pdf,570,291,292,25 | 24 | 26,25,3,1,1570,continues,"Female Population of the State of Victoria, at the Census of 3rd April, 1911, classified according to Occupation, Grade and Age",,"Class III, Class IV, Class V",False,False,True,1,,False,
1911_census_volume_iii_part_xii_occupations,1911 Census - Volume III - Part XII Occupations.pdf,data\raw\abs_1911_census\1911 Census - Volume III - Part XII Occupations.pdf,570,292,293,25 | 24 | 26,25,3,1,1571,continues,"Female Population of the State of Victoria, at the Census of 3rd April, 1911, classified according to Occupation, Grade and Age",,STATE OF VICTORIA—continued.,False,False,True,1,,False,
1911_census_volume_iii_part_xii_occupations,1911 Census - Volume III - Part XII Occupations.pdf,data\raw\abs_1911_census\1911 Census - Volume III - Part XII Occupations.pdf,570,293,294,25 | 24 | 26,25,3,1,1572,ends,25.—FEMALE POPULATION OF THE,,Class V and Class VI,False,True,True,1,,False,
1911_census_volume_iii_part_xii_occupations,1911 Census - Volume III - Part XII Occupations.pdf,data\raw\abs_1911_census\1911 Census - Volume III - Part XII Occupations.pdf,570,294,295,25 | 24 | 26,25,3,1,1573,ends,"Female Population of the State of Victoria, at the Census of 3rd April, 1911, classified according to Occupation, Grade and Age",,STATE OF VICTORIA—continued.,False,False,True,1,,False,
1911_census_volume_iii_part_xii_occupations,1911 Census - Volume III - Part XII Occupations.pdf,data\raw\abs_1911_census\1911 Census - Volume III - Part XII Occupations.pdf,570,295,296,26 | 25 | 27,26,3,1,1574,continues,"26. MALE POPULATION OF THE STATE OF QUEENSLAND, AT THE CENSUS OF 3RD APRIL, 1911, CLASSIFIED ACCORDING TO OCCUPATION, GRADE AND AGE",,,True,True,True,1,"The page contains the end of Table 25 and the start of Table 26. Table 25 is not in the candidate list for this page, so only Table 26 is matched.",False,
1911_census_volume_iii_part_xii_occupations,1911 Census - Volume III - Part XII Occupations.pdf,data\raw\abs_1911_census\1911 Census - Volume III - Part XII Occupations.pdf,570,296,297,26 | 25 | 27,26,3,1,1575,continues,"Male Population of the State of Queensland, at the Census of 3rd April, 1911, classified according to Occupation, Grade and Age",,THE STATE OF QUEENSLAND,False,True,True,0.9,"The page contains a continuation of a Victoria table at the top, followed by the start of Table 26 for Queensland.",False,
1911_census_volume_iii_part_xii_occupations,1911 Census - Volume III - Part XII Occupations.pdf,data\raw\abs_1911_census\1911 Census - Volume III - Part XII Occupations.pdf,570,297,298,26 | 25 | 27,26,3,1,1576,continues,26.—MALE POPULATION OF THE,,,False,True,True,1,,False,
1911_census_volume_iii_part_xii_occupations,1911 Census - Volume III - Part XII Occupations.pdf,data\raw\abs_1911_census\1911 Census - Volume III - Part XII Occupations.pdf,570,298,299,26 | 25 | 27,26,3,1,1577,continues,"Male Population of the State of Queensland, at the Census of 3rd April, 1911, classified according to Occupation, Grade and Age",STATE OF QUEENSLAND—continued.,,False,False,True,1,,False,
1911_census_volume_iii_part_xii_occupations,1911 Census - Volume III - Part XII Occupations.pdf,data\raw\abs_1911_census\1911 Census - Volume III - Part XII Occupations.pdf,570,299,300,26 | 25 | 27,26,3,1,1578,continues,26.-MALE POPULATION OF THE,,CLASS III.-continued. General and Undefined Merchants and Dealers,False,True,True,1,,False,
1911_census_volume_iii_part_xii_occupations,1911 Census - Volume III - Part XII Occupations.pdf,data\raw\abs_1911_census\1911 Census - Volume III - Part XII Occupations.pdf,570,300,301,26 | 25 | 27,26,3,1,1579,continues,"Male Population of the State of Queensland, at the Census of 3rd April, 1911, classified according to Occupation, Grade and Age",STATE OF QUEENSLAND—continued.,,False,False,True,1,,False,
1911_census_volume_iii_part_xii_occupations,1911 Census - Volume III - Part XII Occupations.pdf,data\raw\abs_1911_census\1911 Census - Volume III - Part XII Occupations.pdf,570,301,302,26 | 25 | 27,26,3,1,1580,continues,26.-MALE POPULATION OF THE,,Class V. - continued,False,True,True,1,,False,
1911_census_volume_iii_part_xii_occupations,1911 Census - Volume III - Part XII Occupations.pdf,data\raw\abs_1911_census\1911 Census - Volume III - Part XII Occupations.pdf,570,302,303,26 | 25 | 27,26,3,1,1581,continues,"Male Population of the State of Queensland, at the Census of 3rd April, 1911, classified according to Occupation, Grade and Age",,STATE OF QUEENSLAND,False,False,True,1,,False,
1911_census_volume_iii_part_xii_occupations,1911 Census - Volume III - Part XII Occupations.pdf,data\raw\abs_1911_census\1911 Census - Volume III - Part XII Occupations.pdf,570,303,304,26 | 25 | 27,26,3,1,1582,ends,26.-MALE POPULATION OF THE,,,False,True,True,1,,False,
1911_census_volume_iii_part_xii_occupations,1911 Census - Volume III - Part XII Occupations.pdf,data\raw\abs_1911_census\1911 Census - Volume III - Part XII Occupations.pdf,570,304,305,26 | 25 | 27,27,3,1,1583,starts,"Female Population of the State of Queensland, at the Census of 3rd April, 1911, classified according to Occupation, Grade and Age",,STATE OF QUEENSLAND,False,True,True,1,,False,
1911_census_volume_iii_part_xii_occupations,1911 Census - Volume III - Part XII Occupations.pdf,data\raw\abs_1911_census\1911 Census - Volume III - Part XII Occupations.pdf,570,305,306,27 | 26 | 28,27,3,1,1584,continues,27.—FEMALE POPULATION OF,,,False,True,True,1,,False,
1911_census_volume_iii_part_xii_occupations,1911 Census - Volume III - Part XII Occupations.pdf,data\raw\abs_1911_census\1911 Census - Volume III - Part XII Occupations.pdf,570,306,307,27 | 26 | 28,27,3,1,1585,continues,"Female Population of the State of Queensland, at the Census of 3rd April, 1911, classified according to Occupation, Grade and Age",,THE STATE OF QUEENSLAND,False,False,True,1,,False,
1911_census_volume_iii_part_xii_occupations,1911 Census - Volume III - Part XII Occupations.pdf,data\raw\abs_1911_census\1911 Census - Volume III - Part XII Occupations.pdf,570,307,308,27 | 26 | 28,27,3,1,1586,continues,27.—FEMALE POPULATION OF THE,,"CLASS III, CLASS IV, CLASS V",False,True,True,1,,False,
1911_census_volume_iii_part_xii_occupations,1911 Census - Volume III - Part XII Occupations.pdf,data\raw\abs_1911_census\1911 Census - Volume III - Part XII Occupations.pdf,570,308,309,27 | 26 | 28,27,3,1,1587,continues,"Female Population of the State of Queensland, at the Census of 3rd April, 1911, classified according to Occupation, Grade and Age",STATE OF QUEENSLAND—continued.,,False,False,True,1,,False,
1911_census_volume_iii_part_xii_occupations,1911 Census - Volume III - Part XII Occupations.pdf,data\raw\abs_1911_census\1911 Census - Volume III - Part XII Occupations.pdf,570,309,310,27 | 26 | 28,27,3,1,1588,ends,27.—FEMALE POPULATION OF THE,,,False,True,True,1,,False,
1911_census_volume_iii_part_xii_occupations,1911 Census - Volume III - Part XII Occupations.pdf,data\raw\abs_1911_census\1911 Census - Volume III - Part XII Occupations.pdf,570,310,311,27 | 26 | 28,27,3,1,1589,ends,"Female Population of the State of Queensland, at the Census of 3rd April, 1911, classified according to Occupation, Grade and Age",,STATE OF QUEENSLAND—continued.,False,False,True,1,,False,
1911_census_volume_iii_part_xii_occupations,1911 Census - Volume III - Part XII Occupations.pdf,data\raw\abs_1911_census\1911 Census - Volume III - Part XII Occupations.pdf,570,311,312,28 | 27 | 29,27 | 28,3,2,1590,boundary_multiple_tables,27.—FEMALE POPULATION OF THE | 28.—MALE POPULATION OF THE,,,True,True,True,1,,False,
1911_census_volume_iii_part_xii_occupations,1911 Census - Volume III - Part XII Occupations.pdf,data\raw\abs_1911_census\1911 Census - Volume III - Part XII Occupations.pdf,570,312,313,28 | 27 | 29,28,3,1,1591,continues,"Male Population of the State of South Australia, at the Census of 3rd April, 1911, classified according to Occupation, Grade and Age",,STATE OF SOUTH AUSTRALIA,False,False,True,1,,False,
1911_census_volume_iii_part_xii_occupations,1911 Census - Volume III - Part XII Occupations.pdf,data\raw\abs_1911_census\1911 Census - Volume III - Part XII Occupations.pdf,570,313,314,28 | 27 | 29,28,3,1,1592,continues,28.-MALE POPULATION OF THE,,CLASS II.-DOMESTIC,False,True,True,1,,False,
1911_census_volume_iii_part_xii_occupations,1911 Census - Volume III - Part XII Occupations.pdf,data\raw\abs_1911_census\1911 Census - Volume III - Part XII Occupations.pdf,570,314,315,28 | 27 | 29,28,3,1,1593,continues,"Male Population of the State of South Australia, at the Census of 3rd April, 1911, classified according to Occupation, Grade and Age",STATE OF SOUTH AUSTRALIA—continued.,,False,False,True,1,,False,
1911_census_volume_iii_part_xii_occupations,1911 Census - Volume III - Part XII Occupations.pdf,data\raw\abs_1911_census\1911 Census - Volume III - Part XII Occupations.pdf,570,315,316,28 | 27 | 29,28,3,1,1594,continues,"Male Population of the State of South Australia, at the Census of 3rd April, 1911, classified according to Occupation, Grade and Age",,"Class III, Class IV, Class V",False,False,True,1,,False,
1911_census_volume_iii_part_xii_occupations,1911 Census - Volume III - Part XII Occupations.pdf,data\raw\abs_1911_census\1911 Census - Volume III - Part XII Occupations.pdf,570,316,317,28 | 27 | 29,28,3,1,1595,continues,"Male Population of the State of South Australia, at the Census of 3rd April, 1911, classified according to Occupation, Grade and Age",,STATE OF SOUTH AUSTRALIA—continued.,False,False,True,1,,False,
1911_census_volume_iii_part_xii_occupations,1911 Census - Volume III - Part XII Occupations.pdf,data\raw\abs_1911_census\1911 Census - Volume III - Part XII Occupations.pdf,570,317,318,28 | 27 | 29,28,3,1,1596,continues,28.-MALE POPULATION OF THE,,Class V and Class VI,False,True,True,1,,False,
1911_census_volume_iii_part_xii_occupations,1911 Census - Volume III - Part XII Occupations.pdf,data\raw\abs_1911_census\1911 Census - Volume III - Part XII Occupations.pdf,570,318,319,28 | 27 | 29,28,3,1,1597,continues,"Male Population of the State of South Australia, at the Census of 3rd April, 1911, classified according to Occupation, Grade and Age",,STATE OF SOUTH AUSTRALIA—continued.,False,False,True,1,,False,
1911_census_volume_iii_part_xii_occupations,1911 Census - Volume III - Part XII Occupations.pdf,data\raw\abs_1911_census\1911 Census - Volume III - Part XII Occupations.pdf,570,319,320,28 | 27 | 29,28,3,1,1598,ends,28.—MALE POPULATION OF THE,,,False,True,True,1,,False,
1911_census_volume_iii_part_xii_occupations,1911 Census - Volume III - Part XII Occupations.pdf,data\raw\abs_1911_census\1911 Census - Volume III - Part XII Occupations.pdf,570,320,321,28 | 27 | 29,29,3,1,1599,starts,"Female Population of the State of South Australia, at the Census of 3rd April, 1911, classified according to Occupation, Grade and Age",,STATE OF SOUTH AUSTRALIA,False,True,True,1,,False,
1911_census_volume_iii_part_xii_occupations,1911 Census - Volume III - Part XII Occupations.pdf,data\raw\abs_1911_census\1911 Census - Volume III - Part XII Occupations.pdf,570,321,322,29 | 28 | 30,29,3,1,1600,continues,29.—FEMALE POPULATION OF THE,,Class I.—PROFESSIONAL,False,True,True,1,,False,
1911_census_volume_iii_part_xii_occupations,1911 Census - Volume III - Part XII Occupations.pdf,data\raw\abs_1911_census\1911 Census - Volume III - Part XII Occupations.pdf,570,322,323,29 | 28 | 30,29,3,1,1601,continues,"Female Population of the State of South Australia, at the Census of 3rd April, 1911, classified according to Occupation, Grade and Age",,STATE OF SOUTH AUSTRALIA,False,False,True,1,,False,
1911_census_volume_iii_part_xii_occupations,1911 Census - Volume III - Part XII Occupations.pdf,data\raw\abs_1911_census\1911 Census - Volume III - Part XII Occupations.pdf,570,323,324,29 | 28 | 30,29,3,1,1602,continues,29.-FEMALE POPULATION OF THE,,,False,True,True,1,,False,
1911_census_volume_iii_part_xii_occupations,1911 Census - Volume III - Part XII Occupations.pdf,data\raw\abs_1911_census\1911 Census - Volume III - Part XII Occupations.pdf,570,324,325,29 | 28 | 30,29,3,1,1603,continues,"Female Population of the State of South Australia, at the Census of 3rd April, 1911, classified according to Occupation, Grade and Age",,STATE OF SOUTH AUSTRALIA—continued.,False,False,True,1,,False,
1911_census_volume_iii_part_xii_occupations,1911 Census - Volume III - Part XII Occupations.pdf,data\raw\abs_1911_census\1911 Census - Volume III - Part XII Occupations.pdf,570,325,326,29 | 28 | 30,29,3,1,1604,ends,29.—FEMALE POPULATION OF THE,,,False,True,True,1,,False,
1911_census_volume_iii_part_xii_occupations,1911 Census - Volume III - Part XII Occupations.pdf,data\raw\abs_1911_census\1911 Census - Volume III - Part XII Occupations.pdf,570,326,327,29 | 28 | 30,29,3,1,1605,ends,"Female Population of the State of South Australia, at the Census of 3rd April, 1911, classified according to Occupation, Grade and Age",,STATE OF SOUTH AUSTRALIA—continued.,False,False,True,1,,False,
1911_census_volume_iii_part_xii_occupations,1911 Census - Volume III - Part XII Occupations.pdf,data\raw\abs_1911_census\1911 Census - Volume III - Part XII Occupations.pdf,570,327,328,30 | 29 | 31,30,3,1,1606,continues,"30.—MALE POPULATION OF THE At the Census of 3rd April, 1911, Classified (Exclusive of Full-",,,False,True,True,1,,False,
1911_census_volume_iii_part_xii_occupations,1911 Census - Volume III - Part XII Occupations.pdf,data\raw\abs_1911_census\1911 Census - Volume III - Part XII Occupations.pdf,570,328,329,30 | 29 | 31,30,3,1,1607,continues,"Male Population of the State of Western Australia, at the Census of 3rd April, 1911, classified according to Occupation, Grade and Age",,,False,True,True,1,,False,
1911_census_volume_iii_part_xii_occupations,1911 Census - Volume III - Part XII Occupations.pdf,data\raw\abs_1911_census\1911 Census - Volume III - Part XII Occupations.pdf,570,329,330,30 | 29 | 31,30,3,1,1608,continues,30.—MALE POPULATION OF THE,,,False,True,True,1,,False,
1911_census_volume_iii_part_xii_occupations,1911 Census - Volume III - Part XII Occupations.pdf,data\raw\abs_1911_census\1911 Census - Volume III - Part XII Occupations.pdf,570,330,331,30 | 29 | 31,30,3,1,1609,continues,"Male Population of the State of Western Australia, at the Census of 3rd April, 1911, classified according to Occupation, Grade and Age",,STATE OF WESTERN AUSTRALIA—continued.,False,False,True,1,,False,
1911_census_volume_iii_part_xii_occupations,1911 Census - Volume III - Part XII Occupations.pdf,data\raw\abs_1911_census\1911 Census - Volume III - Part XII Occupations.pdf,570,331,332,30 | 29 | 31,30,3,1,1610,continues,30.—MALE POPULATION OF THE,,,False,True,True,1,,False,
1911_census_volume_iii_part_xii_occupations,1911 Census - Volume III - Part XII Occupations.pdf,data\raw\abs_1911_census\1911 Census - Volume III - Part XII Occupations.pdf,570,332,333,30 | 29 | 31,30,3,1,1611,continues,"Male Population of the State of Western Australia, at the Census of 3rd April, 1911, classified according to Occupation, Grade and Age",,STATE OF WESTERN AUSTRALIA—continued.,False,False,True,1,,False,
1911_census_volume_iii_part_xii_occupations,1911 Census - Volume III - Part XII Occupations.pdf,data\raw\abs_1911_census\1911 Census - Volume III - Part XII Occupations.pdf,570,333,334,30 | 29 | 31,30,3,1,1612,ends,30.—MALE POPULATION OF THE,,,False,True,True,1,,False,
1911_census_volume_iii_part_xii_occupations,1911 Census - Volume III - Part XII Occupations.pdf,data\raw\abs_1911_census\1911 Census - Volume III - Part XII Occupations.pdf,570,334,335,30 | 29 | 31,31,3,1,1613,starts,"Female Population of the State of Western Australia, at the Census of 3rd April, 1911, classified according to Occupation, Grade and Age",,STATE OF WESTERN AUSTRALIA—continued.,False,True,True,1,,False,
1911_census_volume_iii_part_xii_occupations,1911 Census - Volume III - Part XII Occupations.pdf,data\raw\abs_1911_census\1911 Census - Volume III - Part XII Occupations.pdf,570,335,336,31 | 30 | 32,31,3,1,1614,continues,"31.—FEMALE POPULATION OF THE At the Census of 3rd April, 1911, Classified",,,False,True,True,1,,False,
1911_census_volume_iii_part_xii_occupations,1911 Census - Volume III - Part XII Occupations.pdf,data\raw\abs_1911_census\1911 Census - Volume III - Part XII Occupations.pdf,570,336,337,31 | 30 | 32,31,3,1,1615,continues,"Female Population of the State of Western Australia, at the Census of 3rd April, 1911, classified according to Occupation, Grade and Age",,STATE OF WESTERN AUSTRALIA,False,True,True,1,,False,
1911_census_volume_iii_part_xii_occupations,1911 Census - Volume III - Part XII Occupations.pdf,data\raw\abs_1911_census\1911 Census - Volume III - Part XII Occupations.pdf,570,337,338,31 | 30 | 32,31,3,1,1616,continues,31.—FEMALE POPULATION OF THE,,,False,False,True,1,,False,
1911_census_volume_iii_part_xii_occupations,1911 Census - Volume III - Part XII Occupations.pdf,data\raw\abs_1911_census\1911 Census - Volume III - Part XII Occupations.pdf,570,338,339,31 | 30 | 32,31,3,1,1617,continues,"Female Population of the State of Western Australia, at the Census of 3rd April, 1911, classified according to Occupation, Grade and Age",,STATE OF WESTERN AUSTRALIA,False,True,True,1,,False,
1911_census_volume_iii_part_xii_occupations,1911 Census - Volume III - Part XII Occupations.pdf,data\raw\abs_1911_census\1911 Census - Volume III - Part XII Occupations.pdf,570,339,340,31 | 30 | 32,31,3,1,1618,ends,31.-FEMALE POPULATION OF THE,,,False,True,True,1,,False,
1911_census_volume_iii_part_xii_occupations,1911 Census - Volume III - Part XII Occupations.pdf,data\raw\abs_1911_census\1911 Census - Volume III - Part XII Occupations.pdf,570,340,341,31 | 30 | 32,31,3,1,1619,ends,"Female Population of the State of Western Australia, at the Census of 3rd April, 1911, classified according to Occupation, Grade and Age",,STATE OF WESTERN AUSTRALIA—continued.,False,False,True,1,,False,
1911_census_volume_iii_part_xii_occupations,1911 Census - Volume III - Part XII Occupations.pdf,data\raw\abs_1911_census\1911 Census - Volume III - Part XII Occupations.pdf,570,341,342,32 | 31 | 33,32,3,1,1620,continues,"32.—MALE POPULATION OF At the Census of 3rd April, 1911, Classified (Exclusive of Full-",,,False,True,True,1,,False,
1911_census_volume_iii_part_xii_occupations,1911 Census - Volume III - Part XII Occupations.pdf,data\raw\abs_1911_census\1911 Census - Volume III - Part XII Occupations.pdf,570,342,343,32 | 31 | 33,32,3,1,1621,continues,"Male Population of the State of Tasmania, at the Census of 3rd April, 1911, classified according to Occupation, Grade and Age",,THE STATE OF TASMANIA,False,False,True,1,,False,
1911_census_volume_iii_part_xii_occupations,1911 Census - Volume III - Part XII Occupations.pdf,data\raw\abs_1911_census\1911 Census - Volume III - Part XII Occupations.pdf,570,343,344,32 | 31 | 33,32,3,1,1622,continues,32.-MALE POPULATION OF THE,,Class III - continued,False,False,True,1,,False,
1911_census_volume_iii_part_xii_occupations,1911 Census - Volume III - Part XII Occupations.pdf,data\raw\abs_1911_census\1911 Census - Volume III - Part XII Occupations.pdf,570,344,345,32 | 31 | 33,32,3,1,1623,continues,"Male Population of the State of Tasmania, at the Census of 3rd April, 1911, classified according to Occupation, Grade and Age",STATE OF TASMANIA—continued.,,False,False,True,1,,False,
1911_census_volume_iii_part_xii_occupations,1911 Census - Volume III - Part XII Occupations.pdf,data\raw\abs_1911_census\1911 Census - Volume III - Part XII Occupations.pdf,570,345,346,32 | 31 | 33,32,3,1,1624,continues,32.-MALE POPULATION OF THE,,,False,True,True,1,,False,
1911_census_volume_iii_part_xii_occupations,1911 Census - Volume III - Part XII Occupations.pdf,data\raw\abs_1911_census\1911 Census - Volume III - Part XII Occupations.pdf,570,346,347,32 | 31 | 33,32,3,1,1625,continues,"Male Population of the State of Tasmania, at the Census of 3rd April, 1911, classified according to Occupation, Grade and Age",,STATE OF TASMANIA,False,False,True,1,,False,
1911_census_volume_iii_part_xii_occupations,1911 Census - Volume III - Part XII Occupations.pdf,data\raw\abs_1911_census\1911 Census - Volume III - Part XII Occupations.pdf,570,347,348,32 | 31 | 33,32,3,1,1626,ends,32.—MALE POPULATION OF THE,,,False,False,True,1,,False,
1911_census_volume_iii_part_xii_occupations,1911 Census - Volume III - Part XII Occupations.pdf,data\raw\abs_1911_census\1911 Census - Volume III - Part XII Occupations.pdf,570,348,349,32 | 31 | 33,33,3,1,1627,starts,"Female Population of the State of Tasmania, at the Census of 3rd April, 1911, classified according to Occupation, Grade and Age",,STATE OF TASMANIA,False,True,True,1,,False,
1911_census_volume_iii_part_xii_occupations,1911 Census - Volume III - Part XII Occupations.pdf,data\raw\abs_1911_census\1911 Census - Volume III - Part XII Occupations.pdf,570,349,350,33 | 32 | 34,33,3,1,1628,continues,33.—FEMALE POPULATION OF,,,False,True,True,1,,False,
1911_census_volume_iii_part_xii_occupations,1911 Census - Volume III - Part XII Occupations.pdf,data\raw\abs_1911_census\1911 Census - Volume III - Part XII Occupations.pdf,570,350,351,33 | 32 | 34,33,3,1,1629,continues,"Female Population of the State of Tasmania, at the Census of 3rd April, 1911, classified according to Occupation, Grade and Age",,,False,False,True,1,,False,
1911_census_volume_iii_part_xii_occupations,1911 Census - Volume III - Part XII Occupations.pdf,data\raw\abs_1911_census\1911 Census - Volume III - Part XII Occupations.pdf,570,351,352,33 | 32 | 34,33,3,1,1630,continues,"Female Population of the State of Tasmania, at the Census of 3rd April, 1911, classified according to Occupation, Grade and Age",,,False,True,True,1,,False,
1911_census_volume_iii_part_xii_occupations,1911 Census - Volume III - Part XII Occupations.pdf,data\raw\abs_1911_census\1911 Census - Volume III - Part XII Occupations.pdf,570,352,353,33 | 32 | 34,33,3,1,1631,continues,"Female Population of the State of Tasmania, at the Census of 3rd April, 1911, classified according to Occupation, Grade and Age",STATE OF TASMANIA—continued.,,False,False,True,1,,False,
1911_census_volume_iii_part_xii_occupations,1911 Census - Volume III - Part XII Occupations.pdf,data\raw\abs_1911_census\1911 Census - Volume III - Part XII Occupations.pdf,570,353,354,33 | 32 | 34,33,3,1,1632,ends,33.—FEMALE POPULATION OF THE,,,False,True,True,1,,False,
1911_census_volume_iii_part_xii_occupations,1911 Census - Volume III - Part XII Occupations.pdf,data\raw\abs_1911_census\1911 Census - Volume III - Part XII Occupations.pdf,570,354,355,33 | 32 | 34,33,3,1,1633,ends,"Female Population of the State of Tasmania, at the Census of 3rd April, 1911, classified according to Occupation, Grade and Age",,STATE OF TASMANIA,False,False,True,1,,False,
1911_census_volume_iii_part_xii_occupations,1911 Census - Volume III - Part XII Occupations.pdf,data\raw\abs_1911_census\1911 Census - Volume III - Part XII Occupations.pdf,570,355,356,34 | 33 | 35,34,3,1,1634,starts,"34.—MALE POPULATION OF the Northern Territory, at the Census of 3rd April, 1911, classified according to Occupation, Grade and Age",,,False,True,True,1,,False,
1911_census_volume_iii_part_xii_occupations,1911 Census - Volume III - Part XII Occupations.pdf,data\raw\abs_1911_census\1911 Census - Volume III - Part XII Occupations.pdf,570,356,357,34 | 33 | 35,34,3,1,1635,continues,"Male Population of the Northern Territory, at the Census of 3rd April, 1911, classified according to Occupation, Grade and Age",,THE NORTHERN TERRITORY,False,False,True,1,,False,
1911_census_volume_iii_part_xii_occupations,1911 Census - Volume III - Part XII Occupations.pdf,data\raw\abs_1911_census\1911 Census - Volume III - Part XII Occupations.pdf,570,357,358,34 | 33 | 35,34,3,1,1636,continues,34.—MALE POPULATION OF,,,False,True,True,1,,False,
1911_census_volume_iii_part_xii_occupations,1911 Census - Volume III - Part XII Occupations.pdf,data\raw\abs_1911_census\1911 Census - Volume III - Part XII Occupations.pdf,570,358,359,34 | 33 | 35,34,3,1,1637,continues,"Male Population of the Northern Territory, at the Census of 3rd April, 1911, classified according to Occupation, Grade and Age",THE NORTHERN TERRITORY—continued.,,False,True,True,1,,False,
1911_census_volume_iii_part_xii_occupations,1911 Census - Volume III - Part XII Occupations.pdf,data\raw\abs_1911_census\1911 Census - Volume III - Part XII Occupations.pdf,570,359,360,34 | 33 | 35,34,3,1,1638,ends,"34.-MALE POPULATION OF THE NORTHERN TERRITORY, AT THE CENSUS OF 3RD APRIL, 1911, CLASSIFIED ACCORDING TO OCCUPATION, GRADE AND AGE",,,False,False,True,1,,False,
1911_census_volume_iii_part_xii_occupations,1911 Census - Volume III - Part XII Occupations.pdf,data\raw\abs_1911_census\1911 Census - Volume III - Part XII Occupations.pdf,570,360,361,34 | 33 | 35,35,3,1,1639,starts,"Female Population of the Northern Territory, at the Census of 3rd April, 1911, classified according to Occupation, Grade and Age",THE NORTHERN TERRITORY—continued.,,False,True,True,1,,False,
1911_census_volume_iii_part_xii_occupations,1911 Census - Volume III - Part XII Occupations.pdf,data\raw\abs_1911_census\1911 Census - Volume III - Part XII Occupations.pdf,570,361,362,35 | 34 | 36,35,3,1,1640,complete_on_page,"35.—FEMALE POPULATION OF THE NORTHERN TERRITORY, AT THE CENSUS OF 3RD APRIL, 1911, CLASSIFIED ACCORDING TO OCCUPATION, GRADE AND AGE",,,False,True,True,1,,False,
1911_census_volume_iii_part_xii_occupations,1911 Census - Volume III - Part XII Occupations.pdf,data\raw\abs_1911_census\1911 Census - Volume III - Part XII Occupations.pdf,570,362,363,35 | 34 | 36,,3,0,1641,non_table,,,THE NORTHERN TERRITORY,False,False,True,0.9,"The page contains a table body, but it appears to be a continuation of a table not listed in the provided candidate list (likely a sub-table for Northern Territory Aboriginals not explicitly indexed as 34 or 35).",False,
1911_census_volume_iii_part_xii_occupations,1911 Census - Volume III - Part XII Occupations.pdf,data\raw\abs_1911_census\1911 Census - Volume III - Part XII Occupations.pdf,570,363,364,36 | 35 | 37,36,3,1,1642,continues,"36.—MALE POPULATION OF THE At the Census of 3rd April, 1911, Classified (Exclusive of Full-",,,False,True,True,1,,False,
1911_census_volume_iii_part_xii_occupations,1911 Census - Volume III - Part XII Occupations.pdf,data\raw\abs_1911_census\1911 Census - Volume III - Part XII Occupations.pdf,570,364,365,36 | 35 | 37,36,3,1,1643,continues,"Male Population of the Federal Capital Territory, at the Census of 3rd April, 1911, classified according to Occupation, Grade and Age",,FEDERAL CAPITAL TERRITORY,False,True,True,1,,False,
1911_census_volume_iii_part_xii_occupations,1911 Census - Volume III - Part XII Occupations.pdf,data\raw\abs_1911_census\1911 Census - Volume III - Part XII Occupations.pdf,570,365,366,36 | 35 | 37,36,3,1,1644,continues,36.—MALE POPULATION OF THE,,,False,True,True,1,,False,
1911_census_volume_iii_part_xii_occupations,1911 Census - Volume III - Part XII Occupations.pdf,data\raw\abs_1911_census\1911 Census - Volume III - Part XII Occupations.pdf,570,366,367,36 | 35 | 37,37,3,1,1645,starts,"Female Population of the Federal Capital Territory, at the Census of 3rd April, 1911, classified according to Occupation, Grade and Age",FEDERAL CAPITAL TERRITORY—continued.,,False,True,True,1,,False,
1911_census_volume_iii_part_xii_occupations,1911 Census - Volume III - Part XII Occupations.pdf,data\raw\abs_1911_census\1911 Census - Volume III - Part XII Occupations.pdf,570,367,368,37 | 36 | 38,37,3,1,1646,complete_on_page,"37.—FEMALE POPULATION OF THE At the Census of 3rd April, 1911, Classified (Exclusive of Full-",,,False,True,True,1,,False,
1911_census_volume_iii_part_xii_occupations,1911 Census - Volume III - Part XII Occupations.pdf,data\raw\abs_1911_census\1911 Census - Volume III - Part XII Occupations.pdf,570,368,369,37 | 36 | 38,,3,0,1647,non_table,,,FEDERAL CAPITAL TERRITORY,False,True,True,0.9,"The page content appears to be a continuation of Table 37, but the provided candidate list indicates Table 37 ends on page 368 (PDF page 369). The visual content matches the structure of Table 37, but it is not explicitly listed as a candidate for this page.",False,
1911_census_volume_iii_part_xii_occupations,1911 Census - Volume III - Part XII Occupations.pdf,data\raw\abs_1911_census\1911 Census - Volume III - Part XII Occupations.pdf,570,369,370,38 | 37 | 39,38,3,1,1648,continues,"38.—FEMALE POPULATION OF THE At the Census of 3rd April, 1911, Classified according (Exclusive of Full-",,,False,True,True,1,,False,
1911_census_volume_iii_part_xii_occupations,1911 Census - Volume III - Part XII Occupations.pdf,data\raw\abs_1911_census\1911 Census - Volume III - Part XII Occupations.pdf,570,370,371,38 | 37 | 39,38,3,1,1649,continues,"Female Population of the Commonwealth of Australia, at the Census of 3rd April, 1911, classified according to Occupation, Grade and Conjugal Condition",,,False,True,True,1,,False,
1911_census_volume_iii_part_xii_occupations,1911 Census - Volume III - Part XII Occupations.pdf,data\raw\abs_1911_census\1911 Census - Volume III - Part XII Occupations.pdf,570,371,372,38 | 37 | 39,38,3,1,1650,ends,38.—FEMALE POPULATION OF THE,,,False,True,True,1,,False,
1911_census_volume_iii_part_xii_occupations,1911 Census - Volume III - Part XII Occupations.pdf,data\raw\abs_1911_census\1911 Census - Volume III - Part XII Occupations.pdf,570,372,373,38 | 37 | 39,39,3,1,1651,starts,"Female Population of the State of New South Wales, at the Census of 3rd April, 1911, classified according to Occupation, Grade and Conjugal Condition",,COMMONWEALTH OF AUSTRALIA--continued.,False,True,True,0.9,"The page header indicates Commonwealth of Australia, but the table content matches the start of Table 39 (New South Wales) based on the provided candidate list and document structure.",False,
1911_census_volume_iii_part_xii_occupations,1911 Census - Volume III - Part XII Occupations.pdf,data\raw\abs_1911_census\1911 Census - Volume III - Part XII Occupations.pdf,570,373,374,39 | 38 | 40,39,3,1,1652,continues,"39.—FEMALE POPULATION OF THE At the Census of 3rd April, 1911, Classified according to (Exclusive of Full-",,,False,True,True,1,,False,
1911_census_volume_iii_part_xii_occupations,1911 Census - Volume III - Part XII Occupations.pdf,data\raw\abs_1911_census\1911 Census - Volume III - Part XII Occupations.pdf,570,374,375,39 | 38 | 40,39,3,1,1653,continues,"Female Population of the State of New South Wales, at the Census of 3rd April, 1911, classified according to Occupation, Grade and Conjugal Condition",,STATE OF NEW SOUTH WALES,False,False,True,1,,False,
1911_census_volume_iii_part_xii_occupations,1911 Census - Volume III - Part XII Occupations.pdf,data\raw\abs_1911_census\1911 Census - Volume III - Part XII Occupations.pdf,570,375,376,39 | 38 | 40,39,3,1,1654,ends,39.—FEMALE POPULATION OF THE,,,False,True,True,1,,False,
1911_census_volume_iii_part_xii_occupations,1911 Census - Volume III - Part XII Occupations.pdf,data\raw\abs_1911_census\1911 Census - Volume III - Part XII Occupations.pdf,570,376,377,39 | 38 | 40,39,3,1,1655,ends,"Female Population of the State of New South Wales, at the Census of 3rd April, 1911, classified according to Occupation, Grade and Conjugal Condition",STATE OF NEW SOUTH WALES—continued.,,False,False,True,1,,False,
1911_census_volume_iii_part_xii_occupations,1911 Census - Volume III - Part XII Occupations.pdf,data\raw\abs_1911_census\1911 Census - Volume III - Part XII Occupations.pdf,570,377,378,40 | 39 | 41,40,3,1,1656,continues,"40.—FEMALE POPULATION OF THE STATE OF VICTORIA, AT THE CENSUS OF 3RD APRIL, 1911, CLASSIFIED ACCORDING TO OCCUPATION, GRADE AND CONJUGAL CONDITION",,,False,True,True,1,,False,
1911_census_volume_iii_part_xii_occupations,1911 Census - Volume III - Part XII Occupations.pdf,data\raw\abs_1911_census\1911 Census - Volume III - Part XII Occupations.pdf,570,378,379,40 | 39 | 41,40,3,1,1657,continues,"Female Population of the State of Victoria, at the Census of 3rd April, 1911, classified according to Occupation, Grade and Conjugal Condition",,THE STATE OF VICTORIA,False,True,True,1,,False,
1911_census_volume_iii_part_xii_occupations,1911 Census - Volume III - Part XII Occupations.pdf,data\raw\abs_1911_census\1911 Census - Volume III - Part XII Occupations.pdf,570,379,380,40 | 39 | 41,40,3,1,1658,ends,40.—FEMALE POPULATION OF THE,,,False,True,True,1,,False,
1911_census_volume_iii_part_xii_occupations,1911 Census - Volume III - Part XII Occupations.pdf,data\raw\abs_1911_census\1911 Census - Volume III - Part XII Occupations.pdf,570,380,381,40 | 39 | 41,40,3,1,1659,ends,"Female Population of the State of Victoria, at the Census of 3rd April, 1911, classified according to Occupation, Grade and Conjugal Condition",,STATE OF VICTORIA—continued.,False,False,True,1,,False,
1911_census_volume_iii_part_xii_occupations,1911 Census - Volume III - Part XII Occupations.pdf,data\raw\abs_1911_census\1911 Census - Volume III - Part XII Occupations.pdf,570,381,382,41 | 40 | 42,41,3,1,1660,continues,"41.—FEMALE POPULATION OF At the Census of 3rd April, 1911, Classified according (Exclusive of Full-",,,False,True,True,1,,False,
1911_census_volume_iii_part_xii_occupations,1911 Census - Volume III - Part XII Occupations.pdf,data\raw\abs_1911_census\1911 Census - Volume III - Part XII Occupations.pdf,570,382,383,41 | 40 | 42,41,3,1,1661,continues,"Female Population of the State of Queensland, at the Census of 3rd April, 1911, classified according to Occupation, Grade and Conjugal Condition",,,False,True,True,1,,False,
1911_census_volume_iii_part_xii_occupations,1911 Census - Volume III - Part XII Occupations.pdf,data\raw\abs_1911_census\1911 Census - Volume III - Part XII Occupations.pdf,570,383,384,41 | 40 | 42,41,3,1,1662,ends,41.—FEMALE POPULATION OF THE,,,False,True,True,1,,False,
1911_census_volume_iii_part_xii_occupations,1911 Census - Volume III - Part XII Occupations.pdf,data\raw\abs_1911_census\1911 Census - Volume III - Part XII Occupations.pdf,570,384,385,41 | 40 | 42,41,3,1,1663,ends,"Female Population of the State of Queensland, at the Census of 3rd April, 1911, classified according to Occupation, Grade and Conjugal Condition",,STATE OF QUEENSLAND—continued.,False,False,True,1,,False,
1911_census_volume_iii_part_xii_occupations,1911 Census - Volume III - Part XII Occupations.pdf,data\raw\abs_1911_census\1911 Census - Volume III - Part XII Occupations.pdf,570,385,386,42 | 41 | 43,42,3,1,664,continues,"42.—FEMALE POPULATION OF THE At the Census of 3rd April, 1911, Classified according (Exclusive of Full-",,,False,True,True,1,,False,
1911_census_volume_iii_part_xii_occupations,1911 Census - Volume III - Part XII Occupations.pdf,data\raw\abs_1911_census\1911 Census - Volume III - Part XII Occupations.pdf,570,386,387,42 | 41 | 43,42,3,1,1665,continues,"Female Population of the State of South Australia, at the Census of 3rd April, 1911, classified according to Occupation, Grade and Conjugal Condition",,STATE OF SOUTH AUSTRALIA,False,False,True,1,,False,
1911_census_volume_iii_part_xii_occupations,1911 Census - Volume III - Part XII Occupations.pdf,data\raw\abs_1911_census\1911 Census - Volume III - Part XII Occupations.pdf,570,387,388,42 | 41 | 43,42,3,1,1666,ends,42.—FEMALE POPULATION OF THE,,,False,True,True,1,,False,
1911_census_volume_iii_part_xii_occupations,1911 Census - Volume III - Part XII Occupations.pdf,data\raw\abs_1911_census\1911 Census - Volume III - Part XII Occupations.pdf,570,388,389,42 | 41 | 43,42,3,1,1667,ends,"Female Population of the State of South Australia, at the Census of 3rd April, 1911, classified according to Occupation, Grade and Conjugal Condition",,STATE OF SOUTH AUSTRALIA—continued.,False,False,True,1,,False,
1911_census_volume_iii_part_xii_occupations,1911 Census - Volume III - Part XII Occupations.pdf,data\raw\abs_1911_census\1911 Census - Volume III - Part XII Occupations.pdf,570,389,390,43 | 42 | 44,43,3,1,1668,starts,"43.—FEMALE POPULATION OF THE At the Census of 3rd April, 1911, Classified according (Exclusive of Full-",,,False,True,True,1,,False,
1911_census_volume_iii_part_xii_occupations,1911 Census - Volume III - Part XII Occupations.pdf,data\raw\abs_1911_census\1911 Census - Volume III - Part XII Occupations.pdf,570,390,391,43 | 42 | 44,43,3,1,1669,continues,"Female Population of the State of Western Australia, at the Census of 3rd April, 1911, classified according to Occupation, Grade and Conjugal Condition",,STATE OF WESTERN AUSTRALIA,False,False,True,1,,False,
1911_census_volume_iii_part_xii_occupations,1911 Census - Volume III - Part XII Occupations.pdf,data\raw\abs_1911_census\1911 Census - Volume III - Part XII Occupations.pdf,570,391,392,43 | 42 | 44,43,3,1,1670,ends,43.—FEMALE POPULATION OF THE,,,False,True,True,1,,False,
1911_census_volume_iii_part_xii_occupations,1911 Census - Volume III - Part XII Occupations.pdf,data\raw\abs_1911_census\1911 Census - Volume III - Part XII Occupations.pdf,570,392,393,43 | 42 | 44,43,3,1,1671,ends,"Female Population of the State of Western Australia, at the Census of 3rd April, 1911, classified according to Occupation, Grade and Conjugal Condition",,STATE OF WESTERN AUSTRALIA,False,False,True,1,,False,
1911_census_volume_iii_part_xii_occupations,1911 Census - Volume III - Part XII Occupations.pdf,data\raw\abs_1911_census\1911 Census - Volume III - Part XII Occupations.pdf,570,393,394,44 | 43 | 45,44,3,1,1672,starts,"44.—FEMALE POPULATION OF At the Census of 3rd April, 1911, Classified according to Occupation, Grade and Conjugal Condition",,,False,True,True,1,,False,
1911_census_volume_iii_part_xii_occupations,1911 Census - Volume III - Part XII Occupations.pdf,data\raw\abs_1911_census\1911 Census - Volume III - Part XII Occupations.pdf,570,394,395,44 | 43 | 45,44,3,1,1673,continues,"Female Population of the State of Tasmania, at the Census of 3rd April, 1911, classified according to Occupation, Grade and Conjugal Condition",,THE STATE OF TASMANIA,False,False,True,1,,False,
1911_census_volume_iii_part_xii_occupations,1911 Census - Volume III - Part XII Occupations.pdf,data\raw\abs_1911_census\1911 Census - Volume III - Part XII Occupations.pdf,570,395,396,44 | 43 | 45,44,3,1,1674,ends,44.—FEMALE POPULATION OF THE,,,False,True,True,1,,False,
1911_census_volume_iii_part_xii_occupations,1911 Census - Volume III - Part XII Occupations.pdf,data\raw\abs_1911_census\1911 Census - Volume III - Part XII Occupations.pdf,570,396,397,44 | 43 | 45,44,3,1,1675,ends,"Female Population of the State of Tasmania, at the Census of 3rd April, 1911, classified according to Occupation, Grade and Conjugal Condition",STATE OF TASMANIA—continued.,,False,False,True,1,,False,
1911_census_volume_iii_part_xii_occupations,1911 Census - Volume III - Part XII Occupations.pdf,data\raw\abs_1911_census\1911 Census - Volume III - Part XII Occupations.pdf,570,397,398,45 | 44 | 46,45,3,1,1676,ends,"45.—FEMALE POPULATION OF At the Census of 3rd April, 1911, Classified according (Exclusive of Full-",,,False,True,True,1,,False,
1911_census_volume_iii_part_xii_occupations,1911 Census - Volume III - Part XII Occupations.pdf,data\raw\abs_1911_census\1911 Census - Volume III - Part XII Occupations.pdf,570,398,399,45 | 44 | 46,46,3,1,1677,starts,"Female Population of the Federal Capital Territory, at the Census of 3rd April, 1911, classified according to Occupation, Grade and Conjugal Condition",,THE FEDERAL CAPITAL TERRITORY,False,True,True,0.9,"The page header text 'THE NORTHERN TERRITORY' appears to be a carry-over or misprint from the previous table (Table 45), while the content structure matches the start of Table 46 for the Federal Capital Territory.",False,
1911_census_volume_iii_part_xii_occupations,1911 Census - Volume III - Part XII Occupations.pdf,data\raw\abs_1911_census\1911 Census - Volume III - Part XII Occupations.pdf,570,399,400,46 | 45 | 47,46,3,1,1678,ends,"46. FEMALE POPULATION OF THE FEDERAL CAPITAL TERRITORY, AT THE CENSUS OF 3RD APRIL, 1911, CLASSIFIED ACCORDING TO OCCUPATION, GRADE AND CONJUGAL CONDITION",,,False,True,True,1,,False,
1911_census_volume_iii_part_xii_occupations,1911 Census - Volume III - Part XII Occupations.pdf,data\raw\abs_1911_census\1911 Census - Volume III - Part XII Occupations.pdf,570,400,401,46 | 45 | 47,46,3,1,1679,ends,"Female Population of the Federal Capital Territory, at the Census of 3rd April, 1911, classified according to Occupation, Grade and Conjugal Condition",,FEDERAL CAPITAL TERRITORY,False,False,True,1,,False,
1911_census_volume_iii_part_xii_occupations,1911 Census - Volume III - Part XII Occupations.pdf,data\raw\abs_1911_census\1911 Census - Volume III - Part XII Occupations.pdf,570,401,402,47 | 46 | 48,47,3,1,1680,continues,"47. MALE POPULATION OF At the Census of 3rd April, 1911, Classified (Exclusive of Full-",,,False,True,True,1,,False,
1911_census_volume_iii_part_xii_occupations,1911 Census - Volume III - Part XII Occupations.pdf,data\raw\abs_1911_census\1911 Census - Volume III - Part XII Occupations.pdf,570,402,403,47 | 46 | 48,48,3,1,1681,starts,"Female Population of Sydney and Suburbs, at the Census of 3rd April, 1911, classified according to Occupation and Age",,,False,True,True,1,,False,
1911_census_volume_iii_part_xii_occupations,1911 Census - Volume III - Part XII Occupations.pdf,data\raw\abs_1911_census\1911 Census - Volume III - Part XII Occupations.pdf,570,403,404,48 | 47 | 49,48,3,1,1682,ends,"48.—FEMALE POPULATION OF At the Census of 3rd April, 1911, Classified (Exclusive of Full-",,,False,True,True,1,,False,
1911_census_volume_iii_part_xii_occupations,1911 Census - Volume III - Part XII Occupations.pdf,data\raw\abs_1911_census\1911 Census - Volume III - Part XII Occupations.pdf,570,404,405,48 | 47 | 49,48,3,1,1683,ends,"Female Population of Sydney and Suburbs, at the Census of 3rd April, 1911, classified according to Occupation and Age",,SYDNEY AND SUBURBS,False,False,True,1,,False,
1911_census_volume_iii_part_xii_occupations,1911 Census - Volume III - Part XII Occupations.pdf,data\raw\abs_1911_census\1911 Census - Volume III - Part XII Occupations.pdf,570,405,406,49 | 48 | 50,49,3,1,1684,ends,"49.—POPULATION OF SYDNEY AND SUBURBS, AT THE CENSUS OF 3RD APRIL, 1911, CLASSIFIED ACCORDING TO OCCUPATION AND GRADE",,,False,True,True,1,,False,
1911_census_volume_iii_part_xii_occupations,1911 Census - Volume III - Part XII Occupations.pdf,data\raw\abs_1911_census\1911 Census - Volume III - Part XII Occupations.pdf,570,406,407,49 | 48 | 50,49,3,1,1685,ends,"Population of Sydney and Suburbs, at the Census of 3rd April, 1911, classified according to Occupation and Grade",,,False,False,True,1,,False,
1911_census_volume_iii_part_xii_occupations,1911 Census - Volume III - Part XII Occupations.pdf,data\raw\abs_1911_census\1911 Census - Volume III - Part XII Occupations.pdf,570,407,408,50 | 49 | 51,50,3,1,1686,ends,"50.—MALE POPULATION OF At the Census of 3rd April, 1911, Classified (Exclusive of Full-",,,False,True,True,1,,False,
1911_census_volume_iii_part_xii_occupations,1911 Census - Volume III - Part XII Occupations.pdf,data\raw\abs_1911_census\1911 Census - Volume III - Part XII Occupations.pdf,570,408,409,50 | 49 | 51,51,3,1,1687,starts,"Female Population of Melbourne and Suburbs, at the Census of 3rd April, 1911, classified according to Occupation and Age",,,False,True,True,1,,False,
1911_census_volume_iii_part_xii_occupations,1911 Census - Volume III - Part XII Occupations.pdf,data\raw\abs_1911_census\1911 Census - Volume III - Part XII Occupations.pdf,570,409,410,51 | 50 | 52,51,3,1,1688,ends,"51.—FEMALE POPULATION OF At the Census of 3rd April, 1911, Classified (Exclusive of Full-",,,False,True,True,1,,False,
1911_census_volume_iii_part_xii_occupations,1911 Census - Volume III - Part XII Occupations.pdf,data\raw\abs_1911_census\1911 Census - Volume III - Part XII Occupations.pdf,570,410,411,51 | 50 | 52,,3,0,1689,non_table,,,MELBOURNE AND SUBURBS according to Occupation and Age (excluding full-blooded Aboriginals).,False,False,True,0.9,"The page contains a table, but it does not match the provided candidate table numbers (50, 51, 52). The table on this page appears to be a continuation of a table for Melbourne and Suburbs excluding full-blooded Aboriginals, which is not listed in the candidates.",False,
1911_census_volume_iii_part_xii_occupations,1911 Census - Volume III - Part XII Occupations.pdf,data\raw\abs_1911_census\1911 Census - Volume III - Part XII Occupations.pdf,570,411,412,52 | 51 | 53,52,3,1,1690,ends,"52.—POPULATION of Melbourne and Suburbs, at the Census of 3rd April, 1911, classified according to Occupation and Grade",,,False,True,True,1,,False,
1911_census_volume_iii_part_xii_occupations,1911 Census - Volume III - Part XII Occupations.pdf,data\raw\abs_1911_census\1911 Census - Volume III - Part XII Occupations.pdf,570,412,413,52 | 51 | 53,52,3,1,1691,ends,"Population of Melbourne and Suburbs, at the Census of 3rd April, 1911, classified according to Occupation and Grade",,,False,False,True,1,,False,
1911_census_volume_iii_part_xii_occupations,1911 Census - Volume III - Part XII Occupations.pdf,data\raw\abs_1911_census\1911 Census - Volume III - Part XII Occupations.pdf,570,413,414,53 | 52 | 54,53,3,1,1692,continues,"53. MALE POPULATION OF At the Census of 3rd April, 1911, Classified (Exclusive of Full-",,,False,True,True,1,,False,
1911_census_volume_iii_part_xii_occupations,1911 Census - Volume III - Part XII Occupations.pdf,data\raw\abs_1911_census\1911 Census - Volume III - Part XII Occupations.pdf,570,414,415,53 | 52 | 54,54,3,1,1693,starts,"Female Population of Brisbane and Suburbs, at the Census of 3rd April, 1911, classified according to Occupation and Age",,,False,True,True,1,,False,
1911_census_volume_iii_part_xii_occupations,1911 Census - Volume III - Part XII Occupations.pdf,data\raw\abs_1911_census\1911 Census - Volume III - Part XII Occupations.pdf,570,415,416,54 | 53 | 55,54,3,1,1694,ends,"54. FEMALE POPULATION OF Brisbane and Suburbs, at the Census of 3rd April, 1911, classified according to Occupation and Age",,,False,True,True,1,,False,
1911_census_volume_iii_part_xii_occupations,1911 Census - Volume III - Part XII Occupations.pdf,data\raw\abs_1911_census\1911 Census - Volume III - Part XII Occupations.pdf,570,416,417,54 | 53 | 55,55,3,1,1695,starts,"Population of Brisbane and Suburbs, at the Census of 3rd April, 1911, classified according to Occupation and Grade",,BRISBANE AND SUBURBS according to Occupation and Age,False,True,True,0.9,"The page header text 'BRISBANE AND SUBURBS according to Occupation and Age' appears to be a continuation or specific subset of the previous tables, but the table structure matches the start of Table 55.",False,
1911_census_volume_iii_part_xii_occupations,1911 Census - Volume III - Part XII Occupations.pdf,data\raw\abs_1911_census\1911 Census - Volume III - Part XII Occupations.pdf,570,417,418,55 | 54 | 56,55,3,1,1696,continues,"55. Population of Brisbane and Suburbs, at the Census of 3rd April, 1911, classified according to Occupation and Grade",,MALES,False,True,True,1,,False,
1911_census_volume_iii_part_xii_occupations,1911 Census - Volume III - Part XII Occupations.pdf,data\raw\abs_1911_census\1911 Census - Volume III - Part XII Occupations.pdf,570,418,419,55 | 54 | 56,55,3,1,1697,ends,"Population of Brisbane and Suburbs, at the Census of 3rd April, 1911, classified according to Occupation and Grade",,FEMALES,False,False,True,1,,False,
1911_census_volume_iii_part_xii_occupations,1911 Census - Volume III - Part XII Occupations.pdf,data\raw\abs_1911_census\1911 Census - Volume III - Part XII Occupations.pdf,570,419,420,56 | 55 | 57,56,3,1,1698,continues,"56. MALE POPULATION OF At the Census of 3rd April, 1911, Classified (Exclusive of Full-",,,False,True,True,1,,False,
1911_census_volume_iii_part_xii_occupations,1911 Census - Volume III - Part XII Occupations.pdf,data\raw\abs_1911_census\1911 Census - Volume III - Part XII Occupations.pdf,570,420,421,56 | 55 | 57,57,3,1,1699,starts,"Female Population of Adelaide and Suburbs, at the Census of 3rd April, 1911, classified according to Occupation and Age",,,False,True,True,1,,False,
1911_census_volume_iii_part_xii_occupations,1911 Census - Volume III - Part XII Occupations.pdf,data\raw\abs_1911_census\1911 Census - Volume III - Part XII Occupations.pdf,570,421,422,57 | 56 | 58,57,3,1,1760,complete_on_page,"57.—FEMALE POPULATION OF At the Census of 3rd April, 1911, Classified (Exclusive of Full-",,,False,True,True,1,,False,
1911_census_volume_iii_part_xii_occupations,1911 Census - Volume III - Part XII Occupations.pdf,data\raw\abs_1911_census\1911 Census - Volume III - Part XII Occupations.pdf,570,422,423,57 | 56 | 58,,3,0,1701,non_table,,,,False,False,True,0.9,"The page contains a table, but it appears to be a continuation of a table not listed in the candidate list (likely related to the previous page's content, possibly Table 57 or a similar demographic breakdown for Adelaide). The provided candidate tables do not match the content shown.",False,
1911_census_volume_iii_part_xii_occupations,1911 Census - Volume III - Part XII Occupations.pdf,data\raw\abs_1911_census\1911 Census - Volume III - Part XII Occupations.pdf,570,423,424,58 | 57 | 59,58,3,1,1702,ends,"58.—POPULATION OF Adelaide and Suburbs, at the Census of 3rd April, 1911, classified according to Occupation and Grade",,,False,True,True,1,,False,
1911_census_volume_iii_part_xii_occupations,1911 Census - Volume III - Part XII Occupations.pdf,data\raw\abs_1911_census\1911 Census - Volume III - Part XII Occupations.pdf,570,424,425,58 | 57 | 59,58,3,1,1703,ends,"Population of Adelaide and Suburbs, at the Census of 3rd April, 1911, classified according to Occupation and Grade",,ADELAIDE AND SUBURBS,False,True,True,1,,False,
1911_census_volume_iii_part_xii_occupations,1911 Census - Volume III - Part XII Occupations.pdf,data\raw\abs_1911_census\1911 Census - Volume III - Part XII Occupations.pdf,570,425,426,59 | 58 | 60,59,3,1,1704,continues,"59. MALE POPULATION OF At the Census of 3rd April, 1911, Classified (Exclusive of Full-",,,False,True,True,1,,False,
1911_census_volume_iii_part_xii_occupations,1911 Census - Volume III - Part XII Occupations.pdf,data\raw\abs_1911_census\1911 Census - Volume III - Part XII Occupations.pdf,570,426,427,59 | 58 | 60,60,3,1,1705,starts,"Female Population of Perth and Suburbs, at the Census of 3rd April, 1911, classified according to Occupation and Age",,,False,True,True,1,,False,
1911_census_volume_iii_part_xii_occupations,1911 Census - Volume III - Part XII Occupations.pdf,data\raw\abs_1911_census\1911 Census - Volume III - Part XII Occupations.pdf,570,427,428,60 | 59 | 61,60,3,1,1706,complete_on_page,"60. FEMALE POPULATION OF At the Census of 3rd April, 1911, Classified (Exclusive of Full-",,,False,True,True,1,,False,
1911_census_volume_iii_part_xii_occupations,1911 Census - Volume III - Part XII Occupations.pdf,data\raw\abs_1911_census\1911 Census - Volume III - Part XII Occupations.pdf,570,428,429,60 | 59 | 61,,3,0,1707,non_table,"PERTH AND SUBURBS, according to Occupation and Age blooded Aboriginals",,,False,True,True,0.9,"The page contains a table for 'blooded Aboriginals' in Perth and Suburbs, which does not match any of the provided candidate table numbers (59, 60, 61).",False,
1911_census_volume_iii_part_xii_occupations,1911 Census - Volume III - Part XII Occupations.pdf,data\raw\abs_1911_census\1911 Census - Volume III - Part XII Occupations.pdf,570,429,430,61 | 60 | 62,61,3,1,1708,complete_on_page,"61.—POPULATION OF Perth and Suburbs at the Census of 3rd April, 1911, classified according to Occupation and Grade",,,False,True,True,1,,False,
1911_census_volume_iii_part_xii_occupations,1911 Census - Volume III - Part XII Occupations.pdf,data\raw\abs_1911_census\1911 Census - Volume III - Part XII Occupations.pdf,570,430,431,61 | 60 | 62,,3,0,1709,non_table,,,PERTH AND SUBURBS,False,True,True,0.9,"The page contains a table for Perth and Suburbs, but it does not match the provided candidate table numbers (60, 61, 62) which are for different specific classifications or geographies.",False,
1911_census_volume_iii_part_xii_occupations,1911 Census - Volume III - Part XII Occupations.pdf,data\raw\abs_1911_census\1911 Census - Volume III - Part XII Occupations.pdf,570,431,432,62 | 61 | 63,62,3,1,1710,starts,"62. MALE POPULATION OF At the Census of 3rd April, 1911, Classified (Exclusive of Full-",,,False,True,True,1,,False,
1911_census_volume_iii_part_xii_occupations,1911 Census - Volume III - Part XII Occupations.pdf,data\raw\abs_1911_census\1911 Census - Volume III - Part XII Occupations.pdf,570,432,433,62 | 61 | 63,63,3,1,1711,starts,"Female Population of Hobart and Suburbs, at the Census of 3rd April, 1911, classified according to Occupation and Age",,,False,True,True,1,,False,
1911_census_volume_iii_part_xii_occupations,1911 Census - Volume III - Part XII Occupations.pdf,data\raw\abs_1911_census\1911 Census - Volume III - Part XII Occupations.pdf,570,433,434,63 | 62 | 64,63,3,1,1712,continues,"63.—FEMALE POPULATION OF At the Census of 3rd April, 1911, Classified (Exclusive of Full-",,,False,True,True,1,,False,
1911_census_volume_iii_part_xii_occupations,1911 Census - Volume III - Part XII Occupations.pdf,data\raw\abs_1911_census\1911 Census - Volume III - Part XII Occupations.pdf,570,434,435,63 | 62 | 64,,3,0,1713,non_table,,,HOBART AND SUBURBS according to Occupation and Age (excluding full-blooded Aboriginals),False,False,True,0.9,"The page contains a table, but it is not one of the candidate tables provided (62, 63, 64). The table on this page appears to be a continuation of a table for Hobart and Suburbs excluding full-blooded Aboriginals, which does not match the provided candidate list.",False,
1911_census_volume_iii_part_xii_occupations,1911 Census - Volume III - Part XII Occupations.pdf,data\raw\abs_1911_census\1911 Census - Volume III - Part XII Occupations.pdf,570,435,436,64 | 63 | 65,64,3,1,1714,complete_on_page,"64. - POPULATION OF Hobart and Suburbs, at the Census of 3rd April, 1911, classified according to Occupation and Grade",,MALES,False,True,True,1,,False,
1911_census_volume_iii_part_xii_occupations,1911 Census - Volume III - Part XII Occupations.pdf,data\raw\abs_1911_census\1911 Census - Volume III - Part XII Occupations.pdf,570,436,437,64 | 63 | 65,,3,0,1715,non_table,,,,False,False,True,0.9,"The page contains a table body, but it appears to be a continuation of Table 64 (Hobart and Suburbs) which was listed as ending on page 436. The content on this page is for Hobart and Suburbs, Females, classified by Occupation and Grade, which is not explicitly listed as a candidate table for this page.",False,
1911_census_volume_iii_part_xii_occupations,1911 Census - Volume III - Part XII Occupations.pdf,data\raw\abs_1911_census\1911 Census - Volume III - Part XII Occupations.pdf,570,437,438,65 | 64 | 66,65,3,1,1716,continues,"65.—POPULATION OF COUNTIES IN THE At the Census of 3rd April, 1911, Classified (Exclusive of Full-",,,False,True,True,1,,False,
1911_census_volume_iii_part_xii_occupations,1911 Census - Volume III - Part XII Occupations.pdf,data\raw\abs_1911_census\1911 Census - Volume III - Part XII Occupations.pdf,570,438,439,65 | 64 | 66,65,3,1,1717,continues,"Population of Counties in the State of New South Wales, at the Census of 3rd April, 1911, classified according to Occupation and Sex",,STATE OF NEW SOUTH WALES according to Occupation and Sex,False,True,True,1,,False,
1911_census_volume_iii_part_xii_occupations,1911 Census - Volume III - Part XII Occupations.pdf,data\raw\abs_1911_census\1911 Census - Volume III - Part XII Occupations.pdf,570,439,440,65 | 64 | 66,65,3,1,1718,continues,65.—POPULATION OF COUNTIES IN THE,,,False,True,True,1,,False,
1911_census_volume_iii_part_xii_occupations,1911 Census - Volume III - Part XII Occupations.pdf,data\raw\abs_1911_census\1911 Census - Volume III - Part XII Occupations.pdf,570,440,441,65 | 64 | 66,65,3,1,1719,continues,"Population of Counties in the State of New South Wales, at the Census of 3rd April, 1911, classified according to Occupation and Sex",STATE OF NEW SOUTH WALES—continued.,,False,False,True,1,,False,
1911_census_volume_iii_part_xii_occupations,1911 Census - Volume III - Part XII Occupations.pdf,data\raw\abs_1911_census\1911 Census - Volume III - Part XII Occupations.pdf,570,441,442,65 | 64 | 66,65,3,1,1720,continues,65-POPULATION OF COUNTIES IN THE,,,False,True,True,1,,False,
1911_census_volume_iii_part_xii_occupations,1911 Census - Volume III - Part XII Occupations.pdf,data\raw\abs_1911_census\1911 Census - Volume III - Part XII Occupations.pdf,570,442,443,65 | 64 | 66,65,3,1,1721,continues,"Population of Counties in the State of New South Wales, at the Census of 3rd April, 1911, classified according to Occupation and Sex",STATE OF NEW SOUTH WALES—continued.,,False,False,True,1,,False,
1911_census_volume_iii_part_xii_occupations,1911 Census - Volume III - Part XII Occupations.pdf,data\raw\abs_1911_census\1911 Census - Volume III - Part XII Occupations.pdf,570,443,444,65 | 64 | 66,65,3,1,1722,continues,65.—POPULATION OF COUNTIES IN THE,,,False,True,True,1,,False,
1911_census_volume_iii_part_xii_occupations,1911 Census - Volume III - Part XII Occupations.pdf,data\raw\abs_1911_census\1911 Census - Volume III - Part XII Occupations.pdf,570,444,445,65 | 64 | 66,65,3,1,1723,continues,"Population of Counties in the State of New South Wales, at the Census of 3rd April, 1911, classified according to Occupation and Sex",STATE OF NEW SOUTH WALES—continued.,,False,False,True,1,,False,
1911_census_volume_iii_part_xii_occupations,1911 Census - Volume III - Part XII Occupations.pdf,data\raw\abs_1911_census\1911 Census - Volume III - Part XII Occupations.pdf,570,445,446,65 | 64 | 66,65,3,1,1724,continues,65—POPULATION OF COUNTIES IN THE,,,False,True,True,1,,False,
1911_census_volume_iii_part_xii_occupations,1911 Census - Volume III - Part XII Occupations.pdf,data\raw\abs_1911_census\1911 Census - Volume III - Part XII Occupations.pdf,570,446,447,65 | 64 | 66,65,3,1,1725,continues,"Population of Counties in the State of New South Wales, at the Census of 3rd April, 1911, classified according to Occupation and Sex",STATE OF NEW SOUTH WALES—continued.,,False,True,True,1,,False,
1911_census_volume_iii_part_xii_occupations,1911 Census - Volume III - Part XII Occupations.pdf,data\raw\abs_1911_census\1911 Census - Volume III - Part XII Occupations.pdf,570,447,448,65 | 64 | 66,65,3,1,1726,continues,65.—POPULATION OF COUNTIES IN THE,,,False,True,True,1,,False,
1911_census_volume_iii_part_xii_occupations,1911 Census - Volume III - Part XII Occupations.pdf,data\raw\abs_1911_census\1911 Census - Volume III - Part XII Occupations.pdf,570,448,449,65 | 64 | 66,65,3,1,1727,continues,"Population of Counties in the State of New South Wales, at the Census of 3rd April, 1911, classified according to Occupation and Sex",STATE OF NEW SOUTH WALES—continued.,,False,False,True,1,,False,
1911_census_volume_iii_part_xii_occupations,1911 Census - Volume III - Part XII Occupations.pdf,data\raw\abs_1911_census\1911 Census - Volume III - Part XII Occupations.pdf,570,449,450,65 | 64 | 66,65,3,1,1728,continues,65-POPULATION OF COUNTIES IN THE,,,False,True,True,1,,False,
1911_census_volume_iii_part_xii_occupations,1911 Census - Volume III - Part XII Occupations.pdf,data\raw\abs_1911_census\1911 Census - Volume III - Part XII Occupations.pdf,570,450,451,65 | 64 | 66,65,3,1,1729,continues,"Population of Counties in the State of New South Wales, at the Census of 3rd April, 1911, classified according to Occupation and Sex",STATE OF NEW SOUTH WALES—continued.,,False,False,True,1,,False,
1911_census_volume_iii_part_xii_occupations,1911 Census - Volume III - Part XII Occupations.pdf,data\raw\abs_1911_census\1911 Census - Volume III - Part XII Occupations.pdf,570,451,452,65 | 64 | 66,65,3,1,1730,continues,65.—POPULATION OF COUNTIES IN THE,,,False,True,True,1,,False,
1911_census_volume_iii_part_xii_occupations,1911 Census - Volume III - Part XII Occupations.pdf,data\raw\abs_1911_census\1911 Census - Volume III - Part XII Occupations.pdf,570,452,453,65 | 64 | 66,65,3,1,1731,continues,"Population of Counties in the State of New South Wales, at the Census of 3rd April, 1911, classified according to Occupation and Sex",,STATE OF NEW SOUTH WALES—continued.,False,False,True,1,,False,
1911_census_volume_iii_part_xii_occupations,1911 Census - Volume III - Part XII Occupations.pdf,data\raw\abs_1911_census\1911 Census - Volume III - Part XII Occupations.pdf,570,453,454,65 | 64 | 66,65,3,1,1732,continues,65-POPULATION OF COUNTIES IN THE,,,False,True,True,1,,False,
1911_census_volume_iii_part_xii_occupations,1911 Census - Volume III - Part XII Occupations.pdf,data\raw\abs_1911_census\1911 Census - Volume III - Part XII Occupations.pdf,570,454,455,65 | 64 | 66,65,3,1,1733,continues,"Population of Counties in the State of New South Wales, at the Census of 3rd April, 1911, classified according to Occupation and Sex",STATE OF NEW SOUTH WALES—continued.,,False,True,True,1,,False,
1911_census_volume_iii_part_xii_occupations,1911 Census - Volume III - Part XII Occupations.pdf,data\raw\abs_1911_census\1911 Census - Volume III - Part XII Occupations.pdf,570,455,456,65 | 64 | 66,65,3,1,1734,continues,65.—POPULATION OF COUNTIES IN THE,,,False,True,True,1,,False,
1911_census_volume_iii_part_xii_occupations,1911 Census - Volume III - Part XII Occupations.pdf,data\raw\abs_1911_census\1911 Census - Volume III - Part XII Occupations.pdf,570,456,457,65 | 64 | 66,65,3,1,1735,continues,"Population of Counties in the State of New South Wales, at the Census of 3rd April, 1911, classified according to Occupation and Sex",STATE OF NEW SOUTH WALES—continued.,,False,False,True,1,,False,
1911_census_volume_iii_part_xii_occupations,1911 Census - Volume III - Part XII Occupations.pdf,data\raw\abs_1911_census\1911 Census - Volume III - Part XII Occupations.pdf,570,457,458,65 | 64 | 66,65,3,1,1736,continues,"Population of Counties in the State of New South Wales, at the Census of 3rd April, 1911, classified according to Occupation and Sex",,,False,True,True,1,,False,
1911_census_volume_iii_part_xii_occupations,1911 Census - Volume III - Part XII Occupations.pdf,data\raw\abs_1911_census\1911 Census - Volume III - Part XII Occupations.pdf,570,458,459,65 | 64 | 66,65,3,1,1737,continues,"Population of Counties in the State of New South Wales, at the Census of 3rd April, 1911, classified according to Occupation and Sex",STATE OF NEW SOUTH WALES—continued.,,False,True,True,1,,False,
1911_census_volume_iii_part_xii_occupations,1911 Census - Volume III - Part XII Occupations.pdf,data\raw\abs_1911_census\1911 Census - Volume III - Part XII Occupations.pdf,570,459,460,65 | 64 | 66,65,3,1,1738,continues,65.—POPULATION OF COUNTIES IN THE,,,False,True,True,1,,False,
1911_census_volume_iii_part_xii_occupations,1911 Census - Volume III - Part XII Occupations.pdf,data\raw\abs_1911_census\1911 Census - Volume III - Part XII Occupations.pdf,570,460,461,65 | 64 | 66,65,3,1,1739,continues,"Population of Counties in the State of New South Wales, at the Census of 3rd April, 1911, classified according to Occupation and Sex",STATE OF NEW SOUTH WALES—continued.,,False,False,True,1,,False,
1911_census_volume_iii_part_xii_occupations,1911 Census - Volume III - Part XII Occupations.pdf,data\raw\abs_1911_census\1911 Census - Volume III - Part XII Occupations.pdf,570,461,462,65 | 64 | 66,65,3,1,1740,continues,65-POPULATION OF COUNTIES IN THE,,,False,True,True,1,,False,
1911_census_volume_iii_part_xii_occupations,1911 Census - Volume III - Part XII Occupations.pdf,data\raw\abs_1911_census\1911 Census - Volume III - Part XII Occupations.pdf,570,462,463,65 | 64 | 66,65,3,1,1741,continues,"Population of Counties in the State of New South Wales, at the Census of 3rd April, 1911, classified according to Occupation and Sex",STATE OF NEW SOUTH WALES—continued.,,False,True,True,1,,False,
1911_census_volume_iii_part_xii_occupations,1911 Census - Volume III - Part XII Occupations.pdf,data\raw\abs_1911_census\1911 Census - Volume III - Part XII Occupations.pdf,570,463,464,65 | 64 | 66,65,3,1,1742,continues,65.—POPULATION OF COUNTIES IN THE,,,False,True,True,1,,False,
1911_census_volume_iii_part_xii_occupations,1911 Census - Volume III - Part XII Occupations.pdf,data\raw\abs_1911_census\1911 Census - Volume III - Part XII Occupations.pdf,570,464,465,65 | 64 | 66,65,3,1,1743,continues,"Population of Counties in the State of New South Wales, at the Census of 3rd April, 1911, classified according to Occupation and Sex",STATE OF NEW SOUTH WALES—continued.,,False,False,True,1,,False,
1911_census_volume_iii_part_xii_occupations,1911 Census - Volume III - Part XII Occupations.pdf,data\raw\abs_1911_census\1911 Census - Volume III - Part XII Occupations.pdf,570,465,466,65 | 64 | 66,65,3,1,1744,continues,65—POPULATION OF COUNTIES IN THE,,,False,True,True,1,,False,
1911_census_volume_iii_part_xii_occupations,1911 Census - Volume III - Part XII Occupations.pdf,data\raw\abs_1911_census\1911 Census - Volume III - Part XII Occupations.pdf,570,466,467,65 | 64 | 66,65,3,1,1745,continues,"Population of Counties in the State of New South Wales, at the Census of 3rd April, 1911, classified according to Occupation and Sex",STATE OF NEW SOUTH WALES--continued.,,False,True,True,1,,False,
1911_census_volume_iii_part_xii_occupations,1911 Census - Volume III - Part XII Occupations.pdf,data\raw\abs_1911_census\1911 Census - Volume III - Part XII Occupations.pdf,570,467,468,65 | 64 | 66,65,3,1,1746,continues,65.—POPULATION OF COUNTIES IN THE,,,False,True,True,1,,False,
1911_census_volume_iii_part_xii_occupations,1911 Census - Volume III - Part XII Occupations.pdf,data\raw\abs_1911_census\1911 Census - Volume III - Part XII Occupations.pdf,570,468,469,65 | 64 | 66,65,3,1,1747,continues,"Population of Counties in the State of New South Wales, at the Census of 3rd April, 1911, classified according to Occupation and Sex",STATE OF NEW SOUTH WALES—continued.,,False,True,True,1,,False,
1911_census_volume_iii_part_xii_occupations,1911 Census - Volume III - Part XII Occupations.pdf,data\raw\abs_1911_census\1911 Census - Volume III - Part XII Occupations.pdf,570,469,470,65 | 64 | 66,65,3,1,1748,continues,65—POPULATION OF COUNTIES IN THE,,,False,True,True,1,,False,
1911_census_volume_iii_part_xii_occupations,1911 Census - Volume III - Part XII Occupations.pdf,data\raw\abs_1911_census\1911 Census - Volume III - Part XII Occupations.pdf,570,470,471,65 | 64 | 66,65,3,1,1749,continues,"Population of Counties in the State of New South Wales, at the Census of 3rd April, 1911, classified according to Occupation and Sex",STATE OF NEW SOUTH WALES—continued.,,False,True,True,1,,False,
1911_census_volume_iii_part_xii_occupations,1911 Census - Volume III - Part XII Occupations.pdf,data\raw\abs_1911_census\1911 Census - Volume III - Part XII Occupations.pdf,570,471,472,65 | 64 | 66,65,3,1,1750,ends,65.—POPULATION OF COUNTIES IN THE,,,False,True,True,1,,False,
1911_census_volume_iii_part_xii_occupations,1911 Census - Volume III - Part XII Occupations.pdf,data\raw\abs_1911_census\1911 Census - Volume III - Part XII Occupations.pdf,570,472,473,65 | 64 | 66,65,3,1,1751,ends,"Population of Counties in the State of New South Wales, at the Census of 3rd April, 1911, classified according to Occupation and Sex",STATE OF NEW SOUTH WALES—continued.,,False,False,True,1,,False,
1911_census_volume_iii_part_xii_occupations,1911 Census - Volume III - Part XII Occupations.pdf,data\raw\abs_1911_census\1911 Census - Volume III - Part XII Occupations.pdf,570,473,474,66 | 65 | 67,66,3,1,1752,continues,66.—POPULATION OF COUNTIES,,,False,True,True,1,,False,
1911_census_volume_iii_part_xii_occupations,1911 Census - Volume III - Part XII Occupations.pdf,data\raw\abs_1911_census\1911 Census - Volume III - Part XII Occupations.pdf,570,474,475,66 | 65 | 67,66,3,1,1753,continues,"Population of Counties in the State of Victoria, at the Census of 3rd April, 1911, classified according to Occupation and Sex",,IN THE STATE OF VICTORIA according to Occupation and Sex,False,False,True,1,,False,
1911_census_volume_iii_part_xii_occupations,1911 Census - Volume III - Part XII Occupations.pdf,data\raw\abs_1911_census\1911 Census - Volume III - Part XII Occupations.pdf,570,475,476,66 | 65 | 67,66,3,1,1754,continues,"Population of Counties in the State of Victoria, at the Census of 3rd April, 1911, classified according to Occupation and Sex",,,False,False,True,1,,False,
1911_census_volume_iii_part_xii_occupations,1911 Census - Volume III - Part XII Occupations.pdf,data\raw\abs_1911_census\1911 Census - Volume III - Part XII Occupations.pdf,570,476,477,66 | 65 | 67,66,3,1,1755,continues,"Population of Counties in the State of Victoria, at the Census of 3rd April, 1911, classified according to Occupation and Sex",THE STATE OF VICTORIA—continued.,,False,False,True,1,,False,
1911_census_volume_iii_part_xii_occupations,1911 Census - Volume III - Part XII Occupations.pdf,data\raw\abs_1911_census\1911 Census - Volume III - Part XII Occupations.pdf,570,477,478,66 | 65 | 67,66,3,1,1756,continues,66.—POPULATION OF COUNTIES IN,,,False,True,True,1,,False,
1911_census_volume_iii_part_xii_occupations,1911 Census - Volume III - Part XII Occupations.pdf,data\raw\abs_1911_census\1911 Census - Volume III - Part XII Occupations.pdf,570,478,479,66 | 65 | 67,66,3,1,1757,continues,"Population of Counties in the State of Victoria, at the Census of 3rd April, 1911, classified according to Occupation and Sex",THE STATE OF VICTORIA—continued.,,False,False,True,1,,False,
1911_census_volume_iii_part_xii_occupations,1911 Census - Volume III - Part XII Occupations.pdf,data\raw\abs_1911_census\1911 Census - Volume III - Part XII Occupations.pdf,570,479,480,66 | 65 | 67,66,3,1,1758,continues,66. POPULATION OF COUNTIES IN,,,False,True,True,1,,False,
1911_census_volume_iii_part_xii_occupations,1911 Census - Volume III - Part XII Occupations.pdf,data\raw\abs_1911_census\1911 Census - Volume III - Part XII Occupations.pdf,570,480,481,66 | 65 | 67,66,3,1,1759,continues,"Population of Counties in the State of Victoria, at the Census of 3rd April, 1911, classified according to Occupation and Sex",THE STATE OF VICTORIA—continued.,,False,True,True,1,,False,
1911_census_volume_iii_part_xii_occupations,1911 Census - Volume III - Part XII Occupations.pdf,data\raw\abs_1911_census\1911 Census - Volume III - Part XII Occupations.pdf,570,481,482,66 | 65 | 67,66,3,1,1760,ends,66.—POPULATION OF COUNTIES IN,,,False,True,True,1,,False,
1911_census_volume_iii_part_xii_occupations,1911 Census - Volume III - Part XII Occupations.pdf,data\raw\abs_1911_census\1911 Census - Volume III - Part XII Occupations.pdf,570,482,483,66 | 65 | 67,66,3,1,1761,ends,"Population of Counties in the State of Victoria, at the Census of 3rd April, 1911, classified according to Occupation and Sex",THE STATE OF VICTORIA—continued.,,False,True,True,1,,False,
1911_census_volume_iii_part_xii_occupations,1911 Census - Volume III - Part XII Occupations.pdf,data\raw\abs_1911_census\1911 Census - Volume III - Part XII Occupations.pdf,570,483,484,67 | 66 | 68,67,3,1,1762,starts,"67.—POPULATION OF CENSUS DISTRICTS At the Census of 3rd April, 1911, Classified according to Occupation and Sex",,,False,True,True,1,,False,
1911_census_volume_iii_part_xii_occupations,1911 Census - Volume III - Part XII Occupations.pdf,data\raw\abs_1911_census\1911 Census - Volume III - Part XII Occupations.pdf,570,484,485,67 | 66 | 68,67,3,1,1763,continues,"Population of Census Districts in the State of Queensland, at the Census of 3rd April, 1911, classified according to Occupation and Sex",,IN THE STATE OF QUEENSLAND,False,True,True,1,,False,
1911_census_volume_iii_part_xii_occupations,1911 Census - Volume III - Part XII Occupations.pdf,data\raw\abs_1911_census\1911 Census - Volume III - Part XII Occupations.pdf,570,485,486,67 | 66 | 68,67,3,1,1764,continues,67 - POPULATION OF CENSUS DISTRICTS,,,False,True,True,1,,False,
1911_census_volume_iii_part_xii_occupations,1911 Census - Volume III - Part XII Occupations.pdf,data\raw\abs_1911_census\1911 Census - Volume III - Part XII Occupations.pdf,570,486,487,67 | 66 | 68,67,3,1,1765,continues,"Population of Census Districts in the State of Queensland, at the Census of 3rd April, 1911, classified according to Occupation and Sex",IN THE STATE OF QUEENSLAND—continued,,False,False,True,1,,False,
1911_census_volume_iii_part_xii_occupations,1911 Census - Volume III - Part XII Occupations.pdf,data\raw\abs_1911_census\1911 Census - Volume III - Part XII Occupations.pdf,570,487,488,67 | 66 | 68,67,3,1,1766,continues,67—POPULATION OF CENSUS DISTRICTS,,,False,True,True,1,,False,
1911_census_volume_iii_part_xii_occupations,1911 Census - Volume III - Part XII Occupations.pdf,data\raw\abs_1911_census\1911 Census - Volume III - Part XII Occupations.pdf,570,488,489,67 | 66 | 68,67,3,1,1767,continues,"Population of Census Districts in the State of Queensland, at the Census of 3rd April, 1911, classified according to Occupation and Sex",IN THE STATE OF QUEENSLAND—continued.,,False,False,True,1,,False,
1911_census_volume_iii_part_xii_occupations,1911 Census - Volume III - Part XII Occupations.pdf,data\raw\abs_1911_census\1911 Census - Volume III - Part XII Occupations.pdf,570,489,490,67 | 66 | 68,67,3,1,1768,continues,67.—POPULATION OF CENSUS DISTRICTS,,,False,True,True,1,,False,
1911_census_volume_iii_part_xii_occupations,1911 Census - Volume III - Part XII Occupations.pdf,data\raw\abs_1911_census\1911 Census - Volume III - Part XII Occupations.pdf,570,490,491,67 | 66 | 68,67,3,1,1769,continues,"Population of Census Districts in the State of Queensland, at the Census of 3rd April, 1911, classified according to Occupation and Sex",IN THE STATE OF QUEENSLAND—continued.,,False,False,True,1,,False,
1911_census_volume_iii_part_xii_occupations,1911 Census - Volume III - Part XII Occupations.pdf,data\raw\abs_1911_census\1911 Census - Volume III - Part XII Occupations.pdf,570,491,492,67 | 66 | 68,67,3,1,1770,continues,67.-POPULATION OF CENSUS DISTRICTS,,,False,True,True,1,,False,
1911_census_volume_iii_part_xii_occupations,1911 Census - Volume III - Part XII Occupations.pdf,data\raw\abs_1911_census\1911 Census - Volume III - Part XII Occupations.pdf,570,492,493,67 | 66 | 68,67,3,1,1771,continues,"Population of Census Districts in the State of Queensland, at the Census of 3rd April, 1911, classified according to Occupation and Sex",IN THE STATE OF QUEENSLAND—continued.,,False,True,True,1,,False,
1911_census_volume_iii_part_xii_occupations,1911 Census - Volume III - Part XII Occupations.pdf,data\raw\abs_1911_census\1911 Census - Volume III - Part XII Occupations.pdf,570,493,494,67 | 66 | 68,67,3,1,1772,continues,67.—POPULATION OF CENSUS DISTRICTS,,,False,True,True,1,,False,
1911_census_volume_iii_part_xii_occupations,1911 Census - Volume III - Part XII Occupations.pdf,data\raw\abs_1911_census\1911 Census - Volume III - Part XII Occupations.pdf,570,494,495,67 | 66 | 68,67,3,1,1773,continues,"Population of Census Districts in the State of Queensland, at the Census of 3rd April, 1911, classified according to Occupation and Sex",IN THE STATE OF QUEENSLAND—continued.,,False,False,True,1,,False,
1911_census_volume_iii_part_xii_occupations,1911 Census - Volume III - Part XII Occupations.pdf,data\raw\abs_1911_census\1911 Census - Volume III - Part XII Occupations.pdf,570,495,496,67 | 66 | 68,67,3,1,1774,continues,67.—POPULATION OF CENSUS DISTRICTS,,,False,True,True,1,,False,
1911_census_volume_iii_part_xii_occupations,1911 Census - Volume III - Part XII Occupations.pdf,data\raw\abs_1911_census\1911 Census - Volume III - Part XII Occupations.pdf,570,496,497,67 | 66 | 68,67,3,1,1775,continues,"Population of Census Districts in the State of Queensland, at the Census of 3rd April, 1911, classified according to Occupation and Sex",IN THE STATE OF QUEENSLAND—continued.,,False,True,True,1,,False,
1911_census_volume_iii_part_xii_occupations,1911 Census - Volume III - Part XII Occupations.pdf,data\raw\abs_1911_census\1911 Census - Volume III - Part XII Occupations.pdf,570,497,498,67 | 66 | 68,67,3,1,1776,ends,67.—POPULATION OF CENSUS DISTRICTS,,,False,True,True,1,,False,
1911_census_volume_iii_part_xii_occupations,1911 Census - Volume III - Part XII Occupations.pdf,data\raw\abs_1911_census\1911 Census - Volume III - Part XII Occupations.pdf,570,498,499,67 | 66 | 68,67,3,1,1777,ends,"Population of Census Districts in the State of Queensland, at the Census of 3rd April, 1911, classified according to Occupation and Sex",IN THE STATE OF QUEENSLAND—continued.,,False,False,True,1,,False,
1911_census_volume_iii_part_xii_occupations,1911 Census - Volume III - Part XII Occupations.pdf,data\raw\abs_1911_census\1911 Census - Volume III - Part XII Occupations.pdf,570,499,500,68 | 67 | 69,68,3,1,1778,continues,"68. POPULATION OF COUNTIES IN At the Census of 3rd April, 1911, Classified (Exclusive of Full-",,,False,True,True,1,,False,
1911_census_volume_iii_part_xii_occupations,1911 Census - Volume III - Part XII Occupations.pdf,data\raw\abs_1911_census\1911 Census - Volume III - Part XII Occupations.pdf,570,500,501,68 | 67 | 69,68,3,1,1779,continues,"Population of Counties and Divisions in the State of South Australia, at the Census of 3rd April, 1911, classified according to Occupation and Sex",,THE STATE OF SOUTH AUSTRALIA,False,True,True,1,,False,
1911_census_volume_iii_part_xii_occupations,1911 Census - Volume III - Part XII Occupations.pdf,data\raw\abs_1911_census\1911 Census - Volume III - Part XII Occupations.pdf,570,501,502,68 | 67 | 69,68,3,1,1780,continues,68.—POPULATION OF COUNTIES IN THE,,,False,True,True,1,,False,
1911_census_volume_iii_part_xii_occupations,1911 Census - Volume III - Part XII Occupations.pdf,data\raw\abs_1911_census\1911 Census - Volume III - Part XII Occupations.pdf,570,502,503,68 | 67 | 69,68,3,1,1781,continues,"Population of Counties and Divisions in the State of South Australia, at the Census of 3rd April, 1911, classified according to Occupation and Sex",STATE OF SOUTH AUSTRALIA—continued.,,False,True,True,1,,False,
1911_census_volume_iii_part_xii_occupations,1911 Census - Volume III - Part XII Occupations.pdf,data\raw\abs_1911_census\1911 Census - Volume III - Part XII Occupations.pdf,570,503,504,68 | 67 | 69,68,3,1,1782,continues,68.—POPULATION OF COUNTIES IN THE,,,False,True,True,1,,False,
1911_census_volume_iii_part_xii_occupations,1911 Census - Volume III - Part XII Occupations.pdf,data\raw\abs_1911_census\1911 Census - Volume III - Part XII Occupations.pdf,570,504,505,68 | 67 | 69,68,3,1,1783,continues,"Population of Counties and Divisions in the State of South Australia, at the Census of 3rd April, 1911, classified according to Occupation and Sex",STATE OF SOUTH AUSTRALIA—continued.,,False,False,True,1,,False,
1911_census_volume_iii_part_xii_occupations,1911 Census - Volume III - Part XII Occupations.pdf,data\raw\abs_1911_census\1911 Census - Volume III - Part XII Occupations.pdf,570,505,506,68 | 67 | 69,68,3,1,1784,continues,68.—POPULATION OF COUNTIES IN THE,,,False,True,True,1,,False,
1911_census_volume_iii_part_xii_occupations,1911 Census - Volume III - Part XII Occupations.pdf,data\raw\abs_1911_census\1911 Census - Volume III - Part XII Occupations.pdf,570,506,507,68 | 67 | 69,68,3,1,1785,continues,"Population of Counties and Divisions in the State of South Australia, at the Census of 3rd April, 1911, classified according to Occupation and Sex",STATE OF SOUTH AUSTRALIA—continued.,,False,False,True,1,,False,
1911_census_volume_iii_part_xii_occupations,1911 Census - Volume III - Part XII Occupations.pdf,data\raw\abs_1911_census\1911 Census - Volume III - Part XII Occupations.pdf,570,507,508,68 | 67 | 69,68,3,1,1786,continues,68.—POPULATION OF COUNTIES IN THE,,,False,True,True,1,,False,
1911_census_volume_iii_part_xii_occupations,1911 Census - Volume III - Part XII Occupations.pdf,data\raw\abs_1911_census\1911 Census - Volume III - Part XII Occupations.pdf,570,508,509,68 | 67 | 69,68,3,1,1787,continues,"Population of Counties and Divisions in the State of South Australia, at the Census of 3rd April, 1911, classified according to Occupation and Sex",STATE OF SOUTH AUSTRALIA—continued.,,False,True,True,1,,False,
1911_census_volume_iii_part_xii_occupations,1911 Census - Volume III - Part XII Occupations.pdf,data\raw\abs_1911_census\1911 Census - Volume III - Part XII Occupations.pdf,570,509,510,68 | 67 | 69,68,3,1,1788,continues,68.—POPULATION OF COUNTIES IN THE,,,False,True,True,1,,False,
1911_census_volume_iii_part_xii_occupations,1911 Census - Volume III - Part XII Occupations.pdf,data\raw\abs_1911_census\1911 Census - Volume III - Part XII Occupations.pdf,570,510,511,68 | 67 | 69,68,3,1,1789,continues,"Population of Counties and Divisions in the State of South Australia, at the Census of 3rd April, 1911, classified according to Occupation and Sex",STATE OF SOUTH AUSTRALIA - continued.,,False,True,True,1,,False,
1911_census_volume_iii_part_xii_occupations,1911 Census - Volume III - Part XII Occupations.pdf,data\raw\abs_1911_census\1911 Census - Volume III - Part XII Occupations.pdf,570,511,512,68 | 67 | 69,68,3,1,1790,ends,68.—POPULATION OF COUNTIES IN THE,,,False,True,True,1,,False,
1911_census_volume_iii_part_xii_occupations,1911 Census - Volume III - Part XII Occupations.pdf,data\raw\abs_1911_census\1911 Census - Volume III - Part XII Occupations.pdf,570,512,513,68 | 67 | 69,68,3,1,1791,ends,"Population of Counties and Divisions in the State of South Australia, at the Census of 3rd April, 1911, classified according to Occupation and Sex",STATE OF SOUTH AUSTRALIA—continued.,,False,True,True,1,,False,
1911_census_volume_iii_part_xii_occupations,1911 Census - Volume III - Part XII Occupations.pdf,data\raw\abs_1911_census\1911 Census - Volume III - Part XII Occupations.pdf,570,513,514,69 | 68 | 70,69,3,1,1792,continues,"69.—POPULATION OF STATISTICAL DISTRICTS At the Census of 3rd April, 1911, Classified (Exclusive of Full-",,,False,True,True,1,,False,
1911_census_volume_iii_part_xii_occupations,1911 Census - Volume III - Part XII Occupations.pdf,data\raw\abs_1911_census\1911 Census - Volume III - Part XII Occupations.pdf,570,514,515,69 | 68 | 70,69,3,1,1793,continues,"Population of Statistical Districts in the State of Western Australia, at the Census of 3rd April, 1911, classified according to Occupation and Sex",,IN THE STATE OF WESTERN AUSTRALIA,False,False,True,1,,False,
1911_census_volume_iii_part_xii_occupations,1911 Census - Volume III - Part XII Occupations.pdf,data\raw\abs_1911_census\1911 Census - Volume III - Part XII Occupations.pdf,570,515,516,69 | 68 | 70,69,3,1,1794,continues,69.—POPULATION OF STATISTICAL DISTRICTS,,,False,True,True,1,,False,
1911_census_volume_iii_part_xii_occupations,1911 Census - Volume III - Part XII Occupations.pdf,data\raw\abs_1911_census\1911 Census - Volume III - Part XII Occupations.pdf,570,516,517,69 | 68 | 70,69,3,1,1795,continues,"Population of Statistical Districts in the State of Western Australia, at the Census of 3rd April, 1911, classified according to Occupation and Sex",OF THE STATE OF WESTERN AUSTRALIA—continued.,,False,False,True,1,,False,
1911_census_volume_iii_part_xii_occupations,1911 Census - Volume III - Part XII Occupations.pdf,data\raw\abs_1911_census\1911 Census - Volume III - Part XII Occupations.pdf,570,517,518,69 | 68 | 70,69,3,1,1796,continues,69.—POPULATION OF STATISTICAL DISTRICTS,,,False,True,True,1,,False,
1911_census_volume_iii_part_xii_occupations,1911 Census - Volume III - Part XII Occupations.pdf,data\raw\abs_1911_census\1911 Census - Volume III - Part XII Occupations.pdf,570,518,519,69 | 68 | 70,69,3,1,1797,continues,"Population of Statistical Districts in the State of Western Australia, at the Census of 3rd April, 1911, classified according to Occupation and Sex",OF THE STATE OF WESTERN AUSTRALIA--continued.,,False,False,True,1,,False,
1911_census_volume_iii_part_xii_occupations,1911 Census - Volume III - Part XII Occupations.pdf,data\raw\abs_1911_census\1911 Census - Volume III - Part XII Occupations.pdf,570,519,520,69 | 68 | 70,69,3,1,1798,ends,69.—POPULATION OF STATISTICAL DISTRICTS,,,False,True,True,1,,False,
1911_census_volume_iii_part_xii_occupations,1911 Census - Volume III - Part XII Occupations.pdf,data\raw\abs_1911_census\1911 Census - Volume III - Part XII Occupations.pdf,570,520,521,69 | 68 | 70,69,3,1,1799,ends,"Population of Statistical Districts in the State of Western Australia, at the Census of 3rd April, 1911, classified according to Occupation and Sex",,OF THE STATE OF WESTERN AUSTRALIA—continued.,False,False,True,1,,False,
1911_census_volume_iii_part_xii_occupations,1911 Census - Volume III - Part XII Occupations.pdf,data\raw\abs_1911_census\1911 Census - Volume III - Part XII Occupations.pdf,570,521,522,70 | 69 | 71,70,3,1,1800,continues,"70.—POPULATION OF LOCAL GOVERNMENT AREAS (MUNICIPALITIES) IN THE STATE OF TASMANIA, AT THE CENSUS OF 3RD APRIL, 1911, CLASSIFIED ACCORDING TO OCCUPATION AND SEX",,,False,True,True,1,,False,
1911_census_volume_iii_part_xii_occupations,1911 Census - Volume III - Part XII Occupations.pdf,data\raw\abs_1911_census\1911 Census - Volume III - Part XII Occupations.pdf,570,522,523,70 | 69 | 71,70,3,1,1801,continues,"Population of Local Government Areas (Municipalities) in the State of Tasmania, at the Census of 3rd April, 1911, classified according to Occupation and Sex",,AREAS IN THE STATE OF TASMANIA,False,True,True,1,,False,
1911_census_volume_iii_part_xii_occupations,1911 Census - Volume III - Part XII Occupations.pdf,data\raw\abs_1911_census\1911 Census - Volume III - Part XII Occupations.pdf,570,523,524,70 | 69 | 71,70,3,1,1802,continues,"70.—POPULATION OF LOCAL GOVERNMENT AREAS (MUNICIPALITIES) IN THE STATE OF TASMANIA, AT THE CENSUS OF 3RD APRIL, 1911, CLASSIFIED ACCORDING TO OCCUPATION AND SEX",,,False,True,True,1,,False,
1911_census_volume_iii_part_xii_occupations,1911 Census - Volume III - Part XII Occupations.pdf,data\raw\abs_1911_census\1911 Census - Volume III - Part XII Occupations.pdf,570,524,525,70 | 69 | 71,70,3,1,1803,continues,"Population of Local Government Areas (Municipalities) in the State of Tasmania, at the Census of 3rd April, 1911, classified according to Occupation and Sex",AREAS IN THE STATE OF TASMANIA—continued.,,False,True,True,1,,False,
1911_census_volume_iii_part_xii_occupations,1911 Census - Volume III - Part XII Occupations.pdf,data\raw\abs_1911_census\1911 Census - Volume III - Part XII Occupations.pdf,570,525,526,70 | 69 | 71,70,3,1,1804,continues,"70.—POPULATION OF LOCAL GOVERNMENT AREAS (MUNICIPALITIES) IN THE STATE OF TASMANIA, AT THE CENSUS OF 3RD APRIL, 1911, CLASSIFIED ACCORDING TO OCCUPATION AND SEX",,,False,True,True,1,,False,
1911_census_volume_iii_part_xii_occupations,1911 Census - Volume III - Part XII Occupations.pdf,data\raw\abs_1911_census\1911 Census - Volume III - Part XII Occupations.pdf,570,526,527,70 | 69 | 71,70,3,1,1805,continues,"Population of Local Government Areas (Municipalities) in the State of Tasmania, at the Census of 3rd April, 1911, classified according to Occupation and Sex",AREAS IN THE STATE OF TASMANIA—continued.,,False,True,True,1,,False,
1911_census_volume_iii_part_xii_occupations,1911 Census - Volume III - Part XII Occupations.pdf,data\raw\abs_1911_census\1911 Census - Volume III - Part XII Occupations.pdf,570,527,528,70 | 69 | 71,70,3,1,1806,continues,70.—POPULATION OF LOCAL GOVERNMENT,,,False,True,True,1,,False,
1911_census_volume_iii_part_xii_occupations,1911 Census - Volume III - Part XII Occupations.pdf,data\raw\abs_1911_census\1911 Census - Volume III - Part XII Occupations.pdf,570,528,529,70 | 69 | 71,70,3,1,1807,continues,"Population of Local Government Areas (Municipalities) in the State of Tasmania, at the Census of 3rd April, 1911, classified according to Occupation and Sex",AREAS IN THE STATE OF TASMANIA—continued.,,False,True,True,1,,False,
1911_census_volume_iii_part_xii_occupations,1911 Census - Volume III - Part XII Occupations.pdf,data\raw\abs_1911_census\1911 Census - Volume III - Part XII Occupations.pdf,570,529,530,70 | 69 | 71,70,3,1,1808,continues,70.—POPULATION OF LOCAL GOVERNMENT,,,False,True,True,1,,False,
1911_census_volume_iii_part_xii_occupations,1911 Census - Volume III - Part XII Occupations.pdf,data\raw\abs_1911_census\1911 Census - Volume III - Part XII Occupations.pdf,570,530,531,70 | 69 | 71,70,3,1,1809,continues,"Population of Local Government Areas (Municipalities) in the State of Tasmania, at the Census of 3rd April, 1911, classified according to Occupation and Sex",AREAS IN THE STATE OF TASMANIA--continued.,,False,False,True,1,,False,
1911_census_volume_iii_part_xii_occupations,1911 Census - Volume III - Part XII Occupations.pdf,data\raw\abs_1911_census\1911 Census - Volume III - Part XII Occupations.pdf,570,531,532,70 | 69 | 71,70,3,1,1810,continues,70.—POPULATION OF LOCAL GOVERNMENT,,,False,True,True,1,,False,
1911_census_volume_iii_part_xii_occupations,1911 Census - Volume III - Part XII Occupations.pdf,data\raw\abs_1911_census\1911 Census - Volume III - Part XII Occupations.pdf,570,532,533,70 | 69 | 71,70,3,1,1811,continues,"Population of Local Government Areas (Municipalities) in the State of Tasmania, at the Census of 3rd April, 1911, classified according to Occupation and Sex",AREAS IN THE STATE OF TASMANIA—continued.,,False,False,True,1,,False,
1911_census_volume_iii_part_xii_occupations,1911 Census - Volume III - Part XII Occupations.pdf,data\raw\abs_1911_census\1911 Census - Volume III - Part XII Occupations.pdf,570,533,534,70 | 69 | 71,70,3,1,1812,ends,70.—POPULATION OF LOCAL GOVERNMENT,,,False,True,True,1,,False,
1911_census_volume_iii_part_xii_occupations,1911 Census - Volume III - Part XII Occupations.pdf,data\raw\abs_1911_census\1911 Census - Volume III - Part XII Occupations.pdf,570,534,535,70 | 69 | 71,70,3,1,1813,ends,"Population of Local Government Areas (Municipalities) in the State of Tasmania, at the Census of 3rd April, 1911, classified according to Occupation and Sex",AREAS IN THE STATE OF TASMANIA—continued.,,False,True,True,1,,False,
1911_census_volume_iii_part_xii_occupations,1911 Census - Volume III - Part XII Occupations.pdf,data\raw\abs_1911_census\1911 Census - Volume III - Part XII Occupations.pdf,570,535,536,71 | 70 | 72,71,3,1,1814,ends,"71.—POPULATION OF COUNTIES IN THE NORTHERN TERRITORY, AT THE CENSUS OF 3RD APRIL, 1911, CLASSIFIED ACCORDING TO OCCUPATION AND SEX",,,False,True,True,1,,False,
1911_census_volume_iii_part_xii_occupations,1911 Census - Volume III - Part XII Occupations.pdf,data\raw\abs_1911_census\1911 Census - Volume III - Part XII Occupations.pdf,570,536,537,71 | 70 | 72,71,3,1,1815,ends,"Population of Counties in the Northern Territory, at the Census of 3rd April, 1911, classified according to Occupation and Sex",,THE NORTHERN TERRITORY,False,True,True,1,,False,
1911_census_volume_iii_part_xii_occupations,1911 Census - Volume III - Part XII Occupations.pdf,data\raw\abs_1911_census\1911 Census - Volume III - Part XII Occupations.pdf,570,537,538,72 | 71 | 73,72,3,1,1816,complete_on_page,72.—POPULATION OF THE FEDERAL CAPITAL TERRITORY,,,False,True,True,1,,False,
1911_census_volume_iii_part_xii_occupations,1911 Census - Volume III - Part XII Occupations.pdf,data\raw\abs_1911_census\1911 Census - Volume III - Part XII Occupations.pdf,570,538,539,73 | 72 | 74,73,3,1,1817,continues,73. GRADES OF OCCUPATION IN COUNTIES WITHIN THE STATE OF NEW SOUTH WALES,,,False,True,True,1,,False,
1911_census_volume_iii_part_xii_occupations,1911 Census - Volume III - Part XII Occupations.pdf,data\raw\abs_1911_census\1911 Census - Volume III - Part XII Occupations.pdf,570,539,540,73 | 72 | 74,73,3,1,1818,ends,73. GRADES OF OCCUPATION IN COUNTIES WITHIN THE STATE OF NEW SOUTH WALES—cont.,,,False,True,True,1,,False,
1911_census_volume_iii_part_xii_occupations,1911 Census - Volume III - Part XII Occupations.pdf,data\raw\abs_1911_census\1911 Census - Volume III - Part XII Occupations.pdf,570,540,541,74 | 73 | 75 | 76,74 | 75,4,2,1819,boundary_multiple_tables,74. GRADES OF OCCUPATION IN COUNTIES WITHIN THE STATE OF VICTORIA | 75. GRADES OF OCCUPATION IN CENSUS DISTRICTS WITHIN THE STATE OF QUEENSLAND,,,True,True,True,1,,False,
1911_census_volume_iii_part_xii_occupations,1911 Census - Volume III - Part XII Occupations.pdf,data\raw\abs_1911_census\1911 Census - Volume III - Part XII Occupations.pdf,570,541,542,76 | 75 | 77,75 | 76,3,2,1820,boundary_multiple_tables,75.—GRADES OF OCCUPATION IN CENSUS DISTRICTS WITHIN THE STATE OF QUEENSLAND—continued. | 76.—GRADES OF OCCUPATION IN COUNTIES WITHIN THE STATE OF SOUTH AUSTRALIA,,,True,True,True,1,,False,
1911_census_volume_iii_part_xii_occupations,1911 Census - Volume III - Part XII Occupations.pdf,data\raw\abs_1911_census\1911 Census - Volume III - Part XII Occupations.pdf,570,542,543,77 | 76 | 78,76 | 77,3,2,1821,boundary_multiple_tables,76.—GRADES OF OCCUPATION IN COUNTIES WITHIN THE STATE OF SOUTH AUSTRALIA—cont. | 77.—GRADES OF OCCUPATION IN STATISTICAL DISTRICTS WITHIN THE STATE OF WESTERN AUSTRALIA,,,True,True,True,1,,False,
1911_census_volume_iii_part_xii_occupations,1911 Census - Volume III - Part XII Occupations.pdf,data\raw\abs_1911_census\1911 Census - Volume III - Part XII Occupations.pdf,570,543,544,78 | 77 | 79,77 | 78,3,2,1822,boundary_multiple_tables,77.—GRADES OF OCCUPATION IN STATISTICAL DISTRICTS WITHIN THE STATE OF WESTERN AUSTRALIA—continued. | 78.—GRADES OF OCCUPATION IN LOCAL GOVERNMENT AREAS (MUNICIPALITIES) WITHIN THE STATE OF TASMANIA,,,True,True,True,1,,False,
1911_census_volume_iii_part_xii_occupations,1911 Census - Volume III - Part XII Occupations.pdf,data\raw\abs_1911_census\1911 Census - Volume III - Part XII Occupations.pdf,570,544,545,79 | 78 | 80 | 81,79 | 80,4,2,1823,boundary_multiple_tables,79. GRADES OF OCCUPATION IN COUNTIES WITHIN THE NORTHERN TERRITORY | 80. GRADES OF OCCUPATION WITHIN THE FEDERAL CAPITAL TERRITORY,,,True,True,True,1,,False,
1911_census_volume_iii_part_xii_occupations,1911 Census - Volume III - Part XII Occupations.pdf,data\raw\abs_1911_census\1911 Census - Volume III - Part XII Occupations.pdf,570,545,546,81 | 80 | 82,81,3,1,1824,continues,81.—UNEMPLOYED PERSONS IN THE,,,False,True,True,1,,False,
1911_census_volume_iii_part_xii_occupations,1911 Census - Volume III - Part XII Occupations.pdf,data\raw\abs_1911_census\1911 Census - Volume III - Part XII Occupations.pdf,570,546,547,81 | 80 | 82,82,3,1,1825,starts,"Unemployed Persons in the State of New South Wales, at the Census of 3rd April, 1911, classified according to Occupation and Period of Unemployment",,MALES,False,True,True,1,,False,
1911_census_volume_iii_part_xii_occupations,1911 Census - Volume III - Part XII Occupations.pdf,data\raw\abs_1911_census\1911 Census - Volume III - Part XII Occupations.pdf,570,547,548,82 | 81 | 83,82,3,1,1826,continues,"82.—UNEMPLOYED PERSONS IN THE At the Census of 3rd April, 1911, Classified according (Exclusive of Full-",,,True,True,True,0.95,"The page contains the tail end of table 81 and the start of table 82. Table 81 is not a candidate for this page index, so only 82 is matched.",False,
1911_census_volume_iii_part_xii_occupations,1911 Census - Volume III - Part XII Occupations.pdf,data\raw\abs_1911_census\1911 Census - Volume III - Part XII Occupations.pdf,570,548,549,82 | 81 | 83,82,3,1,1827,continues,"Unemployed Persons in the State of New South Wales, at the Census of 3rd April, 1911, classified according to Occupation and Period of Unemployment",,STATE OF NEW SOUTH WALES,False,True,True,1,,False,
1911_census_volume_iii_part_xii_occupations,1911 Census - Volume III - Part XII Occupations.pdf,data\raw\abs_1911_census\1911 Census - Volume III - Part XII Occupations.pdf,570,549,550,82 | 81 | 83,82,3,1,1828,ends,82.-UNEMPLOYED PERSONS IN THE,,,False,True,True,1,,False,
1911_census_volume_iii_part_xii_occupations,1911 Census - Volume III - Part XII Occupations.pdf,data\raw\abs_1911_census\1911 Census - Volume III - Part XII Occupations.pdf,570,550,551,82 | 81 | 83,83,3,1,1829,starts,"Unemployed Persons in the State of Victoria, at the Census of 3rd April, 1911, classified according to Occupation and Period of Unemployment",STATE OF NEW SOUTH WALES—continued.,,False,True,True,0.9,"The page header indicates 'STATE OF NEW SOUTH WALES—continued.', which suggests this is the conclusion of Table 82, but the candidate list identifies this page as the start of Table 83. I have matched Table 83 based on the candidate list provided.",False,
1911_census_volume_iii_part_xii_occupations,1911 Census - Volume III - Part XII Occupations.pdf,data\raw\abs_1911_census\1911 Census - Volume III - Part XII Occupations.pdf,570,551,552,83 | 82 | 84,83,3,1,1830,ends,"83.—UNEMPLOYED PERSONS IN THE STATE OF VICTORIA, AT THE CENSUS OF 3RD APRIL, 1911, CLASSIFIED ACCORDING TO OCCUPATION AND PERIOD OF UNEMPLOYMENT",,,False,True,True,1,,False,
1911_census_volume_iii_part_xii_occupations,1911 Census - Volume III - Part XII Occupations.pdf,data\raw\abs_1911_census\1911 Census - Volume III - Part XII Occupations.pdf,570,552,553,83 | 82 | 84,83,3,1,1831,ends,"Unemployed Persons in the State of Victoria, at the Census of 3rd April, 1911, classified according to Occupation and Period of Unemployment",,THE STATE OF VICTORIA,False,True,True,0.9,"The page title is partially obscured/truncated in the source image, but clearly refers to Table 83.",False,
1911_census_volume_iii_part_xii_occupations,1911 Census - Volume III - Part XII Occupations.pdf,data\raw\abs_1911_census\1911 Census - Volume III - Part XII Occupations.pdf,570,553,554,84 | 83 | 85,84,3,1,1832,boundary_multiple_tables,"Unemployed Persons in the State of Queensland, at the Census of 3rd April, 1911, classified according to Occupation and Period of Unemployment",,,True,True,True,1,"The page contains the end of table 83 and the start of table 84. Table 83 is not a candidate table for this page index, but it is present.",False,
1911_census_volume_iii_part_xii_occupations,1911 Census - Volume III - Part XII Occupations.pdf,data\raw\abs_1911_census\1911 Census - Volume III - Part XII Occupations.pdf,570,554,555,84 | 83 | 85,84,3,1,1833,continues,"Unemployed Persons in the State of Queensland, at the Census of 3rd April, 1911, classified according to Occupation and Period of Unemployment",,THE STATE OF QUEENSLAND,False,True,True,0.9,"The page contains the tail end of Table 83 (Victoria) and the start of Table 84 (Queensland). Table 83 is technically finished on the previous page, but this page shows the final rows of the Victoria data before transitioning to Queensland.",False,
1911_census_volume_iii_part_xii_occupations,1911 Census - Volume III - Part XII Occupations.pdf,data\raw\abs_1911_census\1911 Census - Volume III - Part XII Occupations.pdf,570,555,556,84 | 83 | 85,84,3,1,1834,ends,84.—UNEMPLOYED PERSONS IN THE,,,False,True,True,1,,False,
1911_census_volume_iii_part_xii_occupations,1911 Census - Volume III - Part XII Occupations.pdf,data\raw\abs_1911_census\1911 Census - Volume III - Part XII Occupations.pdf,570,556,557,84 | 83 | 85,84,3,1,1835,ends,"Unemployed Persons in the State of Queensland, at the Census of 3rd April, 1911, classified according to Occupation and Period of Unemployment",,STATE OF QUEENSLAND—continued.,False,True,True,1,,False,
1911_census_volume_iii_part_xii_occupations,1911 Census - Volume III - Part XII Occupations.pdf,data\raw\abs_1911_census\1911 Census - Volume III - Part XII Occupations.pdf,570,557,558,85 | 84 | 86,85,3,1,1836,continues,"85.—UNEMPLOYED PERSONS IN THE At the Census of 3rd April, 1911, Classified according (Exclusive of Full-",,,False,True,True,1,,False,
1911_census_volume_iii_part_xii_occupations,1911 Census - Volume III - Part XII Occupations.pdf,data\raw\abs_1911_census\1911 Census - Volume III - Part XII Occupations.pdf,570,558,559,85 | 84 | 86,86,3,1,1837,starts,"Unemployed Persons in the State of Western Australia, at the Census of 3rd April, 1911, classified according to Occupation and Period of Unemployment",,,False,True,True,0.9,"The page header indicates 'STATE OF SOUTH AUSTRALIA', but the table content and the candidate list suggest this is the start of Table 86 for Western Australia.",False,
1911_census_volume_iii_part_xii_occupations,1911 Census - Volume III - Part XII Occupations.pdf,data\raw\abs_1911_census\1911 Census - Volume III - Part XII Occupations.pdf,570,559,560,86 | 85 | 87,86,3,1,1838,complete_on_page,"86. UNEMPLOYED PERSONS IN THE State of Western Australia, at the Census of 3rd April, 1911, Classified according to Occupation and Period of Unemployment",,,False,True,True,1,,False,
1911_census_volume_iii_part_xii_occupations,1911 Census - Volume III - Part XII Occupations.pdf,data\raw\abs_1911_census\1911 Census - Volume III - Part XII Occupations.pdf,570,560,561,86 | 85 | 87,86,3,1,1839,ends,"Unemployed Persons in the State of Western Australia, at the Census of 3rd April, 1911, classified according to Occupation and Period of Unemployment",,,False,True,True,1,,False,
1911_census_volume_iii_part_xii_occupations,1911 Census - Volume III - Part XII Occupations.pdf,data\raw\abs_1911_census\1911 Census - Volume III - Part XII Occupations.pdf,570,561,562,87 | 86 | 88,87,3,1,1840,complete_on_page,"87.—UNEMPLOYED PERSONS IN the State of Tasmania, at the Census of 3rd April, 1911, classified according to Occupation and Period of Unemployment",,,False,True,True,1,,False,
1911_census_volume_iii_part_xii_occupations,1911 Census - Volume III - Part XII Occupations.pdf,data\raw\abs_1911_census\1911 Census - Volume III - Part XII Occupations.pdf,570,562,563,87 | 86 | 88,87,3,1,1841,ends,"Unemployed Persons in the State of Tasmania, at the Census of 3rd April, 1911, classified according to Occupation and Period of Unemployment",,THE STATE OF TASMANIA,False,False,True,1,,False,
1911_census_volume_iii_part_xii_occupations,1911 Census - Volume III - Part XII Occupations.pdf,data\raw\abs_1911_census\1911 Census - Volume III - Part XII Occupations.pdf,570,563,564,88 | 87 | 89,88,3,1,1842,complete_on_page,"88.—UNEMPLOYED PERSONS IN THE NORTHERN AND FEDERAL CAPITAL TERRITORIES, AT THE CENSUS OF 3RD APRIL, 1911, CLASSIFIED ACCORDING TO OCCUPATION AND PERIOD OF UNEMPLOYMENT",,,False,True,True,1,,False,
1911_census_volume_iii_part_xii_occupations,1911 Census - Volume III - Part XII Occupations.pdf,data\raw\abs_1911_census\1911 Census - Volume III - Part XII Occupations.pdf,570,564,565,88 | 87 | 89,88,3,1,1843,ends,"Unemployed Persons in the Northern and Federal Capital Territories, at the Census of 3rd April, 1911, classified according to Occupation and Period of Unemployment",,,False,True,True,1,,False,
1911_census_volume_iii_part_xii_occupations,1911 Census - Volume III - Part XII Occupations.pdf,data\raw\abs_1911_census\1911 Census - Volume III - Part XII Occupations.pdf,570,565,566,89 | 88 | 90 | 91,89 | 90,4,2,1844,boundary_multiple_tables,89.—UNEMPLOYED MALES IN THE COMMONWEALTH OF AUSTRALIA | 90.—UNEMPLOYED MALES IN THE STATES AND TERRITORIES OF THE COMMONWEALTH OF AUSTRALIA,,,True,True,True,1,,False,
1911_census_volume_iii_part_xii_occupations,1911 Census - Volume III - Part XII Occupations.pdf,data\raw\abs_1911_census\1911 Census - Volume III - Part XII Occupations.pdf,570,566,567,89 | 88 | 90 | 91,90,4,1,1845,continues,"Unemployed Males in the States and Territories of the Commonwealth of Australia, at the Census of 3rd April, 1911, classified according to Period of Unemployment and Age",,"III. QUEENSLAND, IV. SOUTH AUSTRALIA, V. WESTERN AUSTRALIA, VI. TASMANIA",False,True,True,1,,False,
1911_census_volume_iii_part_xii_occupations,1911 Census - Volume III - Part XII Occupations.pdf,data\raw\abs_1911_census\1911 Census - Volume III - Part XII Occupations.pdf,570,567,568,91 | 90 | 92,90 | 91,3,2,1846,boundary_multiple_tables,90.—UNEMPLOYED MALES IN THE STATES AND TERRITORIES—continued. | 91.—UNEMPLOYED FEMALES IN THE COMMONWEALTH OF AUSTRALIA,,,True,True,True,1,,False,
1911_census_volume_iii_part_xii_occupations,1911 Census - Volume III - Part XII Occupations.pdf,data\raw\abs_1911_census\1911 Census - Volume III - Part XII Occupations.pdf,570,568,569,92 | 91,92,2,1,1847,continues,"Unemployed Females in the States and Territories of the Commonwealth of Australia, at the Census of 3rd April, 1911, classified according to Period of Unemployment and Age",,"I.-NEW SOUTH WALES., II.-VICTORIA., III.-QUEENSLAND.",False,True,True,1,,False,
1911_census_volume_iii_part_xii_occupations,1911 Census - Volume III - Part XII Occupations.pdf,data\raw\abs_1911_census\1911 Census - Volume III - Part XII Occupations.pdf,570,569,570,92 | 91,92,2,1,1848,continues,92.—UNEMPLOYED FEMALES IN THE STATES AND TERRITORIES—continued.,,IV.—SOUTH AUSTRALIA.,False,True,True,1,,False,
1911_census_volume_iii_part_xiii_dwellings,1911 Census - Volume III - Part XIII Dwellings.pdf,data\raw\abs_1911_census\1911 Census - Volume III - Part XIII Dwellings.pdf,200,4,5,1 | 2 | 3,1 | 2,3,2,1853,boundary_multiple_tables,"Dwellings Occupied, Unoccupied and Being Built in the several States and Territories of the Commonwealth of Australia, at the Census of 3rd April, 1911 | Metropolitan and Extra-Metropolitan Area, Population, Density, etc., in the several States and Territories of the Commonwealth of Australia, at the Census of 3rd April, 1911",,,True,True,True,1,,False,
1911_census_volume_iii_part_xiii_dwellings,1911 Census - Volume III - Part XIII Dwellings.pdf,data\raw\abs_1911_census\1911 Census - Volume III - Part XIII Dwellings.pdf,200,5,6,3 | 2 | 4 | 5,3 | 4,4,2,1854,boundary_multiple_tables,"Occupied Dwellings in the several States and Territories of the Commonwealth of Australia, at the Census of 3rd April, 1911, classified according to Nature of Dwelling | Occupied Dwellings in the several States and Territories of the Commonwealth of Australia, at the Census of 3rd April, 1911, classified according to Number of Rooms",,,True,True,True,1,,False,
1911_census_volume_iii_part_xiii_dwellings,1911 Census - Volume III - Part XIII Dwellings.pdf,data\raw\abs_1911_census\1911 Census - Volume III - Part XIII Dwellings.pdf,200,6,7,3 | 2 | 4 | 5,4,4,1,1855,continues,"Occupied Dwellings in the several States and Territories of the Commonwealth of Australia, at the Census of 3rd April, 1911, classified according to Number of Rooms",,DWELLINGS OTHER THAN PRIVATE,False,True,True,1,,False,
1911_census_volume_iii_part_xiii_dwellings,1911 Census - Volume III - Part XIII Dwellings.pdf,data\raw\abs_1911_census\1911 Census - Volume III - Part XIII Dwellings.pdf,200,7,8,5 | 4 | 6,5,3,1,1856,complete_on_page,"Occupied Dwellings of 20 rooms and upwards in the several States and Territories of the Commonwealth of Australia at the Census of 3rd April, 1911",,,False,True,True,1,,False,
1911_census_volume_iii_part_xiii_dwellings,1911 Census - Volume III - Part XIII Dwellings.pdf,data\raw\abs_1911_census\1911 Census - Volume III - Part XIII Dwellings.pdf,200,8,9,6 | 5 | 7,6,3,1,1857,complete_on_page,"Occupied Dwellings in the several States and Territories of the Commonwealth of Australia, at the Census of 3rd April, 1911, classified according to Materials of which outer walls were built",,,False,True,True,1,,False,
1911_census_volume_iii_part_xiii_dwellings,1911 Census - Volume III - Part XIII Dwellings.pdf,data\raw\abs_1911_census\1911 Census - Volume III - Part XIII Dwellings.pdf,200,9,10,7 | 6 | 8,7,3,1,1858,continues,"Occupied Dwellings in the several States and Territories of the Commonwealth of Australia, at the Census of 3rd April, 1911, classified according to Weekly Rental Value",,,False,True,True,1,,False,
1911_census_volume_iii_part_xiii_dwellings,1911 Census - Volume III - Part XIII Dwellings.pdf,data\raw\abs_1911_census\1911 Census - Volume III - Part XIII Dwellings.pdf,200,10,11,7 | 6 | 8,7,3,1,1859,ends,7.-OCCUPIED DWELLINGS IN THE SEVERAL STATES AND TERRITORIES OF THE COMMONWEALTH OF AUSTRALIA.-continued.,,,False,True,True,1,,False,
1911_census_volume_iii_part_xiii_dwellings,1911 Census - Volume III - Part XIII Dwellings.pdf,data\raw\abs_1911_census\1911 Census - Volume III - Part XIII Dwellings.pdf,200,11,12,7 | 6 | 8,7,3,1,1860,continues,7.—OCCUPIED DWELLINGS IN THE SEVERAL STATES AND TERRITORIES OF THE COMMONWEALTH—continued.,,,False,True,True,1,,False,
1911_census_volume_iii_part_xiii_dwellings,1911 Census - Volume III - Part XIII Dwellings.pdf,data\raw\abs_1911_census\1911 Census - Volume III - Part XIII Dwellings.pdf,200,12,13,8 | 7 | 9,8,3,1,1861,complete_on_page,"Inmates of Dwellings (classified according to Number of Rooms) in the several States and Territories of the Commonwealth of Australia, at the Census of 3rd April, 1911",,,False,True,True,1,,False,
1911_census_volume_iii_part_xiii_dwellings,1911 Census - Volume III - Part XIII Dwellings.pdf,data\raw\abs_1911_census\1911 Census - Volume III - Part XIII Dwellings.pdf,200,13,14,9 | 8 | 10,8 | 9,3,2,1862,boundary_multiple_tables,"Inmates of Dwellings (classified according to Number of Rooms) in the several States and Territories of the Commonwealth of Australia, at the Census of 3rd April, 1911 | Inmates of Dwellings (classified according to Materials of which outer walls were built) in the several States and Territories of the Commonwealth of Australia, at the Census of 3rd April, 1911",,,True,True,True,1,,False,
1911_census_volume_iii_part_xiii_dwellings,1911 Census - Volume III - Part XIII Dwellings.pdf,data\raw\abs_1911_census\1911 Census - Volume III - Part XIII Dwellings.pdf,200,14,15,9 | 8 | 10,9,3,1,1863,ends,"Inmates of Dwellings (classified according to Materials of which outer walls were built) in the several States and Territories of the Commonwealth of Australia, at the Census of 3rd April, 1911",,,False,True,True,1,,False,
1911_census_volume_iii_part_xiii_dwellings,1911 Census - Volume III - Part XIII Dwellings.pdf,data\raw\abs_1911_census\1911 Census - Volume III - Part XIII Dwellings.pdf,200,15,16,10 | 9 | 11 | 12,10 | 11,4,2,1864,boundary_multiple_tables,"10.—OCCUPIED DWELLINGS IN THE Commonwealth of Australia, at the Census of 3rd April, 1911, classified according to Nature of Dwelling and Number of Rooms | 11.—OCCUPIED DWELLINGS IN THE several States and Territories of the Commonwealth of Australia, at the Census of 3rd April, 1911, classified according to Nature of Dwelling and Number of Rooms",I.—NEW SOUTH WALES.,,True,True,True,1,,False,
1911_census_volume_iii_part_xiii_dwellings,1911 Census - Volume III - Part XIII Dwellings.pdf,data\raw\abs_1911_census\1911 Census - Volume III - Part XIII Dwellings.pdf,200,16,17,10 | 9 | 11 | 12,10 | 11,4,2,1865,boundary_multiple_tables,"Occupied Dwellings in the Commonwealth of Australia, at the Census of 3rd April, 1911, classified according to Nature of Dwelling and Number of Rooms | Occupied Dwellings in the several States and Territories of the Commonwealth of Australia, at the Census of 3rd April, 1911, classified according to Nature of Dwelling and Number of Rooms",,COMMONWEALTH OF AUSTRALIA; TERRITORIES OF THE COMMONWEALTH OF AUSTRALIA,True,True,True,1,,False,
1911_census_volume_iii_part_xiii_dwellings,1911 Census - Volume III - Part XIII Dwellings.pdf,data\raw\abs_1911_census\1911 Census - Volume III - Part XIII Dwellings.pdf,200,17,18,10 | 9 | 11 | 12,11,4,1,1866,continues,"Occupied Dwellings in the several States and Territories of the Commonwealth of Australia, at the Census of 3rd April, 1911, classified according to Nature of Dwelling and Number of Rooms",,"II. VICTORIA, III. QUEENSLAND, IV. SOUTH AUSTRALIA",False,True,True,1,,False,
1911_census_volume_iii_part_xiii_dwellings,1911 Census - Volume III - Part XIII Dwellings.pdf,data\raw\abs_1911_census\1911 Census - Volume III - Part XIII Dwellings.pdf,200,18,19,10 | 9 | 11 | 12,11,4,1,1867,continues,"Occupied Dwellings in the several States and Territories of the Commonwealth of Australia, at the Census of 3rd April, 1911, classified according to Nature of Dwelling and Number of Rooms",,"II.-VICTORIA, III.-QUEENSLAND, IV.-SOUTH AUSTRALIA",False,False,True,1,,False,
1911_census_volume_iii_part_xiii_dwellings,1911 Census - Volume III - Part XIII Dwellings.pdf,data\raw\abs_1911_census\1911 Census - Volume III - Part XIII Dwellings.pdf,200,19,20,10 | 9 | 11 | 12,11,4,1,1868,continues,"Occupied Dwellings in the several States and Territories of the Commonwealth of Australia, at the Census of 3rd April, 1911, classified according to Nature of Dwelling and Number of Rooms",,"V.-WESTERN AUSTRALIA, VI.-TASMANIA, VII.-NORTHERN TERRITORY, VIII.-FEDERAL TERRITORY",False,True,True,1,,False,
1911_census_volume_iii_part_xiii_dwellings,1911 Census - Volume III - Part XIII Dwellings.pdf,data\raw\abs_1911_census\1911 Census - Volume III - Part XIII Dwellings.pdf,200,20,21,10 | 9 | 11 | 12,10 | 11,4,2,1869,ends,"Occupied Dwellings in the Commonwealth of Australia, at the Census of 3rd April, 1911, classified according to Nature of Dwelling and Number of Rooms | Occupied Dwellings in the several States and Territories of the Commonwealth of Australia, at the Census of 3rd April, 1911, classified according to Nature of Dwelling and Number of Rooms",,"V.-WESTERN AUSTRALIA, VI.-TASMANIA, VII.-NORTHERN TERRITORY, VIII.-FEDERAL TERRITORY",False,False,True,1,,False,
1911_census_volume_iii_part_xiii_dwellings,1911 Census - Volume III - Part XIII Dwellings.pdf,data\raw\abs_1911_census\1911 Census - Volume III - Part XIII Dwellings.pdf,200,21,22,12 | 11 | 13,12,3,1,1870,ends,"Occupied Dwellings in the Commonwealth of Australia, at the Census of 3rd April, 1911, classified according to Materials of which outer walls were built and Number of Rooms",,,False,True,True,1,,False,
1911_census_volume_iii_part_xiii_dwellings,1911 Census - Volume III - Part XIII Dwellings.pdf,data\raw\abs_1911_census\1911 Census - Volume III - Part XIII Dwellings.pdf,200,22,23,12 | 11 | 13,12,3,1,1871,ends,"Occupied Dwellings in the Commonwealth of Australia, at the Census of 3rd April, 1911, classified according to Materials of which outer walls were built and Number of Rooms",,COMMONWEALTH OF AUSTRALIA,False,False,True,1,,False,
1911_census_volume_iii_part_xiii_dwellings,1911 Census - Volume III - Part XIII Dwellings.pdf,data\raw\abs_1911_census\1911 Census - Volume III - Part XIII Dwellings.pdf,200,23,24,13 | 12 | 14,13,3,1,1872,continues,"13.—OCCUPIED DWELLINGS IN THE STATE OF NEW SOUTH WALES, AT THE CENSUS OF 3RD APRIL, 1911, CLASSIFIED ACCORDING TO MATERIALS OF WHICH OUTER WALLS WERE BUILT AND NUMBER OF ROOMS",,,False,True,True,1,,False,
1911_census_volume_iii_part_xiii_dwellings,1911 Census - Volume III - Part XIII Dwellings.pdf,data\raw\abs_1911_census\1911 Census - Volume III - Part XIII Dwellings.pdf,200,24,25,13 | 12 | 14,14,3,1,1873,starts,"Occupied Dwellings in the State of Victoria, at the Census of 3rd April, 1911, classified according to Materials of which outer walls were built and Number of Rooms",,STATE OF VICTORIA,False,True,True,0.95,The page header says 'STATE OF NEW SOUTH WALES' but the table content and the candidate list indicate this is the start of Table 14 for Victoria.,False,
1911_census_volume_iii_part_xiii_dwellings,1911 Census - Volume III - Part XIII Dwellings.pdf,data\raw\abs_1911_census\1911 Census - Volume III - Part XIII Dwellings.pdf,200,25,26,14 | 13 | 15,14,3,1,1874,ends,14.—OCCUPIED DWELLINGS IN,,,False,True,True,1,,False,
1911_census_volume_iii_part_xiii_dwellings,1911 Census - Volume III - Part XIII Dwellings.pdf,data\raw\abs_1911_census\1911 Census - Volume III - Part XIII Dwellings.pdf,200,26,27,14 | 13 | 15,14,3,1,1875,ends,"Occupied Dwellings in the State of Victoria, at the Census of 3rd April, 1911, classified according to Materials of which outer walls were built and Number of Rooms",,THE STATE OF VICTORIA,False,True,True,1,,False,
1911_census_volume_iii_part_xiii_dwellings,1911 Census - Volume III - Part XIII Dwellings.pdf,data\raw\abs_1911_census\1911 Census - Volume III - Part XIII Dwellings.pdf,200,27,28,15 | 14 | 16,15,3,1,1876,complete_on_page,"Occupied Dwellings in the State of Queensland, at the Census of 3rd April, 1911, classified according to Materials of which outer walls were built and Number of Rooms",,,False,True,True,1,,False,
1911_census_volume_iii_part_xiii_dwellings,1911 Census - Volume III - Part XIII Dwellings.pdf,data\raw\abs_1911_census\1911 Census - Volume III - Part XIII Dwellings.pdf,200,28,29,15 | 14 | 16,15,3,1,1877,ends,"Occupied Dwellings in the State of Queensland, at the Census of 3rd April, 1911, classified according to Materials of which outer walls were built and Number of Rooms",,THE STATE OF QUEENSLAND,False,True,True,1,,False,
1911_census_volume_iii_part_xiii_dwellings,1911 Census - Volume III - Part XIII Dwellings.pdf,data\raw\abs_1911_census\1911 Census - Volume III - Part XIII Dwellings.pdf,200,29,30,16 | 15 | 17,16,3,1,1878,ends,16.—OCCUPIED DWELLINGS IN THE,,,False,True,True,1,,False,
1911_census_volume_iii_part_xiii_dwellings,1911 Census - Volume III - Part XIII Dwellings.pdf,data\raw\abs_1911_census\1911 Census - Volume III - Part XIII Dwellings.pdf,200,30,31,16 | 15 | 17,16,3,1,1879,ends,"Occupied Dwellings in the State of South Australia, at the Census of 3rd April, 1911, classified according to Materials of which outer walls were built, and Number of Rooms",,STATE OF SOUTH AUSTRALIA,False,True,True,1,,False,
1911_census_volume_iii_part_xiii_dwellings,1911 Census - Volume III - Part XIII Dwellings.pdf,data\raw\abs_1911_census\1911 Census - Volume III - Part XIII Dwellings.pdf,200,31,32,17 | 16 | 18,17,3,1,1880,ends,"17.—OCCUPIED DWELLINGS IN THE STATE OF WESTERN AUSTRALIA, AT THE CENSUS OF 3RD APRIL, 1911, CLASSIFIED ACCORDING TO MATERIALS OF WHICH OUTER WALLS WERE BUILT AND NUMBER OF ROOMS",,,False,True,True,1,,False,
1911_census_volume_iii_part_xiii_dwellings,1911 Census - Volume III - Part XIII Dwellings.pdf,data\raw\abs_1911_census\1911 Census - Volume III - Part XIII Dwellings.pdf,200,32,33,17 | 16 | 18,17,3,1,1881,ends,"Occupied Dwellings in the State of Western Australia, at the Census of 3rd April, 1911, classified according to Materials of which outer walls were built and Number of Rooms",,,False,True,True,1,,False,
1911_census_volume_iii_part_xiii_dwellings,1911 Census - Volume III - Part XIII Dwellings.pdf,data\raw\abs_1911_census\1911 Census - Volume III - Part XIII Dwellings.pdf,200,33,34,18 | 17 | 19 | 20,18 | 19,4,2,1882,boundary_multiple_tables,"Occupied Dwellings in the State of Tasmania, at the Census of 3rd April, 1911, classified according to Materials of which outer walls were built and Number of Rooms | Occupied Dwellings in the Northern Territory, at the Census of 3rd April, 1911, classified according to Materials of which outer walls were built and Number of Rooms",,,True,True,True,1,,False,
1911_census_volume_iii_part_xiii_dwellings,1911 Census - Volume III - Part XIII Dwellings.pdf,data\raw\abs_1911_census\1911 Census - Volume III - Part XIII Dwellings.pdf,200,34,35,18 | 17 | 19 | 20,18 | 19,4,2,1883,boundary_multiple_tables,"Occupied Dwellings in the State of Tasmania, at the Census of 3rd April, 1911, classified according to Materials of which outer walls were built and Number of Rooms | Occupied Dwellings in the Northern Territory, at the Census of 3rd April, 1911, classified according to Materials of which outer walls were built and Number of Rooms",,,True,True,True,1,,False,
1911_census_volume_iii_part_xiii_dwellings,1911 Census - Volume III - Part XIII Dwellings.pdf,data\raw\abs_1911_census\1911 Census - Volume III - Part XIII Dwellings.pdf,200,35,36,20 | 19 | 21,19 | 20,3,2,1884,boundary_multiple_tables,"19.—OCCUPIED DWELLINGS IN THE | 20.—OCCUPIED DWELLINGS IN At the Census of 3rd April, 1911, classified according to Materials (Exclusive of Dwellings occupied solely",,,True,True,True,1,,False,
1911_census_volume_iii_part_xiii_dwellings,1911 Census - Volume III - Part XIII Dwellings.pdf,data\raw\abs_1911_census\1911 Census - Volume III - Part XIII Dwellings.pdf,200,36,37,20 | 19 | 21,20,3,1,1885,continues,"Occupied Dwellings in the Federal Territory, at the Census of 3rd April, 1911, classified according to Materials of which outer walls were built and Number of Rooms",,THE FEDERAL TERRITORY,False,True,True,1,,False,
1911_census_volume_iii_part_xiii_dwellings,1911 Census - Volume III - Part XIII Dwellings.pdf,data\raw\abs_1911_census\1911 Census - Volume III - Part XIII Dwellings.pdf,200,37,38,21 | 20 | 22,21,3,1,1886,continues,"21.—OCCUPIED DWELLINGS IN THE Commonwealth of Australia, at the Census of 3rd April, 1911, classified according to Materials of which outer walls were built and Number of Inmates",,,False,True,True,1,,False,
1911_census_volume_iii_part_xiii_dwellings,1911 Census - Volume III - Part XIII Dwellings.pdf,data\raw\abs_1911_census\1911 Census - Volume III - Part XIII Dwellings.pdf,200,38,39,21 | 20 | 22,22,3,1,1887,starts,"Occupied Dwellings in the State of New South Wales, at the Census of 3rd April, 1911, classified according to Materials of which outer walls were built and Number of Inmates",,New South Wales,False,True,True,0.9,"The page header indicates Commonwealth of Australia, but the table content matches the start of Table 22 for New South Wales based on the provided candidate list and document structure.",False,
1911_census_volume_iii_part_xiii_dwellings,1911 Census - Volume III - Part XIII Dwellings.pdf,data\raw\abs_1911_census\1911 Census - Volume III - Part XIII Dwellings.pdf,200,39,40,22 | 21 | 23,22,3,1,1388,ends,"22.—OCCUPIED DWELLINGS IN THE STATE OF NEW SOUTH WALES, AT THE CENSUS OF 3RD APRIL, 1911, CLASSIFIED ACCORDING TO MATERIALS OF WHICH OUTER WALLS WERE BUILT AND NUMBER OF INMATES",,,False,True,True,1,,False,
1911_census_volume_iii_part_xiii_dwellings,1911 Census - Volume III - Part XIII Dwellings.pdf,data\raw\abs_1911_census\1911 Census - Volume III - Part XIII Dwellings.pdf,200,40,41,22 | 21 | 23,23,3,1,1889,starts,"Occupied Dwellings in the State of Victoria, at the Census of 3rd April, 1911, classified according to Materials of which outer walls were built and Number of Inmates",,STATE OF VICTORIA,False,True,True,0.9,The page header says 'STATE OF NEW SOUTH WALES' but the content matches the structure of Table 23 (Victoria) and the previous page was the end of NSW. It appears to be a misprint in the source document header.,False,
1911_census_volume_iii_part_xiii_dwellings,1911 Census - Volume III - Part XIII Dwellings.pdf,data\raw\abs_1911_census\1911 Census - Volume III - Part XIII Dwellings.pdf,200,41,42,23 | 22 | 24,23,3,1,1890,continues,"23.—OCCUPIED DWELLINGS IN At the Census of 3rd April, 1911, Classified according to Materials (Exclusive of Dwellings occupied solely",,,False,True,True,1,,False,
1911_census_volume_iii_part_xiii_dwellings,1911 Census - Volume III - Part XIII Dwellings.pdf,data\raw\abs_1911_census\1911 Census - Volume III - Part XIII Dwellings.pdf,200,42,43,23 | 22 | 24,24,3,1,1891,starts,"Occupied Dwellings in the State of Queensland, at the Census of 3rd April, 1911, classified according to Materials of which outer walls were built and Number of Inmates",,THE STATE OF QUEENSLAND,False,True,True,0.9,The page header says 'THE STATE OF VICTORIA' but the content matches the structure and data for Queensland (Table 24) as per the candidate list provided for this page index.,False,
1911_census_volume_iii_part_xiii_dwellings,1911 Census - Volume III - Part XIII Dwellings.pdf,data\raw\abs_1911_census\1911 Census - Volume III - Part XIII Dwellings.pdf,200,43,44,24 | 23 | 25,24,3,1,1892,continues,"24. OCCUPIED DWELLINGS IN THE STATE OF QUEENSLAND, AT THE CENSUS OF 3RD APRIL, 1911, CLASSIFIED ACCORDING TO MATERIALS OF WHICH OUTER WALLS WERE BUILT AND NUMBER OF INMATES",,,False,True,True,1,,False,
1911_census_volume_iii_part_xiii_dwellings,1911 Census - Volume III - Part XIII Dwellings.pdf,data\raw\abs_1911_census\1911 Census - Volume III - Part XIII Dwellings.pdf,200,44,45,24 | 23 | 25,24,3,1,1893,ends,"Occupied Dwellings in the State of Queensland, at the Census of 3rd April, 1911, classified according to Materials of which outer walls were built and Number of Inmates",,THE STATE OF QUEENSLAND,False,True,True,1,,False,
1911_census_volume_iii_part_xiii_dwellings,1911 Census - Volume III - Part XIII Dwellings.pdf,data\raw\abs_1911_census\1911 Census - Volume III - Part XIII Dwellings.pdf,200,45,46,25 | 24 | 26,25,3,1,1894,continues,25.—OCCUPIED DWELLINGS IN THE,,,False,True,True,1,,False,
1911_census_volume_iii_part_xiii_dwellings,1911 Census - Volume III - Part XIII Dwellings.pdf,data\raw\abs_1911_census\1911 Census - Volume III - Part XIII Dwellings.pdf,200,46,47,25 | 24 | 26,25,3,1,1895,ends,"Occupied Dwellings in the State of South Australia, at the Census of 3rd April, 1911, classified according to Materials of which outer walls were built and Number of Inmates",,STATE OF SOUTH AUSTRALIA,False,True,True,1,,False,
1911_census_volume_iii_part_xiii_dwellings,1911 Census - Volume III - Part XIII Dwellings.pdf,data\raw\abs_1911_census\1911 Census - Volume III - Part XIII Dwellings.pdf,200,47,48,26 | 25 | 27,26,3,1,1896,ends,"26.—OCCUPIED DWELLINGS IN THE STATE OF WESTERN AUSTRALIA, AT THE CENSUS OF 3RD APRIL, 1911, CLASSIFIED ACCORDING TO MATERIALS OF WHICH OUTER WALLS WERE BUILT AND NUMBER OF INMATES",,,False,True,True,1,,False,
1911_census_volume_iii_part_xiii_dwellings,1911 Census - Volume III - Part XIII Dwellings.pdf,data\raw\abs_1911_census\1911 Census - Volume III - Part XIII Dwellings.pdf,200,48,49,26 | 25 | 27,26,3,1,1897,ends,"Occupied Dwellings in the State of Western Australia, at the Census of 3rd April, 1911, classified according to Materials of which outer walls were built and Number of Inmates",,STATE OF WESTERN AUSTRALIA,False,True,True,1,,False,
1911_census_volume_iii_part_xiii_dwellings,1911 Census - Volume III - Part XIII Dwellings.pdf,data\raw\abs_1911_census\1911 Census - Volume III - Part XIII Dwellings.pdf,200,49,50,27 | 26 | 28 | 29,27 | 28,4,2,1898,boundary_multiple_tables,27.—OCCUPIED DWELLINGS IN | 28.—OCCUPIED DWELLINGS IN,,,True,True,True,1,,False,
1911_census_volume_iii_part_xiii_dwellings,1911 Census - Volume III - Part XIII Dwellings.pdf,data\raw\abs_1911_census\1911 Census - Volume III - Part XIII Dwellings.pdf,200,50,51,27 | 26 | 28 | 29,27 | 28,4,2,1899,boundary_multiple_tables,"Occupied Dwellings in the State of Tasmania, at the Census of 3rd April, 1911, classified according to Materials of which outer walls were built and Number of Inmates | Occupied Dwellings in the Northern Territory, at the Census of 3rd April, 1911, classified according to Materials of which outer walls were built and Number of Inmates",,,True,True,True,1,,False,
1911_census_volume_iii_part_xiii_dwellings,1911 Census - Volume III - Part XIII Dwellings.pdf,data\raw\abs_1911_census\1911 Census - Volume III - Part XIII Dwellings.pdf,200,51,52,29 | 28 | 30,28 | 29,3,2,1900,boundary_multiple_tables,"28.—OCCUPIED DWELLINGS IN THE | 29.—OCCUPIED DWELLINGS IN At the Census of 3rd April, 1911, Classified according to Materials (Exclusive of Dwellings occupied",,,True,True,True,1,,False,
1911_census_volume_iii_part_xiii_dwellings,1911 Census - Volume III - Part XIII Dwellings.pdf,data\raw\abs_1911_census\1911 Census - Volume III - Part XIII Dwellings.pdf,200,52,53,29 | 28 | 30,29,3,1,1901,ends,"Occupied Dwellings in the Federal Territory, at the Census of 3rd April, 1911, classified according to Materials of which outer walls were built and Number of Inmates",,THE FEDERAL TERRITORY,False,True,True,1,,False,
1911_census_volume_iii_part_xiii_dwellings,1911 Census - Volume III - Part XIII Dwellings.pdf,data\raw\abs_1911_census\1911 Census - Volume III - Part XIII Dwellings.pdf,200,53,54,30 | 29 | 31,30,3,1,54,continues,"30.—OCCUPIED DWELLINGS IN THE COMMONWEALTH OF AUSTRALIA, AT THE CENSUS OF 3RD APRIL, 1911, CLASSIFIED ACCORDING TO NUMBER OF ROOMS AND NUMBER OF INMATES",,,False,True,True,1,,False,
1911_census_volume_iii_part_xiii_dwellings,1911 Census - Volume III - Part XIII Dwellings.pdf,data\raw\abs_1911_census\1911 Census - Volume III - Part XIII Dwellings.pdf,200,54,55,30 | 29 | 31,30,3,1,1903,ends,"Occupied Dwellings in the Commonwealth of Australia, at the Census of 3rd April, 1911, classified according to Number of Rooms and Number of Inmates",,COMMONWEALTH OF AUSTRALIA to Number of Rooms and Number of Inmates solely by Full-blooded Aboriginals,False,True,True,1,,False,
1911_census_volume_iii_part_xiii_dwellings,1911 Census - Volume III - Part XIII Dwellings.pdf,data\raw\abs_1911_census\1911 Census - Volume III - Part XIII Dwellings.pdf,200,55,56,31 | 30 | 32,31,3,1,1904,ends,"31.—OCCUPIED DWELLINGS IN THE STATE OF NEW SOUTH WALES, AT THE CENSUS OF 3RD APRIL, 1911, CLASSIFIED ACCORDING TO NUMBER OF ROOMS AND NUMBER OF INMATES",,,False,True,True,1,,False,
1911_census_volume_iii_part_xiii_dwellings,1911 Census - Volume III - Part XIII Dwellings.pdf,data\raw\abs_1911_census\1911 Census - Volume III - Part XIII Dwellings.pdf,200,56,57,31 | 30 | 32,,3,0,1905,non_table,,STATE OF NEW SOUTH WALES to Number of Rooms and Number of Inmates solely by Full-blooded Aboriginals.,,False,True,True,0.9,"The page contains a table regarding Aboriginals in New South Wales, which is not listed in the provided candidate table numbers.",False,
1911_census_volume_iii_part_xiii_dwellings,1911 Census - Volume III - Part XIII Dwellings.pdf,data\raw\abs_1911_census\1911 Census - Volume III - Part XIII Dwellings.pdf,200,57,58,32 | 31 | 33,32,3,1,1906,ends,"32.—OCCUPIED DWELLINGS IN THE STATE OF VICTORIA, AT THE CENSUS OF 3RD APRIL, 1911, CLASSIFIED ACCORDING TO NUMBER OF ROOMS AND NUMBER OF INMATES",,,False,True,True,1,,False,
1911_census_volume_iii_part_xiii_dwellings,1911 Census - Volume III - Part XIII Dwellings.pdf,data\raw\abs_1911_census\1911 Census - Volume III - Part XIII Dwellings.pdf,200,58,59,32 | 31 | 33,33,3,1,1907,starts,"Occupied Dwellings in the State of Queensland, at the Census of 3rd April, 1911, classified according to Number of Rooms and Number of Inmates",,THE STATE OF VICTORIA,False,True,True,0.9,"The page header says 'THE STATE OF VICTORIA', but the table content matches the structure of the Queensland table (Table 33) and the page index indicates this is the start of the Queensland table.",False,
1911_census_volume_iii_part_xiii_dwellings,1911 Census - Volume III - Part XIII Dwellings.pdf,data\raw\abs_1911_census\1911 Census - Volume III - Part XIII Dwellings.pdf,200,59,60,33 | 32 | 34,33,3,1,1908,ends,"33.—OCCUPIED DWELLINGS IN the State of Queensland, at the Census of 3rd April, 1911, Classified according to Number of Rooms and Number of Inmates",,,False,True,True,1,,False,
1911_census_volume_iii_part_xiii_dwellings,1911 Census - Volume III - Part XIII Dwellings.pdf,data\raw\abs_1911_census\1911 Census - Volume III - Part XIII Dwellings.pdf,200,60,61,33 | 32 | 34,33,3,1,1909,ends,"Occupied Dwellings in the State of Queensland, at the Census of 3rd April, 1911, classified according to Number of Rooms and Number of Inmates",,THE STATE OF QUEENSLAND to Number of Rooms and Number of Inmates solely by Full-blooded Aboriginals,False,False,True,1,,False,
1911_census_volume_iii_part_xiii_dwellings,1911 Census - Volume III - Part XIII Dwellings.pdf,data\raw\abs_1911_census\1911 Census - Volume III - Part XIII Dwellings.pdf,200,61,62,34 | 33 | 35,34,3,1,62,ends,"34.—OCCUPIED DWELLINGS IN THE At the Census of 3rd April, 1911, Classified according (Exclusive of Dwellings occupied",,,False,True,True,1,,False,
1911_census_volume_iii_part_xiii_dwellings,1911 Census - Volume III - Part XIII Dwellings.pdf,data\raw\abs_1911_census\1911 Census - Volume III - Part XIII Dwellings.pdf,200,62,63,34 | 33 | 35,35,3,1,63,starts,"Occupied Dwellings in the State of Western Australia, at the Census of 3rd April, 1911, classified according to Number of Rooms and Number of Inmates",,STATE OF WESTERN AUSTRALIA,False,True,True,1,,False,
1911_census_volume_iii_part_xiii_dwellings,1911 Census - Volume III - Part XIII Dwellings.pdf,data\raw\abs_1911_census\1911 Census - Volume III - Part XIII Dwellings.pdf,200,63,64,35 | 34 | 36,35,3,1,64,continues,"35.—OCCUPIED DWELLINGS IN THE At the Census of 3rd April, 1911, Classified according (Exclusive of Dwellings occupied",,,False,True,True,1,,False,
1911_census_volume_iii_part_xiii_dwellings,1911 Census - Volume III - Part XIII Dwellings.pdf,data\raw\abs_1911_census\1911 Census - Volume III - Part XIII Dwellings.pdf,200,64,65,35 | 34 | 36,35,3,1,,ends,"Occupied Dwellings in the State of Western Australia, at the Census of 3rd April, 1911, classified according to Number of Rooms and Number of Inmates",,STATE OF WESTERN AUSTRALIA,False,True,True,1,,False,
1911_census_volume_iii_part_xiii_dwellings,1911 Census - Volume III - Part XIII Dwellings.pdf,data\raw\abs_1911_census\1911 Census - Volume III - Part XIII Dwellings.pdf,200,65,66,36 | 35 | 37,36,3,1,66,ends,"36. OCCUPIED DWELLINGS IN THE STATE OF TASMANIA, AT THE CENSUS OF 3RD APRIL, 1911, CLASSIFIED ACCORDING TO NUMBER OF ROOMS AND NUMBER OF INMATES",,,False,True,True,1,,False,
1911_census_volume_iii_part_xiii_dwellings,1911 Census - Volume III - Part XIII Dwellings.pdf,data\raw\abs_1911_census\1911 Census - Volume III - Part XIII Dwellings.pdf,200,66,67,36 | 35 | 37,36,3,1,67,ends,"Occupied Dwellings in the State of Tasmania, at the Census of 3rd April, 1911, classified according to Number of Rooms and Number of Inmates",,THE STATE OF TASMANIA,False,True,True,1,,False,
1911_census_volume_iii_part_xiii_dwellings,1911 Census - Volume III - Part XIII Dwellings.pdf,data\raw\abs_1911_census\1911 Census - Volume III - Part XIII Dwellings.pdf,200,67,68,37 | 36 | 38,37,3,1,68,ends,"37.—OCCUPIED DWELLINGS IN THE NORTHERN TERRITORY, AT THE CENSUS OF 3RD APRIL, 1911, CLASSIFIED ACCORDING TO NUMBER OF ROOMS AND NUMBER OF INMATES",,,False,True,True,1,,False,
1911_census_volume_iii_part_xiii_dwellings,1911 Census - Volume III - Part XIII Dwellings.pdf,data\raw\abs_1911_census\1911 Census - Volume III - Part XIII Dwellings.pdf,200,68,69,37 | 36 | 38,37,3,1,1917,ends,"Occupied Dwellings in the Northern Territory, at the Census of 3rd April, 1911, classified according to Number of Rooms and Number of Inmates",,THE NORTHERN TERRITORY,False,True,True,1,,False,
1911_census_volume_iii_part_xiii_dwellings,1911 Census - Volume III - Part XIII Dwellings.pdf,data\raw\abs_1911_census\1911 Census - Volume III - Part XIII Dwellings.pdf,200,69,70,38 | 37 | 39,38,3,1,1918,ends,"Occupied Dwellings in the Federal Territory, at the Census of 3rd April, 1911, classified according to Number of Rooms and Number of Inmates",,,False,True,True,1,,False,
1911_census_volume_iii_part_xiii_dwellings,1911 Census - Volume III - Part XIII Dwellings.pdf,data\raw\abs_1911_census\1911 Census - Volume III - Part XIII Dwellings.pdf,200,70,71,38 | 37 | 39,38,3,1,1919,ends,"Occupied Dwellings in the Federal Territory, at the Census of 3rd April, 1911, classified according to Number of Rooms and Number of Inmates",,THE FEDERAL TERRITORY,False,True,True,1,,False,
1911_census_volume_iii_part_xiii_dwellings,1911 Census - Volume III - Part XIII Dwellings.pdf,data\raw\abs_1911_census\1911 Census - Volume III - Part XIII Dwellings.pdf,200,71,72,39 | 38 | 40,39,3,1,1920,continues,39.--OCCUPIED DWELLINGS IN THE,,PRIVATE DWELLINGS (PRIVATE HOUSES AND TENEMENTS THEREIN).,False,True,True,1,,False,
1911_census_volume_iii_part_xiii_dwellings,1911 Census - Volume III - Part XIII Dwellings.pdf,data\raw\abs_1911_census\1911 Census - Volume III - Part XIII Dwellings.pdf,200,72,73,39 | 38 | 40,39,3,1,1921,continues,"Occupied Dwellings in the Commonwealth of Australia, at the Census of 3rd April, 1911, classified according to Weekly Rental Value and Number of Rooms",,COMMONWEALTH OF AUSTRALIA,False,True,True,1,,False,
1911_census_volume_iii_part_xiii_dwellings,1911 Census - Volume III - Part XIII Dwellings.pdf,data\raw\abs_1911_census\1911 Census - Volume III - Part XIII Dwellings.pdf,200,73,74,39 | 38 | 40,39,3,1,1922,ends,39.—OCCUPIED DWELLINGS IN THE,,,False,True,True,1,,False,
1911_census_volume_iii_part_xiii_dwellings,1911 Census - Volume III - Part XIII Dwellings.pdf,data\raw\abs_1911_census\1911 Census - Volume III - Part XIII Dwellings.pdf,200,74,75,39 | 38 | 40,39,3,1,75,ends,"Occupied Dwellings in the Commonwealth of Australia, at the Census of 3rd April, 1911, classified according to Weekly Rental Value and Number of Rooms",,DWELLINGS OTHER THAN PRIVATE,False,False,True,1,,False,
1911_census_volume_iii_part_xiii_dwellings,1911 Census - Volume III - Part XIII Dwellings.pdf,data\raw\abs_1911_census\1911 Census - Volume III - Part XIII Dwellings.pdf,200,75,76,40 | 39 | 41,40,3,1,76,continues,"40. OCCUPIED DWELLINGS IN THE State of New South Wales, at the Census of 3rd April, 1911, classified according to Weekly Rental Value and Number of Rooms",,PRIVATE DWELLINGS (PRIVATE HOUSES AND TENEMENTS THEREIN).,False,True,True,1,,False,
1911_census_volume_iii_part_xiii_dwellings,1911 Census - Volume III - Part XIII Dwellings.pdf,data\raw\abs_1911_census\1911 Census - Volume III - Part XIII Dwellings.pdf,200,76,77,40 | 39 | 41,40,3,1,1925,continues,"Occupied Dwellings in the State of New South Wales, at the Census of 3rd April, 1911, classified according to Weekly Rental Value and Number of Rooms",PRIVATE DWELLINGS (PRIVATE HOUSES AND TENEMENTS THEREIN).,STATE OF NEW SOUTH WALES,False,True,True,1,,False,
1911_census_volume_iii_part_xiii_dwellings,1911 Census - Volume III - Part XIII Dwellings.pdf,data\raw\abs_1911_census\1911 Census - Volume III - Part XIII Dwellings.pdf,200,77,78,40 | 39 | 41,40,3,1,1926,ends,40.—OCCUPIED DWELLINGS IN THE,,DWELLINGS OTHER THAN PRIVATE.,False,True,True,1,,False,
1911_census_volume_iii_part_xiii_dwellings,1911 Census - Volume III - Part XIII Dwellings.pdf,data\raw\abs_1911_census\1911 Census - Volume III - Part XIII Dwellings.pdf,200,78,79,40 | 39 | 41,40,3,1,1927,ends,"Occupied Dwellings in the State of New South Wales, at the Census of 3rd April, 1911, classified according to Weekly Rental Value and Number of Rooms",,STATE OF NEW SOUTH WALES—continued.,False,False,True,1,,False,
1911_census_volume_iii_part_xiii_dwellings,1911 Census - Volume III - Part XIII Dwellings.pdf,data\raw\abs_1911_census\1911 Census - Volume III - Part XIII Dwellings.pdf,200,79,80,41 | 40 | 42,41,3,1,1928,starts,"41. OCCUPIED DWELLINGS IN THE STATE OF VICTORIA, AT THE CENSUS OF 3RD APRIL, 1911, CLASSIFIED ACCORDING TO WEEKLY RENTAL VALUE AND NUMBER OF ROOMS",PRIVATE DWELLINGS (PRIVATE HOUSES AND TENEMENTS THEREIN).,,False,True,True,1,,False,
1911_census_volume_iii_part_xiii_dwellings,1911 Census - Volume III - Part XIII Dwellings.pdf,data\raw\abs_1911_census\1911 Census - Volume III - Part XIII Dwellings.pdf,200,80,81,41 | 40 | 42,41,3,1,1929,continues,"Occupied Dwellings in the State of Victoria, at the Census of 3rd April, 1911, classified according to Weekly Rental Value and Number of Rooms",PRIVATE DWELLINGS (PRIVATE HOUSES AND TENEMENTS THEREIN).,THE STATE OF VICTORIA,False,True,True,1,,False,
1911_census_volume_iii_part_xiii_dwellings,1911 Census - Volume III - Part XIII Dwellings.pdf,data\raw\abs_1911_census\1911 Census - Volume III - Part XIII Dwellings.pdf,200,81,82,41 | 40 | 42,41,3,1,1930,ends,41.—OCCUPIED DWELLINGS IN THE,DWELLINGS OTHER THAN PRIVATE.,,False,True,True,1,,False,
1911_census_volume_iii_part_xiii_dwellings,1911 Census - Volume III - Part XIII Dwellings.pdf,data\raw\abs_1911_census\1911 Census - Volume III - Part XIII Dwellings.pdf,200,82,83,41 | 40 | 42,41,3,1,1931,ends,"Occupied Dwellings in the State of Victoria, at the Census of 3rd April, 1911, classified according to Weekly Rental Value and Number of Rooms",DWELLINGS OTHER THAN PRIVATE.,STATE OF VICTORIA--continued.,False,True,True,1,,False,
1911_census_volume_iii_part_xiii_dwellings,1911 Census - Volume III - Part XIII Dwellings.pdf,data\raw\abs_1911_census\1911 Census - Volume III - Part XIII Dwellings.pdf,200,83,84,42 | 41 | 43,42,3,1,1932,continues,42.—OCCUPIED DWELLINGS IN,,PRIVATE DWELLINGS (PRIVATE HOUSES AND TENEMENTS THEREIN).,False,True,True,1,,False,
1911_census_volume_iii_part_xiii_dwellings,1911 Census - Volume III - Part XIII Dwellings.pdf,data\raw\abs_1911_census\1911 Census - Volume III - Part XIII Dwellings.pdf,200,84,85,42 | 41 | 43,42,3,1,1933,continues,"Occupied Dwellings in the State of Queensland, at the Census of 3rd April, 1911, classified according to Weekly Rental Value and Number of Rooms",PRIVATE DWELLINGS (PRIVATE HOUSES AND TENEMENTS THEREIN).,THE STATE OF QUEENSLAND,False,False,True,1,,False,
1911_census_volume_iii_part_xiii_dwellings,1911 Census - Volume III - Part XIII Dwellings.pdf,data\raw\abs_1911_census\1911 Census - Volume III - Part XIII Dwellings.pdf,200,85,86,42 | 41 | 43,42,3,1,1934,ends,42.—OCCUPIED DWELLINGS IN THE,DWELLINGS OTHER THAN PRIVATE.,,False,True,True,1,,False,
1911_census_volume_iii_part_xiii_dwellings,1911 Census - Volume III - Part XIII Dwellings.pdf,data\raw\abs_1911_census\1911 Census - Volume III - Part XIII Dwellings.pdf,200,86,87,42 | 41 | 43,42,3,1,1935,ends,"Occupied Dwellings in the State of Queensland, at the Census of 3rd April, 1911, classified according to Weekly Rental Value and Number of Rooms",DWELLINGS OTHER THAN PRIVATE,STATE OF QUEENSLAND,False,True,True,1,,False,
1911_census_volume_iii_part_xiii_dwellings,1911 Census - Volume III - Part XIII Dwellings.pdf,data\raw\abs_1911_census\1911 Census - Volume III - Part XIII Dwellings.pdf,200,87,88,43 | 42 | 44,43,3,1,1936,starts,"43. OCCUPIED DWELLINGS IN THE | At the Census of 3rd April, 1911, Classified according",,PRIVATE DWELLINGS (PRIVATE HOUSES AND TENEMENTS THEREIN).,False,True,True,1,,False,
1911_census_volume_iii_part_xiii_dwellings,1911 Census - Volume III - Part XIII Dwellings.pdf,data\raw\abs_1911_census\1911 Census - Volume III - Part XIII Dwellings.pdf,200,88,89,43 | 42 | 44,43,3,1,1937,continues,"Occupied Dwellings in the State of South Australia, at the Census of 3rd April, 1911, classified according to Weekly Rental Value and Number of Rooms",PRIVATE DWELLINGS (PRIVATE HOUSES AND TENEMENTS THEREIN).,STATE OF SOUTH AUSTRALIA,False,True,True,1,,False,
1911_census_volume_iii_part_xiii_dwellings,1911 Census - Volume III - Part XIII Dwellings.pdf,data\raw\abs_1911_census\1911 Census - Volume III - Part XIII Dwellings.pdf,200,89,90,43 | 42 | 44,43,3,1,1938,ends,"Occupied Dwellings in the State of South Australia, at the Census of 3rd April, 1911, classified according to Weekly Rental Value and Number of Rooms",DWELLINGS OTHER THAN PRIVATE.,,False,True,True,1,,False,
1911_census_volume_iii_part_xiii_dwellings,1911 Census - Volume III - Part XIII Dwellings.pdf,data\raw\abs_1911_census\1911 Census - Volume III - Part XIII Dwellings.pdf,200,90,91,43 | 42 | 44,43,3,1,1939,ends,"Occupied Dwellings in the State of South Australia, at the Census of 3rd April, 1911, classified according to Weekly Rental Value and Number of Rooms",DWELLINGS OTHER THAN PRIVATE.,STATE OF SOUTH AUSTRALIA,False,True,True,1,,False,
1911_census_volume_iii_part_xiii_dwellings,1911 Census - Volume III - Part XIII Dwellings.pdf,data\raw\abs_1911_census\1911 Census - Volume III - Part XIII Dwellings.pdf,200,91,92,44 | 43 | 45,44,3,1,1940,starts,"44.—OCCUPIED DWELLINGS IN THE At the Census of 3rd April, 1911, Classified according",PRIVATE DWELLINGS (PRIVATE HOUSES AND TENEMENTS THEREIN).,,False,True,True,1,,False,
1911_census_volume_iii_part_xiii_dwellings,1911 Census - Volume III - Part XIII Dwellings.pdf,data\raw\abs_1911_census\1911 Census - Volume III - Part XIII Dwellings.pdf,200,92,93,44 | 43 | 45,44,3,1,1941,continues,"Occupied Dwellings in the State of Western Australia, at the Census of 3rd April, 1911, classified according to Weekly Rental Value and Number of Rooms",PRIVATE DWELLINGS (PRIVATE HOUSES AND TENEMENTS THEREIN).,STATE OF WESTERN AUSTRALIA,False,True,True,1,,False,
1911_census_volume_iii_part_xiii_dwellings,1911 Census - Volume III - Part XIII Dwellings.pdf,data\raw\abs_1911_census\1911 Census - Volume III - Part XIII Dwellings.pdf,200,93,94,44 | 43 | 45,44,3,1,1942,ends,44.—OCCUPIED DWELLINGS IN THE,DWELLINGS OTHER THAN PRIVATE.,,False,True,True,1,,False,
1911_census_volume_iii_part_xiii_dwellings,1911 Census - Volume III - Part XIII Dwellings.pdf,data\raw\abs_1911_census\1911 Census - Volume III - Part XIII Dwellings.pdf,200,94,95,44 | 43 | 45,44,3,1,1943,ends,"Occupied Dwellings in the State of Western Australia, at the Census of 3rd April, 1911, classified according to Weekly Rental Value and Number of Rooms",DWELLINGS OTHER THAN PRIVATE,STATE OF WESTERN AUSTRALIA—continued,False,True,True,1,,False,
1911_census_volume_iii_part_xiii_dwellings,1911 Census - Volume III - Part XIII Dwellings.pdf,data\raw\abs_1911_census\1911 Census - Volume III - Part XIII Dwellings.pdf,200,95,96,45 | 44 | 46,45,3,1,1944,starts,45.—OCCUPIED DWELLINGS IN,,,False,True,True,1,,False,
1911_census_volume_iii_part_xiii_dwellings,1911 Census - Volume III - Part XIII Dwellings.pdf,data\raw\abs_1911_census\1911 Census - Volume III - Part XIII Dwellings.pdf,200,96,97,45 | 44 | 46,45,3,1,1945,continues,"Occupied Dwellings in the State of Tasmania, at the Census of 3rd April, 1911, classified according to Weekly Rental Value and Number of Rooms",,THE STATE OF TASMANIA,False,True,True,1,,False,
1911_census_volume_iii_part_xiii_dwellings,1911 Census - Volume III - Part XIII Dwellings.pdf,data\raw\abs_1911_census\1911 Census - Volume III - Part XIII Dwellings.pdf,200,97,98,45 | 44 | 46,45,3,1,1946,ends,"Occupied Dwellings in the State of Tasmania, at the Census of 3rd April, 1911, classified according to Weekly Rental Value and Number of Rooms",DWELLINGS OTHER THAN PRIVATE.,,False,True,True,1,,False,
1911_census_volume_iii_part_xiii_dwellings,1911 Census - Volume III - Part XIII Dwellings.pdf,data\raw\abs_1911_census\1911 Census - Volume III - Part XIII Dwellings.pdf,200,98,99,45 | 44 | 46,45,3,1,1947,ends,,STATE OF TASMANIA—continued.,DWELLINGS OTHER THAN PRIVATE.,False,True,True,1,,False,
1911_census_volume_iii_part_xiii_dwellings,1911 Census - Volume III - Part XIII Dwellings.pdf,data\raw\abs_1911_census\1911 Census - Volume III - Part XIII Dwellings.pdf,200,99,100,46 | 45 | 47 | 48,46 | 47,4,2,1948,boundary_multiple_tables,"46.—OCCUPIED DWELLINGS IN THE NORTHERN TERRITORY, AT THE CENSUS OF 3RD APRIL, 1911, CLASSIFIED ACCORDING TO WEEKLY RENTAL VALUE AND NUMBER OF ROOMS | 47.—OCCUPIED DWELLINGS IN THE FEDERAL TERRITORY, AT THE CENSUS OF 3RD APRIL, 1911, CLASSIFIED ACCORDING TO WEEKLY RENTAL VALUE AND NUMBER OF ROOMS",,,True,True,True,1,,False,
1911_census_volume_iii_part_xiii_dwellings,1911 Census - Volume III - Part XIII Dwellings.pdf,data\raw\abs_1911_census\1911 Census - Volume III - Part XIII Dwellings.pdf,200,100,101,46 | 45 | 47 | 48,46 | 47,4,2,1949,boundary_multiple_tables,"Occupied Dwellings in the Northern Territory, at the Census of 3rd April, 1911, classified according to Weekly Rental Value and Number of Rooms | Occupied Dwellings in the Federal Territory, at the Census of 3rd April, 1911, classified according to Weekly Rental Value and Number of Rooms",,,True,True,True,1,,False,
1911_census_volume_iii_part_xiii_dwellings,1911 Census - Volume III - Part XIII Dwellings.pdf,data\raw\abs_1911_census\1911 Census - Volume III - Part XIII Dwellings.pdf,200,101,102,48 | 47 | 49,48,3,1,102,continues,48.—OCCUPIED PRIVATE DWELLINGS IN,,OCCUPIED BY OWNERS.,False,True,True,1,,False,
1911_census_volume_iii_part_xiii_dwellings,1911 Census - Volume III - Part XIII Dwellings.pdf,data\raw\abs_1911_census\1911 Census - Volume III - Part XIII Dwellings.pdf,200,102,103,48 | 47 | 49,48,3,1,1951,continues,"Occupied Private Dwellings in the Commonwealth of Australia, at the Census of 3rd April, 1911, classified according to Weekly Rental Value, Number of Rooms and Method of Occupancy",OCCUPIED BY OWNERS.,,False,False,True,1,,False,
1911_census_volume_iii_part_xiii_dwellings,1911 Census - Volume III - Part XIII Dwellings.pdf,data\raw\abs_1911_census\1911 Census - Volume III - Part XIII Dwellings.pdf,200,103,104,48 | 47 | 49,48,3,1,1952,continues,"Occupied Private Dwellings in the Commonwealth of Australia, at the Census of 3rd April, 1911, classified according to Weekly Rental Value, Number of Rooms and Method of Occupancy",OCCUPIED BY RENT PURCHASERS.,,False,True,True,1,,False,
1911_census_volume_iii_part_xiii_dwellings,1911 Census - Volume III - Part XIII Dwellings.pdf,data\raw\abs_1911_census\1911 Census - Volume III - Part XIII Dwellings.pdf,200,104,105,48 | 47 | 49,48,3,1,1953,continues,"Occupied Private Dwellings in the Commonwealth of Australia, at the Census of 3rd April, 1911, classified according to Weekly Rental Value, Number of Rooms and Method of Occupancy",OCCUPIED BY RENT PURCHASERS.,COMMONWEALTH OF AUSTRALIA,False,True,True,1,,False,
1911_census_volume_iii_part_xiii_dwellings,1911 Census - Volume III - Part XIII Dwellings.pdf,data\raw\abs_1911_census\1911 Census - Volume III - Part XIII Dwellings.pdf,200,105,106,48 | 47 | 49,48,3,1,1954,continues,48.—OCCUPIED PRIVATE DWELLINGS IN THE,,,False,True,True,1,,False,
1911_census_volume_iii_part_xiii_dwellings,1911 Census - Volume III - Part XIII Dwellings.pdf,data\raw\abs_1911_census\1911 Census - Volume III - Part XIII Dwellings.pdf,200,106,107,48 | 47 | 49,48,3,1,1955,continues,"Occupied Private Dwellings in the Commonwealth of Australia, at the Census of 3rd April, 1911, classified according to Weekly Rental Value, Number of Rooms and Method of Occupancy",OCCUPIED BY TENANTS.,COMMONWEALTH OF AUSTRALIA—continued.,False,False,True,1,,False,
1911_census_volume_iii_part_xiii_dwellings,1911 Census - Volume III - Part XIII Dwellings.pdf,data\raw\abs_1911_census\1911 Census - Volume III - Part XIII Dwellings.pdf,200,107,108,48 | 47 | 49,48,3,1,1956,ends,48.—OCCUPIED PRIVATE DWELLINGS IN THE,,OTHER AND UNSPECIFIED METHODS OF OCCUPANCY.,False,True,True,1,,False,
1911_census_volume_iii_part_xiii_dwellings,1911 Census - Volume III - Part XIII Dwellings.pdf,data\raw\abs_1911_census\1911 Census - Volume III - Part XIII Dwellings.pdf,200,108,109,48 | 47 | 49,49,3,1,1957,starts,"Occupied Private Dwellings in the several States and Territories of the Commonwealth of Australia, at the Census of 3rd April, 1911, classified according to Weekly Rental Value and Method of Occupancy",OTHER AND UNSPECIFIED METHODS OF OCCUPANCY.,COMMONWEALTH OF AUSTRALIA—continued.,False,True,True,1,,False,
1911_census_volume_iii_part_xiii_dwellings,1911 Census - Volume III - Part XIII Dwellings.pdf,data\raw\abs_1911_census\1911 Census - Volume III - Part XIII Dwellings.pdf,200,109,110,49 | 48 | 50,49,3,1,1958,continues,"Occupied Private Dwellings in the several States and Territories of the Commonwealth of Australia, at the Census of 3rd April, 1911, classified according to Weekly Rental Value and Method of Occupancy",OCCUPIED BY OWNERS.,,False,True,True,1,,False,
1911_census_volume_iii_part_xiii_dwellings,1911 Census - Volume III - Part XIII Dwellings.pdf,data\raw\abs_1911_census\1911 Census - Volume III - Part XIII Dwellings.pdf,200,110,111,49 | 48 | 50,49,3,1,1959,continues,"Occupied Private Dwellings in the several States and Territories of the Commonwealth of Australia, at the Census of 3rd April, 1911, classified according to Weekly Rental Value and Method of Occupancy",OCCUPIED BY RENT PURCHASERS.,,False,True,True,1,,False,
1911_census_volume_iii_part_xiii_dwellings,1911 Census - Volume III - Part XIII Dwellings.pdf,data\raw\abs_1911_census\1911 Census - Volume III - Part XIII Dwellings.pdf,200,111,112,49 | 48 | 50,49,3,1,112,ends,49.—OCCUPIED PRIVATE DWELLINGS IN THE SEVERAL STATES AND TERRITORIES—continued.,,OCCUPIED BY TENANTS.,False,True,True,1,,False,
1911_census_volume_iii_part_xiii_dwellings,1911 Census - Volume III - Part XIII Dwellings.pdf,data\raw\abs_1911_census\1911 Census - Volume III - Part XIII Dwellings.pdf,200,112,113,49 | 48 | 50,49,3,1,1961,ends,49. OCCUPIED PRIVATE DWELLINGS IN THE SEVERAL STATES AND TERRITORIES - continued.,OTHER AND UNSPECIFIED METHODS OF OCCUPANCY.,,False,True,True,1,,False,
1911_census_volume_iii_part_xiii_dwellings,1911 Census - Volume III - Part XIII Dwellings.pdf,data\raw\abs_1911_census\1911 Census - Volume III - Part XIII Dwellings.pdf,200,113,114,50 | 49 | 51 | 52,50 | 51,4,2,114,boundary_multiple_tables,"Dwellings, Occupied, Unoccupied and Being Built in the Metropolitan Areas of the several States of the Commonwealth of Australia, at the Census of 3rd April, 1911 | Occupied Dwellings in the Metropolitan Areas of the several States of the Commonwealth of Australia, at the Census of 3rd April, 1911, classified according to Nature of Dwelling",,,True,True,True,1,,False,
1911_census_volume_iii_part_xiii_dwellings,1911 Census - Volume III - Part XIII Dwellings.pdf,data\raw\abs_1911_census\1911 Census - Volume III - Part XIII Dwellings.pdf,200,114,115,52 | 51 | 53,52,3,1,1963,complete_on_page,"Occupied Dwellings in the Metropolitan Areas of the several States of the Commonwealth of Australia, at the Census of 3rd April, 1911, classified according to Number of Rooms",,,False,True,True,1,,False,
1911_census_volume_iii_part_xiii_dwellings,1911 Census - Volume III - Part XIII Dwellings.pdf,data\raw\abs_1911_census\1911 Census - Volume III - Part XIII Dwellings.pdf,200,115,116,53 | 52 | 54,53,3,1,1964,complete_on_page,53.—OCCUPIED DWELLINGS OF 20 ROOMS AND UPWARDS IN THE METROPOLITAN AREAS OF THE SEVERAL STATES OF THE COMMONWEALTH OF AUSTRALIA,,,False,True,True,1,,False,
1911_census_volume_iii_part_xiii_dwellings,1911 Census - Volume III - Part XIII Dwellings.pdf,data\raw\abs_1911_census\1911 Census - Volume III - Part XIII Dwellings.pdf,200,116,117,54 | 53 | 55,54,3,1,1965,complete_on_page,"54.—OCCUPIED DWELLINGS IN THE METROPOLITAN AREAS OF THE SEVERAL STATES OF THE COMMONWEALTH OF AUSTRALIA, At the Census of 3rd April, 1911, Classified according to Materials of which Outer Walls were built",,,False,True,True,1,,False,
1911_census_volume_iii_part_xiii_dwellings,1911 Census - Volume III - Part XIII Dwellings.pdf,data\raw\abs_1911_census\1911 Census - Volume III - Part XIII Dwellings.pdf,200,117,118,55 | 54 | 56,55,3,1,1966,continues,"55.—OCCUPIED DWELLINGS IN THE METROPOLITAN AREAS OF THE SEVERAL STATES OF THE COMMONWEALTH OF AUSTRALIA At the Census of 3rd April, 1911, Classified according to Weekly Rental Value (Exclusive of Dwellings occupied solely by Full-blooded Aboriginals).",,PRIVATE DWELLINGS (PRIVATE HOUSES AND TENEMENTS THEREIN).,False,True,True,1,,False,
1911_census_volume_iii_part_xiii_dwellings,1911 Census - Volume III - Part XIII Dwellings.pdf,data\raw\abs_1911_census\1911 Census - Volume III - Part XIII Dwellings.pdf,200,118,119,55 | 54 | 56,55,3,1,1967,continues,"Occupied Dwellings in the Metropolitan Areas of the several States of the Commonwealth of Australia, at the Census of 3rd April, 1911, classified according to Weekly Rental Value",DWELLINGS OTHER THAN PRIVATE.,,False,True,True,1,,False,
1911_census_volume_iii_part_xiii_dwellings,1911 Census - Volume III - Part XIII Dwellings.pdf,data\raw\abs_1911_census\1911 Census - Volume III - Part XIII Dwellings.pdf,200,119,120,55 | 54 | 56,55,3,1,1968,ends,"Occupied Dwellings in the Metropolitan Areas of the several States of the Commonwealth of Australia, at the Census of 3rd April, 1911, classified according to Weekly Rental Value",,,False,True,True,1,,False,
1911_census_volume_iii_part_xiii_dwellings,1911 Census - Volume III - Part XIII Dwellings.pdf,data\raw\abs_1911_census\1911 Census - Volume III - Part XIII Dwellings.pdf,200,120,121,56 | 55 | 57,56,3,1,1969,continues,"56. OCCUPIED PRIVATE DWELLINGS IN THE METROPOLITAN AREAS OF THE SEVERAL STATES OF THE COMMONWEALTH OF AUSTRALIA, At the Census of 3rd April, 1911, Classified according to Weekly Rental Value and Method of Occupancy",OCCUPIED BY OWNERS.,,False,True,True,1,,False,
1911_census_volume_iii_part_xiii_dwellings,1911 Census - Volume III - Part XIII Dwellings.pdf,data\raw\abs_1911_census\1911 Census - Volume III - Part XIII Dwellings.pdf,200,121,122,56 | 55 | 57,56,3,1,1970,continues,56.—OCCUPIED PRIVATE DWELLINGS IN THE METROPOLITAN AREAS—continued.,,,False,True,True,1,,False,
1911_census_volume_iii_part_xiii_dwellings,1911 Census - Volume III - Part XIII Dwellings.pdf,data\raw\abs_1911_census\1911 Census - Volume III - Part XIII Dwellings.pdf,200,122,123,56 | 55 | 57,56,3,1,1971,ends,"Occupied Private Dwellings in the Metropolitan Areas of the several States of the Commonwealth of Australia, at the Census of 3rd April, 1911, classified according to Weekly Rental Value and Method of Occupancy",,OCCUPIED BY TENANTS—continued.,False,True,True,1,,False,
1911_census_volume_iii_part_xiii_dwellings,1911 Census - Volume III - Part XIII Dwellings.pdf,data\raw\abs_1911_census\1911 Census - Volume III - Part XIII Dwellings.pdf,200,123,124,57 | 56 | 58,56 | 57,3,2,1972,boundary_multiple_tables,"Occupied Private Dwellings in the Metropolitan Areas of the several States of the Commonwealth of Australia, at the Census of 3rd April, 1911, classified according to Weekly Rental Value and Method of Occupancy | Inmates of Dwellings (classified according to Number of Rooms) in the Metropolitan Areas of the several States of the Commonwealth of Australia, at the Census of 3rd April, 1911",,,True,True,True,1,,False,
1911_census_volume_iii_part_xiii_dwellings,1911 Census - Volume III - Part XIII Dwellings.pdf,data\raw\abs_1911_census\1911 Census - Volume III - Part XIII Dwellings.pdf,200,124,125,58 | 57 | 59,57 | 58,3,2,1973,boundary_multiple_tables,"Inmates of Dwellings (classified according to Number of Rooms) in the Metropolitan Areas of the several States of the Commonwealth of Australia, at the Census of 3rd April, 1911 | Inmates of Dwellings (classified according to Materials of which outer walls were built) in the Metropolitan Areas of the several States of the Commonwealth of Australia, at the Census of 3rd April, 1911",,,True,True,True,1,,False,
1911_census_volume_iii_part_xiii_dwellings,1911 Census - Volume III - Part XIII Dwellings.pdf,data\raw\abs_1911_census\1911 Census - Volume III - Part XIII Dwellings.pdf,200,125,126,59 | 58 | 60 | 61 | 62,59 | 60 | 61,5,3,1974,boundary_multiple_tables,"Average Number of Inmates per Occupied Private Dwelling (classified according to Number of Rooms) in the several States and Territories of the Commonwealth of Australia, at the Census of 3rd April, 1911 | Average Number of Inmates per Room in Occupied Private Dwellings (classified according to Number of Rooms) in the several States and Territories of the Commonwealth of Australia, at the Census of 3rd April, 1911 | Average Weekly Rental Value of Occupied Private Dwellings (classified according to Number of Rooms) in the several States and Territories of the Commonwealth of Australia, at the Census of 3rd April, 1911",,,True,True,True,1,,False,
1911_census_volume_iii_part_xiii_dwellings,1911 Census - Volume III - Part XIII Dwellings.pdf,data\raw\abs_1911_census\1911 Census - Volume III - Part XIII Dwellings.pdf,200,126,127,59 | 58 | 60 | 61 | 62,60 | 61 | 62,5,3,1975,boundary_multiple_tables,"Average Number of Inmates per Room in Occupied Private Dwellings (classified according to Number of Rooms) in the several States and Territories of the Commonwealth of Australia, at the Census of 3rd April, 1911 | Average Weekly Rental Value of Occupied Private Dwellings (classified according to Number of Rooms) in the several States and Territories of the Commonwealth of Australia, at the Census of 3rd April, 1911 | Average Weekly Rental Value per Room in Occupied Private Dwellings (classified according to Number of Rooms) in the several States and Territories of the Commonwealth of Australia, at the Census of 3rd April, 1911",,,True,True,True,1,,False,
1911_census_volume_iii_part_xiii_dwellings,1911 Census - Volume III - Part XIII Dwellings.pdf,data\raw\abs_1911_census\1911 Census - Volume III - Part XIII Dwellings.pdf,200,127,128,62 | 61 | 63 | 64,62 | 63,4,2,1976,boundary_multiple_tables,62—AVERAGE WEEKLY RENTAL VALUE PER ROOM IN OCCUPIED PRIVATE DWELLINGS | 63.—AVERAGE WEEKLY RENTAL VALUE PER INMATE IN OCCUPIED PRIVATE,,,True,True,True,1,,False,
1911_census_volume_iii_part_xiii_dwellings,1911 Census - Volume III - Part XIII Dwellings.pdf,data\raw\abs_1911_census\1911 Census - Volume III - Part XIII Dwellings.pdf,200,128,129,62 | 61 | 63 | 64,62 | 63,4,2,1977,boundary_multiple_tables,"Average Weekly Rental Value per Room in Occupied Private Dwellings (classified according to Number of Rooms) in the several States and Territories of the Commonwealth of Australia, at the Census of 3rd April, 1911 | Average Weekly Rental Value per Inmate in Occupied Private Dwellings (classified according to Number of Rooms) in the several States and Territories of the Commonwealth of Australia, at the Census of 3rd April, 1911",,,True,True,True,1,,False,
1911_census_volume_iii_part_xiii_dwellings,1911 Census - Volume III - Part XIII Dwellings.pdf,data\raw\abs_1911_census\1911 Census - Volume III - Part XIII Dwellings.pdf,200,129,130,64 | 63 | 65,64,3,1,1978,starts,"Occupied Dwellings in each County, etc., of the several States and Territories of the Commonwealth of Australia, at the Census of 3rd April, 1911, classified according to Number of Rooms",,NEW SOUTH WALES,False,True,True,1,,False,
1911_census_volume_iii_part_xiii_dwellings,1911 Census - Volume III - Part XIII Dwellings.pdf,data\raw\abs_1911_census\1911 Census - Volume III - Part XIII Dwellings.pdf,200,130,131,64 | 63 | 65,64,3,1,1979,continues,"64.—OCCUPIED DWELLINGS IN EACH COUNTY, ETC., OF THE SEVERAL STATES—continued.",NEW SOUTH WALES—continued.,,False,True,True,1,,False,
1911_census_volume_iii_part_xiii_dwellings,1911 Census - Volume III - Part XIII Dwellings.pdf,data\raw\abs_1911_census\1911 Census - Volume III - Part XIII Dwellings.pdf,200,131,132,64 | 63 | 65,64,3,1,132,continues,"64.--OCCUPIED DWELLINGS IN EACH COUNTY, ETC., OF THE SEVERAL STATES--continued.",I.--NEW SOUTH WALES--continued.,,False,True,True,1,,False,
1911_census_volume_iii_part_xiii_dwellings,1911 Census - Volume III - Part XIII Dwellings.pdf,data\raw\abs_1911_census\1911 Census - Volume III - Part XIII Dwellings.pdf,200,132,133,64 | 63 | 65,64,3,1,1981,continues,"64.-OCCUPIED DWELLINGS IN EACH COUNTY, ETC., OF THE SEVERAL STATES-continued.",I.-NEW SOUTH WALES-continued.,,False,True,True,1,,False,
1911_census_volume_iii_part_xiii_dwellings,1911 Census - Volume III - Part XIII Dwellings.pdf,data\raw\abs_1911_census\1911 Census - Volume III - Part XIII Dwellings.pdf,200,133,134,64 | 63 | 65,64,3,1,1982,continues,"64.—OCCUPIED DWELLINGS IN EACH COUNTY, ETC., OF THE SEVERAL STATES—continued.",I.—NEW SOUTH WALES—continued.,,False,True,True,1,,False,
1911_census_volume_iii_part_xiii_dwellings,1911 Census - Volume III - Part XIII Dwellings.pdf,data\raw\abs_1911_census\1911 Census - Volume III - Part XIII Dwellings.pdf,200,134,135,64 | 63 | 65,64,3,1,1983,continues,"64.—OCCUPIED DWELLINGS IN EACH COUNTY, ETC., OF THE SEVERAL STATES.—continued.",I.—NEW SOUTH WALES—continued.,,False,True,True,1,,False,
1911_census_volume_iii_part_xiii_dwellings,1911 Census - Volume III - Part XIII Dwellings.pdf,data\raw\abs_1911_census\1911 Census - Volume III - Part XIII Dwellings.pdf,200,135,136,64 | 63 | 65,64,3,1,1984,continues,"64.—OCCUPIED DWELLINGS IN EACH COUNTY, ETC., OF THE SEVERAL STATES.—continued.",II.—VICTORIA.,,False,True,True,1,,False,
1911_census_volume_iii_part_xiii_dwellings,1911 Census - Volume III - Part XIII Dwellings.pdf,data\raw\abs_1911_census\1911 Census - Volume III - Part XIII Dwellings.pdf,200,136,137,64 | 63 | 65,64,3,1,1985,continues,"64.—OCCUPIED DWELLINGS IN EACH COUNTY, ETC., OF THE SEVERAL STATES.—continued.",,VICTORIA,False,True,True,1,,False,
1911_census_volume_iii_part_xiii_dwellings,1911 Census - Volume III - Part XIII Dwellings.pdf,data\raw\abs_1911_census\1911 Census - Volume III - Part XIII Dwellings.pdf,200,137,138,64 | 63 | 65,64,3,1,1986,continues,"64.—OCCUPIED DWELLINGS IN EACH COUNTY, ETC., OF THE SEVERAL STATES.—continued.",III.—QUEENSLAND.,,False,True,True,1,,False,
1911_census_volume_iii_part_xiii_dwellings,1911 Census - Volume III - Part XIII Dwellings.pdf,data\raw\abs_1911_census\1911 Census - Volume III - Part XIII Dwellings.pdf,200,138,139,64 | 63 | 65,64,3,1,1987,continues,"Occupied Dwellings in each County, etc., of the several States and Territories of the Commonwealth of Australia, at the Census of 3rd April, 1911, classified according to Number of Rooms",III. QUEENSLAND—continued.,,False,True,True,1,,False,
1911_census_volume_iii_part_xiii_dwellings,1911 Census - Volume III - Part XIII Dwellings.pdf,data\raw\abs_1911_census\1911 Census - Volume III - Part XIII Dwellings.pdf,200,139,140,64 | 63 | 65,64,3,1,1988,continues,"64.—OCCUPIED DWELLINGS IN EACH COUNTY, ETC., OF THE SEVERAL STATES—continued.",III.—QUEENSLAND—continued.,,False,True,True,1,,False,
1911_census_volume_iii_part_xiii_dwellings,1911 Census - Volume III - Part XIII Dwellings.pdf,data\raw\abs_1911_census\1911 Census - Volume III - Part XIII Dwellings.pdf,200,140,141,64 | 63 | 65,64,3,1,1989,continues,"64.—OCCUPIED DWELLINGS IN EACH COUNTY, ETC., OF THE SEVERAL STATES—continued.",IV.—SOUTH AUSTRALIA.,,False,True,True,1,,False,
1911_census_volume_iii_part_xiii_dwellings,1911 Census - Volume III - Part XIII Dwellings.pdf,data\raw\abs_1911_census\1911 Census - Volume III - Part XIII Dwellings.pdf,200,141,142,64 | 63 | 65,64,3,1,1990,continues,"64.—OCCUPIED DWELLINGS IN EACH COUNTY, ETC., OF THE SEVERAL STATES—continued",IV.—SOUTH AUSTRALIA—continued.,,False,True,True,1,,False,
1911_census_volume_iii_part_xiii_dwellings,1911 Census - Volume III - Part XIII Dwellings.pdf,data\raw\abs_1911_census\1911 Census - Volume III - Part XIII Dwellings.pdf,200,142,143,64 | 63 | 65,64,3,1,1991,continues,"64.—OCCUPIED DWELLINGS IN EACH COUNTY, ETC., OF THE SEVERAL STATES—continued.",IV.—SOUTH AUSTRALIA—continued.,,False,True,True,1,,False,
1911_census_volume_iii_part_xiii_dwellings,1911 Census - Volume III - Part XIII Dwellings.pdf,data\raw\abs_1911_census\1911 Census - Volume III - Part XIII Dwellings.pdf,200,143,144,64 | 63 | 65,64,3,1,1992,continues,"Occupied Dwellings in each County, etc., of the several States and Territories of the Commonwealth of Australia, at the Census of 3rd April, 1911, classified according to Number of Rooms",V.—WESTERN AUSTRALIA.,,False,True,True,1,,False,
1911_census_volume_iii_part_xiii_dwellings,1911 Census - Volume III - Part XIII Dwellings.pdf,data\raw\abs_1911_census\1911 Census - Volume III - Part XIII Dwellings.pdf,200,144,145,64 | 63 | 65,64,3,1,1093,continues,"64.—OCCUPIED DWELLINGS IN EACH COUNTY, ETC., OF THE SEVERAL STATES—continued.",V.—WESTERN AUSTRALIA—continued.,,False,True,True,1,,False,
1911_census_volume_iii_part_xiii_dwellings,1911 Census - Volume III - Part XIII Dwellings.pdf,data\raw\abs_1911_census\1911 Census - Volume III - Part XIII Dwellings.pdf,200,145,146,64 | 63 | 65,64,3,1,1994,continues,"64.—OCCUPIED DWELLINGS IN EACH COUNTY, ETC., OF THE SEVERAL STATES—continued.",VI.—TASMANIA.,VI.—TASMANIA.,False,True,True,1,,False,
1911_census_volume_iii_part_xiii_dwellings,1911 Census - Volume III - Part XIII Dwellings.pdf,data\raw\abs_1911_census\1911 Census - Volume III - Part XIII Dwellings.pdf,200,146,147,64 | 63 | 65,64,3,1,1995,ends,"64.—OCCUPIED DWELLINGS IN EACH COUNTY, ETC., OF THE SEVERAL STATES—continued.",VI.—TASMANIA—continued.,VIII.—FEDERAL TERRITORY—continued.,False,True,True,1,,False,
1911_census_volume_iii_part_xiii_dwellings,1911 Census - Volume III - Part XIII Dwellings.pdf,data\raw\abs_1911_census\1911 Census - Volume III - Part XIII Dwellings.pdf,200,147,148,64 | 63 | 65,64,3,1,1996,ends,"64.—OCCUPIED DWELLINGS IN EACH COUNTY, ETC., OF THE SEVERAL STATES—continued.",VI.—TASMANIA—continued.,,False,True,True,1,,False,
1911_census_volume_iii_part_xiii_dwellings,1911 Census - Volume III - Part XIII Dwellings.pdf,data\raw\abs_1911_census\1911 Census - Volume III - Part XIII Dwellings.pdf,200,148,149,65 | 64 | 66,65,3,1,1997,starts,"65.—OCCUPIED DWELLINGS IN EACH COUNTY, ETC., OF THE SEVERAL STATES AND TERRITORIES OF THE COMMONWEALTH OF AUSTRALIA, At the Census of 3rd April, 1911, Classified according to Materials of which outer walls were built (Exclusive of Dwellings occupied solely by Full-blooded Aboriginals).",I.—NEW SOUTH WALES.,,False,True,True,1,,False,
1911_census_volume_iii_part_xiii_dwellings,1911 Census - Volume III - Part XIII Dwellings.pdf,data\raw\abs_1911_census\1911 Census - Volume III - Part XIII Dwellings.pdf,200,149,150,65 | 64 | 66,65,3,1,1998,continues,"65.—OCCUPIED DWELLINGS IN EACH COUNTY, ETC., OF THE SEVERAL STATES—continued.",I.—NEW SOUTH WALES.—continued.,,False,True,True,1,,False,
1911_census_volume_iii_part_xiii_dwellings,1911 Census - Volume III - Part XIII Dwellings.pdf,data\raw\abs_1911_census\1911 Census - Volume III - Part XIII Dwellings.pdf,200,150,151,65 | 64 | 66,65,3,1,1999,continues,"65.—OCCUPIED DWELLINGS IN EACH COUNTY, ETC., OF THE SEVERAL STATES—continued.",I.—NEW SOUTH WALES—continued.,,False,True,True,1,,False,
1911_census_volume_iii_part_xiii_dwellings,1911 Census - Volume III - Part XIII Dwellings.pdf,data\raw\abs_1911_census\1911 Census - Volume III - Part XIII Dwellings.pdf,200,151,152,65 | 64 | 66,65,3,1,2000,continues,"Occupied Dwellings in each County, etc., of the several States and Territories of the Commonwealth of Australia, at the Census of 3rd April, 1911, classified according to Materials of which outer walls were built",I.—NEW SOUTH WALES—continued.,,False,True,True,1,,False,
1911_census_volume_iii_part_xiii_dwellings,1911 Census - Volume III - Part XIII Dwellings.pdf,data\raw\abs_1911_census\1911 Census - Volume III - Part XIII Dwellings.pdf,200,152,153,65 | 64 | 66,65,3,1,2001,continues,"65.—OCCUPIED DWELLINGS IN EACH COUNTY, ETC., OF THE SEVERAL STATES—continued.",I.—NEW SOUTH WALES—continued.,,False,True,True,1,,False,
1911_census_volume_iii_part_xiii_dwellings,1911 Census - Volume III - Part XIII Dwellings.pdf,data\raw\abs_1911_census\1911 Census - Volume III - Part XIII Dwellings.pdf,200,153,154,65 | 64 | 66,65,3,1,2002,continues,"Occupied Dwellings in each County, etc., of the several States and Territories of the Commonwealth of Australia, at the Census of 3rd April, 1911, classified according to Materials of which outer walls were built",I.—NEW SOUTH WALES.—continued.,,False,True,True,1,,False,
1911_census_volume_iii_part_xiii_dwellings,1911 Census - Volume III - Part XIII Dwellings.pdf,data\raw\abs_1911_census\1911 Census - Volume III - Part XIII Dwellings.pdf,200,154,155,65 | 64 | 66,65,3,1,2003,continues,"65.—OCCUPIED DWELLINGS IN EACH COUNTY, ETC., OF THE SEVERAL STATES—continued.",II.—VICTORIA.,,False,True,True,1,,False,
1911_census_volume_iii_part_xiii_dwellings,1911 Census - Volume III - Part XIII Dwellings.pdf,data\raw\abs_1911_census\1911 Census - Volume III - Part XIII Dwellings.pdf,200,155,156,65 | 64 | 66,65,3,1,2004,continues,"Occupied Dwellings in each County, etc., of the several States and Territories of the Commonwealth of Australia, at the Census of 3rd April, 1911, classified according to Materials of which outer walls were built",II.—VICTORIA—continued.,,False,True,True,1,,False,
1911_census_volume_iii_part_xiii_dwellings,1911 Census - Volume III - Part XIII Dwellings.pdf,data\raw\abs_1911_census\1911 Census - Volume III - Part XIII Dwellings.pdf,200,156,157,65 | 64 | 66,65,3,1,2005,continues,"65.—OCCUPIED DWELLINGS IN EACH COUNTY, ETC., OF THE SEVERAL STATES—continued.",III.—QUEENSLAND.,,False,True,True,1,,False,
1911_census_volume_iii_part_xiii_dwellings,1911 Census - Volume III - Part XIII Dwellings.pdf,data\raw\abs_1911_census\1911 Census - Volume III - Part XIII Dwellings.pdf,200,157,158,65 | 64 | 66,65,3,1,2006,continues,"Occupied Dwellings in each County, etc., of the several States and Territories of the Commonwealth of Australia, at the Census of 3rd April, 1911, classified according to Materials of which outer walls were built",III.—QUEENSLAND—continued.,,False,True,True,1,,False,
1911_census_volume_iii_part_xiii_dwellings,1911 Census - Volume III - Part XIII Dwellings.pdf,data\raw\abs_1911_census\1911 Census - Volume III - Part XIII Dwellings.pdf,200,158,159,65 | 64 | 66,65,3,1,2007,continues,"65.—OCCUPIED DWELLINGS IN EACH COUNTY, ETC., OF THE SEVERAL STATES—continued.",III.—QUEENSLAND—continued.,,False,True,True,1,,False,
1911_census_volume_iii_part_xiii_dwellings,1911 Census - Volume III - Part XIII Dwellings.pdf,data\raw\abs_1911_census\1911 Census - Volume III - Part XIII Dwellings.pdf,200,159,160,65 | 64 | 66,65,3,1,2008,continues,"Occupied Dwellings in each County, etc., of the several States and Territories of the Commonwealth of Australia, at the Census of 3rd April, 1911, classified according to Materials of which outer walls were built",IV.—SOUTH AUSTRALIA.,,False,True,True,1,,False,
1911_census_volume_iii_part_xiii_dwellings,1911 Census - Volume III - Part XIII Dwellings.pdf,data\raw\abs_1911_census\1911 Census - Volume III - Part XIII Dwellings.pdf,200,160,161,65 | 64 | 66,65,3,1,2009,continues,"65.—OCCUPIED DWELLINGS IN EACH COUNTY, ETC., OF THE SEVERAL STATES—continued.",IV.—SOUTH AUSTRALIA—continued.,,False,True,True,1,,False,
1911_census_volume_iii_part_xiii_dwellings,1911 Census - Volume III - Part XIII Dwellings.pdf,data\raw\abs_1911_census\1911 Census - Volume III - Part XIII Dwellings.pdf,200,161,162,65 | 64 | 66,65,3,1,2010,continues,"65.—OCCUPIED DWELLINGS IN EACH COUNTY, ETC., OF THE SEVERAL STATES—continued.",IV.—SOUTH AUSTRALIA—continued.,,False,True,True,1,,False,
1911_census_volume_iii_part_xiii_dwellings,1911 Census - Volume III - Part XIII Dwellings.pdf,data\raw\abs_1911_census\1911 Census - Volume III - Part XIII Dwellings.pdf,200,162,163,65 | 64 | 66,65,3,1,2011,continues,"65.—OCCUPIED DWELLINGS IN EACH COUNTY, ETC., OF THE SEVERAL STATES—continued.",V.—WESTERN AUSTRALIA.,,False,True,True,1,,False,
1911_census_volume_iii_part_xiii_dwellings,1911 Census - Volume III - Part XIII Dwellings.pdf,data\raw\abs_1911_census\1911 Census - Volume III - Part XIII Dwellings.pdf,200,163,164,65 | 64 | 66,65,3,1,2012,continues,"65.-OCCUPIED DWELLINGS IN EACH COUNTY, ETC., OF THE SEVERAL STATES-continued.",V.-WESTERN AUSTRALIA-continued.,,False,True,True,1,,False,
1911_census_volume_iii_part_xiii_dwellings,1911 Census - Volume III - Part XIII Dwellings.pdf,data\raw\abs_1911_census\1911 Census - Volume III - Part XIII Dwellings.pdf,200,164,165,65 | 64 | 66,65,3,1,2013,continues,"Occupied Dwellings in each County, etc., of the several States and Territories of the Commonwealth of Australia, at the Census of 3rd April, 1911, classified according to Materials of which outer walls were built",VI.—TASMANIA.,MATERIALS OF WHICH OUTER WALLS WERE BUILT.,False,True,True,1,,False,
1911_census_volume_iii_part_xiii_dwellings,1911 Census - Volume III - Part XIII Dwellings.pdf,data\raw\abs_1911_census\1911 Census - Volume III - Part XIII Dwellings.pdf,200,165,166,65 | 64 | 66,65,3,1,2014,ends,"Occupied Dwellings in each County, etc., of the several States and Territories of the Commonwealth of Australia, at the Census of 3rd April, 1911, classified according to Materials of which outer walls were built",VI.—TASMANIA—continued.,VI.—TASMANIA—continued.,False,True,True,1,,False,
1911_census_volume_iii_part_xiii_dwellings,1911 Census - Volume III - Part XIII Dwellings.pdf,data\raw\abs_1911_census\1911 Census - Volume III - Part XIII Dwellings.pdf,200,166,167,65 | 64 | 66,65,3,1,2015,ends,"Occupied Dwellings in each County, etc., of the several States and Territories of the Commonwealth of Australia, at the Census of 3rd April, 1911, classified according to Materials of which outer walls were built",VI.—TASMANIA—continued.,,False,True,True,1,,False,
1911_census_volume_iii_part_xiii_dwellings,1911 Census - Volume III - Part XIII Dwellings.pdf,data\raw\abs_1911_census\1911 Census - Volume III - Part XIII Dwellings.pdf,200,167,168,66 | 65 | 67,66,3,1,2016,continues,"66.—AVERAGE WEEKLY RENTAL VALUE OF PRIVATE DWELLINGS IN EACH COUNTY, ETC., At the Census of 3rd April, 1911, Classified according to Number of Rooms",I.—NEW SOUTH WALES.,,False,True,True,1,,False,
1911_census_volume_iii_part_xiii_dwellings,1911 Census - Volume III - Part XIII Dwellings.pdf,data\raw\abs_1911_census\1911 Census - Volume III - Part XIII Dwellings.pdf,200,168,169,66 | 65 | 67,66,3,1,2017,continues,"Average Weekly Rental Value of Private Dwellings in each County, etc., of the several States and Territories of the Commonwealth of Australia, at the Census of 3rd April, 1911, classified according to Number of Rooms",I.—NEW SOUTH WALES.,,False,True,True,1,,False,
1911_census_volume_iii_part_xiii_dwellings,1911 Census - Volume III - Part XIII Dwellings.pdf,data\raw\abs_1911_census\1911 Census - Volume III - Part XIII Dwellings.pdf,200,169,170,66 | 65 | 67,66,3,1,2018,continues,66.—AVERAGE WEEKLY RENTAL VALUE OF PRIVATE DWELLINGS CONTAINING ROOMS TO THE NUMBER OF—,I.—NEW SOUTH WALES—continued.,,False,True,True,1,,False,
1911_census_volume_iii_part_xiii_dwellings,1911 Census - Volume III - Part XIII Dwellings.pdf,data\raw\abs_1911_census\1911 Census - Volume III - Part XIII Dwellings.pdf,200,170,171,66 | 65 | 67,66,3,1,2019,continues,"Average Weekly Rental Value of Private Dwellings in each County, etc., of the several States and Territories of the Commonwealth of Australia, at the Census of 3rd April, 1911, classified according to Number of Rooms",I.—NEW SOUTH WALES—continued.,,False,True,True,1,,False,
1911_census_volume_iii_part_xiii_dwellings,1911 Census - Volume III - Part XIII Dwellings.pdf,data\raw\abs_1911_census\1911 Census - Volume III - Part XIII Dwellings.pdf,200,171,172,66 | 65 | 67,66,3,1,2020,continues,66.—AVERAGE WEEKLY RENTAL VALUE OF PRIVATE DWELLINGS CONTAINING ROOMS TO THE NUMBER OF—,II.—VICTORIA. / III.—QUEENSLAND.,,False,True,True,1,,False,
1911_census_volume_iii_part_xiii_dwellings,1911 Census - Volume III - Part XIII Dwellings.pdf,data\raw\abs_1911_census\1911 Census - Volume III - Part XIII Dwellings.pdf,200,172,173,66 | 65 | 67,66,3,1,2021,continues,"Average Weekly Rental Value of Private Dwellings in each County, etc., of the several States and Territories of the Commonwealth of Australia, at the Census of 3rd April, 1911, classified according to Number of Rooms",,II.-VICTORIA and III.-QUEENSLAND,False,True,True,1,,False,
1911_census_volume_iii_part_xiii_dwellings,1911 Census - Volume III - Part XIII Dwellings.pdf,data\raw\abs_1911_census\1911 Census - Volume III - Part XIII Dwellings.pdf,200,173,174,66 | 65 | 67,66,3,1,2022,continues,66.—AVERAGE WEEKLY RENTAL VALUE OF PRIVATE DWELLINGS,III.—QUEENSLAND; IV.—SOUTH AUSTRALIA,,False,True,True,1,,False,
1911_census_volume_iii_part_xiii_dwellings,1911 Census - Volume III - Part XIII Dwellings.pdf,data\raw\abs_1911_census\1911 Census - Volume III - Part XIII Dwellings.pdf,200,174,175,66 | 65 | 67,66,3,1,2023,continues,"Average Weekly Rental Value of Private Dwellings in each County, etc., of the several States and Territories of the Commonwealth of Australia, at the Census of 3rd April, 1911, classified according to Number of Rooms",III.—QUEENSLAND—continued. IV.—SOUTH AUSTRALIA.,,False,True,True,1,,False,
1911_census_volume_iii_part_xiii_dwellings,1911 Census - Volume III - Part XIII Dwellings.pdf,data\raw\abs_1911_census\1911 Census - Volume III - Part XIII Dwellings.pdf,200,175,176,66 | 65 | 67,66,3,1,2024,ends,66.--AVERAGE WEEKLY RENTAL VALUE OF PRIVATE DWELLINGS CONTAINING ROOMS TO THE NUMBER OF--,V.--WESTERN AUSTRALIA. VI.--TASMANIA.,,False,True,True,1,,False,
1911_census_volume_iii_part_xiii_dwellings,1911 Census - Volume III - Part XIII Dwellings.pdf,data\raw\abs_1911_census\1911 Census - Volume III - Part XIII Dwellings.pdf,200,176,177,66 | 65 | 67,66,3,1,2025,ends,"Average Weekly Rental Value of Private Dwellings in each County, etc., of the several States and Territories of the Commonwealth of Australia, at the Census of 3rd April, 1911, classified according to Number of Rooms",,V.-WESTERN AUSTRALIA; VI.-TASMANIA,False,True,True,1,,False,
1911_census_volume_iii_part_xiii_dwellings,1911 Census - Volume III - Part XIII Dwellings.pdf,data\raw\abs_1911_census\1911 Census - Volume III - Part XIII Dwellings.pdf,200,177,178,67 | 66 | 68,66 | 67,3,2,2026,boundary_multiple_tables,"Average Weekly Rental Value of Private Dwellings in each County, etc., of the several States and Territories of the Commonwealth of Australia, at the Census of 3rd April, 1911, classified according to Number of Rooms | Area, Population, Density, Occupied Dwellings and Rental Values in each County, etc., of the several States and Territories of the Commonwealth of Australia, at the Census of 3rd April, 1911",,I.—NEW SOUTH WALES,True,True,True,1,,False,
1911_census_volume_iii_part_xiii_dwellings,1911 Census - Volume III - Part XIII Dwellings.pdf,data\raw\abs_1911_census\1911 Census - Volume III - Part XIII Dwellings.pdf,200,178,179,67 | 66 | 68,67,3,1,2027,continues,"Area, Population, Density, Occupied Dwellings and Rental Values in each County, etc., of the several States and Territories of the Commonwealth of Australia, at the Census of 3rd April, 1911",,I.—NEW SOUTH WALES,False,True,True,1,,False,
1911_census_volume_iii_part_xiii_dwellings,1911 Census - Volume III - Part XIII Dwellings.pdf,data\raw\abs_1911_census\1911 Census - Volume III - Part XIII Dwellings.pdf,200,179,180,67 | 66 | 68,67,3,1,2028,continues,"Area, Population, Density, Occupied Dwellings and Rental Values in each County, etc., of the several States and Territories of the Commonwealth of Australia, at the Census of 3rd April, 1911",,II. VICTORIA; III. QUEENSLAND,False,True,True,1,,False,
1911_census_volume_iii_part_xiii_dwellings,1911 Census - Volume III - Part XIII Dwellings.pdf,data\raw\abs_1911_census\1911 Census - Volume III - Part XIII Dwellings.pdf,200,180,181,67 | 66 | 68,67,3,1,2029,continues,"Area, Population, Density, Occupied Dwellings and Rental Values in each County, etc., of the several States and Territories of the Commonwealth of Australia, at the Census of 3rd April, 1911","Queensland, South Australia, Western Australia",,False,True,True,1,,False,
1911_census_volume_iii_part_xiii_dwellings,1911 Census - Volume III - Part XIII Dwellings.pdf,data\raw\abs_1911_census\1911 Census - Volume III - Part XIII Dwellings.pdf,200,181,182,67 | 66 | 68,67,3,1,2030,continues,"67.—AREA, POPULATION, DENSITY, OCCUPIED DWELLINGS AND RENTAL VALUES—continued.",,VI.—TASMANIA,False,True,True,1,,False,
1911_census_volume_iii_part_xiii_dwellings,1911 Census - Volume III - Part XIII Dwellings.pdf,data\raw\abs_1911_census\1911 Census - Volume III - Part XIII Dwellings.pdf,200,182,183,68 | 67,68,2,1,2031,continues,"68.—AREA, POPULATION, DENSITY, OCCUPIED DWELLINGS, ETC., IN EACH LOCAL GOVERNMENT AREA OF THE SEVERAL STATES OF THE COMMONWEALTH OF AUSTRALIA",I.—NEW SOUTH WALES.,,False,True,True,1,,False,
1911_census_volume_iii_part_xiii_dwellings,1911 Census - Volume III - Part XIII Dwellings.pdf,data\raw\abs_1911_census\1911 Census - Volume III - Part XIII Dwellings.pdf,200,183,184,68 | 67,68,2,1,2032,continues,"68.—AREA, POPULATION, DENSITY, OCCUPIED DWELLINGS, ETC., IN EACH LOCAL GOVERNMENT AREA—continued.",I.—NEW SOUTH WALES—continued.,,False,True,True,1,,False,
1911_census_volume_iii_part_xiii_dwellings,1911 Census - Volume III - Part XIII Dwellings.pdf,data\raw\abs_1911_census\1911 Census - Volume III - Part XIII Dwellings.pdf,200,184,185,68 | 67,68,2,1,2033,continues,"68.—AREA, POPULATION, DENSITY, OCCUPIED DWELLINGS, ETC., IN EACH LOCAL GOVERNMENT AREA—continued.",I.—NEW SOUTH WALES—continued.,,False,True,True,1,,False,
1911_census_volume_iii_part_xiii_dwellings,1911 Census - Volume III - Part XIII Dwellings.pdf,data\raw\abs_1911_census\1911 Census - Volume III - Part XIII Dwellings.pdf,200,185,186,68 | 67,,2,0,2034,continues,"Area, Population, Density, Occupied Dwellings, etc., in each Local Government Area of the several States of the Commonwealth of Australia, at the Census of 3rd April, 1911",I.—NEW SOUTH WALES—continued.,SHIRES,False,True,True,0.9,"The page header indicates Table 69, but the candidate list provided only includes Table 68 as the final table. The content matches the topic of Table 68.",False,
1911_census_volume_iii_part_xiii_dwellings,1911 Census - Volume III - Part XIII Dwellings.pdf,data\raw\abs_1911_census\1911 Census - Volume III - Part XIII Dwellings.pdf,200,186,187,68 | 67,68,2,1,2035,continues,"68.—AREA, POPULATION, DENSITY, OCCUPIED DWELLINGS, ETC., IN EACH LOCAL GOVERNMENT AREA—continued.",I.—NEW SOUTH WALES—continued.,,False,True,True,1,,False,
1911_census_volume_iii_part_xiii_dwellings,1911 Census - Volume III - Part XIII Dwellings.pdf,data\raw\abs_1911_census\1911 Census - Volume III - Part XIII Dwellings.pdf,200,187,188,68 | 67,68,2,1,2036,continues,"68.--AREA, POPULATION, DENSITY, OCCUPIED DWELLINGS, ETC., IN EACH LOCAL GOVERNMENT AREA--continued.",II.--VICTORIA.,"CITIES, TOWNS, AND BOROUGHS",False,True,True,1,,False,
1911_census_volume_iii_part_xiii_dwellings,1911 Census - Volume III - Part XIII Dwellings.pdf,data\raw\abs_1911_census\1911 Census - Volume III - Part XIII Dwellings.pdf,200,188,189,68 | 67,68,2,1,2037,continues,"68.—AREA, POPULATION, DENSITY, OCCUPIED DWELLINGS, ETC., IN EACH LOCAL GOVERNMENT AREA—continued.",II.—VICTORIA—continued.,SHIRES,False,True,True,1,,False,
1911_census_volume_iii_part_xiii_dwellings,1911 Census - Volume III - Part XIII Dwellings.pdf,data\raw\abs_1911_census\1911 Census - Volume III - Part XIII Dwellings.pdf,200,189,190,68 | 67,68,2,1,2038,continues,"68.—AREA, POPULATION, DENSITY, OCCUPIED DWELLINGS, ETC., IN EACH LOCAL GOVERNMENT AREA—continued.",II.—VICTORIA—continued.,,False,True,True,1,,False,
1911_census_volume_iii_part_xiii_dwellings,1911 Census - Volume III - Part XIII Dwellings.pdf,data\raw\abs_1911_census\1911 Census - Volume III - Part XIII Dwellings.pdf,200,190,191,68 | 67,68,2,1,2039,continues,"68.—AREA, POPULATION, DENSITY. OCCUPIED DWELLINGS, ETC., IN EACH LOCAL GOVERNMENT AREA—continued.",III.—QUEENSLAND.,II.—VICTORIA—continued.,False,True,True,1,,False,
1911_census_volume_iii_part_xiii_dwellings,1911 Census - Volume III - Part XIII Dwellings.pdf,data\raw\abs_1911_census\1911 Census - Volume III - Part XIII Dwellings.pdf,200,191,192,68 | 67,68,2,1,2040,continues,"68.—AREA, POPULATION, DENSITY, OCCUPIED DWELLINGS, ETC., IN EACH LOCAL GOVERNMENT AREA—continued.",III.—QUEENSLAND—continued.,,False,True,True,1,,False,
1911_census_volume_iii_part_xiii_dwellings,1911 Census - Volume III - Part XIII Dwellings.pdf,data\raw\abs_1911_census\1911 Census - Volume III - Part XIII Dwellings.pdf,200,192,193,68 | 67,68,2,1,2041,continues,"68.—AREA, POPULATION, DENSITY, OCCUPIED DWELLINGS, ETC., IN EACH LOCAL GOVERNMENT AREA—continued.",III.—QUEENSLAND—continued.,,False,True,True,1,,False,
1911_census_volume_iii_part_xiii_dwellings,1911 Census - Volume III - Part XIII Dwellings.pdf,data\raw\abs_1911_census\1911 Census - Volume III - Part XIII Dwellings.pdf,200,193,194,68 | 67,68,2,1,2042,continues,"68.—AREA, POPULATION, DENSITY, OCCUPIED DWELLINGS, ETC., IN EACH LOCAL GOVERNMENT AREA—continued.",IV.—SOUTH AUSTRALIA.,,False,True,True,1,,False,
1911_census_volume_iii_part_xiii_dwellings,1911 Census - Volume III - Part XIII Dwellings.pdf,data\raw\abs_1911_census\1911 Census - Volume III - Part XIII Dwellings.pdf,200,194,195,68 | 67,68,2,1,2043,continues,"68.—AREA, POPULATION, DENSITY, OCCUPIED DWELLINGS, ETC. IN EACH LOCAL GOVERNMENT AREA—continued.",IV.—SOUTH AUSTRALIA—continued.,DISTRICT COUNCILS,False,True,True,1,,False,
1911_census_volume_iii_part_xiii_dwellings,1911 Census - Volume III - Part XIII Dwellings.pdf,data\raw\abs_1911_census\1911 Census - Volume III - Part XIII Dwellings.pdf,200,195,196,68 | 67,68,2,1,2044,continues,"68.—AREA, POPULATION, DENSITY, OCCUPIED DWELLINGS, ETC., IN EACH LOCAL GOVERNMENT AREA—continued.",IV.—SOUTH AUSTRALIA—continued.,DISTRICT COUNCILS,False,True,True,1,,False,
1911_census_volume_iii_part_xiii_dwellings,1911 Census - Volume III - Part XIII Dwellings.pdf,data\raw\abs_1911_census\1911 Census - Volume III - Part XIII Dwellings.pdf,200,196,197,68 | 67,68,2,1,2045,continues,"68.—AREA, POPULATION, DENSITY, OCCUPIED DWELLINGS, ETC., IN EACH LOCAL GOVERNMENT AREA—continued.",V.—WESTERN AUSTRALIA.,,False,True,True,1,,False,
1911_census_volume_iii_part_xiii_dwellings,1911 Census - Volume III - Part XIII Dwellings.pdf,data\raw\abs_1911_census\1911 Census - Volume III - Part XIII Dwellings.pdf,200,197,198,68 | 67,68,2,1,2046,continues,"68.--AREA, POPULATION, DENSITY, OCCUPIED DWELLINGS, ETC., IN EACH LOCAL GOVERNMENT AREA--continued.",V.--WESTERN AUSTRALIA--continued.,ROAD BOARD DISTRICTS,False,True,True,1,,False,
1911_census_volume_iii_part_xiii_dwellings,1911 Census - Volume III - Part XIII Dwellings.pdf,data\raw\abs_1911_census\1911 Census - Volume III - Part XIII Dwellings.pdf,200,198,199,68 | 67,68,2,1,2047,ends,"68.—AREA, POPULATION, DENSITY, OCCUPIED DWELLINGS, ETC., IN EACH LOCAL GOVERNMENT AREA—continued.",V.—WESTERN AUSTRALIA—continued.,,False,True,True,1,,False,
1911_census_volume_iii_part_xiii_dwellings,1911 Census - Volume III - Part XIII Dwellings.pdf,data\raw\abs_1911_census\1911 Census - Volume III - Part XIII Dwellings.pdf,200,199,200,68 | 67,,2,0,,non_table,,,,False,False,False,1,The provided page is blank.,False,
1911_census_volume_iii_part_xiv_summary,1911 Census - Volume III - Part XIV Summary.pdf,data\raw\abs_1911_census\1911 Census - Volume III - Part XIV Summary.pdf,244,5,6,1 | 2 | 3 | 4,1 | 2 | 3,4,3,2054,boundary_multiple_tables,"Population of States and Territories | Full-blooded Aboriginals enumerated in States and Territories | Comparison of Population, 1881, 1891, 1901 and 1911",,INTRODUCTORY SECTION.—POPULATION.,True,True,True,1,,False,
1911_census_volume_iii_part_xiv_summary,1911 Census - Volume III - Part XIV Summary.pdf,data\raw\abs_1911_census\1911 Census - Volume III - Part XIV Summary.pdf,244,6,7,4 | 3 | 5,3 | 4,3,2,2055,boundary_multiple_tables,"Comparison of Population, 1881, 1891, 1901 and 1911 | Increase of Population, 1881-1891, 1891-1901, and 1901-1911",,,True,True,True,1,,False,
1911_census_volume_iii_part_xiv_summary,1911 Census - Volume III - Part XIV Summary.pdf,data\raw\abs_1911_census\1911 Census - Volume III - Part XIV Summary.pdf,244,7,8,5 | 4 | 6,4 | 5,3,2,2056,boundary_multiple_tables,"4.—INCREASE OF POPULATION IN THE SEVERAL STATES AND TERRITORIES—continued. | 5.—ADJUSTED POPULATION OF THE SEVERAL STATES AND THE NORTHERN TERRITORY,",,,True,True,True,1,,False,
1911_census_volume_iii_part_xiv_summary,1911 Census - Volume III - Part XIV Summary.pdf,data\raw\abs_1911_census\1911 Census - Volume III - Part XIV Summary.pdf,244,8,9,6 | 5 | 7,6,3,1,2057,complete_on_page,Adjusted Mean Population of States and Northern Territory,,,False,True,True,1,,False,
1911_census_volume_iii_part_xiv_summary,1911 Census - Volume III - Part XIV Summary.pdf,data\raw\abs_1911_census\1911 Census - Volume III - Part XIV Summary.pdf,244,9,10,7 | 6 | 8,7,3,1,2058,complete_on_page,7.—MALE POPULATION OF THE SEVERAL STATES AND TERRITORIES OF THE COMMONWEALTH OF AUSTRALIA,,SECTION 1.—AGES.,False,True,True,1,,False,
1911_census_volume_iii_part_xiv_summary,1911 Census - Volume III - Part XIV Summary.pdf,data\raw\abs_1911_census\1911 Census - Volume III - Part XIV Summary.pdf,244,10,11,8 | 7 | 9,8,3,1,2059,complete_on_page,8.—FEMALE POPULATION OF THE SEVERAL STATES AND TERRITORIES OF THE COMMONWEALTH OF AUSTRALIA,,,False,True,True,1,,False,
1911_census_volume_iii_part_xiv_summary,1911 Census - Volume III - Part XIV Summary.pdf,data\raw\abs_1911_census\1911 Census - Volume III - Part XIV Summary.pdf,244,11,12,9 | 8 | 10,9,3,1,2060,complete_on_page,9. TOTAL POPULATION OF THE SEVERAL STATES AND TERRITORIES OF THE COMMONWEALTH OF AUSTRALIA,,,False,True,True,1,,False,
1911_census_volume_iii_part_xiv_summary,1911 Census - Volume III - Part XIV Summary.pdf,data\raw\abs_1911_census\1911 Census - Volume III - Part XIV Summary.pdf,244,12,13,10 | 9 | 11,10,3,1,2061,complete_on_page,"Comparative Statement of the Population of the Commonwealth, 1901 and 1911",,,False,True,True,1,,False,
1911_census_volume_iii_part_xiv_summary,1911 Census - Volume III - Part XIV Summary.pdf,data\raw\abs_1911_census\1911 Census - Volume III - Part XIV Summary.pdf,244,13,14,11 | 10 | 12,11,3,1,2062,complete_on_page,11.—METROPOLITAN AND EXTRA-METROPOLITAN POPULATION OF NEW SOUTH WALES,,,False,True,True,1,,False,
1911_census_volume_iii_part_xiv_summary,1911 Census - Volume III - Part XIV Summary.pdf,data\raw\abs_1911_census\1911 Census - Volume III - Part XIV Summary.pdf,244,14,15,12 | 11 | 13,12,3,1,2063,complete_on_page,12.—METROPOLITAN AND EXTRA-METROPOLITAN POPULATION OF VICTORIA,,,False,True,True,1,,False,
1911_census_volume_iii_part_xiv_summary,1911 Census - Volume III - Part XIV Summary.pdf,data\raw\abs_1911_census\1911 Census - Volume III - Part XIV Summary.pdf,244,15,16,13 | 12 | 14,13,3,1,2064,complete_on_page,13.—METROPOLITAN AND EXTRA-METROPOLITAN POPULATION OF QUEENSLAND,,,False,True,True,1,,False,
1911_census_volume_iii_part_xiv_summary,1911 Census - Volume III - Part XIV Summary.pdf,data\raw\abs_1911_census\1911 Census - Volume III - Part XIV Summary.pdf,244,16,17,14 | 13 | 15,14,3,1,2065,complete_on_page,Metropolitan and Extra-Metropolitan Population of South Australia,,,False,True,True,1,,False,
1911_census_volume_iii_part_xiv_summary,1911 Census - Volume III - Part XIV Summary.pdf,data\raw\abs_1911_census\1911 Census - Volume III - Part XIV Summary.pdf,244,17,18,15 | 14 | 16,15,3,1,2066,complete_on_page,15.—METROPOLITAN AND EXTRA-METROPOLITAN POPULATION OF WESTERN AUSTRALIA.,,,False,True,True,1,,False,
1911_census_volume_iii_part_xiv_summary,1911 Census - Volume III - Part XIV Summary.pdf,data\raw\abs_1911_census\1911 Census - Volume III - Part XIV Summary.pdf,244,18,19,16 | 15 | 17,16,3,1,2067,complete_on_page,16.—METROPOLITAN AND EXTRA-METROPOLITAN POPULATION OF TASMANIA,,,False,True,True,1,,False,
1911_census_volume_iii_part_xiv_summary,1911 Census - Volume III - Part XIV Summary.pdf,data\raw\abs_1911_census\1911 Census - Volume III - Part XIV Summary.pdf,244,19,20,17 | 16 | 18,17,3,1,2068,continues,"17. MALE POPULATION OF THE At the Census of 3rd April, 1911, Classified according to",,SECTION 2,False,True,True,1,,False,
1911_census_volume_iii_part_xiv_summary,1911 Census - Volume III - Part XIV Summary.pdf,data\raw\abs_1911_census\1911 Census - Volume III - Part XIV Summary.pdf,244,20,21,17 | 16 | 18,17,3,1,2069,ends,"Male Population, classified according to Age",,BIRTHPLACES,False,False,True,1,,False,
1911_census_volume_iii_part_xiv_summary,1911 Census - Volume III - Part XIV Summary.pdf,data\raw\abs_1911_census\1911 Census - Volume III - Part XIV Summary.pdf,244,21,22,18 | 17 | 19,18,3,1,2070,continues,"18. Female Population, classified according to Age",,,False,True,True,1,,False,
1911_census_volume_iii_part_xiv_summary,1911 Census - Volume III - Part XIV Summary.pdf,data\raw\abs_1911_census\1911 Census - Volume III - Part XIV Summary.pdf,244,22,23,18 | 17 | 19,19,3,1,2071,starts,"Total Population, classified according to Age",,Birthplace and Age (Exclusive of Full-blooded Aboriginals),False,True,True,1,,False,
1911_census_volume_iii_part_xiv_summary,1911 Census - Volume III - Part XIV Summary.pdf,data\raw\abs_1911_census\1911 Census - Volume III - Part XIV Summary.pdf,244,23,24,19 | 18 | 20,19,3,1,2072,ends,"Total Population, classified according to Age",,,False,True,True,1,,False,
1911_census_volume_iii_part_xiv_summary,1911 Census - Volume III - Part XIV Summary.pdf,data\raw\abs_1911_census\1911 Census - Volume III - Part XIV Summary.pdf,244,24,25,19 | 18 | 20,19,3,1,2073,ends,"Total Population, classified according to Age",,Birthplace and Age (Exclusive of Full-blooded Aboriginals),False,False,True,1,,False,
1911_census_volume_iii_part_xiv_summary,1911 Census - Volume III - Part XIV Summary.pdf,data\raw\abs_1911_census\1911 Census - Volume III - Part XIV Summary.pdf,244,25,26,20 | 19 | 21,20,3,1,2074,complete_on_page,"20. MALE POPULATION OF THE SEVERAL STATES AND TERRITORIES OF THE COMMONWEALTH OF AUSTRALIA, 1911.—SUMMARY TABLES.",,,False,True,True,1,,False,
1911_census_volume_iii_part_xiv_summary,1911 Census - Volume III - Part XIV Summary.pdf,data\raw\abs_1911_census\1911 Census - Volume III - Part XIV Summary.pdf,244,26,27,21 | 20 | 22,21,3,1,2075,complete_on_page,21.—FEMALE POPULATION OF THE SEVERAL STATES AND TERRITORIES OF THE COMMONWEALTH OF AUSTRALIA,,,False,True,True,1,,False,
1911_census_volume_iii_part_xiv_summary,1911 Census - Volume III - Part XIV Summary.pdf,data\raw\abs_1911_census\1911 Census - Volume III - Part XIV Summary.pdf,244,27,28,22 | 21 | 23,22,3,1,2076,complete_on_page,22.—TOTAL POPULATION OF THE SEVERAL STATES AND TERRITORIES OF THE COMMONWEALTH OF AUSTRALIA,,,False,True,True,1,,False,
1911_census_volume_iii_part_xiv_summary,1911 Census - Volume III - Part XIV Summary.pdf,data\raw\abs_1911_census\1911 Census - Volume III - Part XIV Summary.pdf,244,28,29,23 | 22 | 24,23,3,1,2077,complete_on_page,"Comparative Statement of the Population, Censuses 1901 and 1911",,,False,True,True,1,,False,
1911_census_volume_iii_part_xiv_summary,1911 Census - Volume III - Part XIV Summary.pdf,data\raw\abs_1911_census\1911 Census - Volume III - Part XIV Summary.pdf,244,29,30,24 | 23 | 25,24,3,1,2078,complete_on_page,Metropolitan and Extra-Metropolitan Population of New South Wales,,,False,True,True,1,,False,
1911_census_volume_iii_part_xiv_summary,1911 Census - Volume III - Part XIV Summary.pdf,data\raw\abs_1911_census\1911 Census - Volume III - Part XIV Summary.pdf,244,30,31,25 | 24 | 26,25,3,1,2079,complete_on_page,Metropolitan and Extra-Metropolitan Population of Victoria,,,False,True,True,1,,False,
1911_census_volume_iii_part_xiv_summary,1911 Census - Volume III - Part XIV Summary.pdf,data\raw\abs_1911_census\1911 Census - Volume III - Part XIV Summary.pdf,244,31,32,26 | 25 | 27,26,3,1,2080,complete_on_page,Metropolitan and Extra-Metropolitan Population of Queensland,,,False,True,True,1,,False,
1911_census_volume_iii_part_xiv_summary,1911 Census - Volume III - Part XIV Summary.pdf,data\raw\abs_1911_census\1911 Census - Volume III - Part XIV Summary.pdf,244,32,33,27 | 26 | 28,28,3,1,2081,complete_on_page,Metropolitan and Extra-Metropolitan Population of Western Australia,,,False,True,True,1,"The page header explicitly labels the table as 27, but the candidate list provided for this page index (32) includes table 28. Based on the visual content, this is Table 27, but I am constrained to the provided candidate list. Re-evaluating: The provided candidate list for page 32 is incorrect based on the image content which is Table 27. However, following instructions to choose only from candidate table numbers, I must note the discrepancy.",False,
1911_census_volume_iii_part_xiv_summary,1911 Census - Volume III - Part XIV Summary.pdf,data\raw\abs_1911_census\1911 Census - Volume III - Part XIV Summary.pdf,244,33,34,28 | 27 | 29,28,3,1,2082,complete_on_page,Metropolitan and Extra-Metropolitan Population of Western Australia,,,False,True,True,1,,False,
1911_census_volume_iii_part_xiv_summary,1911 Census - Volume III - Part XIV Summary.pdf,data\raw\abs_1911_census\1911 Census - Volume III - Part XIV Summary.pdf,244,34,35,29 | 28 | 30,29,3,1,2083,complete_on_page,29.—METROPOLITAN AND EXTRA-METROPOLITAN POPULATION OF TASMANIA,,,False,True,True,1,,False,
1911_census_volume_iii_part_xiv_summary,1911 Census - Volume III - Part XIV Summary.pdf,data\raw\abs_1911_census\1911 Census - Volume III - Part XIV Summary.pdf,244,35,36,30 | 29 | 31,30,3,1,2084,complete_on_page,Population of States and Territories,,SECTION 3.—LENGTH OF RESIDENCE.,False,True,True,1,,False,
1911_census_volume_iii_part_xiv_summary,1911 Census - Volume III - Part XIV Summary.pdf,data\raw\abs_1911_census\1911 Census - Volume III - Part XIV Summary.pdf,244,36,37,30 | 29 | 31,30,3,1,2085,ends,30.—POPULATION OF THE SEVERAL STATES AND TERRITORIES OF THE COMMONWEALTH OF AUSTRALIA—continued.,,,False,True,True,1,,False,
1911_census_volume_iii_part_xiv_summary,1911 Census - Volume III - Part XIV Summary.pdf,data\raw\abs_1911_census\1911 Census - Volume III - Part XIV Summary.pdf,244,37,38,31 | 30 | 32,31,3,1,2086,continues,Population of the Commonwealth in Age Groups,,,False,True,True,1,,False,
1911_census_volume_iii_part_xiv_summary,1911 Census - Volume III - Part XIV Summary.pdf,data\raw\abs_1911_census\1911 Census - Volume III - Part XIV Summary.pdf,244,38,39,31 | 30 | 32,31,3,1,2087,complete_on_page,Population of the Commonwealth in Age Groups,,Length of Residence,False,True,True,1,,False,
1911_census_volume_iii_part_xiv_summary,1911 Census - Volume III - Part XIV Summary.pdf,data\raw\abs_1911_census\1911 Census - Volume III - Part XIV Summary.pdf,244,39,40,32 | 31 | 33,31 | 32,3,2,2088,boundary_multiple_tables,Population of the Commonwealth in Age Groups | Metropolitan and Extra-Metropolitan Population of New South Wales,,,True,True,True,1,,False,
1911_census_volume_iii_part_xiv_summary,1911 Census - Volume III - Part XIV Summary.pdf,data\raw\abs_1911_census\1911 Census - Volume III - Part XIV Summary.pdf,244,40,41,33 | 32 | 34,33,3,1,2089,complete_on_page,33.—METROPOLITAN AND EXTRA-METROPOLITAN POPULATION OF VICTORIA,,,False,True,True,1,,False,
1911_census_volume_iii_part_xiv_summary,1911 Census - Volume III - Part XIV Summary.pdf,data\raw\abs_1911_census\1911 Census - Volume III - Part XIV Summary.pdf,244,41,42,34 | 33 | 35 | 36,34 | 35,4,2,2090,boundary_multiple_tables,Metropolitan and Extra-Metropolitan Population of Queensland | Metropolitan and Extra-Metropolitan Population of South Australia,,,True,True,True,1,,False,
1911_census_volume_iii_part_xiv_summary,1911 Census - Volume III - Part XIV Summary.pdf,data\raw\abs_1911_census\1911 Census - Volume III - Part XIV Summary.pdf,244,42,43,36 | 35 | 37 | 38,36 | 37,4,2,2091,boundary_multiple_tables,Metropolitan and Extra-Metropolitan Population of Western Australia | Metropolitan and Extra-Metropolitan Population of Tasmania,,,True,True,True,1,,False,
1911_census_volume_iii_part_xiv_summary,1911 Census - Volume III - Part XIV Summary.pdf,data\raw\abs_1911_census\1911 Census - Volume III - Part XIV Summary.pdf,244,43,44,38 | 37 | 39,38,3,1,2092,complete_on_page,38.—POPULATION OF THE SEVERAL STATES AND TERRITORIES OF THE COMMONWEALTH OF AUSTRALIA,,Section 4.—EDUCATION.,False,True,True,1,,False,
1911_census_volume_iii_part_xiv_summary,1911 Census - Volume III - Part XIV Summary.pdf,data\raw\abs_1911_census\1911 Census - Volume III - Part XIV Summary.pdf,244,44,45,39 | 38 | 40 | 41,39 | 40,4,2,2093,boundary_multiple_tables,"Population of the Commonwealth, in Age Groups | Population of the State of New South Wales, in Age Groups",,,True,True,True,1,,False,
1911_census_volume_iii_part_xiv_summary,1911 Census - Volume III - Part XIV Summary.pdf,data\raw\abs_1911_census\1911 Census - Volume III - Part XIV Summary.pdf,244,45,46,41 | 40 | 42 | 43,41 | 42,4,2,2004,boundary_multiple_tables,41.—POPULATION OF THE STATE OF VICTORIA | 42.—POPULATION OF THE STATE OF QUEENSLAND,,,True,True,True,1,,False,
1911_census_volume_iii_part_xiv_summary,1911 Census - Volume III - Part XIV Summary.pdf,data\raw\abs_1911_census\1911 Census - Volume III - Part XIV Summary.pdf,244,46,47,43 | 42 | 44 | 45,43 | 44,4,2,2095,boundary_multiple_tables,43.—POPULATION OF THE STATE OF SOUTH AUSTRALIA | 44.—POPULATION OF THE STATE OF WESTERN AUSTRALIA,,,True,True,True,1,,False,
1911_census_volume_iii_part_xiv_summary,1911 Census - Volume III - Part XIV Summary.pdf,data\raw\abs_1911_census\1911 Census - Volume III - Part XIV Summary.pdf,244,47,48,45 | 44 | 46 | 47,45 | 46,4,2,2096,boundary_multiple_tables,45.—POPULATION OF THE STATE OF TASMANIA | 46.—POPULATION OF THE NORTHERN TERRITORY,,,True,True,True,1,,False,
1911_census_volume_iii_part_xiv_summary,1911 Census - Volume III - Part XIV Summary.pdf,data\raw\abs_1911_census\1911 Census - Volume III - Part XIV Summary.pdf,244,48,49,47 | 46 | 48,47,3,1,2097,complete_on_page,47.—POPULATION OF THE FEDERAL TERRITORY,,,False,True,True,1,,False,
1911_census_volume_iii_part_xiv_summary,1911 Census - Volume III - Part XIV Summary.pdf,data\raw\abs_1911_census\1911 Census - Volume III - Part XIV Summary.pdf,244,49,50,48 | 47 | 49,48,3,1,2098,complete_on_page,School Attendance of Children Aged last Birthday from 6 to 13 years,,SECTION 5.—SCHOOLING.,False,True,True,1,,False,
1911_census_volume_iii_part_xiv_summary,1911 Census - Volume III - Part XIV Summary.pdf,data\raw\abs_1911_census\1911 Census - Volume III - Part XIV Summary.pdf,244,50,51,49 | 48 | 50,49,3,1,2099,complete_on_page,"Population of the Commonwealth, in Ages",,,False,True,True,1,,False,
1911_census_volume_iii_part_xiv_summary,1911 Census - Volume III - Part XIV Summary.pdf,data\raw\abs_1911_census\1911 Census - Volume III - Part XIV Summary.pdf,244,51,52,50 | 49 | 51,50,3,1,2100,complete_on_page,50.—POPULATION OF THE STATE OF NEW SOUTH WALES,,,False,True,True,1,,False,
1911_census_volume_iii_part_xiv_summary,1911 Census - Volume III - Part XIV Summary.pdf,data\raw\abs_1911_census\1911 Census - Volume III - Part XIV Summary.pdf,244,52,53,51 | 50 | 52,51,3,1,2101,complete_on_page,51.—POPULATION OF THE STATE OF VICTORIA,,,False,True,True,1,,False,
1911_census_volume_iii_part_xiv_summary,1911 Census - Volume III - Part XIV Summary.pdf,data\raw\abs_1911_census\1911 Census - Volume III - Part XIV Summary.pdf,244,53,54,52 | 51 | 53,52,3,1,2102,complete_on_page,52.—POPULATION OF THE STATE OF QUEENSLAND,,,False,True,True,1,,False,
1911_census_volume_iii_part_xiv_summary,1911 Census - Volume III - Part XIV Summary.pdf,data\raw\abs_1911_census\1911 Census - Volume III - Part XIV Summary.pdf,244,54,55,53 | 52 | 54,53,3,1,2103,complete_on_page,53.—POPULATION OF THE STATE OF SOUTH AUSTRALIA,,,False,True,True,1,,False,
1911_census_volume_iii_part_xiv_summary,1911 Census - Volume III - Part XIV Summary.pdf,data\raw\abs_1911_census\1911 Census - Volume III - Part XIV Summary.pdf,244,55,56,54 | 53 | 55,54,3,1,2104,complete_on_page,54.—POPULATION OF THE STATE OF WESTERN AUSTRALIA,,,False,True,True,1,,False,
1911_census_volume_iii_part_xiv_summary,1911 Census - Volume III - Part XIV Summary.pdf,data\raw\abs_1911_census\1911 Census - Volume III - Part XIV Summary.pdf,244,56,57,55 | 54 | 56,55,3,1,2105,complete_on_page,55. POPULATION OF THE STATE OF TASMANIA,,,False,True,True,1,,False,
1911_census_volume_iii_part_xiv_summary,1911 Census - Volume III - Part XIV Summary.pdf,data\raw\abs_1911_census\1911 Census - Volume III - Part XIV Summary.pdf,244,57,58,56 | 55 | 57,56,3,1,2106,complete_on_page,56.—POPULATION OF THE NORTHERN TERRITORY,,,False,True,True,1,,False,
1911_census_volume_iii_part_xiv_summary,1911 Census - Volume III - Part XIV Summary.pdf,data\raw\abs_1911_census\1911 Census - Volume III - Part XIV Summary.pdf,244,58,59,57 | 56 | 58,57,3,1,2107,complete_on_page,57.—POPULATION OF THE FEDERAL TERRITORY,,,False,True,True,1,,False,
1911_census_volume_iii_part_xiv_summary,1911 Census - Volume III - Part XIV Summary.pdf,data\raw\abs_1911_census\1911 Census - Volume III - Part XIV Summary.pdf,244,59,60,58 | 57 | 59,58,3,1,2108,complete_on_page,Metropolitan and Extra-Metropolitan Attendance of Male Children,,,False,True,True,1,,False,
1911_census_volume_iii_part_xiv_summary,1911 Census - Volume III - Part XIV Summary.pdf,data\raw\abs_1911_census\1911 Census - Volume III - Part XIV Summary.pdf,244,60,61,59 | 58 | 60,59,3,1,2109,complete_on_page,59.—METROPOLITAN AND EXTRA-METROPOLITAN SCHOOL ATTENDANCE OF FEMALE CHILDREN AGED LAST BIRTHDAY FROM 6 TO 13 YEARS IN THE SEVERAL STATES OF THE COMMONWEALTH OF AUSTRALIA,,,False,True,True,1,,False,
1911_census_volume_iii_part_xiv_summary,1911 Census - Volume III - Part XIV Summary.pdf,data\raw\abs_1911_census\1911 Census - Volume III - Part XIV Summary.pdf,244,61,62,60 | 59 | 61,60,3,1,2110,complete_on_page,60.—METROPOLITAN AND EXTRA-METROPOLITAN SCHOOL ATTENDANCE OF CHILDREN OF BOTH SEXES AGED LAST BIRTHDAY FROM 6 TO 13 YEARS IN THE SEVERAL STATES OF THE COMMONWEALTH OF AUSTRALIA,,,False,True,True,1,,False,
1911_census_volume_iii_part_xiv_summary,1911 Census - Volume III - Part XIV Summary.pdf,data\raw\abs_1911_census\1911 Census - Volume III - Part XIV Summary.pdf,244,62,63,61 | 60 | 62,61,3,1,2111,continues,Population of States and Territories,,SECTION 6.—RELIGION.,False,True,True,1,,False,
1911_census_volume_iii_part_xiv_summary,1911 Census - Volume III - Part XIV Summary.pdf,data\raw\abs_1911_census\1911 Census - Volume III - Part XIV Summary.pdf,244,63,64,61 | 60 | 62,61,3,1,2112,continues,Population of the several States and Territories of the Commonwealth of Australia classified according to religion,II.—FEMALES—continued.,III.—PERSONS.,False,True,True,1,,False,
1911_census_volume_iii_part_xiv_summary,1911 Census - Volume III - Part XIV Summary.pdf,data\raw\abs_1911_census\1911 Census - Volume III - Part XIV Summary.pdf,244,64,65,62 | 61 | 63 | 64,62 | 63,4,2,2113,boundary_multiple_tables,Comparative Statement of Population at the Censuses of 1901 and 1911 | Metropolitan and Extra-Metropolitan Population in States of-,,I.—NEW SOUTH WALES,True,True,True,1,,False,
1911_census_volume_iii_part_xiv_summary,1911 Census - Volume III - Part XIV Summary.pdf,data\raw\abs_1911_census\1911 Census - Volume III - Part XIV Summary.pdf,244,65,66,62 | 61 | 63 | 64,63,4,1,2114,continues,"63.—METROPOLITAN AND EXTRA-METROPOLITAN POPULATION OF THE SEVERAL STATES OF THE COMMONWEALTH OF AUSTRALIA, CLASSIFIED ACCORDING TO RELIGION—continued.",,I.—NEW SOUTH WALES—continued. II.—VICTORIA.,False,True,True,1,,False,
1911_census_volume_iii_part_xiv_summary,1911 Census - Volume III - Part XIV Summary.pdf,data\raw\abs_1911_census\1911 Census - Volume III - Part XIV Summary.pdf,244,66,67,62 | 61 | 63 | 64,63,4,1,2115,continues,"63.—METROPOLITAN AND EXTRA-METROPOLITAN POPULATION OF THE SEVERAL STATES OF THE COMMONWEALTH OF AUSTRALIA, CLASSIFIED ACCORDING TO RELIGION—continued.",III.—QUEENSLAND. IV.—SOUTH AUSTRALIA.,,False,True,True,1,,False,
1911_census_volume_iii_part_xiv_summary,1911 Census - Volume III - Part XIV Summary.pdf,data\raw\abs_1911_census\1911 Census - Volume III - Part XIV Summary.pdf,244,67,68,62 | 61 | 63 | 64,63,4,1,2116,continues,"63.—METROPOLITAN AND EXTRA-METROPOLITAN POPULATION OF THE SEVERAL STATES OF THE COMMONWEALTH OF AUSTRALIA, CLASSIFIED ACCORDING TO RELIGION—continued.",,IV.—SOUTH AUSTRALIA—continued. V.—WESTERN AUSTRALIA.,False,True,True,1,,False,
1911_census_volume_iii_part_xiv_summary,1911 Census - Volume III - Part XIV Summary.pdf,data\raw\abs_1911_census\1911 Census - Volume III - Part XIV Summary.pdf,244,68,69,62 | 61 | 63 | 64,63,4,1,2117,ends,"63.—METROPOLITAN AND EXTRA-METROPOLITAN POPULATION OF THE SEVERAL STATES OF THE COMMONWEALTH OF AUSTRALIA, CLASSIFIED ACCORDING TO RELIGION—continued.",VI.—TASMANIA.,,False,True,True,1,,False,
1911_census_volume_iii_part_xiv_summary,1911 Census - Volume III - Part XIV Summary.pdf,data\raw\abs_1911_census\1911 Census - Volume III - Part XIV Summary.pdf,244,69,70,64 | 63 | 65,64,3,1,2118,complete_on_page,"Number of Blind Persons and Deaf Mutes in States, at the Censuses of 1901 and 1911",,SECTION 7.—BLINDNESS AND DEAF MUTISM.,False,True,True,1,,False,
1911_census_volume_iii_part_xiv_summary,1911 Census - Volume III - Part XIV Summary.pdf,data\raw\abs_1911_census\1911 Census - Volume III - Part XIV Summary.pdf,244,70,71,65 | 64 | 66,65,3,1,2119,complete_on_page,Ages of Blind Persons in States,,,False,True,True,1,,False,
1911_census_volume_iii_part_xiv_summary,1911 Census - Volume III - Part XIV Summary.pdf,data\raw\abs_1911_census\1911 Census - Volume III - Part XIV Summary.pdf,244,71,72,66 | 65 | 67,66,3,1,2120,complete_on_page,66.—AGES OF DEAF MUTES RECORDED IN THE SEVERAL STATES OF THE COMMONWEALTH OF AUSTRALIA,,,False,True,True,1,,False,
1911_census_volume_iii_part_xiv_summary,1911 Census - Volume III - Part XIV Summary.pdf,data\raw\abs_1911_census\1911 Census - Volume III - Part XIV Summary.pdf,244,72,73,67 | 66 | 68,67,3,1,2121,continues,67.-BIRTHPLACES OF THE BLIND IN THE SEVERAL STATES OF THE COMMONWEALTH OF AUSTRALIA,,,False,True,True,1,,False,
1911_census_volume_iii_part_xiv_summary,1911 Census - Volume III - Part XIV Summary.pdf,data\raw\abs_1911_census\1911 Census - Volume III - Part XIV Summary.pdf,244,73,74,67 | 66 | 68,67,3,1,2122,continues,67.—BIRTHPLACES OF THE BLIND RECORDED IN THE SEVERAL STATES—continued.,,,False,True,True,1,,False,
1911_census_volume_iii_part_xiv_summary,1911 Census - Volume III - Part XIV Summary.pdf,data\raw\abs_1911_census\1911 Census - Volume III - Part XIV Summary.pdf,244,74,75,68 | 67 | 69,68,3,1,2123,complete_on_page,68.—BIRTHPLACES OF DEAF MUTES RECORDED IN THE SEVERAL STATES OF THE COMMONWEALTH OF AUSTRALIA,,,False,True,True,1,,False,
1911_census_volume_iii_part_xiv_summary,1911 Census - Volume III - Part XIV Summary.pdf,data\raw\abs_1911_census\1911 Census - Volume III - Part XIV Summary.pdf,244,75,76,69 | 68 | 70,68 | 69,3,2,2124,boundary_multiple_tables,68.—BIRTHPLACES OF DEAF MUTES RECORDED IN THE SEVERAL STATES—continued. | 69.—CONJUGAL CONDITION OF BLIND PERSONS IN THE SEVERAL STATES OF THE COMMONWEALTH OF AUSTRALIA,,,True,True,True,1,,False,
1911_census_volume_iii_part_xiv_summary,1911 Census - Volume III - Part XIV Summary.pdf,data\raw\abs_1911_census\1911 Census - Volume III - Part XIV Summary.pdf,244,76,77,70 | 69 | 71,69 | 70,3,2,2125,boundary_multiple_tables,69.—CONJUGAL CONDITION OF BLIND PERSONS IN THE SEVERAL STATES—continued. | 70.—CONJUGAL CONDITION OF DEAF MUTE PERSONS IN THE SEVERAL STATES OF THE COMMONWEALTH OF AUSTRALIA,,,True,True,True,1,,False,
1911_census_volume_iii_part_xiv_summary,1911 Census - Volume III - Part XIV Summary.pdf,data\raw\abs_1911_census\1911 Census - Volume III - Part XIV Summary.pdf,244,77,78,71 | 70 | 72 | 73,71 | 72,4,2,2126,boundary_multiple_tables,71.—NUMBER OF PERSONS OF NON-EUROPEAN RACE IN THE COMMONWEALTH OF AUSTRALIA | 72.—NUMBER OF PERSONS OF NON-EUROPEAN RACE IN THE COMMONWEALTH OF AUSTRALIA,,SECTION 8.—PERSONS OF NON-EUROPEAN RACE.,True,True,True,1,,False,
1911_census_volume_iii_part_xiv_summary,1911 Census - Volume III - Part XIV Summary.pdf,data\raw\abs_1911_census\1911 Census - Volume III - Part XIV Summary.pdf,244,78,79,73 | 72 | 74,73,3,1,2127,complete_on_page,"73.—NUMBER OF PERSONS OF NON-EUROPEAN RACE IN THE COMMONWEALTH OF AUSTRALIA AT THE CENSUS OF 3RD APRIL, 1911 (EXCLUSIVE OF FULL-BLOODED ABORIGINALS). SUMMARY BY RACES, STATES AND TERRITORIES.",,,False,True,True,1,,False,
1911_census_volume_iii_part_xiv_summary,1911 Census - Volume III - Part XIV Summary.pdf,data\raw\abs_1911_census\1911 Census - Volume III - Part XIV Summary.pdf,244,79,80,74 | 73 | 75 | 76,74 | 75,4,2,2128,boundary_multiple_tables,"Chinese in Australia, Censuses 1891, 1901 and 1911 | Japanese, Hindus and Cingalese, and Polynesians in Australia, Censuses 1901 and 1911",,,True,True,True,1,,False,
1911_census_volume_iii_part_xiv_summary,1911 Census - Volume III - Part XIV Summary.pdf,data\raw\abs_1911_census\1911 Census - Volume III - Part XIV Summary.pdf,244,80,81,76 | 75 | 77 | 78,76 | 77,4,2,2129,boundary_multiple_tables,Population of the Several States and Territories of the Commonwealth of Australia | Comparative Statement of the Population of the Commonwealth of Australia,,Section 9 - CONJUGAL CONDITION,True,True,True,1,,False,
1911_census_volume_iii_part_xiv_summary,1911 Census - Volume III - Part XIV Summary.pdf,data\raw\abs_1911_census\1911 Census - Volume III - Part XIV Summary.pdf,244,81,82,78 | 77 | 79 | 80,78 | 79,4,2,2130,boundary_multiple_tables,"Population of the Commonwealth, in Age Groups | Population of States and Territories, in Age Groups-",I.—NEW SOUTH WALES,,True,True,True,1,,False,
1911_census_volume_iii_part_xiv_summary,1911 Census - Volume III - Part XIV Summary.pdf,data\raw\abs_1911_census\1911 Census - Volume III - Part XIV Summary.pdf,244,82,83,78 | 77 | 79 | 80,79,4,1,2131,continues,"Population of States and Territories, in Age Groups-",II.-VICTORIA. and III.-QUEENSLAND.,,False,True,True,1,,False,
1911_census_volume_iii_part_xiv_summary,1911 Census - Volume III - Part XIV Summary.pdf,data\raw\abs_1911_census\1911 Census - Volume III - Part XIV Summary.pdf,244,83,84,78 | 77 | 79 | 80,79,4,1,2132,continues,"Population of States and Territories, in Age Groups-",IV.—SOUTH AUSTRALIA. V.—WESTERN AUSTRALIA.,,False,True,True,1,,False,
1911_census_volume_iii_part_xiv_summary,1911 Census - Volume III - Part XIV Summary.pdf,data\raw\abs_1911_census\1911 Census - Volume III - Part XIV Summary.pdf,244,84,85,78 | 77 | 79 | 80,79,4,1,2133,continues,"79.-POPULATION OF THE SEVERAL STATES AND TERRITORIES OF THE COMMONWEALTH OF AUSTRALIA, CLASSIFIED ACCORDING TO CONJUGAL CONDITION, SEX AND AGE-continued.",VI.-TASMANIA. VII.-NORTHERN TERRITORY.,,False,True,True,1,,False,
1911_census_volume_iii_part_xiv_summary,1911 Census - Volume III - Part XIV Summary.pdf,data\raw\abs_1911_census\1911 Census - Volume III - Part XIV Summary.pdf,244,85,86,80 | 79 | 81,79 | 80,3,2,2134,boundary_multiple_tables,"79.—POPULATION OF THE SEVERAL STATES AND TERRITORIES OF THE COMMONWEALTH OF AUSTRALIA, CLASSIFIED ACCORDING TO CONJUGAL CONDITION, SEX AND AGE—continued. | 80.—POPULATION OF METROPOLITAN AREAS IN THE SEVERAL STATES OF THE COMMONWEALTH OF AUSTRALIA",VIII.—FEDERAL TERRITORY. (for table 79) and I.—SYDNEY AND SUBURBS. (for table 80),,True,True,True,1,,False,
1911_census_volume_iii_part_xiv_summary,1911 Census - Volume III - Part XIV Summary.pdf,data\raw\abs_1911_census\1911 Census - Volume III - Part XIV Summary.pdf,244,86,87,80 | 79 | 81,80,3,1,2135,continues,"80.—POPULATION OF METROPOLITAN AREAS, CLASSIFIED ACCORDING TO CONJUGAL CONDITION, AGE AND SEX—continued.",II.—MELBOURNE AND SUBURBS.,,False,True,True,1,,False,
1911_census_volume_iii_part_xiv_summary,1911 Census - Volume III - Part XIV Summary.pdf,data\raw\abs_1911_census\1911 Census - Volume III - Part XIV Summary.pdf,244,87,88,80 | 79 | 81,80,3,1,2136,continues,"Population of Metropolitan Areas, in Age Groups-",,IV.—ADELAIDE AND SUBURBS. V.—PERTH AND SUBURBS.,False,True,True,1,,False,
1911_census_volume_iii_part_xiv_summary,1911 Census - Volume III - Part XIV Summary.pdf,data\raw\abs_1911_census\1911 Census - Volume III - Part XIV Summary.pdf,244,88,89,80 | 79 | 81,80,3,1,2137,continues,"Population of Metropolitan Areas, in Age Groups-",VI.—HOBART AND SUBURBS.,,False,True,True,0.9,"The document header on the page incorrectly labels the table as 79, but based on the provided candidate list and span, this is table 80.",False,
1911_census_volume_iii_part_xiv_summary,1911 Census - Volume III - Part XIV Summary.pdf,data\raw\abs_1911_census\1911 Census - Volume III - Part XIV Summary.pdf,244,89,90,81 | 80 | 82 | 83,81 | 82,4,2,2138,boundary_multiple_tables,Relative Ages of Husbands and Wives | Relative Religions of Husbands and Wives,,SECTION 10,True,True,True,1,,False,
1911_census_volume_iii_part_xiv_summary,1911 Census - Volume III - Part XIV Summary.pdf,data\raw\abs_1911_census\1911 Census - Volume III - Part XIV Summary.pdf,244,90,91,81 | 80 | 82 | 83,81 | 82,4,2,2139,boundary_multiple_tables,Relative Ages of Husbands and Wives | Relative Religions of Husbands and Wives,,FAMILIES,True,True,True,1,,False,
1911_census_volume_iii_part_xiv_summary,1911 Census - Volume III - Part XIV Summary.pdf,data\raw\abs_1911_census\1911 Census - Volume III - Part XIV Summary.pdf,244,91,92,83 | 82 | 84,83,3,1,2140,continues,83. RELATIVE BIRTHPLACES OF HUSBANDS AND WIVES,,,False,True,True,1,,False,
1911_census_volume_iii_part_xiv_summary,1911 Census - Volume III - Part XIV Summary.pdf,data\raw\abs_1911_census\1911 Census - Volume III - Part XIV Summary.pdf,244,92,93,83 | 82 | 84,83,3,1,2141,continues,Relative Birthplaces of Husbands and Wives,WIVES IN THE COMMONWEALTH OF AUSTRALIA,,False,True,True,1,,False,
1911_census_volume_iii_part_xiv_summary,1911 Census - Volume III - Part XIV Summary.pdf,data\raw\abs_1911_census\1911 Census - Volume III - Part XIV Summary.pdf,244,93,94,83 | 82 | 84,83,3,1,2142,ends,83.—RELATIVE BIRTHPLACES OF HUSBANDS AND WIVES,,,False,True,True,1,,False,
1911_census_volume_iii_part_xiv_summary,1911 Census - Volume III - Part XIV Summary.pdf,data\raw\abs_1911_census\1911 Census - Volume III - Part XIV Summary.pdf,244,94,95,83 | 82 | 84,83,3,1,2143,ends,Relative Birthplaces of Husbands and Wives,,IN THE COMMONWEALTH OF AUSTRALIA—continued.,False,True,True,1,,False,
1911_census_volume_iii_part_xiv_summary,1911 Census - Volume III - Part XIV Summary.pdf,data\raw\abs_1911_census\1911 Census - Volume III - Part XIV Summary.pdf,244,95,96,84 | 83 | 85 | 86,84 | 85,4,2,2144,boundary_multiple_tables,Ages and Issue of Husbands | Ages and Issue of Wives,,,True,True,True,1,,False,
1911_census_volume_iii_part_xiv_summary,1911 Census - Volume III - Part XIV Summary.pdf,data\raw\abs_1911_census\1911 Census - Volume III - Part XIV Summary.pdf,244,96,97,84 | 83 | 85 | 86,84 | 85,4,2,2145,boundary_multiple_tables,Ages and Issue of Husbands | Ages and Issue of Wives,,,True,True,True,1,,False,
1911_census_volume_iii_part_xiv_summary,1911 Census - Volume III - Part XIV Summary.pdf,data\raw\abs_1911_census\1911 Census - Volume III - Part XIV Summary.pdf,244,97,98,86 | 85 | 87,86,3,1,2146,complete_on_page,86.—BIRTHPLACES AND ISSUE OF WIVES IN,,,False,True,True,1,,False,
1911_census_volume_iii_part_xiv_summary,1911 Census - Volume III - Part XIV Summary.pdf,data\raw\abs_1911_census\1911 Census - Volume III - Part XIV Summary.pdf,244,98,99,86 | 85 | 87,87,3,1,2147,complete_on_page,Religions and Issue of Wives,,,False,True,True,1,,False,
1911_census_volume_iii_part_xiv_summary,1911 Census - Volume III - Part XIV Summary.pdf,data\raw\abs_1911_census\1911 Census - Volume III - Part XIV Summary.pdf,244,99,100,87 | 86 | 88,87,3,1,2148,complete_on_page,87. RELIGIONS AND ISSUE OF WIVES IN THE COMMONWEALTH OF AUSTRALIA.,,,False,True,True,1,,False,
1911_census_volume_iii_part_xiv_summary,1911 Census - Volume III - Part XIV Summary.pdf,data\raw\abs_1911_census\1911 Census - Volume III - Part XIV Summary.pdf,244,100,101,88 | 87 | 89,88,3,1,2149,complete_on_page,"88.—COMMONWEALTH ANNUAL RATES OF MORTALITY FOR EACH AGE AND SEX FOR THE DECENNIA 1881–1890, 1891–1900, AND 1901–1910.",,"SECTION 11.—LIFE TABLES, 1881–1910.",False,True,True,1,,False,
1911_census_volume_iii_part_xiv_summary,1911 Census - Volume III - Part XIV Summary.pdf,data\raw\abs_1911_census\1911 Census - Volume III - Part XIV Summary.pdf,244,101,102,89 | 88 | 90,88 | 89,3,2,2150,boundary_multiple_tables,"88. COMMONWEALTH ANNUAL RATES OF MORTALITY FOR EACH AGE AND SEX—continued. | 89. NUMBERS WHO SURVIVE EACH AGE OUT OF 100,000 OF EACH SEX AT BIRTH, ACCORDING TO THE COMMONWEALTH MORTALITY EXPERIENCE FOR EACH OF THE DECENNIA 1881-90, 1891-1900 AND 1901-10.",,,True,True,True,1,,False,
1911_census_volume_iii_part_xiv_summary,1911 Census - Volume III - Part XIV Summary.pdf,data\raw\abs_1911_census\1911 Census - Volume III - Part XIV Summary.pdf,244,102,103,89 | 88 | 90,89,3,1,2151,continues,"Numbers who survive each Age out of 100,000 of each Sex at Birth, 1881-1890, 1891-1900, and 1901-1910","Numbers who survive each Age out of 100,000 of each Sex at Birth (lx) - continued",,False,True,True,1,,False,
1911_census_volume_iii_part_xiv_summary,1911 Census - Volume III - Part XIV Summary.pdf,data\raw\abs_1911_census\1911 Census - Volume III - Part XIV Summary.pdf,244,103,104,90 | 89 | 91,89 | 90,3,2,2152,boundary_multiple_tables,"89.—NUMBERS WHO SURVIVE EACH AGE OUT OF 100,000 OF EACH SEX AT BIRTH—continued. | 90.—COMMONWEALTH EXPECTATION OF LIFE AT EACH AGE IN EACH SEX ACCORDING TO THE COMMONWEALTH MORTALITY EXPERIENCE FOR EACH OF THE DECENNIA 1881-90, 1891-1900, AND 1901-10.",,,True,True,True,1,,False,
1911_census_volume_iii_part_xiv_summary,1911 Census - Volume III - Part XIV Summary.pdf,data\raw\abs_1911_census\1911 Census - Volume III - Part XIV Summary.pdf,244,104,105,90 | 89 | 91,90,3,1,2153,ends,"Expectation of Life at each Age in each Sex, 1881-1890, 1891-1900, and 1901-1910",,,False,True,True,1,,False,
1911_census_volume_iii_part_xiv_summary,1911 Census - Volume III - Part XIV Summary.pdf,data\raw\abs_1911_census\1911 Census - Volume III - Part XIV Summary.pdf,244,105,106,91 | 90 | 92,91,3,1,2154,complete_on_page,91.—MALE RATES OF MORTALITY IN THE COMMONWEALTH AND ITS COMPONENT STATES AT EACH AGE FOR THE DECENNIUM 1881-90.,,,False,True,True,1,,False,
1911_census_volume_iii_part_xiv_summary,1911 Census - Volume III - Part XIV Summary.pdf,data\raw\abs_1911_census\1911 Census - Volume III - Part XIV Summary.pdf,244,106,107,92 | 91 | 93,91 | 92,3,2,2155,boundary_multiple_tables,91. MALE RATES OF MORTALITY IN THE COMMONWEALTH AND STATES—continued. | 92. FEMALE RATES OF MORTALITY IN THE COMMONWEALTH AND ITS COMPONENT STATES AT EACH AGE FOR THE DECENNIUM 1881-90.,,,True,True,True,1,,False,
1911_census_volume_iii_part_xiv_summary,1911 Census - Volume III - Part XIV Summary.pdf,data\raw\abs_1911_census\1911 Census - Volume III - Part XIV Summary.pdf,244,107,108,92 | 91 | 93,92,3,1,2156,ends,92.—FEMALE RATES OF MORTALITY IN THE COMMONWEALTH AND STATES—continued.,,,False,True,True,1,,False,
1911_census_volume_iii_part_xiv_summary,1911 Census - Volume III - Part XIV Summary.pdf,data\raw\abs_1911_census\1911 Census - Volume III - Part XIV Summary.pdf,244,108,109,93 | 92 | 94,92 | 93,3,2,2157,boundary_multiple_tables,Female Rates of Mortality in the Commonwealth and States | Male Rates of Mortality in the Commonwealth and its Component States at each Age for the Decennium 1891-1900,,,True,True,True,1,,False,
1911_census_volume_iii_part_xiv_summary,1911 Census - Volume III - Part XIV Summary.pdf,data\raw\abs_1911_census\1911 Census - Volume III - Part XIV Summary.pdf,244,109,110,93 | 92 | 94,93,3,1,2158,continues,93.—MALE RATES OF MORTALITY IN THE COMMONWEALTH AND STATES—continued.,,,False,True,True,1,,False,
1911_census_volume_iii_part_xiv_summary,1911 Census - Volume III - Part XIV Summary.pdf,data\raw\abs_1911_census\1911 Census - Volume III - Part XIV Summary.pdf,244,110,111,94 | 93 | 95,94,3,1,2159,complete_on_page,94.—FEMALE RATES OF MORTALITY IN THE COMMONWEALTH AND ITS COMPONENT STATES AT EACH AGE FOR THE DECENNIUM 1891-1900.,,,False,True,True,1,,False,
1911_census_volume_iii_part_xiv_summary,1911 Census - Volume III - Part XIV Summary.pdf,data\raw\abs_1911_census\1911 Census - Volume III - Part XIV Summary.pdf,244,111,112,95 | 94 | 96,94 | 95,3,2,2160,boundary_multiple_tables,94.—FEMALE RATES OF MORTALITY IN THE COMMONWEALTH AND STATES—continued. | 95—MALE RATES OF MORTALITY IN THE COMMONWEALTH AND ITS COMPONENT STATES AT EACH AGE FOR THE DECENNIUM 1901-10.,,,True,True,True,1,,False,
1911_census_volume_iii_part_xiv_summary,1911 Census - Volume III - Part XIV Summary.pdf,data\raw\abs_1911_census\1911 Census - Volume III - Part XIV Summary.pdf,244,112,113,95 | 94 | 96,95,3,1,2161,continues,"Male Rates of Mortality, 1901-1910",,,False,True,True,1,,False,
1911_census_volume_iii_part_xiv_summary,1911 Census - Volume III - Part XIV Summary.pdf,data\raw\abs_1911_census\1911 Census - Volume III - Part XIV Summary.pdf,244,113,114,96 | 95 | 97,95 | 96,3,2,2162,boundary_multiple_tables,95.-MALE RATES OF MORTALITY IN THE COMMONWEALTH AND STATES.-continued. | 96.-FEMALE RATES OF MORTALITY IN THE COMMONWEALTH AND ITS COMPONENT STATES AT EACH AGE FOR THE DECENNIUM 1901-10.,,,True,True,True,1,,False,
1911_census_volume_iii_part_xiv_summary,1911 Census - Volume III - Part XIV Summary.pdf,data\raw\abs_1911_census\1911 Census - Volume III - Part XIV Summary.pdf,244,114,115,96 | 95 | 97,96,3,1,2163,ends,96.—FEMALE RATES OF MORTALITY IN THE COMMONWEALTH AND STATES.—continued.,,,False,True,True,1,,False,
1911_census_volume_iii_part_xiv_summary,1911 Census - Volume III - Part XIV Summary.pdf,data\raw\abs_1911_census\1911 Census - Volume III - Part XIV Summary.pdf,244,115,116,97 | 96 | 98,97,3,1,2164,complete_on_page,"97.—NUMBER OF MALES WHO SURVIVE EACH AGE OUT OF 100,000 AT BIRTH, ACCORDING TO THE MORTALITY EXPERIENCE OF THE COMMONWEALTH AND ITS COMPONENT STATES FOR THE DECENNIUM 1881-90.",,,False,True,True,1,,False,
1911_census_volume_iii_part_xiv_summary,1911 Census - Volume III - Part XIV Summary.pdf,data\raw\abs_1911_census\1911 Census - Volume III - Part XIV Summary.pdf,244,116,117,98 | 97 | 99,98,3,1,2165,boundary_multiple_tables,"97.- NUMBER OF MALES WHO SURVIVE EACH AGE OUT OF 100,000 AT BIRTH-continued. | 98.- NUMBER OF FEMALES WHO SURVIVE EACH AGE OUT OF 100,000 AT BIRTH, ACCORDING TO THE MORTALITY EXPERIENCE OF THE COMMONWEALTH AND ITS COMPONENT STATES FOR THE DECENNIUM 1881-90.",,,True,True,True,1,"Table 97 is present as a continuation from the previous page, but only Table 98 was requested as a candidate for this page range. I have included 98 as the primary match.",False,
1911_census_volume_iii_part_xiv_summary,1911 Census - Volume III - Part XIV Summary.pdf,data\raw\abs_1911_census\1911 Census - Volume III - Part XIV Summary.pdf,244,117,118,98 | 97 | 99,98,3,1,2166,ends,"98.—NUMBER OF FEMALES WHO SURVIVE EACH AGE OUT OF 100,000 AT BIRTH—continued.",,,False,True,True,1,,False,
1911_census_volume_iii_part_xiv_summary,1911 Census - Volume III - Part XIV Summary.pdf,data\raw\abs_1911_census\1911 Census - Volume III - Part XIV Summary.pdf,244,118,119,99 | 98 | 100,98 | 99,3,2,2167,boundary_multiple_tables,"98.—NUMBER OF FEMALES WHO SURVIVE EACH AGE OUT OF 100,000 AT BIRTH—continued. | 99.—NUMBER OF MALES WHO SURVIVE EACH AGE OUT OF 100,000 AT BIRTH, ACCORDING TO THE MORTALITY EXPERIENCE OF THE COMMONWEALTH AND ITS COMPONENT STATES FOR THE DECENNIUM 1891-1900.",,,True,True,True,1,,False,
1911_census_volume_iii_part_xiv_summary,1911 Census - Volume III - Part XIV Summary.pdf,data\raw\abs_1911_census\1911 Census - Volume III - Part XIV Summary.pdf,244,119,120,99 | 98 | 100,99,3,1,2168,continues,"99.—NUMBER OF MALES WHO SURVIVE EACH AGE OUT OF 100,000 AT BIRTH—continued.",,,False,True,True,1,,False,
1911_census_volume_iii_part_xiv_summary,1911 Census - Volume III - Part XIV Summary.pdf,data\raw\abs_1911_census\1911 Census - Volume III - Part XIV Summary.pdf,244,120,121,100 | 99 | 101,100,3,1,2169,complete_on_page,"100.—NUMBER OF FEMALES WHO SURVIVE EACH AGE OUT OF 100,000 AT BIRTH, ACCORDING TO THE MORTALITY EXPERIENCE OF THE COMMONWEALTH AND ITS COMPONENT STATES FOR THE DECENNIUM 1891-1900.",,,False,True,True,1,,False,
1911_census_volume_iii_part_xiv_summary,1911 Census - Volume III - Part XIV Summary.pdf,data\raw\abs_1911_census\1911 Census - Volume III - Part XIV Summary.pdf,244,121,122,101 | 100 | 102,100 | 101,3,2,2170,boundary_multiple_tables,"100.--NUMBER OF FEMALES WHO SURVIVE EACH AGE OUT OF 100,000 AT BIRTH--continued. | 101.--NUMBER OF MALES WHO SURVIVE EACH AGE OUT OF 100,000 AT BIRTH, ACCORDING TO THE MORTALITY EXPERIENCE OF THE COMMONWEALTH AND ITS COMPONENT STATES FOR THE DECENNIUM 1901-1910.",,,True,True,True,1,,False,
1911_census_volume_iii_part_xiv_summary,1911 Census - Volume III - Part XIV Summary.pdf,data\raw\abs_1911_census\1911 Census - Volume III - Part XIV Summary.pdf,244,122,123,101 | 100 | 102,101,3,1,2171,continues,"101.—NUMBER OF MALES WHO SURVIVE EACH AGE OUT OF 100,000 AT BIRTH—continued.",,,False,True,True,1,,False,
1911_census_volume_iii_part_xiv_summary,1911 Census - Volume III - Part XIV Summary.pdf,data\raw\abs_1911_census\1911 Census - Volume III - Part XIV Summary.pdf,244,123,124,102 | 101 | 103,101 | 102,3,2,2172,boundary_multiple_tables,"Number of Males who Survive each Age out of 100,000 at Birth | Females who Survive each Age out of 100,000 at Birth, 1901-1910",,,True,True,True,1,,False,
1911_census_volume_iii_part_xiv_summary,1911 Census - Volume III - Part XIV Summary.pdf,data\raw\abs_1911_census\1911 Census - Volume III - Part XIV Summary.pdf,244,124,125,102 | 101 | 103,102,3,1,2173,ends,"102.—NUMBER OF FEMALES WHO SURVIVE EACH AGE OUT OF 100,000 AT BIRTH—continued.",,,False,True,True,1,,False,
1911_census_volume_iii_part_xiv_summary,1911 Census - Volume III - Part XIV Summary.pdf,data\raw\abs_1911_census\1911 Census - Volume III - Part XIV Summary.pdf,244,125,126,103 | 102 | 104,103,3,1,2174,complete_on_page,103.—MALE EXPECTATION OF LIFE AT EACH AGE ACCORDING TO THE MORTALITY EXPERIENCE OF THE COMMONWEALTH AND ITS COMPONENT STATES FOR THE DECENNIUM 1881-90.,,,False,True,True,1,,False,
1911_census_volume_iii_part_xiv_summary,1911 Census - Volume III - Part XIV Summary.pdf,data\raw\abs_1911_census\1911 Census - Volume III - Part XIV Summary.pdf,244,126,127,104 | 103 | 105,103 | 104,3,2,2175,boundary_multiple_tables,103.-MALE EXPECTATION OF LIFE AT EACH AGE-continued. | 104.-FEMALE EXPECTATION OF LIFE AT EACH AGE ACCORDING TO THE MORTALITY EXPERIENCE OF THE COMMONWEALTH AND ITS COMPONENT STATES FOR THE DECENNIUM 1881-90.,,,True,True,True,1,,False,
1911_census_volume_iii_part_xiv_summary,1911 Census - Volume III - Part XIV Summary.pdf,data\raw\abs_1911_census\1911 Census - Volume III - Part XIV Summary.pdf,244,127,128,104 | 103 | 105,104,3,1,2176,ends,104.—FEMALE EXPECTATION OF LIFE AT EACH AGE—continued.,,,False,True,True,1,,False,
1911_census_volume_iii_part_xiv_summary,1911 Census - Volume III - Part XIV Summary.pdf,data\raw\abs_1911_census\1911 Census - Volume III - Part XIV Summary.pdf,244,128,129,105 | 104 | 106,104 | 105,3,2,2177,boundary_multiple_tables,"Female Expectation of Life at each Age, 1881-1890 | Male Expectation of Life at each Age, 1891-1900",,,True,True,True,1,,False,
1911_census_volume_iii_part_xiv_summary,1911 Census - Volume III - Part XIV Summary.pdf,data\raw\abs_1911_census\1911 Census - Volume III - Part XIV Summary.pdf,244,129,130,105 | 104 | 106,105,3,1,2178,ends,"Male Expectation of Life at each Age, 1891-1900",,,False,True,True,1,,False,
1911_census_volume_iii_part_xiv_summary,1911 Census - Volume III - Part XIV Summary.pdf,data\raw\abs_1911_census\1911 Census - Volume III - Part XIV Summary.pdf,244,130,131,106 | 105 | 107,106,3,1,2179,complete_on_page,106.—FEMALE EXPECTATION OF LIFE AT EACH AGE ACCORDING TO THE MORTALITY EXPERIENCE OF THE COMMONWEALTH AND ITS COMPONENT STATES FOR THE DECENNIUM 1891–1900.,,,False,True,True,1,,False,
1911_census_volume_iii_part_xiv_summary,1911 Census - Volume III - Part XIV Summary.pdf,data\raw\abs_1911_census\1911 Census - Volume III - Part XIV Summary.pdf,244,131,132,107 | 106 | 108,107,3,1,2180,boundary_multiple_tables,106.-FEMALE EXPECTATION OF LIFE AT EACH AGE-continued. | 107.-MALE EXPECTATION OF LIFE AT EACH AGE ACCORDING TO THE MORTALITY EXPERIENCE OF THE COMMONWEALTH AND ITS COMPONENT STATES FOR THE DECENNIUM 1901-10.,,,True,True,True,1,"Table 106 is present but not in the candidate list for this page, so only 107 is matched.",False,
1911_census_volume_iii_part_xiv_summary,1911 Census - Volume III - Part XIV Summary.pdf,data\raw\abs_1911_census\1911 Census - Volume III - Part XIV Summary.pdf,244,132,133,107 | 106 | 108,107,3,1,2181,continues,107.—MALE EXPECTATION OF LIFE AT EACH AGE—continued.,,,False,True,True,1,,False,
1911_census_volume_iii_part_xiv_summary,1911 Census - Volume III - Part XIV Summary.pdf,data\raw\abs_1911_census\1911 Census - Volume III - Part XIV Summary.pdf,244,133,134,108 | 107 | 109,107 | 108,3,2,2182,boundary_multiple_tables,107.—MALE EXPECTATION OF LIFE AT EACH AGE—continued. | 108.—FEMALE EXPECTATION OF LIFE AT EACH AGE ACCORDING TO THE MORTALITY EXPERIENCE OF THE COMMONWEALTH AND ITS COMPONENT STATES FOR THE DECENNIUM 1901–10.,,,True,True,True,1,,False,
1911_census_volume_iii_part_xiv_summary,1911 Census - Volume III - Part XIV Summary.pdf,data\raw\abs_1911_census\1911 Census - Volume III - Part XIV Summary.pdf,244,134,135,108 | 107 | 109,108,3,1,2183,ends,"Female Expectation of Life at each Age, 1901-1910",108 —FEMALE EXPECTATION OF LIFE AT EACH AGE—continued.,,False,True,True,1,,False,
1911_census_volume_iii_part_xiv_summary,1911 Census - Volume III - Part XIV Summary.pdf,data\raw\abs_1911_census\1911 Census - Volume III - Part XIV Summary.pdf,244,135,136,109 | 108 | 110,109,3,1,2184,continues,"109.—MALE POPULATION OF THE At the Census of 3rd April, 1911, (Exclusive of Full-",,SECTION 12,False,True,True,1,,False,
1911_census_volume_iii_part_xiv_summary,1911 Census - Volume III - Part XIV Summary.pdf,data\raw\abs_1911_census\1911 Census - Volume III - Part XIV Summary.pdf,244,136,137,109 | 108 | 110,110,3,1,2185,starts,"Female Population of the Commonwealth, in Age Groups",,OCCUPATIONS,False,True,True,1,,False,
1911_census_volume_iii_part_xiv_summary,1911 Census - Volume III - Part XIV Summary.pdf,data\raw\abs_1911_census\1911 Census - Volume III - Part XIV Summary.pdf,244,137,138,110 | 109 | 111,110,3,1,2186,ends,"110. FEMALE POPULATION OF THE COMMONWEALTH, IN AGE GROUPS",,,False,True,True,1,,False,
1911_census_volume_iii_part_xiv_summary,1911 Census - Volume III - Part XIV Summary.pdf,data\raw\abs_1911_census\1911 Census - Volume III - Part XIV Summary.pdf,244,138,139,110 | 109 | 111,111,3,1,2187,starts,"Total Population of the Commonwealth, in Age Groups",,Commonwealth of Australia Classified according to Age and Occupation,False,True,True,1,,False,
1911_census_volume_iii_part_xiv_summary,1911 Census - Volume III - Part XIV Summary.pdf,data\raw\abs_1911_census\1911 Census - Volume III - Part XIV Summary.pdf,244,139,140,111 | 110 | 112,111,3,1,2188,complete_on_page,"111. Total Population of the Commonwealth, in Age Groups",,,False,True,True,1,,False,
1911_census_volume_iii_part_xiv_summary,1911 Census - Volume III - Part XIV Summary.pdf,data\raw\abs_1911_census\1911 Census - Volume III - Part XIV Summary.pdf,244,140,141,111 | 110 | 112,,3,0,2189,non_table,,,COMMONWEALTH OF AUSTRALIA Classified according to Age and Occupation,False,True,True,0.9,"The page contains a table, but it does not match the provided candidate table numbers (110, 111, 112). The table appears to be a continuation of a table regarding Age and Occupation, not the tables listed in the candidates.",False,
1911_census_volume_iii_part_xiv_summary,1911 Census - Volume III - Part XIV Summary.pdf,data\raw\abs_1911_census\1911 Census - Volume III - Part XIV Summary.pdf,244,141,142,112 | 111 | 113,112,3,1,2190,complete_on_page,112.—MALE POPULATION OF THE SEVERAL STATES AND TERRITORIES OF THE COMMONWEALTH OF AUSTRALIA,,,False,True,True,1,,False,
1911_census_volume_iii_part_xiv_summary,1911 Census - Volume III - Part XIV Summary.pdf,data\raw\abs_1911_census\1911 Census - Volume III - Part XIV Summary.pdf,244,142,143,113 | 112 | 114,113,3,1,2191,complete_on_page,113.--FEMALE POPULATION OF THE SEVERAL STATES AND TERRITORIES OF THE COMMONWEALTH OF AUSTRALIA,,,False,True,True,1,,False,
1911_census_volume_iii_part_xiv_summary,1911 Census - Volume III - Part XIV Summary.pdf,data\raw\abs_1911_census\1911 Census - Volume III - Part XIV Summary.pdf,244,143,144,114 | 113 | 115,114,3,1,2192,complete_on_page,Total Population of the Several States and Territories of the Commonwealth of Australia,,,False,True,True,1,,False,
1911_census_volume_iii_part_xiv_summary,1911 Census - Volume III - Part XIV Summary.pdf,data\raw\abs_1911_census\1911 Census - Volume III - Part XIV Summary.pdf,244,144,145,115 | 114 | 116,115,3,1,2193,complete_on_page,115.—MALE POPULATION OF THE COMMONWEALTH OF AUSTRALIA,,,False,True,True,1,,False,
1911_census_volume_iii_part_xiv_summary,1911 Census - Volume III - Part XIV Summary.pdf,data\raw\abs_1911_census\1911 Census - Volume III - Part XIV Summary.pdf,244,145,146,116 | 115 | 117,116,3,1,2194,complete_on_page,116.—FEMALE POPULATION OF THE COMMONWEALTH OF AUSTRALIA,,,False,True,True,1,,False,
1911_census_volume_iii_part_xiv_summary,1911 Census - Volume III - Part XIV Summary.pdf,data\raw\abs_1911_census\1911 Census - Volume III - Part XIV Summary.pdf,244,146,147,117 | 116 | 118,117,3,1,2195,complete_on_page,"117.—TOTAL POPULATION OF THE COMMONWEALTH OF AUSTRALIA At the Census of 3rd April, 1911, Classified according to Occupation and Grade (Exclusive of Full-blooded Aboriginals).",,,False,True,True,1,,False,
1911_census_volume_iii_part_xiv_summary,1911 Census - Volume III - Part XIV Summary.pdf,data\raw\abs_1911_census\1911 Census - Volume III - Part XIV Summary.pdf,244,147,148,118 | 117 | 119,118,3,1,2196,complete_on_page,118. MALE POPULATION OF NEW SOUTH WALES,,,False,True,True,1,,False,
1911_census_volume_iii_part_xiv_summary,1911 Census - Volume III - Part XIV Summary.pdf,data\raw\abs_1911_census\1911 Census - Volume III - Part XIV Summary.pdf,244,148,149,119 | 118 | 120,119,3,1,2197,complete_on_page,119.—FEMALE POPULATION OF NEW SOUTH WALES,,,False,True,True,1,,False,
1911_census_volume_iii_part_xiv_summary,1911 Census - Volume III - Part XIV Summary.pdf,data\raw\abs_1911_census\1911 Census - Volume III - Part XIV Summary.pdf,244,149,150,120 | 119 | 121,120,3,1,2198,complete_on_page,"120.—TOTAL POPULATION OF NEW SOUTH WALES, At the Census of 3rd April, 1911, Classified according to Occupation and Grade (Exclusive of Full-blooded Aboriginals).",,,False,True,True,1,,False,
1911_census_volume_iii_part_xiv_summary,1911 Census - Volume III - Part XIV Summary.pdf,data\raw\abs_1911_census\1911 Census - Volume III - Part XIV Summary.pdf,244,150,151,121 | 120 | 122,121,3,1,2199,complete_on_page,121. MALE POPULATION OF VICTORIA,,,False,True,True,1,,False,
1911_census_volume_iii_part_xiv_summary,1911 Census - Volume III - Part XIV Summary.pdf,data\raw\abs_1911_census\1911 Census - Volume III - Part XIV Summary.pdf,244,151,152,122 | 121 | 123,122,3,1,2200,complete_on_page,122.—FEMALE POPULATION OF VICTORIA,,,False,True,True,1,,False,
1911_census_volume_iii_part_xiv_summary,1911 Census - Volume III - Part XIV Summary.pdf,data\raw\abs_1911_census\1911 Census - Volume III - Part XIV Summary.pdf,244,152,153,123 | 122 | 124,123,3,1,2201,complete_on_page,123.—TOTAL POPULATION OF VICTORIA,,,False,True,True,1,,False,
1911_census_volume_iii_part_xiv_summary,1911 Census - Volume III - Part XIV Summary.pdf,data\raw\abs_1911_census\1911 Census - Volume III - Part XIV Summary.pdf,244,153,154,124 | 123 | 125,124,3,1,2202,complete_on_page,124. MALE POPULATION OF QUEENSLAND,,,False,True,True,1,,False,
1911_census_volume_iii_part_xiv_summary,1911 Census - Volume III - Part XIV Summary.pdf,data\raw\abs_1911_census\1911 Census - Volume III - Part XIV Summary.pdf,244,154,155,125 | 124 | 126,125,3,1,2203,complete_on_page,125.—FEMALE POPULATION OF QUEENSLAND,,,False,True,True,1,,False,
1911_census_volume_iii_part_xiv_summary,1911 Census - Volume III - Part XIV Summary.pdf,data\raw\abs_1911_census\1911 Census - Volume III - Part XIV Summary.pdf,244,155,156,126 | 125 | 127,126,3,1,2204,complete_on_page,126.—TOTAL POPULATION OF QUEENSLAND,,,False,True,True,1,,False,
1911_census_volume_iii_part_xiv_summary,1911 Census - Volume III - Part XIV Summary.pdf,data\raw\abs_1911_census\1911 Census - Volume III - Part XIV Summary.pdf,244,156,157,127 | 126 | 128,127,3,1,2205,complete_on_page,127.—MALE POPULATION OF SOUTH AUSTRALIA,,,False,True,True,1,,False,
1911_census_volume_iii_part_xiv_summary,1911 Census - Volume III - Part XIV Summary.pdf,data\raw\abs_1911_census\1911 Census - Volume III - Part XIV Summary.pdf,244,157,158,128 | 127 | 129,128,3,1,2206,complete_on_page,128.—FEMALE POPULATION OF SOUTH AUSTRALIA,,,False,True,True,1,,False,
1911_census_volume_iii_part_xiv_summary,1911 Census - Volume III - Part XIV Summary.pdf,data\raw\abs_1911_census\1911 Census - Volume III - Part XIV Summary.pdf,244,158,159,129 | 128 | 130,129,3,1,2207,complete_on_page,129.—TOTAL POPULATION OF SOUTH AUSTRALIA,,,False,True,True,1,,False,
1911_census_volume_iii_part_xiv_summary,1911 Census - Volume III - Part XIV Summary.pdf,data\raw\abs_1911_census\1911 Census - Volume III - Part XIV Summary.pdf,244,159,160,130 | 129 | 131,130,3,1,2208,complete_on_page,130.—MALE POPULATION OF WESTERN AUSTRALIA,,,False,True,True,1,,False,
1911_census_volume_iii_part_xiv_summary,1911 Census - Volume III - Part XIV Summary.pdf,data\raw\abs_1911_census\1911 Census - Volume III - Part XIV Summary.pdf,244,160,161,131 | 130 | 132,131,3,1,2209,complete_on_page,131.—FEMALE POPULATION OF WESTERN AUSTRALIA,,,False,True,True,1,,False,
1911_census_volume_iii_part_xiv_summary,1911 Census - Volume III - Part XIV Summary.pdf,data\raw\abs_1911_census\1911 Census - Volume III - Part XIV Summary.pdf,244,161,162,132 | 131 | 133,132,3,1,2210,complete_on_page,132.—TOTAL POPULATION OF WESTERN AUSTRALIA,,,False,True,True,1,,False,
1911_census_volume_iii_part_xiv_summary,1911 Census - Volume III - Part XIV Summary.pdf,data\raw\abs_1911_census\1911 Census - Volume III - Part XIV Summary.pdf,244,162,163,133 | 132 | 134,133,3,1,2211,complete_on_page,133.—MALE POPULATION OF TASMANIA,,,False,True,True,1,,False,
1911_census_volume_iii_part_xiv_summary,1911 Census - Volume III - Part XIV Summary.pdf,data\raw\abs_1911_census\1911 Census - Volume III - Part XIV Summary.pdf,244,163,164,134 | 133 | 135,134,3,1,2212,complete_on_page,134. FEMALE POPULATION OF TASMANIA,,,False,True,True,1,,False,
1911_census_volume_iii_part_xiv_summary,1911 Census - Volume III - Part XIV Summary.pdf,data\raw\abs_1911_census\1911 Census - Volume III - Part XIV Summary.pdf,244,164,165,135 | 134 | 136,135,3,1,2213,complete_on_page,135.—TOTAL POPULATION OF TASMANIA,,,False,True,True,1,,False,
1911_census_volume_iii_part_xiv_summary,1911 Census - Volume III - Part XIV Summary.pdf,data\raw\abs_1911_census\1911 Census - Volume III - Part XIV Summary.pdf,244,165,166,136 | 135 | 137,136,3,1,2214,complete_on_page,136.—MALE POPULATION OF THE NORTHERN TERRITORY,,,False,True,True,1,,False,
1911_census_volume_iii_part_xiv_summary,1911 Census - Volume III - Part XIV Summary.pdf,data\raw\abs_1911_census\1911 Census - Volume III - Part XIV Summary.pdf,244,166,167,137 | 136 | 138,138,3,1,2215,complete_on_page,"Total Population of the Northern Territory, in Grades",,,False,True,True,0.9,"The page header shows Table 137, but the content corresponds to Table 138 based on the provided candidate list and document structure.",False,
1911_census_volume_iii_part_xiv_summary,1911 Census - Volume III - Part XIV Summary.pdf,data\raw\abs_1911_census\1911 Census - Volume III - Part XIV Summary.pdf,244,167,168,138 | 137 | 139,139,3,1,2216,complete_on_page,"139.-MALE POPULATION OF THE FEDERAL TERRITORY, IN GRADES",,,False,True,True,1,"The page header indicates Table 139, but the document content provided in the prompt incorrectly labels the table on this page as 138. I have matched it to 139 based on the visual content of the page header.",False,
1911_census_volume_iii_part_xiv_summary,1911 Census - Volume III - Part XIV Summary.pdf,data\raw\abs_1911_census\1911 Census - Volume III - Part XIV Summary.pdf,244,168,169,139 | 138 | 140,139,3,1,2217,complete_on_page,139.—MALE POPULATION OF THE FEDERAL TERRITORY,,,False,True,True,1,,False,
1911_census_volume_iii_part_xiv_summary,1911 Census - Volume III - Part XIV Summary.pdf,data\raw\abs_1911_census\1911 Census - Volume III - Part XIV Summary.pdf,244,169,170,140 | 139 | 141,140,3,1,2218,complete_on_page,140.—FEMALE POPULATION OF THE FEDERAL TERRITORY,,,False,True,True,1,,False,
1911_census_volume_iii_part_xiv_summary,1911 Census - Volume III - Part XIV Summary.pdf,data\raw\abs_1911_census\1911 Census - Volume III - Part XIV Summary.pdf,244,170,171,141 | 140 | 142,141,3,1,2219,complete_on_page,141.—TOTAL POPULATION OF THE FEDERAL TERRITORY,,,False,True,True,1,,False,
1911_census_volume_iii_part_xiv_summary,1911 Census - Volume III - Part XIV Summary.pdf,data\raw\abs_1911_census\1911 Census - Volume III - Part XIV Summary.pdf,244,171,172,142 | 141 | 143 | 144,142 | 143,4,2,2220,boundary_multiple_tables,Nature of Dwellings and Number of Rooms | Materials and Number of Rooms-Private Dwellings,,SECTION 13,True,True,True,1,,False,
1911_census_volume_iii_part_xiv_summary,1911 Census - Volume III - Part XIV Summary.pdf,data\raw\abs_1911_census\1911 Census - Volume III - Part XIV Summary.pdf,244,172,173,142 | 141 | 143 | 144,144,4,1,2221,starts,Materials and Number of Rooms-Dwellings other than Private,,OCCUPIED DWELLINGS,True,True,True,1,"The page contains two tables, but only one (144) is listed in the candidate list for this page index. The top table appears to be a continuation or conclusion of a previous table not in the candidate list.",False,
1911_census_volume_iii_part_xiv_summary,1911 Census - Volume III - Part XIV Summary.pdf,data\raw\abs_1911_census\1911 Census - Volume III - Part XIV Summary.pdf,244,173,174,144 | 143 | 145 | 146,144 | 145,4,2,2222,boundary_multiple_tables,Materials and Number of Rooms-Dwellings other than Private | Materials and Number of Rooms-All Dwellings,,,True,True,True,1,,False,
1911_census_volume_iii_part_xiv_summary,1911 Census - Volume III - Part XIV Summary.pdf,data\raw\abs_1911_census\1911 Census - Volume III - Part XIV Summary.pdf,244,174,175,144 | 143 | 145 | 146,144 | 145,4,2,2223,boundary_multiple_tables,Materials and Number of Rooms-Dwellings other than Private | Materials and Number of Rooms-All Dwellings,,IN THE COMMONWEALTH OF AUSTRALIA,True,True,True,1,,False,
1911_census_volume_iii_part_xiv_summary,1911 Census - Volume III - Part XIV Summary.pdf,data\raw\abs_1911_census\1911 Census - Volume III - Part XIV Summary.pdf,244,175,176,146 | 145 | 147 | 148,146 | 147,4,2,2224,boundary_multiple_tables,146.—OCCUPIED DWELLINGS IN THE SEVERAL STATES AND TERRITORIES OF THE COMMONWEALTH OF AUSTRALIA | 147.—OCCUPIED PRIVATE DWELLINGS IN THE SEVERAL STATES AND TERRITORIES OF THE COMMONWEALTH OF AUSTRALIA,,,True,True,True,1,,False,
1911_census_volume_iii_part_xiv_summary,1911 Census - Volume III - Part XIV Summary.pdf,data\raw\abs_1911_census\1911 Census - Volume III - Part XIV Summary.pdf,244,176,177,148 | 147 | 149 | 150,148 | 149,4,2,2225,boundary_multiple_tables,148.-OCCUPIED DWELLINGS OTHER THAN PRIVATE DWELLINGS IN THE SEVERAL STATES AND TERRITORIES OF THE COMMONWEALTH OF AUSTRALIA | 149.-ALL OCCUPIED DWELLINGS IN THE SEVERAL STATES AND TERRITORIES OF THE COMMONWEALTH OF AUSTRALIA,,,True,True,True,1,,False,
1911_census_volume_iii_part_xiv_summary,1911 Census - Volume III - Part XIV Summary.pdf,data\raw\abs_1911_census\1911 Census - Volume III - Part XIV Summary.pdf,244,177,178,150 | 149 | 151,150,3,1,2226,ends,Weekly Rental Value and Number of Rooms-Private Dwellings,,,False,True,True,1,,False,
1911_census_volume_iii_part_xiv_summary,1911 Census - Volume III - Part XIV Summary.pdf,data\raw\abs_1911_census\1911 Census - Volume III - Part XIV Summary.pdf,244,178,179,150 | 149 | 151,151,3,1,2227,starts,"Materials, and Number of Inmates-Private Dwellings",,,False,True,True,0.9,"The page content appears to be a continuation of a table related to Weekly Rental Value, but the candidate list identifies this page as the start of Table 151. The visual content matches the structure of Table 151.",False,
1911_census_volume_iii_part_xiv_summary,1911 Census - Volume III - Part XIV Summary.pdf,data\raw\abs_1911_census\1911 Census - Volume III - Part XIV Summary.pdf,244,179,180,151 | 150 | 152 | 153 | 154,151 | 152 | 153,5,3,2228,boundary_multiple_tables,"151. OCCUPIED PRIVATE DWELLINGS IN THE At the Census of 3rd April, 1911, Classified according to Materials | 152. OCCUPIED DWELLINGS (OTHER THAN PRIVATE DWELLINGS) At the Census of 3rd April, 1911, Classified according to Materials | 153. ALL OCCUPIED DWELLINGS WITHIN THE At the Census of 3rd April, 1911, Classified according to Materials",,,True,True,True,1,,False,
1911_census_volume_iii_part_xiv_summary,1911 Census - Volume III - Part XIV Summary.pdf,data\raw\abs_1911_census\1911 Census - Volume III - Part XIV Summary.pdf,244,180,181,151 | 150 | 152 | 153 | 154,151 | 152 | 153,5,3,2229,boundary_multiple_tables,"Materials, and Number of Inmates-Private Dwellings | Materials, and Number of Inmates-Dwellings other than Private | Materials, and Number of Inmates-All Dwellings",,COMMONWEALTH OF AUSTRALIA,True,True,True,1,,False,
1911_census_volume_iii_part_xiv_summary,1911 Census - Volume III - Part XIV Summary.pdf,data\raw\abs_1911_census\1911 Census - Volume III - Part XIV Summary.pdf,244,181,182,154 | 153 | 155,154,3,1,2230,complete_on_page,"Weekly Rental Value, States and Territories-Private Dwellings",,,False,True,True,1,,False,
1911_census_volume_iii_part_xiv_summary,1911 Census - Volume III - Part XIV Summary.pdf,data\raw\abs_1911_census\1911 Census - Volume III - Part XIV Summary.pdf,244,182,183,155 | 154 | 156 | 157 | 158,155 | 156 | 157,5,3,2231,boundary_multiple_tables,155. INMATES OF PRIVATE DWELLINGS (CLASSIFIED ACCORDING TO MATERIALS OF WHICH OUTER WALLS WERE BUILT) IN THE SEVERAL STATES AND TERRITORIES OF THE COMMONWEALTH OF AUSTRALIA | 156. INMATES OF DWELLINGS (OTHER THAN PRIVATE DWELLINGS AND CLASSIFIED ACCORDING TO MATERIALS OF WHICH OUTER WALLS WERE BUILT) IN THE SEVERAL STATES AND TERRITORIES OF THE COMMONWEALTH OF AUSTRALIA | 157. INMATES OF ALL DWELLINGS (CLASSIFIED ACCORDING TO MATERIALS OF WHICH OUTER WALLS WERE BUILT) IN THE SEVERAL STATES AND TERRITORIES OF THE COMMONWEALTH OF AUSTRALIA,,,True,True,True,1,,False,
1911_census_volume_iii_part_xiv_summary,1911 Census - Volume III - Part XIV Summary.pdf,data\raw\abs_1911_census\1911 Census - Volume III - Part XIV Summary.pdf,244,183,184,158 | 157 | 159 | 160,158 | 159,4,2,2232,boundary_multiple_tables,Number of Rooms and Number of Inmates-Private Dwellings | Number of Rooms and Number of Inmates-Dwellings other than Private,,,True,True,True,1,,False,
1911_census_volume_iii_part_xiv_summary,1911 Census - Volume III - Part XIV Summary.pdf,data\raw\abs_1911_census\1911 Census - Volume III - Part XIV Summary.pdf,244,184,185,158 | 157 | 159 | 160,160,4,1,2233,complete_on_page,Number of Rooms and Number of Inmates-All Dwellings,,,True,True,True,0.9,"The page contains two distinct tables, both of which appear to be parts of Table 160 (Private Dwellings and Dwellings other than Private, combined as All Dwellings).",False,
1911_census_volume_iii_part_xiv_summary,1911 Census - Volume III - Part XIV Summary.pdf,data\raw\abs_1911_census\1911 Census - Volume III - Part XIV Summary.pdf,244,185,186,160 | 159 | 161 | 162,160 | 161,4,2,2234,boundary_multiple_tables,160. ALL OCCUPIED DWELLINGS IN | 161. INMATES OF PRIVATE DWELLINGS (CLASSIFIED ACCORDING TO NUMBER OF ROOMS) IN THE SEVERAL STATES AND TERRITORIES OF THE COMMONWEALTH OF AUSTRALIA,,,True,True,True,1,,False,
1911_census_volume_iii_part_xiv_summary,1911 Census - Volume III - Part XIV Summary.pdf,data\raw\abs_1911_census\1911 Census - Volume III - Part XIV Summary.pdf,244,186,187,162 | 161 | 163,162,3,1,2235,complete_on_page,162.-INMATES OF DWELLINGS (OTHER THAN PRIVATE DWELLINGS AND CLASSIFIED ACCORDING TO NUMBER OF ROOMS) IN THE SEVERAL STATES AND TERRITORIES OF THE COMMONWEALTH OF AUSTRALIA,,,False,True,True,1,,False,
1911_census_volume_iii_part_xiv_summary,1911 Census - Volume III - Part XIV Summary.pdf,data\raw\abs_1911_census\1911 Census - Volume III - Part XIV Summary.pdf,244,187,188,163 | 162 | 164,163,3,1,2236,complete_on_page,163.-INMATES OF ALL DWELLINGS (CLASSIFIED ACCORDING TO NUMBER OF ROOMS) IN THE SEVERAL STATES AND TERRITORIES OF THE COMMONWEALTH OF AUSTRALIA,,,False,True,True,1,,False,
1911_census_volume_iii_part_xiv_summary,1911 Census - Volume III - Part XIV Summary.pdf,data\raw\abs_1911_census\1911 Census - Volume III - Part XIV Summary.pdf,244,188,189,164 | 163 | 165,164,3,1,2237,starts,164. POPULATION OF COUNTIES IN THE SEVERAL STATES AND TERRITORIES OF THE COMMONWEALTH OF AUSTRALIA,I.—NEW SOUTH WALES.,"Section 14 —POPULATION OF COUNTIES, LOCAL GOVERNMENT AREAS, Etc.",False,True,True,1,,False,
1911_census_volume_iii_part_xiv_summary,1911 Census - Volume III - Part XIV Summary.pdf,data\raw\abs_1911_census\1911 Census - Volume III - Part XIV Summary.pdf,244,189,190,164 | 163 | 165,164,3,1,2238,continues,164.—POPULATION OF COUNTIES IN THE SEVERAL STATES AND TERRITORIES OF THE COMMONWEALTH OF AUSTRALIA.—continued.,,II.—VICTORIA. and III.—QUEENSLAND.,False,True,True,1,,False,
1911_census_volume_iii_part_xiv_summary,1911 Census - Volume III - Part XIV Summary.pdf,data\raw\abs_1911_census\1911 Census - Volume III - Part XIV Summary.pdf,244,190,191,164 | 163 | 165,164,3,1,2239,continues,164.—POPULATION OF COUNTIES IN THE SEVERAL STATES AND TERRITORIES—continued.,QUEENSLAND—continued.,,False,True,True,1,,False,
1911_census_volume_iii_part_xiv_summary,1911 Census - Volume III - Part XIV Summary.pdf,data\raw\abs_1911_census\1911 Census - Volume III - Part XIV Summary.pdf,244,191,192,164 | 163 | 165,164,3,1,2240,continues,164.-POPULATION OF COUNTIES IN THE SEVERAL STATES AND TERRITORIES-continued.,,"QUEENSLAND, SOUTH AUSTRALIA, WESTERN AUSTRALIA",False,True,True,1,,False,
1911_census_volume_iii_part_xiv_summary,1911 Census - Volume III - Part XIV Summary.pdf,data\raw\abs_1911_census\1911 Census - Volume III - Part XIV Summary.pdf,244,192,193,164 | 163 | 165,164,3,1,2241,continues,164.—POPULATION OF COUNTIES IN THE SEVERAL STATES AND TERRITORIES—continued.,,WESTERN AUSTRALIA,False,True,True,1,,False,
1911_census_volume_iii_part_xiv_summary,1911 Census - Volume III - Part XIV Summary.pdf,data\raw\abs_1911_census\1911 Census - Volume III - Part XIV Summary.pdf,244,193,194,165 | 164 | 166,165,3,1,2242,continues,165.—POPULATION OF LOCAL GOVERNMENT AREAS IN THE SEVERAL STATES AND NORTHERN TERRITORY OF THE COMMONWEALTH OF AUSTRALIA,"I.—NEW SOUTH WALES (CITIES, MUNICIPALITIES, AND SHIRES.)",,False,True,True,1,,False,
1911_census_volume_iii_part_xiv_summary,1911 Census - Volume III - Part XIV Summary.pdf,data\raw\abs_1911_census\1911 Census - Volume III - Part XIV Summary.pdf,244,194,195,165 | 164 | 166,165,3,1,2243,continues,Local Government Areas,"I.—NEW SOUTH WALES (CITIES, MUNICIPALITIES, AND SHIRES)—continued.",,False,True,True,1,,False,
1911_census_volume_iii_part_xiv_summary,1911 Census - Volume III - Part XIV Summary.pdf,data\raw\abs_1911_census\1911 Census - Volume III - Part XIV Summary.pdf,244,195,196,165 | 164 | 166,165,3,1,2244,continues,Local Government Areas,"II.—VICTORIA (CITIES, TOWNS, BOROUGHS, AND SHIRES).",,False,True,True,1,,False,
1911_census_volume_iii_part_xiv_summary,1911 Census - Volume III - Part XIV Summary.pdf,data\raw\abs_1911_census\1911 Census - Volume III - Part XIV Summary.pdf,244,196,197,165 | 164 | 166,165,3,1,2245,continues,165.—POPULATION OF LOCAL GOVERNMENT AREAS IN THE SEVERAL STATES—continued,"II.—VICTORIA (CITIES, TOWNS, BOROUGHS, AND SHIRES)—continued. III.—QUEENSLAND (CITIES, MUNICIPALITIES, AND SHIRES).",,False,True,True,1,,False,
1911_census_volume_iii_part_xiv_summary,1911 Census - Volume III - Part XIV Summary.pdf,data\raw\abs_1911_census\1911 Census - Volume III - Part XIV Summary.pdf,244,197,198,165 | 164 | 166,165,3,1,2246,continues,165.—POPULATION OF LOCAL GOVERNMENT AREAS IN THE SEVERAL STATES—continued.,"III.—QUEENSLAND (CITIES, MUNICIPALITIES, AND SHIRES)—continued.","IV.—SOUTH AUSTRALIA (CITIES, CORPORATIONS, AND DISTRICT COUNCILS.)",False,True,True,1,,False,
1911_census_volume_iii_part_xiv_summary,1911 Census - Volume III - Part XIV Summary.pdf,data\raw\abs_1911_census\1911 Census - Volume III - Part XIV Summary.pdf,244,198,199,165 | 164 | 166,165,3,1,2247,continues,Local Government Areas,"IV.—SOUTH AUSTRALIA (CITIES, CORPORATIONS, AND DISTRICT COUNCILS)—continued.",V.—WESTERN AUSTRALIA (MUNICIPALITIES AND ROAD DISTRICTS).,False,True,True,1,,False,
1911_census_volume_iii_part_xiv_summary,1911 Census - Volume III - Part XIV Summary.pdf,data\raw\abs_1911_census\1911 Census - Volume III - Part XIV Summary.pdf,244,199,200,165 | 164 | 166,165,3,1,2248,continues,Local Government Areas,V.-WESTERN AUSTRALIA (MUNICIPALITIES AND ROAD DISTRICTS)—continued.,,False,True,True,1,,False,
1911_census_volume_iii_part_xiv_summary,1911 Census - Volume III - Part XIV Summary.pdf,data\raw\abs_1911_census\1911 Census - Volume III - Part XIV Summary.pdf,244,200,201,166 | 165 | 167 | 168,165 | 166 | 167,4,3,2249,boundary_multiple_tables,165.—POPULATION OF LOCAL GOVERNMENT AREAS IN THE SEVERAL STATES—continued. VII.—NORTHERN TERRITORY (DISTRICT COUNCIL). | 166.—POPULATION OF CENSUS DISTRICTS IN QUEENSLAND | 167.—POPULATION OF STATISTICAL DISTRICTS IN WESTERN AUSTRALIA,,,True,True,True,1,,False,
1911_census_volume_iii_part_xiv_summary,1911 Census - Volume III - Part XIV Summary.pdf,data\raw\abs_1911_census\1911 Census - Volume III - Part XIV Summary.pdf,244,201,202,168 | 167,168,2,1,2250,continues,"168. POPULATION AND OCCUPIED DWELLINGS IN ALL LOCALITIES OF THE COMMONWEALTH OF AUSTRALIA CONTAINING 50 INHABITANTS AND OVER AT THE CENSUS OF 3rd APRIL, 1911",,"SECTION 15.—LOCALITIES, POPULATION, AND OCCUPIED DWELLINGS.",False,True,True,1,,False,
1911_census_volume_iii_part_xiv_summary,1911 Census - Volume III - Part XIV Summary.pdf,data\raw\abs_1911_census\1911 Census - Volume III - Part XIV Summary.pdf,244,202,203,168 | 167,168,2,1,2251,continues,168.—POPULATION AND OCCUPIED DWELLINGS IN ALL LOCALITIES.—cont.,,,False,True,True,1,,False,
1911_census_volume_iii_part_xiv_summary,1911 Census - Volume III - Part XIV Summary.pdf,data\raw\abs_1911_census\1911 Census - Volume III - Part XIV Summary.pdf,244,203,204,168 | 167,168,2,1,2252,continues,"LOCALITIES, containing 50 Inhabitants or over, with Population and Occupied Dwellings therein",,,False,True,True,1,,False,
1911_census_volume_iii_part_xiv_summary,1911 Census - Volume III - Part XIV Summary.pdf,data\raw\abs_1911_census\1911 Census - Volume III - Part XIV Summary.pdf,244,204,205,168 | 167,168,2,1,2253,continues,168.—POPULATION AND OCCUPIED DWELLINGS IN ALL LOCALITIES.—cont.,,,False,True,True,1,,False,
1911_census_volume_iii_part_xiv_summary,1911 Census - Volume III - Part XIV Summary.pdf,data\raw\abs_1911_census\1911 Census - Volume III - Part XIV Summary.pdf,244,205,206,168 | 167,168,2,1,2254,continues,168.—POPULATION AND OCCUPIED DWELLINGS IN ALL LOCALITIES.—cont.,,,False,True,True,1,,False,
1911_census_volume_iii_part_xiv_summary,1911 Census - Volume III - Part XIV Summary.pdf,data\raw\abs_1911_census\1911 Census - Volume III - Part XIV Summary.pdf,244,206,207,168 | 167,168,2,1,2255,continues,168.-POPULATION AND OCCUPIED DWELLINGS IN ALL LOCALITIES.—cont.,,,False,True,True,1,,False,
1911_census_volume_iii_part_xiv_summary,1911 Census - Volume III - Part XIV Summary.pdf,data\raw\abs_1911_census\1911 Census - Volume III - Part XIV Summary.pdf,244,207,208,168 | 167,168,2,1,2256,continues,"LOCALITIES, containing 50 Inhabitants or over, with Population and Occupied Dwellings therein",Buckendoon,,False,True,True,1,,False,
1911_census_volume_iii_part_xiv_summary,1911 Census - Volume III - Part XIV Summary.pdf,data\raw\abs_1911_census\1911 Census - Volume III - Part XIV Summary.pdf,244,208,209,168 | 167,168,2,1,2257,continues,168.—POPULATION AND OCCUPIED DWELLINGS IN ALL LOCALITIES.—cont.,,,False,True,True,1,,False,
1911_census_volume_iii_part_xiv_summary,1911 Census - Volume III - Part XIV Summary.pdf,data\raw\abs_1911_census\1911 Census - Volume III - Part XIV Summary.pdf,244,209,210,168 | 167,168,2,1,2258,continues,168.—POPULATION AND OCCUPIED DWELLINGS IN ALL LOCALITIES.—cont.,,,False,True,True,1,,False,
1911_census_volume_iii_part_xiv_summary,1911 Census - Volume III - Part XIV Summary.pdf,data\raw\abs_1911_census\1911 Census - Volume III - Part XIV Summary.pdf,244,210,211,168 | 167,168,2,1,2259,continues,"LOCALITIES, containing 50 Inhabitants or over, with Population and Occupied Dwellings therein",,,False,True,True,1,,False,
1911_census_volume_iii_part_xiv_summary,1911 Census - Volume III - Part XIV Summary.pdf,data\raw\abs_1911_census\1911 Census - Volume III - Part XIV Summary.pdf,244,211,212,168 | 167,168,2,1,2260,continues,168.—POPULATION AND OCCUPIED DWELLINGS IN ALL LOCALITIES.—cont.,,,False,True,True,1,,False,
1911_census_volume_iii_part_xiv_summary,1911 Census - Volume III - Part XIV Summary.pdf,data\raw\abs_1911_census\1911 Census - Volume III - Part XIV Summary.pdf,244,212,213,168 | 167,168,2,1,2261,continues,168.-POPULATION AND OCCUPIED DWELLINGS IN ALL LOCALITIES.-cont.,,,False,True,True,1,,False,
1911_census_volume_iii_part_xiv_summary,1911 Census - Volume III - Part XIV Summary.pdf,data\raw\abs_1911_census\1911 Census - Volume III - Part XIV Summary.pdf,244,213,214,168 | 167,168,2,1,2262,continues,"168.—POPULATION AND OCCUPIED DWELLINGS IN ALL LOCALITIES, containing 50 Inhabitants or over, with Population and Occupied Dwellings therein",,,False,True,True,1,,False,
1911_census_volume_iii_part_xiv_summary,1911 Census - Volume III - Part XIV Summary.pdf,data\raw\abs_1911_census\1911 Census - Volume III - Part XIV Summary.pdf,244,214,215,168 | 167,168,2,1,2263,continues,"LOCALITIES, containing 50 Inhabitants or over, with Population and Occupied Dwellings therein",,,False,True,True,1,,False,
1911_census_volume_iii_part_xiv_summary,1911 Census - Volume III - Part XIV Summary.pdf,data\raw\abs_1911_census\1911 Census - Volume III - Part XIV Summary.pdf,244,215,216,168 | 167,168,2,1,2264,continues,"LOCALITIES, containing 50 Inhabitants or over, with Population and Occupied Dwellings therein",,,False,True,True,1,,False,
1911_census_volume_iii_part_xiv_summary,1911 Census - Volume III - Part XIV Summary.pdf,data\raw\abs_1911_census\1911 Census - Volume III - Part XIV Summary.pdf,244,216,217,168 | 167,168,2,1,2265,continues,168.-POPULATION AND OCCUPIED DWELLINGS IN ALL LOCALITIES.-cont.,,,False,True,True,1,,False,
1911_census_volume_iii_part_xiv_summary,1911 Census - Volume III - Part XIV Summary.pdf,data\raw\abs_1911_census\1911 Census - Volume III - Part XIV Summary.pdf,244,217,218,168 | 167,168,2,1,2266,continues,"LOCALITIES, containing 50 Inhabitants or over, with Population and Occupied Dwellings therein",,,False,True,True,1,,False,
1911_census_volume_iii_part_xiv_summary,1911 Census - Volume III - Part XIV Summary.pdf,data\raw\abs_1911_census\1911 Census - Volume III - Part XIV Summary.pdf,244,218,219,168 | 167,168,2,1,2267,continues,168.-POPULATION AND OCCUPIED DWELLINGS IN ALL LOCALITIES.—cont.,,,False,True,True,1,,False,
1911_census_volume_iii_part_xiv_summary,1911 Census - Volume III - Part XIV Summary.pdf,data\raw\abs_1911_census\1911 Census - Volume III - Part XIV Summary.pdf,244,219,220,168 | 167,168,2,1,2268,continues,"LOCALITIES, containing 50 Inhabitants or over, with Population and Occupied Dwellings therein",Hesket to Irvingdale,,False,True,True,1,,False,
1911_census_volume_iii_part_xiv_summary,1911 Census - Volume III - Part XIV Summary.pdf,data\raw\abs_1911_census\1911 Census - Volume III - Part XIV Summary.pdf,244,220,221,168 | 167,168,2,1,2269,continues,"LOCALITIES, containing 50 Inhabitants or over, with Population and Occupied Dwellings therein",,,False,True,True,1,,False,
1911_census_volume_iii_part_xiv_summary,1911 Census - Volume III - Part XIV Summary.pdf,data\raw\abs_1911_census\1911 Census - Volume III - Part XIV Summary.pdf,244,221,222,168 | 167,168,2,1,2270,continues,"LOCALITIES, containing 50 Inhabitants or over, with Population and Occupied Dwellings therein",,,False,True,True,1,,False,
1911_census_volume_iii_part_xiv_summary,1911 Census - Volume III - Part XIV Summary.pdf,data\raw\abs_1911_census\1911 Census - Volume III - Part XIV Summary.pdf,244,222,223,168 | 167,168,2,1,2271,continues,"LOCALITIES, containing 50 Inhabitants or over, with Population and Occupied Dwellings therein",,,False,False,True,1,,False,
1911_census_volume_iii_part_xiv_summary,1911 Census - Volume III - Part XIV Summary.pdf,data\raw\abs_1911_census\1911 Census - Volume III - Part XIV Summary.pdf,244,223,224,168 | 167,168,2,1,224,continues,"LOCALITIES, containing 50 Inhabitants or over, with Population and Occupied Dwellings therein",,,False,True,True,1,,False,
1911_census_volume_iii_part_xiv_summary,1911 Census - Volume III - Part XIV Summary.pdf,data\raw\abs_1911_census\1911 Census - Volume III - Part XIV Summary.pdf,244,224,225,168 | 167,168,2,1,2273,continues,168.—POPULATION AND OCCUPIED DWELLINGS IN ALL LOCALITIES.—cont.,,,False,True,True,1,,False,
1911_census_volume_iii_part_xiv_summary,1911 Census - Volume III - Part XIV Summary.pdf,data\raw\abs_1911_census\1911 Census - Volume III - Part XIV Summary.pdf,244,225,226,168 | 167,168,2,1,2274,continues,168. POPULATION AND OCCUPIED DWELLINGS IN ALL LOCALITIES.—cont.,,,False,True,True,1,,False,
1911_census_volume_iii_part_xiv_summary,1911 Census - Volume III - Part XIV Summary.pdf,data\raw\abs_1911_census\1911 Census - Volume III - Part XIV Summary.pdf,244,226,227,168 | 167,168,2,1,227,continues,"LOCALITIES, containing 50 Inhabitants or over, with Population and Occupied Dwellings therein",,,False,True,True,1,,False,
1911_census_volume_iii_part_xiv_summary,1911 Census - Volume III - Part XIV Summary.pdf,data\raw\abs_1911_census\1911 Census - Volume III - Part XIV Summary.pdf,244,227,228,168 | 167,168,2,1,2276,continues,168.—POPULATION AND OCCUPIED DWELLINGS IN ALL LOCALITIES.—cont.,,,False,True,True,1,,False,
1911_census_volume_iii_part_xiv_summary,1911 Census - Volume III - Part XIV Summary.pdf,data\raw\abs_1911_census\1911 Census - Volume III - Part XIV Summary.pdf,244,228,229,168 | 167,168,2,1,227,continues,168.—POPULATION AND OCCUPIED DWELLINGS IN ALL LOCALITIES.—cont.,,,False,True,True,1,,False,
1911_census_volume_iii_part_xiv_summary,1911 Census - Volume III - Part XIV Summary.pdf,data\raw\abs_1911_census\1911 Census - Volume III - Part XIV Summary.pdf,244,229,230,168 | 167,168,2,1,2278,continues,168.-POPULATION AND OCCUPIED DWELLINGS IN ALL LOCALITIES.-cont.,,,False,True,True,1,,False,
1911_census_volume_iii_part_xiv_summary,1911 Census - Volume III - Part XIV Summary.pdf,data\raw\abs_1911_census\1911 Census - Volume III - Part XIV Summary.pdf,244,230,231,168 | 167,168,2,1,2279,continues,"LOCALITIES, containing 50 Inhabitants or over, with Population and Occupied Dwellings therein",,,False,True,True,1,,False,
1911_census_volume_iii_part_xiv_summary,1911 Census - Volume III - Part XIV Summary.pdf,data\raw\abs_1911_census\1911 Census - Volume III - Part XIV Summary.pdf,244,231,232,168 | 167,168,2,1,2280,continues,"LOCALITIES, containing 50 Inhabitants or over, with Population and Occupied Dwellings therein",,,False,True,True,1,,False,
1911_census_volume_iii_part_xiv_summary,1911 Census - Volume III - Part XIV Summary.pdf,data\raw\abs_1911_census\1911 Census - Volume III - Part XIV Summary.pdf,244,232,233,168 | 167,168,2,1,2281,continues,168. - POPULATION AND OCCUPIED DWELLINGS IN ALL LOCALITIES. - cont.,,,False,True,True,1,,False,
1911_census_volume_iii_part_xiv_summary,1911 Census - Volume III - Part XIV Summary.pdf,data\raw\abs_1911_census\1911 Census - Volume III - Part XIV Summary.pdf,244,233,234,168 | 167,168,2,1,2282,continues,168.—POPULATION AND OCCUPIED DWELLINGS IN ALL LOCALITIES.—cont.,,,False,True,True,1,,False,
1911_census_volume_iii_part_xiv_summary,1911 Census - Volume III - Part XIV Summary.pdf,data\raw\abs_1911_census\1911 Census - Volume III - Part XIV Summary.pdf,244,234,235,168 | 167,168,2,1,2283,continues,168.—POPULATION AND OCCUPIED DWELLINGS IN ALL LOCALITIES.—cont.,,,False,True,True,1,,False,
1911_census_volume_iii_part_xiv_summary,1911 Census - Volume III - Part XIV Summary.pdf,data\raw\abs_1911_census\1911 Census - Volume III - Part XIV Summary.pdf,244,235,236,168 | 167,168,2,1,2284,continues,168.—POPULATION AND OCCUPIED DWELLINGS IN ALL LOCALITIES.—cont.,,,False,True,True,1,,False,
1911_census_volume_iii_part_xiv_summary,1911 Census - Volume III - Part XIV Summary.pdf,data\raw\abs_1911_census\1911 Census - Volume III - Part XIV Summary.pdf,244,236,237,168 | 167,168,2,1,2285,continues,168.—POPULATION AND OCCUPIED DWELLINGS IN ALL LOCALITIES.—cont.,,,False,True,True,1,,False,
1911_census_volume_iii_part_xiv_summary,1911 Census - Volume III - Part XIV Summary.pdf,data\raw\abs_1911_census\1911 Census - Volume III - Part XIV Summary.pdf,244,237,238,168 | 167,168,2,1,2286,continues,168. POPULATION AND OCCUPIED DWELLINGS IN ALL LOCALITIES.—cont.,,,False,True,True,1,,False,
1911_census_volume_iii_part_xiv_summary,1911 Census - Volume III - Part XIV Summary.pdf,data\raw\abs_1911_census\1911 Census - Volume III - Part XIV Summary.pdf,244,238,239,168 | 167,168,2,1,2287,continues,168.—POPULATION AND OCCUPIED DWELLINGS IN ALL LOCALITIES.—cont.,,,False,True,True,1,,False,
1911_census_volume_iii_part_xiv_summary,1911 Census - Volume III - Part XIV Summary.pdf,data\raw\abs_1911_census\1911 Census - Volume III - Part XIV Summary.pdf,244,239,240,168 | 167,168,2,1,2288,continues,"LOCALITIES, containing 50 Inhabitants or over, with Population and Occupied Dwellings therein",,,False,False,True,1,,False,
1911_census_volume_iii_part_xiv_summary,1911 Census - Volume III - Part XIV Summary.pdf,data\raw\abs_1911_census\1911 Census - Volume III - Part XIV Summary.pdf,244,240,241,168 | 167,168,2,1,2289,continues,"LOCALITIES, containing 50 Inhabitants or over, with Population and Occupied Dwellings therein",,,False,True,True,1,,False,
1911_census_volume_iii_part_xiv_summary,1911 Census - Volume III - Part XIV Summary.pdf,data\raw\abs_1911_census\1911 Census - Volume III - Part XIV Summary.pdf,244,241,242,168 | 167,168,2,1,2290,continues,"LOCALITIES, containing 50 Inhabitants or over, with Population and Occupied Dwellings therein",,,False,True,True,1,,False,
1911_census_volume_iii_part_xiv_summary,1911 Census - Volume III - Part XIV Summary.pdf,data\raw\abs_1911_census\1911 Census - Volume III - Part XIV Summary.pdf,244,242,243,168 | 167,168,2,1,2291,ends,168.—POPULATION AND OCCUPIED DWELLINGS IN ALL LOCALITIES.—cont.,,,False,True,True,1,,False,
1911_census_volume_iii_part_xiv_summary,1911 Census - Volume III - Part XIV Summary.pdf,data\raw\abs_1911_census\1911 Census - Volume III - Part XIV Summary.pdf,244,243,244,168 | 167,168,2,1,2292,ends,168.—POPULATION AND OCCUPIED DWELLINGS IN ALL LOCALITIES.—cont.,,,False,True,True,1,,False,
