doc_id,file_name,local_path,page_count,page_index,pdf_page,candidate_table_numbers,matched_table_numbers,candidate_count,matched_count,printed_page,page_role,visible_titles,visible_subentry,visible_section,contains_multiple_tables,contains_table_header,contains_table_body,confidence,warnings,candidate_mismatch,error
1911_census_volume_ii_part_i_ages,1911 Census - Volume II - Part I Ages.pdf,data\raw\abs_1911_census\1911 Census - Volume II - Part I Ages.pdf,104,0,1,2 | 1 | 3,,3,0,,non_table,,,,False,False,False,1,,False,
1911_census_volume_ii_part_i_ages,1911 Census - Volume II - Part I Ages.pdf,data\raw\abs_1911_census\1911 Census - Volume II - Part I Ages.pdf,104,1,2,2 | 1 | 3,,3,0,,non_table,,,,False,False,False,1,,False,
1911_census_volume_ii_part_i_ages,1911 Census - Volume II - Part I Ages.pdf,data\raw\abs_1911_census\1911 Census - Volume II - Part I Ages.pdf,104,2,3,2 | 1 | 3,,3,0,3,contents_or_index,,,,False,False,False,1,,False,
1911_census_volume_ii_part_i_ages,1911 Census - Volume II - Part I Ages.pdf,data\raw\abs_1911_census\1911 Census - Volume II - Part I Ages.pdf,104,3,4,2 | 1 | 3,,3,0,4,contents_or_index,,,CONTENTS—continued,False,False,False,1,,False,
1911_census_volume_ii_part_i_ages,1911 Census - Volume II - Part I Ages.pdf,data\raw\abs_1911_census\1911 Census - Volume II - Part I Ages.pdf,104,5,6,1 | 2,1 | 2,2,2,6,boundary_multiple_tables,"1.—NUMBER OF MALES RECORDED AT EACH AGE—continued. | 2.—NUMBER OF FEMALES RECORDED AT EACH AGE IN EACH STATE AND TERRITORY at the Census of 3rd April, 1911 (Exclusive of Full-blooded Aboriginals).",,,True,True,True,1,,False,
1911_census_volume_ii_part_i_ages,1911 Census - Volume II - Part I Ages.pdf,data\raw\abs_1911_census\1911 Census - Volume II - Part I Ages.pdf,104,7,8,3 | 2 | 4,2 | 3,3,2,8,boundary_multiple_tables,"2.—NUMBER OF FEMALES RECORDED AT EACH AGE—continued. | 3.—NUMBER OF PERSONS RECORDED AT EACH AGE IN EACH STATE AND TERRITORY at the Census of 3rd April, 1911",,,True,True,True,1,,False,
1911_census_volume_ii_part_i_ages,1911 Census - Volume II - Part I Ages.pdf,data\raw\abs_1911_census\1911 Census - Volume II - Part I Ages.pdf,104,9,10,4 | 3 | 5,3 | 4,3,2,10,boundary_multiple_tables,"3.—NUMBER OF PERSONS RECORDED AT EACH AGE—continued. | 4.—COMPARATIVE STATEMENT OF THE MALE POPULATION OF THE STATES OF THE COMMONWEALTH AS RECORDED at the Censuses of 1901 and 1911, Classified in Quinquennial Age Groups",,,True,True,True,1,,False,
1911_census_volume_ii_part_i_ages,1911 Census - Volume II - Part I Ages.pdf,data\raw\abs_1911_census\1911 Census - Volume II - Part I Ages.pdf,104,12,13,6 | 5 | 7,5 | 6,3,2,13,boundary_multiple_tables,"5. COMPARATIVE STATEMENT OF FEMALE POPULATION—continued. | 6.—COMPARATIVE STATEMENT OF THE TOTAL POPULATION OF THE STATES OF THE COMMONWEALTH AS RECORDED at the Censuses of 1901 and 1911, Classified in Quinquennial Age Groups",,,True,True,True,1,,False,
1911_census_volume_ii_part_i_ages,1911 Census - Volume II - Part I Ages.pdf,data\raw\abs_1911_census\1911 Census - Volume II - Part I Ages.pdf,104,16,17,8 | 7 | 9 | 10,8 | 9,4,2,17,boundary_multiple_tables,"Comparative Statement, shewing the Unadjusted Numbers in the Commonwealth in Quinquennial Age Groups, at the Censuses of 1881, 1891, 1901, and 1911 | Adjusted Number of Males at each Age in each State and Territory, at the Census of 3rd April, 1911",,,True,True,True,1,,False,
1911_census_volume_ii_part_i_ages,1911 Census - Volume II - Part I Ages.pdf,data\raw\abs_1911_census\1911 Census - Volume II - Part I Ages.pdf,104,19,20,11 | 10 | 12,10 | 11,3,2,20,boundary_multiple_tables,"10.—ADJUSTED NUMBER OF FEMALES AT EACH AGE—continued. | 11.—ADJUSTED NUMBER OF PERSONS AT EACH AGE IN EACH STATE AND TERRITORY at the Census of 3rd April, 1911",,,True,True,True,1,,False,
1911_census_volume_ii_part_i_ages,1911 Census - Volume II - Part I Ages.pdf,data\raw\abs_1911_census\1911 Census - Volume II - Part I Ages.pdf,104,21,22,12 | 11 | 13,11 | 12,3,2,22,boundary_multiple_tables,"Adjusted Number of Persons at each Age in each State and Territory, at the Census of 3rd April, 1911 | Adjusted Number of Males at and above each Age in each State and Territory, at the Census of 3rd April, 1911",,,True,True,True,1,,False,
1911_census_volume_ii_part_i_ages,1911 Census - Volume II - Part I Ages.pdf,data\raw\abs_1911_census\1911 Census - Volume II - Part I Ages.pdf,104,24,25,14 | 13 | 15,13 | 14,3,2,25,boundary_multiple_tables,"Adjusted Number of Females at and above each Age in each State and Territory, at the Census of 3rd April, 1911 | Adjusted Number of Persons at and above each Age in each State and Territory, at the Census of 3rd April, 1911",,,True,True,True,1,,False,
1911_census_volume_ii_part_i_ages,1911 Census - Volume II - Part I Ages.pdf,data\raw\abs_1911_census\1911 Census - Volume II - Part I Ages.pdf,104,26,27,15 | 14 | 16,14 | 15,3,2,27,boundary_multiple_tables,"Adjusted Number of Persons at and above each Age in each State and Territory, at the Census of 3rd April, 1911 | Adjusted Number of Males below each Age in each State and Territory, at the Census of 3rd April, 1911",,,True,True,True,1,,False,
1911_census_volume_ii_part_i_ages,1911 Census - Volume II - Part I Ages.pdf,data\raw\abs_1911_census\1911 Census - Volume II - Part I Ages.pdf,104,29,30,17 | 16 | 18,16 | 17,3,2,30,boundary_multiple_tables,"16.—ADJUSTED NUMBER OF FEMALES BELOW EACH AGE—continued. | 17.—ADJUSTED NUMBER OF PERSONS BELOW EACH AGE IN EACH STATE AND TERRITORY at the Census of 3rd April, 1911",,,True,True,True,1,,False,
1911_census_volume_ii_part_i_ages,1911 Census - Volume II - Part I Ages.pdf,data\raw\abs_1911_census\1911 Census - Volume II - Part I Ages.pdf,104,31,32,18 | 17 | 19,17 | 18,3,2,32,boundary_multiple_tables,"Adjusted Number of Persons below each Age in each State and Territory, at the Census of 3rd April, 1911 | Adjusted Numbers in the Commonwealth at each Age, at the Censuses of 1881, 1891, 1901, and 1911",17.—ADJUSTED NUMBER OF PERSONS BELOW EACH AGE—continued.,,True,True,True,1,,False,
1911_census_volume_ii_part_i_ages,1911 Census - Volume II - Part I Ages.pdf,data\raw\abs_1911_census\1911 Census - Volume II - Part I Ages.pdf,104,34,35,20 | 19 | 21,19 | 20,3,2,35,boundary_multiple_tables,"Adjusted Population in Quinquennial Age Groups, in each State and Territory, at the Census of 3rd April, 1911 | Adjusted Numbers of Males, Females, and Persons in each Quinquennial Age Group per 100,000 of Male, Female, and Total Population respectively, of each State and Territory of the Commonwealth, at the Census of 3rd April, 1911",,,True,True,True,1,,False,
1911_census_volume_ii_part_i_ages,1911 Census - Volume II - Part I Ages.pdf,data\raw\abs_1911_census\1911 Census - Volume II - Part I Ages.pdf,104,36,37,21 | 20 | 22 | 23,21 | 22,4,2,37,boundary_multiple_tables,"21.—ADJUSTED NUMBERS IN THE COMMONWEALTH IN QUINQUENNIAL AGE GROUPS at the CENSUSES of 1881, 1891, 1901, and 1911 | 22.—ADJUSTED NUMBERS OF MALES, FEMALES, AND PERSONS IN EACH QUINQUENNIAL AGE GROUP per 100,000 of Male, Female, and Total Population, respectively, of the Commonwealth at the Censuses of 1881, 1891, 1901, and 1911",,,True,True,True,1,,False,
1911_census_volume_ii_part_i_ages,1911 Census - Volume II - Part I Ages.pdf,data\raw\abs_1911_census\1911 Census - Volume II - Part I Ages.pdf,104,37,38,23 | 22 | 24 | 25,23 | 24,4,2,38,boundary_multiple_tables,"Increases in the Commonwealth in each Quinquennial Age Group, as shewn by the Adjusted Numbers for the Censuses of 1881, 1891, 1901, and 1911 | Number of Males recorded at each Age in the Metropolis of each State, at the Census of 3rd April, 1911",,,True,True,True,1,,False,
1911_census_volume_ii_part_i_ages,1911 Census - Volume II - Part I Ages.pdf,data\raw\abs_1911_census\1911 Census - Volume II - Part I Ages.pdf,104,40,41,26 | 25 | 27,25 | 26,3,2,41,boundary_multiple_tables,25.—NUMBER OF FEMALES RECORDED AT EACH AGE IN THE METROPOLIS OF EACH STATE-cont. | 26.—NUMBER OF PERSONS RECORDED AT EACH AGE IN THE METROPOLIS OF EACH STATE,,,True,True,True,1,,False,
1911_census_volume_ii_part_i_ages,1911 Census - Volume II - Part I Ages.pdf,data\raw\abs_1911_census\1911 Census - Volume II - Part I Ages.pdf,104,57,58,31 | 30 | 32 | 33,31 | 32,4,2,58,boundary_multiple_tables,"New South Wales.—Population of Commonwealth Electoral Divisions, as recorded at the Census of 3rd April, 1911 | New South Wales.—Population of State Electoral Districts, as recorded at the Census of 3rd April, 1911",,,True,True,True,1,,False,
1911_census_volume_ii_part_i_ages,1911 Census - Volume II - Part I Ages.pdf,data\raw\abs_1911_census\1911 Census - Volume II - Part I Ages.pdf,104,59,60,33 | 32 | 34 | 35,33 | 34,4,2,60,boundary_multiple_tables,"Victoria.—Number of Males in Quinquennial Age Groups, as recorded in each County, at the Census of 3rd April, 1911 | Victoria.—Number of Females in Quinquennial Age Groups, as recorded in each County, at the Census of 3rd April, 1911",,,True,True,True,1,,False,
1911_census_volume_ii_part_i_ages,1911 Census - Volume II - Part I Ages.pdf,data\raw\abs_1911_census\1911 Census - Volume II - Part I Ages.pdf,104,61,62,35 | 34 | 36,34 | 35,3,2,62,boundary_multiple_tables,"Victoria.—Number of Females in Quinquennial Age Groups, as recorded in each County, at the Census of 3rd April, 1911 | Victoria.—Number of Persons in Quinquennial Age Groups, as recorded in each County, at the Census of 3rd April, 1911",,,True,True,True,1,,False,
1911_census_volume_ii_part_i_ages,1911 Census - Volume II - Part I Ages.pdf,data\raw\abs_1911_census\1911 Census - Volume II - Part I Ages.pdf,104,64,65,37 | 36 | 38 | 39,37 | 38,4,2,65,boundary_multiple_tables,37.—VICTORIA.—POPULATION OF COMMONWEALTH ELECTORAL DIVISIONS | 38.—VICTORIA.—POPULATION OF STATE ELECTORAL PROVINCES,,,True,True,True,1,,False,
1911_census_volume_ii_part_i_ages,1911 Census - Volume II - Part I Ages.pdf,data\raw\abs_1911_census\1911 Census - Volume II - Part I Ages.pdf,104,73,74,44 | 43 | 45 | 46,44 | 45,4,2,74,boundary_multiple_tables,"Queensland.—Population of Commonwealth Electoral Divisions, as recorded at the Census of 3rd April, 1911 | Queensland.—Population of State Electoral Districts, as recorded at the Census of 3rd April, 1911",,,True,True,True,1,,False,
1911_census_volume_ii_part_i_ages,1911 Census - Volume II - Part I Ages.pdf,data\raw\abs_1911_census\1911 Census - Volume II - Part I Ages.pdf,104,82,83,50 | 49 | 51 | 52 | 53,50 | 51 | 52,5,3,83,boundary_multiple_tables,"South Australia.—Population of Commonwealth Electoral Divisions, as recorded at the Census of 3rd April, 1911 | South Australia.—Population of Council Electoral Districts, as recorded at the Census of 3rd April, 1911 | South Australia.—Population of Assembly Electoral Districts, as recorded at the Census of 3rd April, 1911",,,True,True,True,1,,False,
1911_census_volume_ii_part_i_ages,1911 Census - Volume II - Part I Ages.pdf,data\raw\abs_1911_census\1911 Census - Volume II - Part I Ages.pdf,104,83,84,53 | 52 | 54 | 55,53 | 54,4,2,84,boundary_multiple_tables,"53.—Western Australia.—Number of Males in Quinquennial Age Groups, as recorded in each Statistical District, at the Census of 3rd April, 1911 | 54.—Western Australia.—Number of Females in Quinquennial Age Groups, as recorded in each Statistical District, at the Census of 3rd April, 1911",,,True,True,True,1,,False,
1911_census_volume_ii_part_i_ages,1911 Census - Volume II - Part I Ages.pdf,data\raw\abs_1911_census\1911 Census - Volume II - Part I Ages.pdf,104,84,85,53 | 52 | 54 | 55,53 | 54,4,2,85,boundary_multiple_tables,"Western Australia.—Number of Males in Quinquennial Age Groups, as recorded in each Statistical District, at the Census of 3rd April, 1911 | Western Australia.—Number of Females in Quinquennial Age Groups, as recorded in each Statistical District, at the Census of 3rd April, 1911",,,True,True,True,1,,False,
1911_census_volume_ii_part_i_ages,1911 Census - Volume II - Part I Ages.pdf,data\raw\abs_1911_census\1911 Census - Volume II - Part I Ages.pdf,104,85,86,55 | 54 | 56,54 | 55,3,2,86,boundary_multiple_tables,"Western Australia.—Number of Females in Quinquennial Age Groups, as recorded in each Statistical District, at the Census of 3rd April, 1911 | Western Australia.—Number of Persons in Quinquennial Age Groups, as recorded in each Statistical District, at the Census of 3rd April, 1911",,,True,True,True,1,,False,
1911_census_volume_ii_part_i_ages,1911 Census - Volume II - Part I Ages.pdf,data\raw\abs_1911_census\1911 Census - Volume II - Part I Ages.pdf,104,87,88,56 | 55 | 57 | 58 | 59,56 | 57 | 58,5,3,88,boundary_multiple_tables,"Western Australia.—Number of Children in Single Ages under 5 years last birthday, recorded in each Statistical District, at the Census of 3rd April, 1911 | Western Australia.—Population of Commonwealth Electoral Divisions, as recorded at the Census of 3rd April, 1911 | Western Australia.—Population of State Electoral Provinces, as recorded at the Census of 3rd April, 1911",,,True,True,True,1,,False,
1911_census_volume_ii_part_i_ages,1911 Census - Volume II - Part I Ages.pdf,data\raw\abs_1911_census\1911 Census - Volume II - Part I Ages.pdf,104,95,96,63 | 62 | 64 | 65,63 | 64,4,2,96,boundary_multiple_tables,63.—TASMANIA.—NUMBER OF CHILDREN IN SINGLE AGES UNDER 5 YEARS LAST BIRTHDAY | 64.—TASMANIA.—POPULATION OF COMMONWEALTH ELECTORAL DIVISIONS,,,True,True,True,1,,False,
1911_census_volume_ii_part_i_ages,1911 Census - Volume II - Part I Ages.pdf,data\raw\abs_1911_census\1911 Census - Volume II - Part I Ages.pdf,104,96,97,65 | 64 | 66 | 67,65 | 66,4,2,97,boundary_multiple_tables,"65.—TASMANIA.—POPULATION OF STATE ELECTORAL PROVINCES as Recorded at the Census of 3rd April, 1911 | 66.—NORTHERN TERRITORY.—POPULATION IN QUINQUENNIAL AGE GROUPS as Recorded in each County, at the Census of 3rd April, 1911",,,True,True,True,1,,False,
1911_census_volume_ii_part_i_ages,1911 Census - Volume II - Part I Ages.pdf,data\raw\abs_1911_census\1911 Census - Volume II - Part I Ages.pdf,104,97,98,67 | 66 | 68 | 69 | 70,67 | 68 | 69,5,3,98,boundary_multiple_tables,"Northern Territory.—Number of Children in Single Ages under 5 years last birthday, recorded in each County, at the Census of 3rd April, 1911 | Federal Capital Territory.—Population in Quinquennial Age Groups, as recorded in each County, at the Census of 3rd April, 1911 | Federal Capital Territory.—Number of Children in Single Ages under 5 years last birthday, recorded in each County, at the Census of 3rd April, 1911",,,True,True,True,1,,False,
1911_census_volume_ii_part_i_ages,1911 Census - Volume II - Part I Ages.pdf,data\raw\abs_1911_census\1911 Census - Volume II - Part I Ages.pdf,104,99,100,71 | 70 | 72,70 | 71,3,2,100,boundary_multiple_tables,"70.—NUMBER OF FULL-BLOODED ABORIGINAL MALES—continued. | 71.—NUMBER OF FULL-BLOODED ABORIGINAL FEMALES Recorded at each age in each State and Territory of the Commonwealth at the Census of 3rd April, 1911.",,,True,True,True,1,,False,
1911_census_volume_ii_part_i_ages,1911 Census - Volume II - Part I Ages.pdf,data\raw\abs_1911_census\1911 Census - Volume II - Part I Ages.pdf,104,103,104,72 | 71,,2,0,,non_table,,,,False,False,False,1,The provided page is blank.,False,
1911_census_volume_ii_part_ii_birthplaces,1911 Census - Volume II - Part II Birthplaces.pdf,data\raw\abs_1911_census\1911 Census - Volume II - Part II Birthplaces.pdf,282,7,8,2 | 1 | 3,1 | 2,3,2,112,boundary_multiple_tables,"1.—MALE POPULATION OF STATES AND TERRITORIES OF COMMONWEALTH, 1911—continued. | 2.—FEMALE POPULATION OF THE STATES AND TERRITORIES OF THE COMMONWEALTH at the Census of 3rd April, 1911, classified according to Birthplace",,,True,True,True,1,,False,
1911_census_volume_ii_part_ii_birthplaces,1911 Census - Volume II - Part II Birthplaces.pdf,data\raw\abs_1911_census\1911 Census - Volume II - Part II Birthplaces.pdf,282,10,11,3 | 2 | 4,2 | 3,3,2,115,boundary_multiple_tables,"2.—FEMALE POPULATION OF STATES AND TERRITORIES OF THE COMMONWEALTH, 1911—cont. | 3.—TOTAL POPULATION OF THE STATES AND TERRITORIES OF THE COMMONWEALTH at the Census of 3rd April, 1911, classified according to Birthplace",,,True,True,True,1,,False,
1911_census_volume_ii_part_ii_birthplaces,1911 Census - Volume II - Part II Birthplaces.pdf,data\raw\abs_1911_census\1911 Census - Volume II - Part II Birthplaces.pdf,282,14,15,4 | 3 | 5,3 | 4,3,2,119,boundary_multiple_tables,"3.—TOTAL POPULATION OF STATES AND TERRITORIES OF THE COMMONWEALTH, 1911—cont. | 4.—MALE POPULATION OF THE STATES AND NORTHERN TERRITORY OF THE COMMONWEALTH at the Census of 31st March, 1901, classified according to Birthplace",,,True,True,True,1,,False,
1911_census_volume_ii_part_ii_birthplaces,1911 Census - Volume II - Part II Birthplaces.pdf,data\raw\abs_1911_census\1911 Census - Volume II - Part II Birthplaces.pdf,282,17,18,6 | 5 | 7,5 | 6,3,2,122,boundary_multiple_tables,"Female Population of the States and Northern Territory of the Commonwealth, at the Census of 31st March, 1901, classified according to Birthplace | Total Population of the States and Northern Territory of the Commonwealth, at the Census of 31st March, 1901, classified according to Birthplace",,,True,True,True,1,,False,
1911_census_volume_ii_part_ii_birthplaces,1911 Census - Volume II - Part II Birthplaces.pdf,data\raw\abs_1911_census\1911 Census - Volume II - Part II Birthplaces.pdf,282,20,21,8 | 7 | 9,7 | 8,3,2,125,boundary_multiple_tables,"7.—MALE POPULATION OF THE STATES AND NORTHERN TERRITORY, 1891—continued. | 8.—FEMALE POPULATION OF THE STATES AND NORTHERN TERRITORY OF THE COMMONWEALTH at the Census of 5th April, 1891, classified according to Birthplace",,,True,True,True,1,,False,
1911_census_volume_ii_part_ii_birthplaces,1911 Census - Volume II - Part II Birthplaces.pdf,data\raw\abs_1911_census\1911 Census - Volume II - Part II Birthplaces.pdf,282,23,24,10 | 9 | 11,9 | 10,3,2,128,boundary_multiple_tables,"9.—TOTAL POPULATION OF THE STATES AND NORTHERN TERRITORY, 1891—continued. | 10.— COMPARATIVE STATEMENT OF THE POPULATION OF THE COMMONWEALTH at the Censuses of 1891, 1901, and 1911, classified according to Birthplace",,,True,True,True,1,,False,
1911_census_volume_ii_part_ii_birthplaces,1911 Census - Volume II - Part II Birthplaces.pdf,data\raw\abs_1911_census\1911 Census - Volume II - Part II Birthplaces.pdf,282,30,31,13 | 12 | 14,,3,0,135,non_table,COMMONWEALTH OF AUSTRALIA classified according to Birthplace and Age Abodiginal Aborigines,,,False,True,True,0.9,"The page contains a table, but it is not one of the candidate tables provided in the prompt (Table 13, 12, or 14).",False,
1911_census_volume_ii_part_ii_birthplaces,1911 Census - Volume II - Part II Birthplaces.pdf,data\raw\abs_1911_census\1911 Census - Volume II - Part II Birthplaces.pdf,282,48,49,22 | 21 | 23,,3,0,153,non_table,,,,False,False,True,1,"The page contains a table, but it does not match any of the provided candidate table numbers (21, 22, 23). The table on this page appears to be a continuation of a table for Queensland, but it is not one of the candidates provided.",False,
1911_census_volume_ii_part_ii_birthplaces,1911 Census - Volume II - Part II Birthplaces.pdf,data\raw\abs_1911_census\1911 Census - Volume II - Part II Birthplaces.pdf,282,60,61,28 | 27 | 29,,3,0,165,non_table,,,STATE OF WESTERN AUSTRALIA,False,False,True,0.9,"The page contains a table of Western Australia population by birthplace and age, but it is not one of the candidate tables provided (27, 28, 29).",False,
1911_census_volume_ii_part_ii_birthplaces,1911 Census - Volume II - Part II Birthplaces.pdf,data\raw\abs_1911_census\1911 Census - Volume II - Part II Birthplaces.pdf,282,72,73,34 | 33 | 35,,3,0,177,non_table,,,THE NORTHERN TERRITORY classified according to Birthplace and Age (excluding full-blooded Aboriginals),False,True,True,0.9,"The page contains a table for the Northern Territory, but it is not one of the candidate tables provided (33, 34, or 35). The table on this page appears to be a continuation or a specific subset (excluding full-blooded Aboriginals) not explicitly listed in the candidates.",False,
1911_census_volume_ii_part_ii_birthplaces,1911 Census - Volume II - Part II Birthplaces.pdf,data\raw\abs_1911_census\1911 Census - Volume II - Part II Birthplaces.pdf,282,96,97,46 | 45 | 47,,3,0,201,non_table,,,THE STATE OF VICTORIA,False,True,True,0.9,"The page contains a table for the State of Victoria, but it does not match the candidate table numbers provided (45, 46, 47) which are for different page spans.",False,
1911_census_volume_ii_part_ii_birthplaces,1911 Census - Volume II - Part II Birthplaces.pdf,data\raw\abs_1911_census\1911 Census - Volume II - Part II Birthplaces.pdf,282,102,103,49 | 48 | 50,,3,0,207,non_table,"THE STATE OF QUEENSLAND | Nationality, Length of Residence, Education, and Conjugal Condition",,,False,True,True,0.9,"The page contains a table for Queensland, but it is not one of the candidate table numbers provided (48, 49, 50).",False,
1911_census_volume_ii_part_ii_birthplaces,1911 Census - Volume II - Part II Birthplaces.pdf,data\raw\abs_1911_census\1911 Census - Volume II - Part II Birthplaces.pdf,282,108,109,52 | 51 | 53,,3,0,213,non_table,,,STATE OF SOUTH AUSTRALIA,False,False,True,0.9,"The page contains a table for South Australia, but it is not one of the provided candidate table numbers (51, 52, 53). The content appears to be a continuation of a table not listed in the candidates.",False,
1911_census_volume_ii_part_ii_birthplaces,1911 Census - Volume II - Part II Birthplaces.pdf,data\raw\abs_1911_census\1911 Census - Volume II - Part II Birthplaces.pdf,282,114,115,55 | 54 | 56,,3,0,219,non_table,,,STATE OF WESTERN AUSTRALIA,False,True,True,0.9,"The page contains a table for Western Australia, but it does not match the candidate table numbers provided for this document index (54, 55, 56).",False,
1911_census_volume_ii_part_ii_birthplaces,1911 Census - Volume II - Part II Birthplaces.pdf,data\raw\abs_1911_census\1911 Census - Volume II - Part II Birthplaces.pdf,282,120,121,58 | 57 | 59,,3,0,225,non_table,,,THE STATE OF TASMANIA,False,True,True,0.9,"The page contains a table for Tasmania, but the candidate list provided only includes tables 57, 58, and 59. Table 58 is listed as spanning 119-120, but this page is 121. The content appears to be a continuation of the Tasmania tables, but does not match the provided candidate IDs.",False,
1911_census_volume_ii_part_ii_birthplaces,1911 Census - Volume II - Part II Birthplaces.pdf,data\raw\abs_1911_census\1911 Census - Volume II - Part II Birthplaces.pdf,282,126,127,61 | 60 | 62,,3,0,231,non_table,"THE NORTHERN TERRITORY Nationality, Length of Residence, Education, and Conjugal Condition",,,False,True,True,0.9,"The page contains a table for the Northern Territory, but it does not match the provided candidate table numbers (60, 61, 62) which are for different pages or specific subsets.",False,
1911_census_volume_ii_part_ii_birthplaces,1911 Census - Volume II - Part II Birthplaces.pdf,data\raw\abs_1911_census\1911 Census - Volume II - Part II Birthplaces.pdf,282,144,145,70 | 69 | 71,,3,0,249,non_table,,,"STATE OF NEW SOUTH WALES, Classified according to Birthplace and Religion. (excluding full-blooded Aboriginals).",False,True,True,0.9,"The page contains a table for New South Wales, but it is not one of the candidate tables provided (70, 69, 71). The candidate tables provided are for different page ranges or states.",False,
1911_census_volume_ii_part_ii_birthplaces,1911 Census - Volume II - Part II Birthplaces.pdf,data\raw\abs_1911_census\1911 Census - Volume II - Part II Birthplaces.pdf,282,150,151,73 | 72 | 74,,3,0,255,non_table,,,"STATE OF VICTORIA, Classified according to Birthplace and Religion. (Excluding full-blooded Aboriginals).",False,False,True,0.9,"The page contains a table body for the State of Victoria, but the provided candidate table numbers (72, 73, 74) do not match this specific table content (which appears to be a continuation of a table for Victoria, likely Table 73, but the page header does not explicitly state the table number).",False,
1911_census_volume_ii_part_ii_birthplaces,1911 Census - Volume II - Part II Birthplaces.pdf,data\raw\abs_1911_census\1911 Census - Volume II - Part II Birthplaces.pdf,282,156,157,76 | 75 | 77,,3,0,261,non_table,,,STATE OF QUEENSLAND,False,False,True,0.9,"The page contains a table for Queensland, but the candidate list provided only includes Queensland tables 75 and 76 which span pages 153-156. This page is numbered 261 and appears to be a continuation of the Queensland data not covered by the provided candidate list.",False,
1911_census_volume_ii_part_ii_birthplaces,1911 Census - Volume II - Part II Birthplaces.pdf,data\raw\abs_1911_census\1911 Census - Volume II - Part II Birthplaces.pdf,282,162,163,79 | 78 | 80,,3,0,267,non_table,,,STATE OF SOUTH AUSTRALIA,False,True,True,0.9,"The page contains a table for South Australia, but the candidate list provided only includes tables 78, 79, and 80 which are associated with different page spans or geographies than what is depicted on this specific page (which is page 267 of the document, not 163).",False,
1911_census_volume_ii_part_ii_birthplaces,1911 Census - Volume II - Part II Birthplaces.pdf,data\raw\abs_1911_census\1911 Census - Volume II - Part II Birthplaces.pdf,282,168,169,82 | 81 | 83,,3,0,273,non_table,,,STATE OF WESTERN AUSTRALIA,False,False,True,0.9,"The page contains a table for Western Australia, but the provided candidate list only includes Table 82 for Western Australia (which spans 167-168) and Table 83 for Tasmania. The page content does not match the provided candidate table numbers.",False,
1911_census_volume_ii_part_ii_birthplaces,1911 Census - Volume II - Part II Birthplaces.pdf,data\raw\abs_1911_census\1911 Census - Volume II - Part II Birthplaces.pdf,282,180,181,88 | 87 | 89,,3,0,285,non_table,,,NORTHERN TERRITORY,False,False,False,0.9,"The page contains a table for Northern Territory, but it is not one of the candidate tables provided (87, 88, 89).",False,
1911_census_volume_ii_part_ii_birthplaces,1911 Census - Volume II - Part II Birthplaces.pdf,data\raw\abs_1911_census\1911 Census - Volume II - Part II Birthplaces.pdf,282,186,187,91 | 90 | 92,,3,0,291,non_table,,,FEDERAL CAPITAL TERRITORY,False,True,True,0.9,"The page contains a table for the Federal Capital Territory, but the provided candidate list only includes table 91 for the FCT which spans pages 185-186. This page is numbered 291 and appears to be a continuation or a different table not in the provided candidate list.",False,
1911_census_volume_ii_part_ii_birthplaces,1911 Census - Volume II - Part II Birthplaces.pdf,data\raw\abs_1911_census\1911 Census - Volume II - Part II Birthplaces.pdf,282,264,265,99 | 98 | 100,,3,0,369,non_table,,,DISTRICTS OF WESTERN AUSTRALIA—continued.,False,False,True,0.9,"The page contains a continuation of a table, but the table number (99) is outside the provided candidate range for this page index.",False,
1911_census_volume_ii_part_ii_birthplaces,1911 Census - Volume II - Part II Birthplaces.pdf,data\raw\abs_1911_census\1911 Census - Volume II - Part II Birthplaces.pdf,282,281,282,103 | 102,,2,0,,non_table,,,,False,False,False,1,The provided page image is blank.,False,
1911_census_volume_ii_part_iii_length_of_residence,1911 Census - Volume II - Part III Length of Residence.pdf,data\raw\abs_1911_census\1911 Census - Volume II - Part III Length of Residence.pdf,54,7,8,3 | 2 | 4,2 | 3,3,2,394,boundary_multiple_tables,"Population of the Commonwealth of Australia at the Census of 3rd April, 1911, Classified according to Age and Length of Residence in Australia | Population of the State of New South Wales at the Census of 3rd April, 1911, Classified according to Age and Length of Residence in Australia",,,True,True,True,1,,False,
1911_census_volume_ii_part_iii_length_of_residence,1911 Census - Volume II - Part III Length of Residence.pdf,data\raw\abs_1911_census\1911 Census - Volume II - Part III Length of Residence.pdf,54,13,14,5 | 4 | 6,4 | 5,3,2,400,boundary_multiple_tables,"4.-POPULATION OF THE | 5.-POPULATION OF THE At the Census of 3rd April, 1911, Classified (Exclusive of Full-",,,True,True,True,1,,False,
1911_census_volume_ii_part_iii_length_of_residence,1911 Census - Volume II - Part III Length of Residence.pdf,data\raw\abs_1911_census\1911 Census - Volume II - Part III Length of Residence.pdf,54,14,15,5 | 4 | 6,4 | 5,3,2,401,boundary_multiple_tables,"Population of the State of Victoria at the Census of 3rd April, 1911, Classified according to Age and Length of Residence in Australia | Population of the State of Queensland at the Census of 3rd April, 1911, Classified according to Age and Length of Residence in Australia",,,True,True,True,1,,False,
1911_census_volume_ii_part_iii_length_of_residence,1911 Census - Volume II - Part III Length of Residence.pdf,data\raw\abs_1911_census\1911 Census - Volume II - Part III Length of Residence.pdf,54,20,21,7 | 6 | 8,6 | 7,3,2,407,boundary_multiple_tables,"Population of the State of South Australia at the Census of 3rd April, 1911, Classified according to Age and Length of Residence in Australia | Population of the State of Western Australia at the Census of 3rd April, 1911, Classified according to Age and Length of Residence in Australia",,,True,True,True,1,,False,
1911_census_volume_ii_part_iii_length_of_residence,1911 Census - Volume II - Part III Length of Residence.pdf,data\raw\abs_1911_census\1911 Census - Volume II - Part III Length of Residence.pdf,54,26,27,9 | 8 | 10,8 | 9,3,2,413,boundary_multiple_tables,"Population of the State of Tasmania at the Census of 3rd April, 1911, Classified according to Age and Length of Residence in Australia | Population of the Northern Territory at the Census of 3rd April, 1911, Classified according to Age and Length of Residence in Australia",,,True,True,True,1,,False,
1911_census_volume_ii_part_iii_length_of_residence,1911 Census - Volume II - Part III Length of Residence.pdf,data\raw\abs_1911_census\1911 Census - Volume II - Part III Length of Residence.pdf,54,31,32,11 | 10 | 12,10 | 11,3,2,418,boundary_multiple_tables,"Population of the Federal Capital Territory at the Census of 3rd April, 1911, Classified according to Age and Length of Residence in Australia | Metropolitan and Extra-Metropolitan Population of New South Wales at the Census of 3rd April, 1911, Classified according to Length of Residence in Australia",,,True,True,True,1,,False,
1911_census_volume_ii_part_iii_length_of_residence,1911 Census - Volume II - Part III Length of Residence.pdf,data\raw\abs_1911_census\1911 Census - Volume II - Part III Length of Residence.pdf,54,33,34,13 | 12 | 14 | 15,13 | 14,4,2,420,boundary_multiple_tables,"Metropolitan and Extra-Metropolitan Population of Queensland at the Census of 3rd April, 1911, Classified according to Length of Residence in Australia | Metropolitan and Extra-Metropolitan Population of South Australia at the Census of 3rd April, 1911, Classified according to Length of Residence in Australia",,,True,True,True,1,,False,
1911_census_volume_ii_part_iii_length_of_residence,1911 Census - Volume II - Part III Length of Residence.pdf,data\raw\abs_1911_census\1911 Census - Volume II - Part III Length of Residence.pdf,54,34,35,15 | 14 | 16 | 17,15 | 16,4,2,421,boundary_multiple_tables,"Metropolitan and Extra-Metropolitan Population of Western Australia at the Census of 3rd April, 1911, Classified according to Length of Residence in Australia | Metropolitan and Extra-Metropolitan Population of Tasmania at the Census of 3rd April, 1911, Classified according to Length of Residence in Australia",,,True,True,True,1,,False,
1911_census_volume_ii_part_iii_length_of_residence,1911 Census - Volume II - Part III Length of Residence.pdf,data\raw\abs_1911_census\1911 Census - Volume II - Part III Length of Residence.pdf,54,53,54,25 | 24,,2,0,,non_table,,,,False,False,False,1,The provided page is blank.,False,
1911_census_volume_ii_part_iv_education,1911 Census - Volume II - Part IV Education.pdf,data\raw\abs_1911_census\1911 Census - Volume II - Part IV Education.pdf,182,2,3,1 | 2 | 3,1 | 2,3,2,443,boundary_multiple_tables,"Number of Persons Recorded in each State and Territory of the Commonwealth, at the Census of 3rd April, 1911, Classified according to Education and Sex | Number of Persons Recorded in the Commonwealth, at the Censuses of 1891, 1901, and 1911, Classified according to Education and Sex",,,True,True,True,1,,False,
1911_census_volume_ii_part_iv_education,1911 Census - Volume II - Part IV Education.pdf,data\raw\abs_1911_census\1911 Census - Volume II - Part IV Education.pdf,182,4,5,4 | 3 | 5,3 | 4,3,2,445,boundary_multiple_tables,"3.—NUMBER OF MALES RECORDED IN EACH STATE AND TERRITORY OF THE COMMONWEALTH, 1911—continued. | 4.—NUMBER OF FEMALES RECORDED IN EACH STATE AND TERRITORY OF THE COMMONWEALTH at the Census of 3rd April, 1911, Classified according to Education and Age",,,True,True,True,1,,False,
1911_census_volume_ii_part_iv_education,1911 Census - Volume II - Part IV Education.pdf,data\raw\abs_1911_census\1911 Census - Volume II - Part IV Education.pdf,182,7,8,6 | 5 | 7,5 | 6,3,2,448,boundary_multiple_tables,5.--NUMBER OF PERSONS RECORDED IN EACH STATE AND TERRITORY OF COMMONWEALTH--cont. | 6.--NUMBER OF MALES RECORDED IN EACH METROPOLITAN AREA OF THE COMMONWEALTH,,,True,True,True,1,,False,
1911_census_volume_ii_part_iv_education,1911 Census - Volume II - Part IV Education.pdf,data\raw\abs_1911_census\1911 Census - Volume II - Part IV Education.pdf,182,8,9,7 | 6 | 8,6 | 7,3,2,449,boundary_multiple_tables,"6.—NUMBER OF MALES RECORDED IN EACH METROPOLITAN AREA—continued. | 7 —NUMBER OF FEMALES RECORDED IN EACH METROPOLITAN AREA OF THE COMMONWEALTH at the Census of 3rd April, 1911, Classified according to Education and Age (Exclusive of Full-blooded Aboriginals).",,,True,True,True,1,,False,
1911_census_volume_ii_part_iv_education,1911 Census - Volume II - Part IV Education.pdf,data\raw\abs_1911_census\1911 Census - Volume II - Part IV Education.pdf,182,9,10,8 | 7 | 9,7 | 8,3,2,450,boundary_multiple_tables,"7.-NUMBER OF FEMALES RECORDED IN EACH METROPOLITAN AREA.-continued. | 8.-NUMBER OF PERSONS RECORDED IN EACH METROPOLITAN AREA OF THE COMMONWEALTH at the Census of 3rd April, 1911, Classified according to Education and Age (Exclusive of Full-blooded Aboriginals).",,,True,True,True,1,,False,
1911_census_volume_ii_part_iv_education,1911 Census - Volume II - Part IV Education.pdf,data\raw\abs_1911_census\1911 Census - Volume II - Part IV Education.pdf,182,83,84,14 | 13 | 15,13 | 14,3,2,524,boundary_multiple_tables,"13.--VICTORIA.--NUMBER OF FEMALES RECORDED IN EACH COUNTY--continued. | 14.--VICTORIA.--NUMBER OF PERSONS RECORDED IN EACH COUNTY at the Census of 3rd April, 1911, Classified according to Education and Age (Exclusive of Full-blooded Aboriginals).",,,True,True,True,1,,False,
1911_census_volume_ii_part_iv_education,1911 Census - Volume II - Part IV Education.pdf,data\raw\abs_1911_census\1911 Census - Volume II - Part IV Education.pdf,182,110,111,17 | 16 | 18,16 | 17,3,2,551,boundary_multiple_tables,"Queensland-Number of Females Recorded in each Census District, at the Census of 3rd April, 1911, Classified according to Education and Age | Queensland-Number of Persons Recorded in each Census District, at the Census of 3rd April, 1911, Classified according to Education and Age",,,True,True,True,1,,False,
1911_census_volume_ii_part_iv_education,1911 Census - Volume II - Part IV Education.pdf,data\raw\abs_1911_census\1911 Census - Volume II - Part IV Education.pdf,182,134,135,20 | 19 | 21,19 | 20,3,2,575,boundary_multiple_tables,"South Australia-Number of Females Recorded in each County or Division, at the Census of 3rd April, 1911, Classified according to Education and Age | South Australia-Number of Persons Recorded in each County or Division, at the Census of 3rd April, 1911, Classified according to Education and Age",,,True,True,True,1,,False,
1911_census_volume_ii_part_iv_education,1911 Census - Volume II - Part IV Education.pdf,data\raw\abs_1911_census\1911 Census - Volume II - Part IV Education.pdf,182,160,161,25 | 24 | 26,24 | 25,3,2,601,boundary_multiple_tables,"24.—TASMANIA.—NUMBER OF MALES RECORDED IN EACH MUNICIPALITY —continued. | 25.—TASMANIA.—NUMBER OF FEMALES RECORDED IN EACH MUNICIPALITY at the Census of 3rd April, 1911, Classified according to Education and Age",,,True,True,True,1,,False,
1911_census_volume_ii_part_iv_education,1911 Census - Volume II - Part IV Education.pdf,data\raw\abs_1911_census\1911 Census - Volume II - Part IV Education.pdf,182,167,168,26 | 25 | 27,25 | 26,3,2,608,boundary_multiple_tables,"25. TASMANIA. NUMBER OF FEMALES RECORDED IN EACH MUNICIPALITY—continued. | 26. TASMANIA. NUMBER OF PERSONS RECORDED IN EACH MUNICIPALITY at the Census of 3rd April, 1911, Classified according to Education and Age",,,True,True,True,1,,False,
1911_census_volume_ii_part_iv_education,1911 Census - Volume II - Part IV Education.pdf,data\raw\abs_1911_census\1911 Census - Volume II - Part IV Education.pdf,182,174,175,27 | 26 | 28,26 | 27,3,2,615,boundary_multiple_tables,"26.-TASMANIA.-NUMBER OF PERSONS RECORDED IN EACH MUNICIPALITY-continued. | 27.-NORTHERN TERRITORY.-NUMBER OF MALES RECORDED IN EACH COUNTY at the Census of 3rd April, 1911, Classified according to Education and Age",,,True,True,True,1,,False,
1911_census_volume_ii_part_iv_education,1911 Census - Volume II - Part IV Education.pdf,data\raw\abs_1911_census\1911 Census - Volume II - Part IV Education.pdf,182,175,176,28 | 27 | 29,27 | 28,3,2,616,boundary_multiple_tables,"27.—NORTHERN TERRITORY.—NUMBER OF MALES RECORDED IN EACH COUNTY—continued. | 28.—NORTHERN TERRITORY.—NUMBER OF FEMALES RECORDED IN EACH COUNTY at the Census of 3rd April, 1911, Classified according to Education and Age (Exclusive of Full-blooded Aboriginals).",,,True,True,True,1,,False,
1911_census_volume_ii_part_iv_education,1911 Census - Volume II - Part IV Education.pdf,data\raw\abs_1911_census\1911 Census - Volume II - Part IV Education.pdf,182,176,177,29 | 28 | 30,28 | 29,3,2,617,boundary_multiple_tables,"28.—NORTHERN TERRITORY.—NUMBER OF FEMALES RECORDED IN EACH COUNTY—continued. | 29.—NORTHERN TERRITORY.—NUMBER OF PERSONS RECORDED IN EACH COUNTY at the Census of 3rd April, 1911, Classified according to Education and Age",,,True,True,True,1,,False,
1911_census_volume_ii_part_iv_education,1911 Census - Volume II - Part IV Education.pdf,data\raw\abs_1911_census\1911 Census - Volume II - Part IV Education.pdf,182,177,178,30 | 29 | 31,29 | 30,3,2,618,boundary_multiple_tables,29.-NORTHERN TERRITORY.-NUMBER OF PERSONS RECORDED IN EACH COUNTY-continued. | 30.-FEDERAL CAPITAL TERRITORY.-NUMBER OF PERSONS RECORDED IN EACH DIVISION,,,True,True,True,1,,False,
1911_census_volume_ii_part_iv_education,1911 Census - Volume II - Part IV Education.pdf,data\raw\abs_1911_census\1911 Census - Volume II - Part IV Education.pdf,182,181,182,33 | 32,,2,0,,non_table,,,,False,False,False,1,The provided page image is blank.,False,
1911_census_volume_ii_part_v_schooling,1911 Census - Volume II - Part V Schooling.pdf,data\raw\abs_1911_census\1911 Census - Volume II - Part V Schooling.pdf,124,23,24,10 | 9 | 11,9 | 10,3,2,646,boundary_multiple_tables,9.-NEW SOUTH WALES.-NUMBER OF MALES RECORDED IN EACH COUNTY-continued. | 10.-NEW SOUTH WALES.-NUMBER OF FEMALES RECORDED IN EACH COUNTY,,,True,True,True,1,,False,
1911_census_volume_ii_part_v_schooling,1911 Census - Volume II - Part V Schooling.pdf,data\raw\abs_1911_census\1911 Census - Volume II - Part V Schooling.pdf,124,36,37,11 | 10 | 12,10 | 11,3,2,659,boundary_multiple_tables,10.-NEW SOUTH WALES.-NUMBER OF FEMALES RECORDED IN EACH COUNTY-continued. | 11.-NEW SOUTH WALES.-NUMBER OF PERSONS RECORDED IN EACH COUNTY,,,True,True,True,1,,False,
1911_census_volume_ii_part_v_schooling,1911 Census - Volume II - Part V Schooling.pdf,data\raw\abs_1911_census\1911 Census - Volume II - Part V Schooling.pdf,124,53,54,13 | 12 | 14,12 | 13,3,2,676,boundary_multiple_tables,"12.-VICTORIA.-NUMBER OF MALES RECORDED IN EACH COUNTY-continued. | 13.-VICTORIA-NUMBER OF FEMALES RECORDED IN EACH COUNTY At the Census of 3rd April, 1911, Classified according to Schooling and Age",,,True,True,True,1,,False,
1911_census_volume_ii_part_v_schooling,1911 Census - Volume II - Part V Schooling.pdf,data\raw\abs_1911_census\1911 Census - Volume II - Part V Schooling.pdf,124,57,58,14 | 13 | 15,13 | 14,3,2,680,boundary_multiple_tables,13.-VICTORIA.-NUMBER OF FEMALES RECORDED IN EACH COUNTY-continued. | 14.-VICTORIA.-NUMBER OF PERSONS RECORDED IN EACH COUNTY,,,True,True,True,1,,False,
1911_census_volume_ii_part_v_schooling,1911 Census - Volume II - Part V Schooling.pdf,data\raw\abs_1911_census\1911 Census - Volume II - Part V Schooling.pdf,124,61,62,15 | 14 | 16,14 | 15,3,2,684,boundary_multiple_tables,"14. VICTORIA.—NUMBER OF PERSONS RECORDED IN EACH COUNTY—continued. | 15.—QUEENSLAND—NUMBER OF MALES RECORDED IN EACH CENSUS DISTRICT At the Census of 3rd April, 1911, Classified according to Schooling and Age",,,True,True,True,1,,False,
1911_census_volume_ii_part_v_schooling,1911 Census - Volume II - Part V Schooling.pdf,data\raw\abs_1911_census\1911 Census - Volume II - Part V Schooling.pdf,124,74,75,17 | 16 | 18,16 | 17,3,2,697,boundary_multiple_tables,"Queensland-Number of Females Recorded in each Census District, at the Census of 3rd April, 1911, Classified according to Schooling and Age | Queensland-Number of Persons Recorded in each Census District, at the Census of 3rd April, 1911, Classified according to Schooling and Age",,,True,True,True,1,,False,
1911_census_volume_ii_part_v_schooling,1911 Census - Volume II - Part V Schooling.pdf,data\raw\abs_1911_census\1911 Census - Volume II - Part V Schooling.pdf,124,85,86,19 | 18 | 20,18 | 19,3,2,708,boundary_multiple_tables,"South Australia-Number of Males Recorded in each County or Division, at the Census of 3rd April, 1911, Classified according to Schooling and Age | South Australia-Number of Females Recorded in each County or Division, at the Census of 3rd April, 1911, Classified according to Schooling and Age",,,True,True,True,1,,False,
1911_census_volume_ii_part_v_schooling,1911 Census - Volume II - Part V Schooling.pdf,data\raw\abs_1911_census\1911 Census - Volume II - Part V Schooling.pdf,124,90,91,20 | 19 | 21,19 | 20,3,2,713,boundary_multiple_tables,"South Australia-Number of Females Recorded in each County or Division, at the Census of 3rd April, 1911, Classified according to Schooling and Age | South Australia-Number of Persons Recorded in each County or Division, at the Census of 3rd April, 1911, Classified according to Schooling and Age",,,True,True,True,1,,False,
1911_census_volume_ii_part_v_schooling,1911 Census - Volume II - Part V Schooling.pdf,data\raw\abs_1911_census\1911 Census - Volume II - Part V Schooling.pdf,124,97,98,22 | 21 | 23,21 | 22,3,2,720,boundary_multiple_tables,"21.—WESTERN AUSTRALIA.—NUMBER OF MALES RECORDED IN EACH STATISTICAL DISTRICT.—cont. | 22.—WESTERN AUSTRALIA.—NUMBER OF FEMALES RECORDED IN EACH STATISTICAL DISTRICT At the Census of 3rd April, 1911, Classified according to Schooling and Age",,,True,True,True,1,,False,
1911_census_volume_ii_part_v_schooling,1911 Census - Volume II - Part V Schooling.pdf,data\raw\abs_1911_census\1911 Census - Volume II - Part V Schooling.pdf,124,100,101,23 | 22 | 24,22 | 23,3,2,723,boundary_multiple_tables,"Western Australia-Number of Females Recorded in each Statistical District, at the Census of 3rd April, 1911, Classified according to Schooling and Age | Western Australia- Number of Persons Recorded in each Statistical District, at the Census of 3rd April, 1911, Classified according to Schooling and Age",,,True,True,True,1,,False,
1911_census_volume_ii_part_v_schooling,1911 Census - Volume II - Part V Schooling.pdf,data\raw\abs_1911_census\1911 Census - Volume II - Part V Schooling.pdf,124,103,104,24 | 23 | 25,23 | 24,3,2,726,boundary_multiple_tables,"Western Australia- Number of Persons Recorded in each Statistical District, at the Census of 3rd April, 1911, Classified according to Schooling and Age | Tasmania-Number of Males Recorded in each Municipality, at the Census of 3rd April, 1911, Classified according to Schooling and Age",,,True,True,True,1,,False,
1911_census_volume_ii_part_v_schooling,1911 Census - Volume II - Part V Schooling.pdf,data\raw\abs_1911_census\1911 Census - Volume II - Part V Schooling.pdf,124,108,109,25 | 24 | 26,24 | 25,3,2,731,boundary_multiple_tables,"24.-TASMANIA.-NUMBER OF MALES RECORDED IN EACH MUNICIPALITY-continued. | 25.-TASMANIA.-NUMBER OF FEMALES RECORDED IN EACH MUNICIPALITY At the Census of 3rd April, 1911, Classified according to Schooling and Age (Exclusive of Full-blooded Aboriginals).",,,True,True,True,1,,False,
1911_census_volume_ii_part_v_schooling,1911 Census - Volume II - Part V Schooling.pdf,data\raw\abs_1911_census\1911 Census - Volume II - Part V Schooling.pdf,124,113,114,26 | 25 | 27,25 | 26,3,2,736,boundary_multiple_tables,25.-TASMANIA.-NUMBER OF FEMALES RECORDED IN EACH MUNICIPALITY-continued. | 26.-TASMANIA.-NUMBER OF PERSONS RECORDED IN EACH MUNICIPALITY,,,True,True,True,1,,False,
1911_census_volume_ii_part_v_schooling,1911 Census - Volume II - Part V Schooling.pdf,data\raw\abs_1911_census\1911 Census - Volume II - Part V Schooling.pdf,124,118,119,27 | 26 | 28,26 | 27,3,2,741,boundary_multiple_tables,"26. - TASMANIA. - NUMBER OF PERSONS RECORDED IN EACH MUNICIPALITY -- continued. | 27. - NORTHERN TERRITORY. - NUMBER OF MALES RECORDED IN EACH COUNTY At the Census of 3rd April, 1911, Classified according to Schooling and Age",,,True,True,True,1,,False,
1911_census_volume_ii_part_v_schooling,1911 Census - Volume II - Part V Schooling.pdf,data\raw\abs_1911_census\1911 Census - Volume II - Part V Schooling.pdf,124,119,120,28 | 27 | 29 | 30,28 | 29,4,2,742,boundary_multiple_tables,"Northern Territory-Number of Females Recorded in each County, at the Census of 3rd April, 1911, Classified according to Schooling and Age | Northern Territory-Number of Persons Recorded in each County, at the Census of 3rd April, 1911, Classified according to Schooling and Age",,,True,True,True,1,,False,
1911_census_volume_ii_part_vi_religions,1911 Census - Volume II - Part VI Religions.pdf,data\raw\abs_1911_census\1911 Census - Volume II - Part VI Religions.pdf,119,17,18,3 | 2 | 4,2 | 3,3,2,764,boundary_multiple_tables,"2.—FEMALE POPULATION OF THE STATES AND TERRITORIES OF THE COMMONWEALTH—continued | 3.—TOTAL POPULATION OF THE STATES AND TERRITORIES OF THE COMMONWEALTH At the Census of 3rd April, 1911, Classified according to Religion",,,True,True,True,1,,False,
1911_census_volume_ii_part_vi_religions,1911 Census - Volume II - Part VI Religions.pdf,data\raw\abs_1911_census\1911 Census - Volume II - Part VI Religions.pdf,119,79,80,32 | 31 | 33 | 34,32 | 33,4,2,826,boundary_multiple_tables,"Male Population of the Metropolis of each State of the Commonwealth, at the Census of 3rd April, 1911, Classified according to Religion | Female Population of the Metropolis of each State of the Commonwealth, at the Census of 3rd April, 1911, Classified according to Religion",,,True,True,True,1,,False,
1911_census_volume_ii_part_vi_religions,1911 Census - Volume II - Part VI Religions.pdf,data\raw\abs_1911_census\1911 Census - Volume II - Part VI Religions.pdf,119,80,81,34 | 33 | 35,33 | 34,3,2,827,boundary_multiple_tables,"33.—FEMALE POPULATION OF THE METROPOLIS OF EACH STATE—continued. | 34.—TOTAL POPULATION OF THE METROPOLIS OF EACH STATE OF THE COMMONWEALTH At the Census of 3rd April, 1911, Classified according to Religion",,,True,True,True,1,,False,
1911_census_volume_ii_part_vi_religions,1911 Census - Volume II - Part VI Religions.pdf,data\raw\abs_1911_census\1911 Census - Volume II - Part VI Religions.pdf,119,93,94,38 | 37 | 39 | 40,38 | 39,4,2,840,boundary_multiple_tables,"38.—MALE POPULATION OF THE COUNTIES OF VICTORIA, AT THE CENSUS OF 3RD APRIL, 1911, (EXCLUSIVE OF FULL-BLOOD ABORIGINALS) | 39.—FEMALE POPULATION OF THE COUNTIES OF VICTORIA, AT THE CENSUS OF 3RD APRIL, 1911, (EXCLUSIVE OF FULL-BLOOD ABORIGINALS)",,,True,True,True,1,,False,
1911_census_volume_ii_part_vi_religions,1911 Census - Volume II - Part VI Religions.pdf,data\raw\abs_1911_census\1911 Census - Volume II - Part VI Religions.pdf,119,95,96,40 | 39 | 41,39 | 40,3,2,842,boundary_multiple_tables,"Female Population of the Counties of Victoria, at the Census of 3rd April, 1911, Classified according to Religion | Total Population of the Counties of Victoria, at the Census of 3rd April, 1911, Classified according to Religion",,,True,True,True,1,,False,
1911_census_volume_ii_part_vi_religions,1911 Census - Volume II - Part VI Religions.pdf,data\raw\abs_1911_census\1911 Census - Volume II - Part VI Religions.pdf,119,103,104,44 | 43 | 45 | 46,44 | 45,4,2,850,boundary_multiple_tables,"44. MALE POPULATION OF THE COUNTIES At the Census of 3rd April, 1911, (Exclusive of Full- | 45. FEMALE POPULATION OF THE COUNTIES At the Census of 3rd April, 1911, (Exclusive of Full-",,,True,True,True,1,,False,
1911_census_volume_ii_part_vi_religions,1911 Census - Volume II - Part VI Religions.pdf,data\raw\abs_1911_census\1911 Census - Volume II - Part VI Religions.pdf,119,105,106,46 | 45 | 47,45 | 46,3,2,852,boundary_multiple_tables,"Female Population of the Counties and Division of South Australia, at the Census of 3rd April, 1911, Classified according to Religion | Total Population of the Counties and Divisions of South Australia, at the Census of 3rd April, 1911, Classified according to Religion",,,True,True,True,1,,False,
1911_census_volume_ii_part_vi_religions,1911 Census - Volume II - Part VI Religions.pdf,data\raw\abs_1911_census\1911 Census - Volume II - Part VI Religions.pdf,119,107,108,47 | 46 | 48 | 49,47 | 48,4,2,854,boundary_multiple_tables,"Male Population of the Statistical Districts of Western Australia, at the Census of 3rd April, 1911, Classified according to Religion | Female Population of the Statistical Districts of Western Australia, at the Census of 3rd April, 1911, Classified according to Religion",,,True,True,True,1,,False,
1911_census_volume_ii_part_vi_religions,1911 Census - Volume II - Part VI Religions.pdf,data\raw\abs_1911_census\1911 Census - Volume II - Part VI Religions.pdf,119,109,110,49 | 48 | 50 | 51,49 | 50,4,2,856,boundary_multiple_tables,"Total Population of the Statistical Districts of Western Australia, at the Census of 3rd April, 1911, Classified according to Religion | Male Population of the Municipalities of Tasmania, at the Census of 3rd April, 1911, Classified according to Religion",,,True,True,True,1,,False,
1911_census_volume_ii_part_vi_religions,1911 Census - Volume II - Part VI Religions.pdf,data\raw\abs_1911_census\1911 Census - Volume II - Part VI Religions.pdf,119,110,111,49 | 48 | 50 | 51,50 | 51,4,2,857,boundary_multiple_tables,"Male Population of the Municipalities of Tasmania, at the Census of 3rd April, 1911, Classified according to Religion | Female Population of the Municipalities of Tasmania, at the Census of 3rd April, 1911, Classified according to Religion",,,True,True,True,1,,False,
1911_census_volume_ii_part_vi_religions,1911 Census - Volume II - Part VI Religions.pdf,data\raw\abs_1911_census\1911 Census - Volume II - Part VI Religions.pdf,119,111,112,51 | 50 | 52 | 53,51 | 52,4,2,858,boundary_multiple_tables,"51.—FEMALE POPULATION OF THE At the Census of 3rd April, 1911, (Exclusive of Full- | 52.—TOTAL POPULATION OF THE At the Census of 3rd April, 1911, (Exclusive of Full-",,,True,True,True,1,,False,
1911_census_volume_ii_part_vi_religions,1911 Census - Volume II - Part VI Religions.pdf,data\raw\abs_1911_census\1911 Census - Volume II - Part VI Religions.pdf,119,112,113,51 | 50 | 52 | 53,51 | 52,4,2,859,boundary_multiple_tables,"Female Population of the Municipalities of Tasmania, at the Census of 3rd April, 1911, Classified according to Religion | Total Population of the Municipalities of Tasmania, at the Census of 3rd April, 1911, Classified according to Religion",,MUNICIPALITIES OF TASMANIA,True,True,True,1,,False,
1911_census_volume_ii_part_vi_religions,1911 Census - Volume II - Part VI Religions.pdf,data\raw\abs_1911_census\1911 Census - Volume II - Part VI Religions.pdf,119,113,114,53 | 52 | 54,52 | 53,3,2,860,boundary_multiple_tables,"52.—TOTAL POPULATION OF THE | 53.—POPULATION OF THE COUNTIES At the Census of 3rd April, 1911, (Exclusive of Full-",,,True,True,True,1,,False,
1911_census_volume_ii_part_vi_religions,1911 Census - Volume II - Part VI Religions.pdf,data\raw\abs_1911_census\1911 Census - Volume II - Part VI Religions.pdf,119,114,115,53 | 52 | 54,52 | 53,3,2,861,boundary_multiple_tables,"Total Population of the Municipalities of Tasmania, at the Census of 3rd April, 1911, Classified according to Religion | Population of the Counties of the Northern Territory, at the Census of 3rd April, 1911, Classified according to Religion and Sex",,,True,True,True,1,,False,
1911_census_volume_ii_part_vi_religions,1911 Census - Volume II - Part VI Religions.pdf,data\raw\abs_1911_census\1911 Census - Volume II - Part VI Religions.pdf,119,115,116,54 | 53 | 55 | 56,54 | 55,4,2,862,boundary_multiple_tables,"54. POPULATION OF THE DIVISIONS OF THE FEDERAL CAPITAL TERRITORY At the Census of 3rd April, 1911, Classified according to Religion and Sex | 55. NUMBER OF ABORIGINAL MALES RECORDED IN EACH STATE AND TERRITORY OF THE COMMONWEALTH At the Census of 3rd April, 1911, Classified according to Religion.",,,True,True,True,1,,False,
1911_census_volume_ii_part_vi_religions,1911 Census - Volume II - Part VI Religions.pdf,data\raw\abs_1911_census\1911 Census - Volume II - Part VI Religions.pdf,119,118,119,57 | 56,,2,0,,non_table,,,PART VII. BLINDNESS AND DEAF MUTISM.,False,False,False,1,,False,
1911_census_volume_ii_part_vii_blindness_and_deaf_mutism,1911 Census - Volume II - Part VII Blindness and Deaf Mutism.pdf,data\raw\abs_1911_census\1911 Census - Volume II - Part VII Blindness and Deaf Mutism.pdf,32,31,32,27 | 26,,2,0,,non_table,,,,False,False,False,1,The provided page is blank.,False,
1911_census_volume_ii_part_viii_non_european_races,1911 Census - Volume II - Part VIII Non-European Races.pdf,data\raw\abs_1911_census\1911 Census - Volume II - Part VIII Non-European Races.pdf,177,6,7,1 | 2 | 3,1 | 2,3,2,903,boundary_multiple_tables,"Persons of Non-European Race enumerated in the Commonwealth of Australia, at the Census of 3rd April 1911. Summary by States | Persons of Non-European Race enumerated in the Commonwealth of Australia, at the Census of 3rd April, 1911. Summary by Races",,,True,True,True,1,,False,
1911_census_volume_ii_part_viii_non_european_races,1911 Census - Volume II - Part VIII Non-European Races.pdf,data\raw\abs_1911_census\1911 Census - Volume II - Part VIII Non-European Races.pdf,177,7,8,3 | 2 | 4 | 5,3 | 4,4,2,904,boundary_multiple_tables,"Males of each Non-European Race enumerated in the several States and Territories of the Commonwealth of Australia, at the Census of 3rd April, 1911 | Females of each Non-European Race enumerated in the several States and Territories of the Commonwealth of Australia, at the Census of 3rd April, 1911",,,True,True,True,1,,False,
1911_census_volume_ii_part_viii_non_european_races,1911 Census - Volume II - Part VIII Non-European Races.pdf,data\raw\abs_1911_census\1911 Census - Volume II - Part VIII Non-European Races.pdf,177,8,9,5 | 4 | 6,4 | 5,3,2,905,boundary_multiple_tables,4.—FEMALES OF EACH NON-EUROPEAN RACE ENUMERATED IN THE STATES—continued. | 5.—PERSONS OF EACH NON-EUROPEAN RACE ENUMERATED IN THE SEVERAL STATES AND TERRITORIES OF THE COMMONWEALTH OF AUSTRALIA,,,True,True,True,1,,False,
1911_census_volume_ii_part_viii_non_european_races,1911 Census - Volume II - Part VIII Non-European Races.pdf,data\raw\abs_1911_census\1911 Census - Volume II - Part VIII Non-European Races.pdf,177,9,10,6 | 5 | 7 | 8,6 | 7,4,2,906,boundary_multiple_tables,"Commonwealth of Australia.—Males of Non-European Race enumerated at the Census of 3rd April, 1911, Classified according to Race and Age | Commonwealth of Australia.—Females of Non-European Race enumerated at the Census of 3rd April, 1911, Classified according to Race and Age",,,True,True,True,1,,False,
1911_census_volume_ii_part_viii_non_european_races,1911 Census - Volume II - Part VIII Non-European Races.pdf,data\raw\abs_1911_census\1911 Census - Volume II - Part VIII Non-European Races.pdf,177,10,11,6 | 5 | 7 | 8,6 | 7,4,2,907,boundary_multiple_tables,"Commonwealth of Australia.—Males of Non-European Race enumerated at the Census of 3rd April, 1911, Classified according to Race and Age | Commonwealth of Australia.—Females of Non-European Race enumerated at the Census of 3rd April, 1911, Classified according to Race and Age",,,True,True,True,1,,False,
1911_census_volume_ii_part_viii_non_european_races,1911 Census - Volume II - Part VIII Non-European Races.pdf,data\raw\abs_1911_census\1911 Census - Volume II - Part VIII Non-European Races.pdf,177,11,12,8 | 7 | 9 | 10,8 | 9,4,2,908,boundary_multiple_tables,"Commonwealth of Australia.—Persons of Non-European Race enumerated at the Census of 3rd April, 1911, Classified according to Race and Age | Commonwealth of Australia.—Males of Non-European Race enumerated in the several States and Territories, at the Census of 3rd April, 1911, Classified according to Age",,,True,True,True,1,,False,
1911_census_volume_ii_part_viii_non_european_races,1911 Census - Volume II - Part VIII Non-European Races.pdf,data\raw\abs_1911_census\1911 Census - Volume II - Part VIII Non-European Races.pdf,177,12,13,8 | 7 | 9 | 10,8 | 9,4,2,909,boundary_multiple_tables,"Commonwealth of Australia.—Persons of Non-European Race enumerated at the Census of 3rd April, 1911, Classified according to Race and Age | Commonwealth of Australia.—Males of Non-European Race enumerated in the several States and Territories, at the Census of 3rd April, 1911, Classified according to Age",,,True,True,True,1,,False,
1911_census_volume_ii_part_viii_non_european_races,1911 Census - Volume II - Part VIII Non-European Races.pdf,data\raw\abs_1911_census\1911 Census - Volume II - Part VIII Non-European Races.pdf,177,13,14,10 | 9 | 11 | 12,10 | 11,4,2,910,boundary_multiple_tables,"Commonwealth of Australia.—Females of Non-European Race enumerated in the several States and Territories, at the Census of 3rd April, 1911, Classified according to Age | Commonwealth of Australia.—Persons of Non-European Race enumerated in the several States and Territories, at the Census of 3rd April, 1911, Classified according to Age",,,True,True,True,1,,False,
1911_census_volume_ii_part_viii_non_european_races,1911 Census - Volume II - Part VIII Non-European Races.pdf,data\raw\abs_1911_census\1911 Census - Volume II - Part VIII Non-European Races.pdf,177,14,15,10 | 9 | 11 | 12,10 | 11,4,2,911,boundary_multiple_tables,"Commonwealth of Australia.—Females of Non-European Race enumerated in the several States and Territories, at the Census of 3rd April, 1911, Classified according to Age | Commonwealth of Australia.—Persons of Non-European Race enumerated in the several States and Territories, at the Census of 3rd April, 1911, Classified according to Age",,RACE ENUMERATED IN THE SEVERAL STATES AND TERRITORIES Classified according to Age,True,True,True,1,,False,
1911_census_volume_ii_part_viii_non_european_races,1911 Census - Volume II - Part VIII Non-European Races.pdf,data\raw\abs_1911_census\1911 Census - Volume II - Part VIII Non-European Races.pdf,177,15,16,12 | 11 | 13 | 14,12 | 13,4,2,912,boundary_multiple_tables,"12.—NEW SOUTH WALES.—MALES OF Non-European Race enumerated at the Census of 3rd April, 1911, Classified according to Race and Age | 13.—NEW SOUTH WALES.—FEMALES OF Non-European Race enumerated at the Census of 3rd April, 1911, Classified according to Race and Age",,,True,True,True,1,,False,
1911_census_volume_ii_part_viii_non_european_races,1911 Census - Volume II - Part VIII Non-European Races.pdf,data\raw\abs_1911_census\1911 Census - Volume II - Part VIII Non-European Races.pdf,177,17,18,14 | 13 | 15 | 16,14 | 15,4,2,914,boundary_multiple_tables,"14.—New South Wales.—Persons of Non-European Race enumerated at the Census of 3rd April, 1911, Classified according to Race and Age | 15.—Victoria.—Males of Non-European Race enumerated, at the Census of 3rd April, 1911. Classified according to Race and Age",,,True,True,True,1,,False,
1911_census_volume_ii_part_viii_non_european_races,1911 Census - Volume II - Part VIII Non-European Races.pdf,data\raw\abs_1911_census\1911 Census - Volume II - Part VIII Non-European Races.pdf,177,18,19,14 | 13 | 15 | 16,14 | 15,4,2,915,boundary_multiple_tables,"New South Wales.—Persons of Non-European Race enumerated at the Census of 3rd April, 1911, Classified according to Race and Age | Victoria.—Males of Non-European Race enumerated, at the Census of 3rd April, 1911. Classified according to Race and Age",,,True,True,True,0.9,"The page contains two distinct tables, one for New South Wales and one for Victoria, which correspond to the candidate tables 14 and 15 respectively.",False,
1911_census_volume_ii_part_viii_non_european_races,1911 Census - Volume II - Part VIII Non-European Races.pdf,data\raw\abs_1911_census\1911 Census - Volume II - Part VIII Non-European Races.pdf,177,19,20,16 | 15 | 17 | 18,16 | 17,4,2,916,boundary_multiple_tables,"Victoria.—Females of Non-European Race enumerated at the Census of 3rd April, 1911, Classified according to Race and Age | Victoria.—Persons of Non-European Race enumerated at the Census of 3rd April, 1911, Classified according to Race and Age",,,True,True,True,1,,False,
1911_census_volume_ii_part_viii_non_european_races,1911 Census - Volume II - Part VIII Non-European Races.pdf,data\raw\abs_1911_census\1911 Census - Volume II - Part VIII Non-European Races.pdf,177,21,22,18 | 17 | 19 | 20,18 | 19,4,2,918,boundary_multiple_tables,"Queensland.—Males of Non-European Race enumerated at the Census of 3rd April, 1911, Classified according to Race and Age | Queensland.—Females of Non-European Race enumerated at the Census of 3rd April, 1911, Classified according to Race and Age",,,True,True,True,1,,False,
1911_census_volume_ii_part_viii_non_european_races,1911 Census - Volume II - Part VIII Non-European Races.pdf,data\raw\abs_1911_census\1911 Census - Volume II - Part VIII Non-European Races.pdf,177,22,23,18 | 17 | 19 | 20,18 | 19 | 20,4,3,919,boundary_multiple_tables,"Queensland.—Males of Non-European Race enumerated at the Census of 3rd April, 1911, Classified according to Race and Age | Queensland.—Females of Non-European Race enumerated at the Census of 3rd April, 1911, Classified according to Race and Age | Queensland.—Persons of Non-European Race enumerated at the Census of 3rd April, 1911, Classified according to Race and Age",,,True,True,True,0.9,"The page contains multiple tables (Queensland Males, Females, and Persons) which are presented as a continuous sequence of data blocks on this page.",False,
1911_census_volume_ii_part_viii_non_european_races,1911 Census - Volume II - Part VIII Non-European Races.pdf,data\raw\abs_1911_census\1911 Census - Volume II - Part VIII Non-European Races.pdf,177,23,24,20 | 19 | 21 | 22,20 | 21,4,2,920,boundary_multiple_tables,"Queensland.—Persons of Non-European Race enumerated at the Census of 3rd April, 1911, Classified according to Race and Age | South Australia.—Males of Non-European Race enumerated at the Census of 3rd April, 1911, Classified according to Race and Age",,,True,True,True,1,,False,
1911_census_volume_ii_part_viii_non_european_races,1911 Census - Volume II - Part VIII Non-European Races.pdf,data\raw\abs_1911_census\1911 Census - Volume II - Part VIII Non-European Races.pdf,177,24,25,20 | 19 | 21 | 22,,4,0,921,non_table,,,,False,False,False,1,"The page contains tables, but they do not match the provided candidate table numbers for Queensland or South Australia. The tables on this page appear to be for other states or a summary.",False,
1911_census_volume_ii_part_viii_non_european_races,1911 Census - Volume II - Part VIII Non-European Races.pdf,data\raw\abs_1911_census\1911 Census - Volume II - Part VIII Non-European Races.pdf,177,25,26,22 | 21 | 23 | 24,22 | 23,4,2,922,boundary_multiple_tables,"South Australia.—Females of Non-European Race enumerated at the Census of 3rd April, 1911, Classified according to Race and Age | South Australia.—Persons of Non-European Race enumerated at the Census of 3rd April, 1911, Classified according to Race and Age",,,True,True,True,1,,False,
1911_census_volume_ii_part_viii_non_european_races,1911 Census - Volume II - Part VIII Non-European Races.pdf,data\raw\abs_1911_census\1911 Census - Volume II - Part VIII Non-European Races.pdf,177,27,28,24 | 23 | 25 | 26,24 | 25,4,2,924,boundary_multiple_tables,"Western Australia.—Males of Non-European Race enumerated at the Census of 3rd April, 1911, Classified according to Race and Age | Western Australia.—Females of Non-European Race enumerated at the Census of 3rd April, 1911, Classified according to Race and Age",,,True,True,True,1,,False,
1911_census_volume_ii_part_viii_non_european_races,1911 Census - Volume II - Part VIII Non-European Races.pdf,data\raw\abs_1911_census\1911 Census - Volume II - Part VIII Non-European Races.pdf,177,29,30,26 | 25 | 27 | 28,26 | 27,4,2,926,boundary_multiple_tables,26.—WESTERN AUSTRALIA.—PERSONS | 27.—TASMANIA.—MALES OF NON-,,,True,True,True,1,,False,
1911_census_volume_ii_part_viii_non_european_races,1911 Census - Volume II - Part VIII Non-European Races.pdf,data\raw\abs_1911_census\1911 Census - Volume II - Part VIII Non-European Races.pdf,177,30,31,26 | 25 | 27 | 28,26 | 27,4,2,927,boundary_multiple_tables,"Western Australia.—Persons of Non-European Race enumerated at the Census of 3rd April, 1911, Classified according to Race and Age | Tasmania.—Males of Non-European Race enumerated at the Census of 3rd April, 1911, Classified according to Race and Age",,,True,True,True,1,,False,
1911_census_volume_ii_part_viii_non_european_races,1911 Census - Volume II - Part VIII Non-European Races.pdf,data\raw\abs_1911_census\1911 Census - Volume II - Part VIII Non-European Races.pdf,177,31,32,28 | 27 | 29 | 30,28 | 29,4,2,928,boundary_multiple_tables,"28.—TASMANIA.—FEMALES OF NON-EUROPEAN RACE enumerated at the Census of 3rd April, 1911, Classified according to Race and Age | 29.—TASMANIA.—PERSONS OF NON-EUROPEAN RACE enumerated at the Census of 3rd April, 1911, Classified according to Race and Age",,,True,True,True,1,,False,
1911_census_volume_ii_part_viii_non_european_races,1911 Census - Volume II - Part VIII Non-European Races.pdf,data\raw\abs_1911_census\1911 Census - Volume II - Part VIII Non-European Races.pdf,177,33,34,30 | 29 | 31 | 32,30 | 31,4,2,930,boundary_multiple_tables,"30.—NORTHERN TERRITORY.—MALES OF Non-European Race enumerated at the Census of 3rd April, 1911, Classified according to Race and Age | 31.—NORTHERN TERRITORY.—FEMALES OF Non-European Race enumerated at the Census of 3rd April, 1911, Classified according to Race and Age",,,True,True,True,1,,False,
1911_census_volume_ii_part_viii_non_european_races,1911 Census - Volume II - Part VIII Non-European Races.pdf,data\raw\abs_1911_census\1911 Census - Volume II - Part VIII Non-European Races.pdf,177,35,36,32 | 31 | 33 | 34,32 | 33,4,2,932,boundary_multiple_tables,"Northern Territory.—Persons of Non-European Race enumerated at the Census of 3rd April, 1911, Classified according to Race and Age | Federal Capital Territory.—Persons of Non-European Race enumerated at the Census of 3rd April, 1911, Classified according to Race, Age and Sex",,,True,True,True,1,,False,
1911_census_volume_ii_part_viii_non_european_races,1911 Census - Volume II - Part VIII Non-European Races.pdf,data\raw\abs_1911_census\1911 Census - Volume II - Part VIII Non-European Races.pdf,177,36,37,32 | 31 | 33 | 34,32 | 33,4,2,933,boundary_multiple_tables,"Northern Territory.—Persons of Non-European Race enumerated at the Census of 3rd April, 1911, Classified according to Race and Age | Federal Capital Territory.—Persons of Non-European Race enumerated at the Census of 3rd April, 1911, Classified according to Race, Age and Sex",,,True,True,True,1,,False,
1911_census_volume_ii_part_viii_non_european_races,1911 Census - Volume II - Part VIII Non-European Races.pdf,data\raw\abs_1911_census\1911 Census - Volume II - Part VIII Non-European Races.pdf,177,49,50,40 | 39 | 41 | 42,40 | 41,4,2,946,boundary_multiple_tables,"40.—NEW SOUTH WALES.—MALES OF At the Census of 3rd April, 1911, Classified according to Race, Nationality, (Exclusive of Full- | 41.—NEW SOUTH WALES.—FEMALES OF At the Census of 3rd April, 1911, Classified according to Race, (Exclusive of Full-",,,True,True,True,1,,False,
1911_census_volume_ii_part_viii_non_european_races,1911 Census - Volume II - Part VIII Non-European Races.pdf,data\raw\abs_1911_census\1911 Census - Volume II - Part VIII Non-European Races.pdf,177,51,52,42 | 41 | 43,41 | 42,3,2,948,boundary_multiple_tables,41.—NEW SOUTH WALES.—FEMALES OF | 42.—NEW SOUTH WALES.—PERSONS OF,,,True,True,True,1,,False,
1911_census_volume_ii_part_viii_non_european_races,1911 Census - Volume II - Part VIII Non-European Races.pdf,data\raw\abs_1911_census\1911 Census - Volume II - Part VIII Non-European Races.pdf,177,53,54,43 | 42 | 44 | 45,43 | 44,4,2,950,boundary_multiple_tables,"43.—VICTORIA.—MALES OF NON-EUROPEAN RACE enumerated at the Census of 3rd April, 1911, Classified according to Race, Nationality, Length of Residence, Education and Conjugal Condition | 44.—VICTORIA.—FEMALES OF NON-EUROPEAN RACE enumerated at the Census of 3rd April, 1911, Classified according to Race, Nationality, Length of Residence, Education and Conjugal Condition",,,True,True,True,1,,False,
1911_census_volume_ii_part_viii_non_european_races,1911 Census - Volume II - Part VIII Non-European Races.pdf,data\raw\abs_1911_census\1911 Census - Volume II - Part VIII Non-European Races.pdf,177,55,56,45 | 44 | 46,44 | 45,3,2,952,boundary_multiple_tables,44.—VICTORIA.—FEMALES OF NON- | 45.—VICTORIA.—PERSONS OF NON-,,,True,True,True,1,,False,
1911_census_volume_ii_part_viii_non_european_races,1911 Census - Volume II - Part VIII Non-European Races.pdf,data\raw\abs_1911_census\1911 Census - Volume II - Part VIII Non-European Races.pdf,177,56,57,45 | 44 | 46,,3,0,953,non_table,,,EUROPEAN RACE ENUMERATED,False,False,True,1,"The page contains tables related to European race, which are not among the candidate tables provided for Non-European races.",False,
1911_census_volume_ii_part_viii_non_european_races,1911 Census - Volume II - Part VIII Non-European Races.pdf,data\raw\abs_1911_census\1911 Census - Volume II - Part VIII Non-European Races.pdf,177,57,58,46 | 45 | 47 | 48,46 | 47,4,2,954,boundary_multiple_tables,"46.—QUEENSLAND.—MALES OF NON-EUROPEAN RACE enumerated at the Census of 3rd April, 1911, Classified according to Race, Nationality, Length of Residence, Education and Conjugal Condition | 47.—QUEENSLAND.—FEMALES OF NON-EUROPEAN RACE enumerated at the Census of 3rd April, 1911, Classified according to Race, Nationality, Length of Residence, Education and Conjugal Condition",,,True,True,True,1,,False,
1911_census_volume_ii_part_viii_non_european_races,1911 Census - Volume II - Part VIII Non-European Races.pdf,data\raw\abs_1911_census\1911 Census - Volume II - Part VIII Non-European Races.pdf,177,59,60,48 | 47 | 49,47 | 48,3,2,956,boundary_multiple_tables,"Queensland.—Females of Non-European Race enumerated at the Census of 3rd April, 1911, Classified according to Race, Nationality, Length of Residence, Education and Conjugal Condition | Queensland.—Persons of Non-European Race enumerated at the Census of 3rd April, 1911, Classified according to Race, Nationality, Length of Residence, Education and Conjugal Condition",,,True,True,True,1,,False,
1911_census_volume_ii_part_viii_non_european_races,1911 Census - Volume II - Part VIII Non-European Races.pdf,data\raw\abs_1911_census\1911 Census - Volume II - Part VIII Non-European Races.pdf,177,61,62,49 | 48 | 50 | 51,49 | 50,4,2,958,boundary_multiple_tables,"49.—SOUTH AUSTRALIA.—MALES OF At the Census of 3rd April, 1911, Classified according to Race, (Exclusive of Full- | 50.—SOUTH AUSTRALIA.—FEMALES OF At the Census of 3rd April, 1911, Classified according to Race, (Exclusive of Full-",,,True,True,True,1,,False,
1911_census_volume_ii_part_viii_non_european_races,1911 Census - Volume II - Part VIII Non-European Races.pdf,data\raw\abs_1911_census\1911 Census - Volume II - Part VIII Non-European Races.pdf,177,63,64,51 | 50 | 52,50 | 51,3,2,960,boundary_multiple_tables,50.—SOUTH AUSTRALIA.—FEMALES OF | 51.—SOUTH AUSTRALIA.—PERSONS OF,,,True,True,True,1,,False,
1911_census_volume_ii_part_viii_non_european_races,1911 Census - Volume II - Part VIII Non-European Races.pdf,data\raw\abs_1911_census\1911 Census - Volume II - Part VIII Non-European Races.pdf,177,64,65,51 | 50 | 52,51 | 52,3,2,961,boundary_multiple_tables,"South Australia.—Persons of Non-European Race enumerated at the Census of 3rd April, 1911, Classified according to Race, Nationality, Length of Residence, Education and Conjugal Condition | Western Australia.—Males of Non-European Race enumerated at the Census of 3rd April, 1911, Classified according to Race, Nationality, Length of Residence, Education and Conjugal Condition",,,True,True,True,1,,False,
1911_census_volume_ii_part_viii_non_european_races,1911 Census - Volume II - Part VIII Non-European Races.pdf,data\raw\abs_1911_census\1911 Census - Volume II - Part VIII Non-European Races.pdf,177,65,66,52 | 51 | 53 | 54,52 | 53,4,2,962,boundary_multiple_tables,"52.—Western Australia.—Males of Non-European Race enumerated at the Census of 3rd April, 1911, Classified according to Race, Nationality, Length of Residence, Education and Conjugal Condition | 53.—Western Australia.—Females of Non-European Race enumerated at the Census of 3rd April, 1911, Classified according to Race, Nationality, Length of Residence, Education and Conjugal Condition",,,True,True,True,1,,False,
1911_census_volume_ii_part_viii_non_european_races,1911 Census - Volume II - Part VIII Non-European Races.pdf,data\raw\abs_1911_census\1911 Census - Volume II - Part VIII Non-European Races.pdf,177,67,68,54 | 53 | 55,53 | 54,3,2,964,boundary_multiple_tables,53.—WESTERN AUSTRALIA.—FEMALES OF | 54.—WESTERN AUSTRALIA.—PERSONS OF,,,True,True,True,1,,False,
1911_census_volume_ii_part_viii_non_european_races,1911 Census - Volume II - Part VIII Non-European Races.pdf,data\raw\abs_1911_census\1911 Census - Volume II - Part VIII Non-European Races.pdf,177,69,70,55 | 54 | 56 | 57,55 | 56,4,2,966,boundary_multiple_tables,"55.—TASMANIA.—MALES OF NON-EUROPEAN RACE enumerated at the Census of 3rd April, 1911, Classified according to Race, Nationality, Length of Residence, Education and Conjugal Condition | 56.—TASMANIA.—FEMALES OF NON-EUROPEAN RACE enumerated at the Census of 3rd April, 1911, Classified according to Race, Nationality, Length of Residence, Education and Conjugal Condition",,,True,True,True,1,,False,
1911_census_volume_ii_part_viii_non_european_races,1911 Census - Volume II - Part VIII Non-European Races.pdf,data\raw\abs_1911_census\1911 Census - Volume II - Part VIII Non-European Races.pdf,177,71,72,57 | 56 | 58 | 59,57 | 58,4,2,968,boundary_multiple_tables,"57.—TASMANIA.—PERSONS OF NON-EUROPEAN RACE enumerated at the Census of 3rd April, 1911, Classified according to Race, Nationality, Length of Residence, Education and Conjugal Condition | 58.—NORTHERN TERRITORY.—MALES OF NON-EUROPEAN RACE enumerated at the Census of 3rd April, 1911, Classified according to Race, Nationality, Length of Residence, Education and Conjugal Condition",,,True,True,True,1,,False,
1911_census_volume_ii_part_viii_non_european_races,1911 Census - Volume II - Part VIII Non-European Races.pdf,data\raw\abs_1911_census\1911 Census - Volume II - Part VIII Non-European Races.pdf,177,72,73,57 | 56 | 58 | 59,58 | 59,4,2,969,boundary_multiple_tables,"Northern Territory.—Males of Non-European Race enumerated at the Census of 3rd April, 1911, Classified according to Race, Nationality, Length of Residence, Education and Conjugal Condition | Northern Territory.—Females of Non-European Race enumerated at the Census of 3rd April, 1911, Classified according to Race, Nationality, Length of Residence, Education and Conjugal Condition",,,True,True,True,1,,False,
1911_census_volume_ii_part_viii_non_european_races,1911 Census - Volume II - Part VIII Non-European Races.pdf,data\raw\abs_1911_census\1911 Census - Volume II - Part VIII Non-European Races.pdf,177,73,74,59 | 58 | 60 | 61,59 | 60,4,2,970,boundary_multiple_tables,"59.—NORTHERN TERRITORY.—FEMALES OF Non-European Race enumerated at the Census of 3rd April, 1911, Classified according to Race, Nationality, Length of Residence, Education and Conjugal Condition | 60.—NORTHERN TERRITORY.—PERSONS OF Non-European Race enumerated at the Census of 3rd April, 1911, Classified according to Race, Nationality, Length of Residence, Education and Conjugal Condition",,,True,True,True,1,,False,
1911_census_volume_ii_part_viii_non_european_races,1911 Census - Volume II - Part VIII Non-European Races.pdf,data\raw\abs_1911_census\1911 Census - Volume II - Part VIII Non-European Races.pdf,177,74,75,59 | 58 | 60 | 61,59 | 60,4,2,971,boundary_multiple_tables,"Northern Territory.—Females of Non-European Race enumerated at the Census of 3rd April, 1911, Classified according to Race, Nationality, Length of Residence, Education and Conjugal Condition | Northern Territory.—Persons of Non-European Race enumerated at the Census of 3rd April, 1911, Classified according to Race, Nationality, Length of Residence, Education and Conjugal Condition",,,True,True,True,1,,False,
1911_census_volume_ii_part_viii_non_european_races,1911 Census - Volume II - Part VIII Non-European Races.pdf,data\raw\abs_1911_census\1911 Census - Volume II - Part VIII Non-European Races.pdf,177,84,85,66 | 65 | 67,65 | 66,3,2,981,boundary_multiple_tables,"Commonwealth of Australia.—Full-blood Males of Non-European Race enumerated in the several States and Territories at the Census of 3rd April, 1911, Classified according to Birthplace | Commonwealth of Australia.—Half-caste Males of Non-European Race enumerated in the several States and Territories at the Census of 3rd April, 1911, Classified according to Birthplace",,,True,True,True,1,,False,
1911_census_volume_ii_part_viii_non_european_races,1911 Census - Volume II - Part VIII Non-European Races.pdf,data\raw\abs_1911_census\1911 Census - Volume II - Part VIII Non-European Races.pdf,177,85,86,67 | 66 | 68,66 | 67,3,2,982,boundary_multiple_tables,"Commonwealth of Australia.—Half-caste Males of Non-European Race—continued. | Commonwealth of Australia.—Full-blood and Half-caste Males of Non-European Race enumerated in the several States and Territories at the Census of 3rd April, 1911, Classified according to Birthplace",,,True,True,True,1,,False,
1911_census_volume_ii_part_viii_non_european_races,1911 Census - Volume II - Part VIII Non-European Races.pdf,data\raw\abs_1911_census\1911 Census - Volume II - Part VIII Non-European Races.pdf,177,94,95,74 | 73 | 75,,3,0,991,non_table,,,NON-EUROPEAN RACE ENUMERATED,False,True,True,0.9,"The table on this page appears to be a continuation of a table not listed in the candidate list (likely Table 72 or similar, as it shows Half-caste data for the Commonwealth).",False,
1911_census_volume_ii_part_viii_non_european_races,1911 Census - Volume II - Part VIII Non-European Races.pdf,data\raw\abs_1911_census\1911 Census - Volume II - Part VIII Non-European Races.pdf,177,100,101,77 | 76 | 78,,3,0,997,non_table,,,EUROPEAN RACE ENUMERATED,False,False,True,0.9,"The page content does not match the provided candidate table titles or numbers. The page appears to be a continuation of a table regarding 'Half-caste' populations, which is not listed in the candidates.",False,
1911_census_volume_ii_part_viii_non_european_races,1911 Census - Volume II - Part VIII Non-European Races.pdf,data\raw\abs_1911_census\1911 Census - Volume II - Part VIII Non-European Races.pdf,177,102,103,78 | 77 | 79,,3,0,999,non_table,,,EUROPEAN RACE ENUMERATED,False,False,False,1,"The page content does not match any of the provided candidate tables (77, 78, 79). It appears to be a table related to 'Half-Caste' populations, which is not in the candidate list.",False,
1911_census_volume_ii_part_viii_non_european_races,1911 Census - Volume II - Part VIII Non-European Races.pdf,data\raw\abs_1911_census\1911 Census - Volume II - Part VIII Non-European Races.pdf,177,104,105,79 | 78 | 80,,3,0,1001,non_table,,,EUROPEAN RACE ENUMERATED,False,False,False,1,"The page content does not match any of the provided candidate tables (78, 79, 80). The page appears to be a continuation of a table regarding European/Aboriginal race classification, not the Non-European race tables listed.",False,
1911_census_volume_ii_part_viii_non_european_races,1911 Census - Volume II - Part VIII Non-European Races.pdf,data\raw\abs_1911_census\1911 Census - Volume II - Part VIII Non-European Races.pdf,177,111,112,83 | 82 | 84,83 | 84,3,2,1008,boundary_multiple_tables,"83.—Western Australia.—Females of Non-European Race enumerated at the Census of 3rd April, 1911, Classified according to Birthplace and Race | 84.—Tasmania.—Males of Non-European Race enumerated at the Census of 3rd April, 1911, Classified according to Birthplace and Race",,,True,True,True,1,,False,
1911_census_volume_ii_part_viii_non_european_races,1911 Census - Volume II - Part VIII Non-European Races.pdf,data\raw\abs_1911_census\1911 Census - Volume II - Part VIII Non-European Races.pdf,177,112,113,83 | 82 | 84,,3,0,1009,non_table,,,NON-EUROPEAN RACE ENUMERATED,False,True,True,0.9,"The page contains tables related to Aboriginal and half-caste populations, but these do not match the provided candidate table numbers (82, 83, 84) which are specific to Western Australia and Tasmania.",False,
1911_census_volume_ii_part_viii_non_european_races,1911 Census - Volume II - Part VIII Non-European Races.pdf,data\raw\abs_1911_census\1911 Census - Volume II - Part VIII Non-European Races.pdf,177,113,114,85 | 84 | 86 | 87,85 | 86,4,2,1010,boundary_multiple_tables,"85.—TASMANIA.—FEMALES OF NON-EUROPEAN RACE enumerated at the Census of 3rd April, 1911, Classified according to Birthplace and Race | 86.—NORTHERN TERRITORY.—MALES OF NON-EUROPEAN RACE enumerated at the Census of 3rd April, 1911, Classified according to Birthplace and Race",,,True,True,True,1,,False,
1911_census_volume_ii_part_viii_non_european_races,1911 Census - Volume II - Part VIII Non-European Races.pdf,data\raw\abs_1911_census\1911 Census - Volume II - Part VIII Non-European Races.pdf,177,115,116,87 | 86 | 88 | 89,87 | 88,4,2,1012,boundary_multiple_tables,"87.—NORTHERN TERRITORY.—FEMALES OF Non-European Race enumerated at the Census of 3rd April, 1911, Classified according to Birthplace and Race | 88.—FEDERAL CAPITAL TERRITORY.—MALES AND FEMALES of Non-European Race enumerated at the Census of 3rd April, 1911, Classified according to Birthplace and Race",,,True,True,True,1,,False,
1911_census_volume_ii_part_viii_non_european_races,1911 Census - Volume II - Part VIII Non-European Races.pdf,data\raw\abs_1911_census\1911 Census - Volume II - Part VIII Non-European Races.pdf,177,116,117,87 | 86 | 88 | 89,,4,0,1013,non_table,,,,False,False,True,0.9,"The page contains tables, but they appear to be continuations of tables from previous pages (likely 87 or 88) that are not listed in the candidate list for this specific page index, or they are fragments not matching the provided candidate table numbers.",False,
1911_census_volume_ii_part_viii_non_european_races,1911 Census - Volume II - Part VIII Non-European Races.pdf,data\raw\abs_1911_census\1911 Census - Volume II - Part VIII Non-European Races.pdf,177,131,132,90 | 89 | 91,89 | 90,3,2,1028,boundary_multiple_tables,"Commonwealth of Australia.—Males of Non-European Race enumerated at the Census of 3rd April, 1911, Classified according to Occupation and Race | Commonwealth of Australia.—Females of Non-European Race enumerated at the Census of 3rd April, 1911, Classified according to Occupation and Race",,,True,True,True,1,,False,
1911_census_volume_ii_part_viii_non_european_races,1911 Census - Volume II - Part VIII Non-European Races.pdf,data\raw\abs_1911_census\1911 Census - Volume II - Part VIII Non-European Races.pdf,177,156,157,102 | 101 | 103,,3,0,1053,non_table,,,EUROPEAN RACE ENUMERATED,False,True,True,0.9,"The page contains a table, but it does not match any of the provided candidate table numbers (101, 102, 103). The table appears to be a continuation of a table for 'Half-caste' individuals, likely related to a previous state or territory.",False,
1911_census_volume_ii_part_viii_non_european_races,1911 Census - Volume II - Part VIII Non-European Races.pdf,data\raw\abs_1911_census\1911 Census - Volume II - Part VIII Non-European Races.pdf,177,175,176,112 | 111 | 113 | 114,112 | 113,4,2,1072,boundary_multiple_tables,"Males of Non-European Race enumerated in the Metropolitan Areas of the several States of the Commonwealth at the Census of 3rd April, 1911 | Females of Non-European Race enumerated in the Metropolitan Areas of the several States of the Commonwealth at the Census of 3rd April, 1911",,,True,True,True,1,,False,
1911_census_volume_ii_part_viii_non_european_races,1911 Census - Volume II - Part VIII Non-European Races.pdf,data\raw\abs_1911_census\1911 Census - Volume II - Part VIII Non-European Races.pdf,177,176,177,114 | 113,113 | 114,2,2,1073,boundary_multiple_tables,"Females of Non-European Race enumerated in the Metropolitan Areas of the several States of the Commonwealth at the Census of 3rd April, 1911 | Persons of Non-European Race enumerated in the Metropolitan Areas of the several States of the Commonwealth at the Census of 3rd April, 1911",,,True,True,True,1,,False,
1911_census_volume_iii_part_ix_conjugal_condition,1911 Census - Volume III - Part IX Conjugal Condition.pdf,data\raw\abs_1911_census\1911 Census - Volume III - Part IX Conjugal Condition.pdf,28,2,3,1 | 2 | 3,1 | 2,3,2,1077,boundary_multiple_tables,"Persons enumerated in each State and Territory of the Commonwealth of Australia, at the Census of 3rd April, 1911, classified according to Conjugal Condition and Sex | Persons enumerated in the Commonwealth of Australia, at the Censuses of 1881, 1891, 1901, and 1911, classified according to Conjugal Condition and Sex",,,True,True,True,1,,False,
1911_census_volume_iii_part_ix_conjugal_condition,1911 Census - Volume III - Part IX Conjugal Condition.pdf,data\raw\abs_1911_census\1911 Census - Volume III - Part IX Conjugal Condition.pdf,28,16,17,10 | 9 | 11,9 | 10,3,2,1091,boundary_multiple_tables,9.—NEW SOUTH WALES.—PERSONS ENUMERATED IN EACH COUNTY—continued. | 10.—VICTORIA.—PERSONS ENUMERATED IN EACH COUNTY,,,True,True,True,1,,False,
1911_census_volume_iii_part_ix_conjugal_condition,1911 Census - Volume III - Part IX Conjugal Condition.pdf,data\raw\abs_1911_census\1911 Census - Volume III - Part IX Conjugal Condition.pdf,28,17,18,11 | 10 | 12,10 | 11,3,2,1092,boundary_multiple_tables,10.—VICTORIA.—PERSONS ENUMERATED IN EACH COUNTY—continued. | 11.—QUEENSLAND.—PERSONS ENUMERATED IN EACH CENSUS DISTRICT,,,True,True,True,1,,False,
1911_census_volume_iii_part_ix_conjugal_condition,1911 Census - Volume III - Part IX Conjugal Condition.pdf,data\raw\abs_1911_census\1911 Census - Volume III - Part IX Conjugal Condition.pdf,28,19,20,13 | 12 | 14 | 15,13 | 14,4,2,1094,boundary_multiple_tables,"Western Australia.—Persons enumerated in each Statistical District, at the Census of 3rd April, 1911, classified according to Conjugal Condition and Sex | Tasmania.—Persons enumerated in each Municipality at the Census of 3rd April, 1911, classified according to Conjugal Condition and Sex",,,True,True,True,1,,False,
1911_census_volume_iii_part_ix_conjugal_condition,1911 Census - Volume III - Part IX Conjugal Condition.pdf,data\raw\abs_1911_census\1911 Census - Volume III - Part IX Conjugal Condition.pdf,28,20,21,15 | 14 | 16 | 17,14 | 15 | 16,4,3,1095,boundary_multiple_tables,14.—TASMANIA.—PERSONS ENUMERATED IN EACH MUNICIPALITY--continued. | 15.—NORTHERN TERRITORY.—PERSONS ENUMERATED IN EACH COUNTY | 16.—FEDERAL CAPITAL TERRITORY.—PERSONS ENUMERATED IN EACH DIVISION,,,True,True,True,1,,False,
1911_census_volume_iii_part_ix_conjugal_condition,1911 Census - Volume III - Part IX Conjugal Condition.pdf,data\raw\abs_1911_census\1911 Census - Volume III - Part IX Conjugal Condition.pdf,28,27,28,19 | 18,,2,0,,non_table,,,,False,False,False,1,The provided page is blank.,False,
1911_census_volume_iii_part_x_families,1911 Census - Volume III - Part X Families.pdf,data\raw\abs_1911_census\1911 Census - Volume III - Part X Families.pdf,104,3,4,1 | 2 | 3,1 | 2,3,2,1106,boundary_multiple_tables,"Relative Ages of Husbands and Wives in the Commonwealth of Australia, at the Census of 3rd April, 1911 | Relative Religions of Husbands and Wives in the Commonwealth of Australia, at the Census of 3rd April, 1911",,,True,True,True,1,,False,
1911_census_volume_iii_part_x_families,1911 Census - Volume III - Part X Families.pdf,data\raw\abs_1911_census\1911 Census - Volume III - Part X Families.pdf,104,4,5,1 | 2 | 3,1 | 2,3,2,1107,boundary_multiple_tables,"Relative Ages of Husbands and Wives in the Commonwealth of Australia, at the Census of 3rd April, 1911 | Relative Religions of Husbands and Wives in the Commonwealth of Australia, at the Census of 3rd April, 1911",,IN THE COMMONWEALTH OF AUSTRALIA,True,True,True,1,,False,
1911_census_volume_iii_part_x_families,1911 Census - Volume III - Part X Families.pdf,data\raw\abs_1911_census\1911 Census - Volume III - Part X Families.pdf,104,33,34,7 | 6 | 8 | 9,7 | 8,4,2,1136,boundary_multiple_tables,"Ages and Issue of Husbands in the Commonwealth of Australia, at the Census of 3rd April, 1911 | Ages and Issue of Wives in the Commonwealth of Australia, at the Census of 3rd April, 1911",,,True,True,True,1,,False,
1911_census_volume_iii_part_x_families,1911 Census - Volume III - Part X Families.pdf,data\raw\abs_1911_census\1911 Census - Volume III - Part X Families.pdf,104,34,35,7 | 6 | 8 | 9,7 | 8,4,2,1137,boundary_multiple_tables,"Ages and Issue of Husbands in the Commonwealth of Australia, at the Census of 3rd April, 1911 | Ages and Issue of Wives in the Commonwealth of Australia, at the Census of 3rd April, 1911",,COMMONWEALTH OF AUSTRALIA,True,True,True,1,,False,
1911_census_volume_iii_part_x_families,1911 Census - Volume III - Part X Families.pdf,data\raw\abs_1911_census\1911 Census - Volume III - Part X Families.pdf,104,35,36,9 | 8 | 10 | 11,9 | 10,4,2,1138,boundary_multiple_tables,"Religions and Issue of Wives in the Commonwealth of Australia, at the Census of 3rd April, 1911 | Birthplaces and Issue of Wives in the Commonwealth of Australia, at the Census of 3rd April, 1911",,,True,True,True,1,,False,
1911_census_volume_iii_part_x_families,1911 Census - Volume III - Part X Families.pdf,data\raw\abs_1911_census\1911 Census - Volume III - Part X Families.pdf,104,36,37,9 | 8 | 10 | 11,9 | 10,4,2,1139,boundary_multiple_tables,"Religions and Issue of Wives in the Commonwealth of Australia, at the Census of 3rd April, 1911 | Birthplaces and Issue of Wives in the Commonwealth of Australia, at the Census of 3rd April, 1911",,THE COMMONWEALTH OF AUSTRALIA,True,True,True,1,,False,
1911_census_volume_iii_part_x_families,1911 Census - Volume III - Part X Families.pdf,data\raw\abs_1911_census\1911 Census - Volume III - Part X Families.pdf,104,37,38,11 | 10 | 12,10 | 11,3,2,1140,boundary_multiple_tables,10.—BIRTHPLACES AND ISSUE OF WIVES IN | 11.—DURATION OF EXISTING MARRIAGE AND ISSUE,,,True,True,True,1,,False,
1911_census_volume_iii_part_x_families,1911 Census - Volume III - Part X Families.pdf,data\raw\abs_1911_census\1911 Census - Volume III - Part X Families.pdf,104,59,60,17 | 16 | 18,16 | 17,3,2,1162,boundary_multiple_tables,"16.—AVERAGE ISSUE OF WIVES IN THE | 17.—AVERAGE ISSUE OF WIVES IN THE STATES AND At the Census of 3rd April, 1911, Classified",I.—NEW SOUTH WALES,,True,True,True,1,,False,
1911_census_volume_iii_part_x_families,1911 Census - Volume III - Part X Families.pdf,data\raw\abs_1911_census\1911 Census - Volume III - Part X Families.pdf,104,81,82,18 | 17 | 19 | 20,18 | 19,4,2,1184,boundary_multiple_tables,"18.—AVERAGE ISSUE OF WIVES IN At the Census of 3rd April, 1911, Classified (Exclusive of Full- | 19.—AVERAGE ISSUE OF WIVES IN THE STATES AND At the Census of 3rd April, 1911, Classified (Exclusive of Full-",,,True,True,True,1,,False,
1911_census_volume_iii_part_x_families,1911 Census - Volume III - Part X Families.pdf,data\raw\abs_1911_census\1911 Census - Volume III - Part X Families.pdf,104,82,83,18 | 17 | 19 | 20,18 | 19,4,2,1185,boundary_multiple_tables,"Average Issue of Wives in the Commonwealth of Australia, at the Census of 3rd April, 1911, classified according to Duration of Marriage and Age | Average Issue of Wives in the States and Territories of the Commonwealth of Australia, at the Census of 3rd April, 1911, classified according to Duration of Marriage and Age",,"I.-NEW SOUTH WALES, II.-VICTORIA, III.-QUEENSLAND",True,True,True,1,,False,
1911_census_volume_iii_part_x_families,1911 Census - Volume III - Part X Families.pdf,data\raw\abs_1911_census\1911 Census - Volume III - Part X Families.pdf,104,103,104,23 | 22,,2,0,,non_table,,,,False,False,False,1.0,The provided page image is blank.,False,
1911_census_volume_iii_part_xi_life_tables,1911 Census - Volume III - Part XI Life Tables.pdf,data\raw\abs_1911_census\1911 Census - Volume III - Part XI Life Tables.pdf,72,3,4,2 | 1 | 3,1 | 2,3,2,1210,boundary_multiple_tables,"1.—COMMONWEALTH.—MALE LIFE TABLE, 1881-90—continued. | 2.—COMMONWEALTH.—FEMALE LIFE TABLE, 1881-90.",,,True,True,True,1,,False,
1911_census_volume_iii_part_xi_life_tables,1911 Census - Volume III - Part XI Life Tables.pdf,data\raw\abs_1911_census\1911 Census - Volume III - Part XI Life Tables.pdf,72,5,6,3 | 2 | 4,2 | 3,3,2,1212,boundary_multiple_tables,"2.—COMMONWEALTH.—FEMALE LIFE TABLE, 1881-90.—continued. | 3.—COMMONWEALTH.—MALE LIFE TABLE, 1891-1900.",,,True,True,True,1,,False,
1911_census_volume_iii_part_xi_life_tables,1911 Census - Volume III - Part XI Life Tables.pdf,data\raw\abs_1911_census\1911 Census - Volume III - Part XI Life Tables.pdf,72,8,9,5 | 4 | 6,4 | 5,3,2,1215,boundary_multiple_tables,"Commonwealth.—Female Life Table, 1891–1900—continued. | Commonwealth.—Male Life Table, 1901–1910",,,True,True,True,1,,False,
1911_census_volume_iii_part_xi_life_tables,1911 Census - Volume III - Part XI Life Tables.pdf,data\raw\abs_1911_census\1911 Census - Volume III - Part XI Life Tables.pdf,72,10,11,6 | 5 | 7,5 | 6,3,2,1217,boundary_multiple_tables,"Commonwealth.—Male Life Table, 1901–1910 | Commonwealth.—Female Life Table, 1901–1910",,,True,True,True,1,,False,
1911_census_volume_iii_part_xi_life_tables,1911 Census - Volume III - Part XI Life Tables.pdf,data\raw\abs_1911_census\1911 Census - Volume III - Part XI Life Tables.pdf,72,13,14,8 | 7 | 9,7 | 8,3,2,1220,boundary_multiple_tables,"New South Wales.—Male Life Table, 1881–90—continued. | New South Wales.—Female Life Table, 1881–90.",,,True,True,True,1,,False,
1911_census_volume_iii_part_xi_life_tables,1911 Census - Volume III - Part XI Life Tables.pdf,data\raw\abs_1911_census\1911 Census - Volume III - Part XI Life Tables.pdf,72,15,16,9 | 8 | 10,8 | 9,3,2,1222,boundary_multiple_tables,"New South Wales.—Female Life Table, 1881–1890 | New South Wales.—Male Life Table, 1891–1900",,,True,True,True,1,,False,
1911_census_volume_iii_part_xi_life_tables,1911 Census - Volume III - Part XI Life Tables.pdf,data\raw\abs_1911_census\1911 Census - Volume III - Part XI Life Tables.pdf,72,18,19,11 | 10 | 12,10 | 11,3,2,1225,boundary_multiple_tables,"New South Wales.—Female Life Table, 1891–1900 | New South Wales.—Male Life Table, 1901–1910",,,True,True,True,1,,False,
1911_census_volume_iii_part_xi_life_tables,1911 Census - Volume III - Part XI Life Tables.pdf,data\raw\abs_1911_census\1911 Census - Volume III - Part XI Life Tables.pdf,72,20,21,12 | 11 | 13,11 | 12,3,2,1227,boundary_multiple_tables,"11.—NEW SOUTH WALES.—MALE LIFE TABLE, 1901-10—continued. | 12.—NEW SOUTH WALES.—FEMALE LIFE TABLE, 1901-10.",,,True,True,True,1,,False,
1911_census_volume_iii_part_xi_life_tables,1911 Census - Volume III - Part XI Life Tables.pdf,data\raw\abs_1911_census\1911 Census - Volume III - Part XI Life Tables.pdf,72,23,24,14 | 13 | 15,13 | 14,3,2,1230,boundary_multiple_tables,"Victoria.—Male Life Table, 1881–1890 | Victoria.—Female Life Table, 1881–1890",,,True,True,True,1,,False,
1911_census_volume_iii_part_xi_life_tables,1911 Census - Volume III - Part XI Life Tables.pdf,data\raw\abs_1911_census\1911 Census - Volume III - Part XI Life Tables.pdf,72,25,26,15 | 14 | 16,14 | 15,3,2,1232,boundary_multiple_tables,"14.—VICTORIA.—FEMALE LIFE TABLE, 1881-90—continued. | 15.—VICTORIA.—MALE LIFE TABLE, 1891-1900.",,,True,True,True,1,,False,
1911_census_volume_iii_part_xi_life_tables,1911 Census - Volume III - Part XI Life Tables.pdf,data\raw\abs_1911_census\1911 Census - Volume III - Part XI Life Tables.pdf,72,28,29,17 | 16 | 18,16 | 17,3,2,1235,boundary_multiple_tables,"16.—VICTORIA.—FEMALE LIFE TABLE, 1891–1900—continued. | 17.—VICTORIA.—MALE LIFE TABLE, 1900–10.",,,True,True,True,1,,False,
1911_census_volume_iii_part_xi_life_tables,1911 Census - Volume III - Part XI Life Tables.pdf,data\raw\abs_1911_census\1911 Census - Volume III - Part XI Life Tables.pdf,72,33,34,20 | 19 | 21,19 | 20,3,2,1240,boundary_multiple_tables,"19.—QUEENSLAND.—MALE LIFE TABLE, 1881-90—continued. | 20.—QUEENSLAND.—FEMALE LIFE TABLE, 1881-90.",,,True,True,True,1,,False,
1911_census_volume_iii_part_xi_life_tables,1911 Census - Volume III - Part XI Life Tables.pdf,data\raw\abs_1911_census\1911 Census - Volume III - Part XI Life Tables.pdf,72,35,36,21 | 20 | 22,20 | 21,3,2,1242,boundary_multiple_tables,"20.—QUEENSLAND.—FEMALE LIFE TABLE, 1881-90—continued. | 21.—QUEENSLAND.—MALE LIFE TABLE, 1891-1900.",,,True,True,True,1,,False,
1911_census_volume_iii_part_xi_life_tables,1911 Census - Volume III - Part XI Life Tables.pdf,data\raw\abs_1911_census\1911 Census - Volume III - Part XI Life Tables.pdf,72,38,39,23 | 22 | 24,22 | 23,3,2,1245,boundary_multiple_tables,"22.—QUEENSLAND.—FEMALE LIFE TABLE, 1891-1900—continued. | 23.—QUEENSLAND.—MALE LIFE TABLE, 1901-10.",,,True,True,True,1,,False,
1911_census_volume_iii_part_xi_life_tables,1911 Census - Volume III - Part XI Life Tables.pdf,data\raw\abs_1911_census\1911 Census - Volume III - Part XI Life Tables.pdf,72,40,41,24 | 23 | 25,23 | 24,3,2,1247,boundary_multiple_tables,"Queensland.—Male Life Table, 1901–10—continued. | Queensland.—Female Life Table, 1901–1910.",,,True,True,True,1,,False,
1911_census_volume_iii_part_xi_life_tables,1911 Census - Volume III - Part XI Life Tables.pdf,data\raw\abs_1911_census\1911 Census - Volume III - Part XI Life Tables.pdf,72,43,44,26 | 25 | 27,25 | 26,3,2,1250,boundary_multiple_tables,"South Australia.—Male Life Table, 1881–1890—continued. | South Australia.—Female Life Table, 1881–90.",,,True,True,True,1,,False,
1911_census_volume_iii_part_xi_life_tables,1911 Census - Volume III - Part XI Life Tables.pdf,data\raw\abs_1911_census\1911 Census - Volume III - Part XI Life Tables.pdf,72,45,46,27 | 26 | 28,27,3,1,1252,boundary_multiple_tables,"South Australia.—Male Life Table, 1891–1900",,,True,True,True,1,,False,
1911_census_volume_iii_part_xi_life_tables,1911 Census - Volume III - Part XI Life Tables.pdf,data\raw\abs_1911_census\1911 Census - Volume III - Part XI Life Tables.pdf,72,48,49,29 | 28 | 30,28 | 29,3,2,1255,boundary_multiple_tables,"South Australia.—Female Life Table, 1891–1900 | South Australia.—Male Life Table, 1901–1910",,,True,True,True,1,,False,
1911_census_volume_iii_part_xi_life_tables,1911 Census - Volume III - Part XI Life Tables.pdf,data\raw\abs_1911_census\1911 Census - Volume III - Part XI Life Tables.pdf,72,50,51,30 | 29 | 31,29 | 30,3,2,1257,boundary_multiple_tables,"29.—SOUTH AUSTRALIA.—MALE LIFE TABLE, 1901–10—continued. | 30.—SOUTH AUSTRALIA.—FEMALE LIFE TABLE, 1901–10.",,,True,True,True,1,,False,
1911_census_volume_iii_part_xi_life_tables,1911 Census - Volume III - Part XI Life Tables.pdf,data\raw\abs_1911_census\1911 Census - Volume III - Part XI Life Tables.pdf,72,53,54,32 | 31 | 33,31 | 32,3,2,1260,boundary_multiple_tables,"Western Australia.—Male Life Table, 1881–90—continued. | Western Australia.—Female Life Table, 1881–90,",,,True,True,True,1,,False,
1911_census_volume_iii_part_xi_life_tables,1911 Census - Volume III - Part XI Life Tables.pdf,data\raw\abs_1911_census\1911 Census - Volume III - Part XI Life Tables.pdf,72,58,59,35 | 34 | 36,34 | 35,3,2,1265,boundary_multiple_tables,"34.—WESTERN AUSTRALIA.—FEMALE LIFE TABLE, 1891-1900—continued. | 35.—WESTERN AUSTRALIA.—MALE LIFE TABLE, 1901-10.",,,True,True,True,1,,False,
1911_census_volume_iii_part_xi_life_tables,1911 Census - Volume III - Part XI Life Tables.pdf,data\raw\abs_1911_census\1911 Census - Volume III - Part XI Life Tables.pdf,72,60,61,36 | 35 | 37,35 | 36,3,2,1267,boundary_multiple_tables,"35.—WESTERN AUSTRALIA.—MALE LIFE TABLE, 1901-10—continued. | 36.—WESTERN AUSTRALIA.—FEMALE LIFE TABLE, 1901-10.",,,True,True,True,1,,False,
1911_census_volume_iii_part_xi_life_tables,1911 Census - Volume III - Part XI Life Tables.pdf,data\raw\abs_1911_census\1911 Census - Volume III - Part XI Life Tables.pdf,72,63,64,38 | 37 | 39,37 | 38,3,2,1270,boundary_multiple_tables,"37.—TASMANIA.—MALE LIFE TABLE, 1881-90—continued. | 38.—TASMANIA.—FEMALE LIFE TABLE, 1881-90.",,,True,True,True,1,,False,
1911_census_volume_iii_part_xi_life_tables,1911 Census - Volume III - Part XI Life Tables.pdf,data\raw\abs_1911_census\1911 Census - Volume III - Part XI Life Tables.pdf,72,65,66,39 | 38 | 40,38 | 39,3,2,1272,boundary_multiple_tables,"38.—TASMANIA.—FEMALE LIFE TABLE, 1881-90—continued. | 39.—TASMANIA.—MALE LIFE TABLE, 1891-1900.",,,True,True,True,1,,False,
1911_census_volume_iii_part_xi_life_tables,1911 Census - Volume III - Part XI Life Tables.pdf,data\raw\abs_1911_census\1911 Census - Volume III - Part XI Life Tables.pdf,72,68,69,41 | 40 | 42,40 | 41,3,2,1275,boundary_multiple_tables,"Tasmania.—Female Life Table, 1891–1900 | Tasmania.—Male Life Table, 1901–1910",,,True,True,True,1,,False,
1911_census_volume_iii_part_xi_life_tables,1911 Census - Volume III - Part XI Life Tables.pdf,data\raw\abs_1911_census\1911 Census - Volume III - Part XI Life Tables.pdf,72,70,71,42 | 41,41 | 42,2,2,1277,boundary_multiple_tables,"41.—TASMANIA.—MALE LIFE TABLE, 1901-10—continued. | 42.—TASMANIA.—FEMALE LIFE TABLE, 1901-10.",,,True,True,True,1,,False,
1911_census_volume_iii_part_xii_occupations,1911 Census - Volume III - Part XII Occupations.pdf,data\raw\abs_1911_census\1911 Census - Volume III - Part XII Occupations.pdf,570,311,312,28 | 27 | 29,27 | 28,3,2,1590,boundary_multiple_tables,27.—FEMALE POPULATION OF THE | 28.—MALE POPULATION OF THE,,,True,True,True,1,,False,
1911_census_volume_iii_part_xii_occupations,1911 Census - Volume III - Part XII Occupations.pdf,data\raw\abs_1911_census\1911 Census - Volume III - Part XII Occupations.pdf,570,362,363,35 | 34 | 36,,3,0,1641,non_table,,,THE NORTHERN TERRITORY,False,False,True,0.9,"The page contains a table body, but it appears to be a continuation of a table not listed in the provided candidate list (likely a sub-table for Northern Territory Aboriginals not explicitly indexed as 34 or 35).",False,
1911_census_volume_iii_part_xii_occupations,1911 Census - Volume III - Part XII Occupations.pdf,data\raw\abs_1911_census\1911 Census - Volume III - Part XII Occupations.pdf,570,368,369,37 | 36 | 38,,3,0,1647,non_table,,,FEDERAL CAPITAL TERRITORY,False,True,True,0.9,"The page content appears to be a continuation of Table 37, but the provided candidate list indicates Table 37 ends on page 368 (PDF page 369). The visual content matches the structure of Table 37, but it is not explicitly listed as a candidate for this page.",False,
1911_census_volume_iii_part_xii_occupations,1911 Census - Volume III - Part XII Occupations.pdf,data\raw\abs_1911_census\1911 Census - Volume III - Part XII Occupations.pdf,570,410,411,51 | 50 | 52,,3,0,1689,non_table,,,MELBOURNE AND SUBURBS according to Occupation and Age (excluding full-blooded Aboriginals).,False,False,True,0.9,"The page contains a table, but it does not match the provided candidate table numbers (50, 51, 52). The table on this page appears to be a continuation of a table for Melbourne and Suburbs excluding full-blooded Aboriginals, which is not listed in the candidates.",False,
1911_census_volume_iii_part_xii_occupations,1911 Census - Volume III - Part XII Occupations.pdf,data\raw\abs_1911_census\1911 Census - Volume III - Part XII Occupations.pdf,570,422,423,57 | 56 | 58,,3,0,1701,non_table,,,,False,False,True,0.9,"The page contains a table, but it appears to be a continuation of a table not listed in the candidate list (likely related to the previous page's content, possibly Table 57 or a similar demographic breakdown for Adelaide). The provided candidate tables do not match the content shown.",False,
1911_census_volume_iii_part_xii_occupations,1911 Census - Volume III - Part XII Occupations.pdf,data\raw\abs_1911_census\1911 Census - Volume III - Part XII Occupations.pdf,570,428,429,60 | 59 | 61,,3,0,1707,non_table,"PERTH AND SUBURBS, according to Occupation and Age blooded Aboriginals",,,False,True,True,0.9,"The page contains a table for 'blooded Aboriginals' in Perth and Suburbs, which does not match any of the provided candidate table numbers (59, 60, 61).",False,
1911_census_volume_iii_part_xii_occupations,1911 Census - Volume III - Part XII Occupations.pdf,data\raw\abs_1911_census\1911 Census - Volume III - Part XII Occupations.pdf,570,430,431,61 | 60 | 62,,3,0,1709,non_table,,,PERTH AND SUBURBS,False,True,True,0.9,"The page contains a table for Perth and Suburbs, but it does not match the provided candidate table numbers (60, 61, 62) which are for different specific classifications or geographies.",False,
1911_census_volume_iii_part_xii_occupations,1911 Census - Volume III - Part XII Occupations.pdf,data\raw\abs_1911_census\1911 Census - Volume III - Part XII Occupations.pdf,570,434,435,63 | 62 | 64,,3,0,1713,non_table,,,HOBART AND SUBURBS according to Occupation and Age (excluding full-blooded Aboriginals),False,False,True,0.9,"The page contains a table, but it is not one of the candidate tables provided (62, 63, 64). The table on this page appears to be a continuation of a table for Hobart and Suburbs excluding full-blooded Aboriginals, which does not match the provided candidate list.",False,
1911_census_volume_iii_part_xii_occupations,1911 Census - Volume III - Part XII Occupations.pdf,data\raw\abs_1911_census\1911 Census - Volume III - Part XII Occupations.pdf,570,436,437,64 | 63 | 65,,3,0,1715,non_table,,,,False,False,True,0.9,"The page contains a table body, but it appears to be a continuation of Table 64 (Hobart and Suburbs) which was listed as ending on page 436. The content on this page is for Hobart and Suburbs, Females, classified by Occupation and Grade, which is not explicitly listed as a candidate table for this page.",False,
1911_census_volume_iii_part_xii_occupations,1911 Census - Volume III - Part XII Occupations.pdf,data\raw\abs_1911_census\1911 Census - Volume III - Part XII Occupations.pdf,570,540,541,74 | 73 | 75 | 76,74 | 75,4,2,1819,boundary_multiple_tables,74. GRADES OF OCCUPATION IN COUNTIES WITHIN THE STATE OF VICTORIA | 75. GRADES OF OCCUPATION IN CENSUS DISTRICTS WITHIN THE STATE OF QUEENSLAND,,,True,True,True,1,,False,
1911_census_volume_iii_part_xii_occupations,1911 Census - Volume III - Part XII Occupations.pdf,data\raw\abs_1911_census\1911 Census - Volume III - Part XII Occupations.pdf,570,541,542,76 | 75 | 77,75 | 76,3,2,1820,boundary_multiple_tables,75.—GRADES OF OCCUPATION IN CENSUS DISTRICTS WITHIN THE STATE OF QUEENSLAND—continued. | 76.—GRADES OF OCCUPATION IN COUNTIES WITHIN THE STATE OF SOUTH AUSTRALIA,,,True,True,True,1,,False,
1911_census_volume_iii_part_xii_occupations,1911 Census - Volume III - Part XII Occupations.pdf,data\raw\abs_1911_census\1911 Census - Volume III - Part XII Occupations.pdf,570,542,543,77 | 76 | 78,76 | 77,3,2,1821,boundary_multiple_tables,76.—GRADES OF OCCUPATION IN COUNTIES WITHIN THE STATE OF SOUTH AUSTRALIA—cont. | 77.—GRADES OF OCCUPATION IN STATISTICAL DISTRICTS WITHIN THE STATE OF WESTERN AUSTRALIA,,,True,True,True,1,,False,
1911_census_volume_iii_part_xii_occupations,1911 Census - Volume III - Part XII Occupations.pdf,data\raw\abs_1911_census\1911 Census - Volume III - Part XII Occupations.pdf,570,543,544,78 | 77 | 79,77 | 78,3,2,1822,boundary_multiple_tables,77.—GRADES OF OCCUPATION IN STATISTICAL DISTRICTS WITHIN THE STATE OF WESTERN AUSTRALIA—continued. | 78.—GRADES OF OCCUPATION IN LOCAL GOVERNMENT AREAS (MUNICIPALITIES) WITHIN THE STATE OF TASMANIA,,,True,True,True,1,,False,
1911_census_volume_iii_part_xii_occupations,1911 Census - Volume III - Part XII Occupations.pdf,data\raw\abs_1911_census\1911 Census - Volume III - Part XII Occupations.pdf,570,544,545,79 | 78 | 80 | 81,79 | 80,4,2,1823,boundary_multiple_tables,79. GRADES OF OCCUPATION IN COUNTIES WITHIN THE NORTHERN TERRITORY | 80. GRADES OF OCCUPATION WITHIN THE FEDERAL CAPITAL TERRITORY,,,True,True,True,1,,False,
1911_census_volume_iii_part_xii_occupations,1911 Census - Volume III - Part XII Occupations.pdf,data\raw\abs_1911_census\1911 Census - Volume III - Part XII Occupations.pdf,570,553,554,84 | 83 | 85,84,3,1,1832,boundary_multiple_tables,"Unemployed Persons in the State of Queensland, at the Census of 3rd April, 1911, classified according to Occupation and Period of Unemployment",,,True,True,True,1,"The page contains the end of table 83 and the start of table 84. Table 83 is not a candidate table for this page index, but it is present.",False,
1911_census_volume_iii_part_xii_occupations,1911 Census - Volume III - Part XII Occupations.pdf,data\raw\abs_1911_census\1911 Census - Volume III - Part XII Occupations.pdf,570,565,566,89 | 88 | 90 | 91,89 | 90,4,2,1844,boundary_multiple_tables,89.—UNEMPLOYED MALES IN THE COMMONWEALTH OF AUSTRALIA | 90.—UNEMPLOYED MALES IN THE STATES AND TERRITORIES OF THE COMMONWEALTH OF AUSTRALIA,,,True,True,True,1,,False,
1911_census_volume_iii_part_xii_occupations,1911 Census - Volume III - Part XII Occupations.pdf,data\raw\abs_1911_census\1911 Census - Volume III - Part XII Occupations.pdf,570,567,568,91 | 90 | 92,90 | 91,3,2,1846,boundary_multiple_tables,90.—UNEMPLOYED MALES IN THE STATES AND TERRITORIES—continued. | 91.—UNEMPLOYED FEMALES IN THE COMMONWEALTH OF AUSTRALIA,,,True,True,True,1,,False,
1911_census_volume_iii_part_xiii_dwellings,1911 Census - Volume III - Part XIII Dwellings.pdf,data\raw\abs_1911_census\1911 Census - Volume III - Part XIII Dwellings.pdf,200,4,5,1 | 2 | 3,1 | 2,3,2,1853,boundary_multiple_tables,"Dwellings Occupied, Unoccupied and Being Built in the several States and Territories of the Commonwealth of Australia, at the Census of 3rd April, 1911 | Metropolitan and Extra-Metropolitan Area, Population, Density, etc., in the several States and Territories of the Commonwealth of Australia, at the Census of 3rd April, 1911",,,True,True,True,1,,False,
1911_census_volume_iii_part_xiii_dwellings,1911 Census - Volume III - Part XIII Dwellings.pdf,data\raw\abs_1911_census\1911 Census - Volume III - Part XIII Dwellings.pdf,200,5,6,3 | 2 | 4 | 5,3 | 4,4,2,1854,boundary_multiple_tables,"Occupied Dwellings in the several States and Territories of the Commonwealth of Australia, at the Census of 3rd April, 1911, classified according to Nature of Dwelling | Occupied Dwellings in the several States and Territories of the Commonwealth of Australia, at the Census of 3rd April, 1911, classified according to Number of Rooms",,,True,True,True,1,,False,
1911_census_volume_iii_part_xiii_dwellings,1911 Census - Volume III - Part XIII Dwellings.pdf,data\raw\abs_1911_census\1911 Census - Volume III - Part XIII Dwellings.pdf,200,13,14,9 | 8 | 10,8 | 9,3,2,1862,boundary_multiple_tables,"Inmates of Dwellings (classified according to Number of Rooms) in the several States and Territories of the Commonwealth of Australia, at the Census of 3rd April, 1911 | Inmates of Dwellings (classified according to Materials of which outer walls were built) in the several States and Territories of the Commonwealth of Australia, at the Census of 3rd April, 1911",,,True,True,True,1,,False,
1911_census_volume_iii_part_xiii_dwellings,1911 Census - Volume III - Part XIII Dwellings.pdf,data\raw\abs_1911_census\1911 Census - Volume III - Part XIII Dwellings.pdf,200,15,16,10 | 9 | 11 | 12,10 | 11,4,2,1864,boundary_multiple_tables,"10.—OCCUPIED DWELLINGS IN THE Commonwealth of Australia, at the Census of 3rd April, 1911, classified according to Nature of Dwelling and Number of Rooms | 11.—OCCUPIED DWELLINGS IN THE several States and Territories of the Commonwealth of Australia, at the Census of 3rd April, 1911, classified according to Nature of Dwelling and Number of Rooms",I.—NEW SOUTH WALES.,,True,True,True,1,,False,
1911_census_volume_iii_part_xiii_dwellings,1911 Census - Volume III - Part XIII Dwellings.pdf,data\raw\abs_1911_census\1911 Census - Volume III - Part XIII Dwellings.pdf,200,16,17,10 | 9 | 11 | 12,10 | 11,4,2,1865,boundary_multiple_tables,"Occupied Dwellings in the Commonwealth of Australia, at the Census of 3rd April, 1911, classified according to Nature of Dwelling and Number of Rooms | Occupied Dwellings in the several States and Territories of the Commonwealth of Australia, at the Census of 3rd April, 1911, classified according to Nature of Dwelling and Number of Rooms",,COMMONWEALTH OF AUSTRALIA; TERRITORIES OF THE COMMONWEALTH OF AUSTRALIA,True,True,True,1,,False,
1911_census_volume_iii_part_xiii_dwellings,1911 Census - Volume III - Part XIII Dwellings.pdf,data\raw\abs_1911_census\1911 Census - Volume III - Part XIII Dwellings.pdf,200,33,34,18 | 17 | 19 | 20,18 | 19,4,2,1882,boundary_multiple_tables,"Occupied Dwellings in the State of Tasmania, at the Census of 3rd April, 1911, classified according to Materials of which outer walls were built and Number of Rooms | Occupied Dwellings in the Northern Territory, at the Census of 3rd April, 1911, classified according to Materials of which outer walls were built and Number of Rooms",,,True,True,True,1,,False,
1911_census_volume_iii_part_xiii_dwellings,1911 Census - Volume III - Part XIII Dwellings.pdf,data\raw\abs_1911_census\1911 Census - Volume III - Part XIII Dwellings.pdf,200,34,35,18 | 17 | 19 | 20,18 | 19,4,2,1883,boundary_multiple_tables,"Occupied Dwellings in the State of Tasmania, at the Census of 3rd April, 1911, classified according to Materials of which outer walls were built and Number of Rooms | Occupied Dwellings in the Northern Territory, at the Census of 3rd April, 1911, classified according to Materials of which outer walls were built and Number of Rooms",,,True,True,True,1,,False,
1911_census_volume_iii_part_xiii_dwellings,1911 Census - Volume III - Part XIII Dwellings.pdf,data\raw\abs_1911_census\1911 Census - Volume III - Part XIII Dwellings.pdf,200,35,36,20 | 19 | 21,19 | 20,3,2,1884,boundary_multiple_tables,"19.—OCCUPIED DWELLINGS IN THE | 20.—OCCUPIED DWELLINGS IN At the Census of 3rd April, 1911, classified according to Materials (Exclusive of Dwellings occupied solely",,,True,True,True,1,,False,
1911_census_volume_iii_part_xiii_dwellings,1911 Census - Volume III - Part XIII Dwellings.pdf,data\raw\abs_1911_census\1911 Census - Volume III - Part XIII Dwellings.pdf,200,49,50,27 | 26 | 28 | 29,27 | 28,4,2,1898,boundary_multiple_tables,27.—OCCUPIED DWELLINGS IN | 28.—OCCUPIED DWELLINGS IN,,,True,True,True,1,,False,
1911_census_volume_iii_part_xiii_dwellings,1911 Census - Volume III - Part XIII Dwellings.pdf,data\raw\abs_1911_census\1911 Census - Volume III - Part XIII Dwellings.pdf,200,50,51,27 | 26 | 28 | 29,27 | 28,4,2,1899,boundary_multiple_tables,"Occupied Dwellings in the State of Tasmania, at the Census of 3rd April, 1911, classified according to Materials of which outer walls were built and Number of Inmates | Occupied Dwellings in the Northern Territory, at the Census of 3rd April, 1911, classified according to Materials of which outer walls were built and Number of Inmates",,,True,True,True,1,,False,
1911_census_volume_iii_part_xiii_dwellings,1911 Census - Volume III - Part XIII Dwellings.pdf,data\raw\abs_1911_census\1911 Census - Volume III - Part XIII Dwellings.pdf,200,51,52,29 | 28 | 30,28 | 29,3,2,1900,boundary_multiple_tables,"28.—OCCUPIED DWELLINGS IN THE | 29.—OCCUPIED DWELLINGS IN At the Census of 3rd April, 1911, Classified according to Materials (Exclusive of Dwellings occupied",,,True,True,True,1,,False,
1911_census_volume_iii_part_xiii_dwellings,1911 Census - Volume III - Part XIII Dwellings.pdf,data\raw\abs_1911_census\1911 Census - Volume III - Part XIII Dwellings.pdf,200,56,57,31 | 30 | 32,,3,0,1905,non_table,,STATE OF NEW SOUTH WALES to Number of Rooms and Number of Inmates solely by Full-blooded Aboriginals.,,False,True,True,0.9,"The page contains a table regarding Aboriginals in New South Wales, which is not listed in the provided candidate table numbers.",False,
1911_census_volume_iii_part_xiii_dwellings,1911 Census - Volume III - Part XIII Dwellings.pdf,data\raw\abs_1911_census\1911 Census - Volume III - Part XIII Dwellings.pdf,200,99,100,46 | 45 | 47 | 48,46 | 47,4,2,1948,boundary_multiple_tables,"46.—OCCUPIED DWELLINGS IN THE NORTHERN TERRITORY, AT THE CENSUS OF 3RD APRIL, 1911, CLASSIFIED ACCORDING TO WEEKLY RENTAL VALUE AND NUMBER OF ROOMS | 47.—OCCUPIED DWELLINGS IN THE FEDERAL TERRITORY, AT THE CENSUS OF 3RD APRIL, 1911, CLASSIFIED ACCORDING TO WEEKLY RENTAL VALUE AND NUMBER OF ROOMS",,,True,True,True,1,,False,
1911_census_volume_iii_part_xiii_dwellings,1911 Census - Volume III - Part XIII Dwellings.pdf,data\raw\abs_1911_census\1911 Census - Volume III - Part XIII Dwellings.pdf,200,100,101,46 | 45 | 47 | 48,46 | 47,4,2,1949,boundary_multiple_tables,"Occupied Dwellings in the Northern Territory, at the Census of 3rd April, 1911, classified according to Weekly Rental Value and Number of Rooms | Occupied Dwellings in the Federal Territory, at the Census of 3rd April, 1911, classified according to Weekly Rental Value and Number of Rooms",,,True,True,True,1,,False,
1911_census_volume_iii_part_xiii_dwellings,1911 Census - Volume III - Part XIII Dwellings.pdf,data\raw\abs_1911_census\1911 Census - Volume III - Part XIII Dwellings.pdf,200,113,114,50 | 49 | 51 | 52,50 | 51,4,2,114,boundary_multiple_tables,"Dwellings, Occupied, Unoccupied and Being Built in the Metropolitan Areas of the several States of the Commonwealth of Australia, at the Census of 3rd April, 1911 | Occupied Dwellings in the Metropolitan Areas of the several States of the Commonwealth of Australia, at the Census of 3rd April, 1911, classified according to Nature of Dwelling",,,True,True,True,1,,False,
1911_census_volume_iii_part_xiii_dwellings,1911 Census - Volume III - Part XIII Dwellings.pdf,data\raw\abs_1911_census\1911 Census - Volume III - Part XIII Dwellings.pdf,200,123,124,57 | 56 | 58,56 | 57,3,2,1972,boundary_multiple_tables,"Occupied Private Dwellings in the Metropolitan Areas of the several States of the Commonwealth of Australia, at the Census of 3rd April, 1911, classified according to Weekly Rental Value and Method of Occupancy | Inmates of Dwellings (classified according to Number of Rooms) in the Metropolitan Areas of the several States of the Commonwealth of Australia, at the Census of 3rd April, 1911",,,True,True,True,1,,False,
1911_census_volume_iii_part_xiii_dwellings,1911 Census - Volume III - Part XIII Dwellings.pdf,data\raw\abs_1911_census\1911 Census - Volume III - Part XIII Dwellings.pdf,200,124,125,58 | 57 | 59,57 | 58,3,2,1973,boundary_multiple_tables,"Inmates of Dwellings (classified according to Number of Rooms) in the Metropolitan Areas of the several States of the Commonwealth of Australia, at the Census of 3rd April, 1911 | Inmates of Dwellings (classified according to Materials of which outer walls were built) in the Metropolitan Areas of the several States of the Commonwealth of Australia, at the Census of 3rd April, 1911",,,True,True,True,1,,False,
1911_census_volume_iii_part_xiii_dwellings,1911 Census - Volume III - Part XIII Dwellings.pdf,data\raw\abs_1911_census\1911 Census - Volume III - Part XIII Dwellings.pdf,200,125,126,59 | 58 | 60 | 61 | 62,59 | 60 | 61,5,3,1974,boundary_multiple_tables,"Average Number of Inmates per Occupied Private Dwelling (classified according to Number of Rooms) in the several States and Territories of the Commonwealth of Australia, at the Census of 3rd April, 1911 | Average Number of Inmates per Room in Occupied Private Dwellings (classified according to Number of Rooms) in the several States and Territories of the Commonwealth of Australia, at the Census of 3rd April, 1911 | Average Weekly Rental Value of Occupied Private Dwellings (classified according to Number of Rooms) in the several States and Territories of the Commonwealth of Australia, at the Census of 3rd April, 1911",,,True,True,True,1,,False,
1911_census_volume_iii_part_xiii_dwellings,1911 Census - Volume III - Part XIII Dwellings.pdf,data\raw\abs_1911_census\1911 Census - Volume III - Part XIII Dwellings.pdf,200,126,127,59 | 58 | 60 | 61 | 62,60 | 61 | 62,5,3,1975,boundary_multiple_tables,"Average Number of Inmates per Room in Occupied Private Dwellings (classified according to Number of Rooms) in the several States and Territories of the Commonwealth of Australia, at the Census of 3rd April, 1911 | Average Weekly Rental Value of Occupied Private Dwellings (classified according to Number of Rooms) in the several States and Territories of the Commonwealth of Australia, at the Census of 3rd April, 1911 | Average Weekly Rental Value per Room in Occupied Private Dwellings (classified according to Number of Rooms) in the several States and Territories of the Commonwealth of Australia, at the Census of 3rd April, 1911",,,True,True,True,1,,False,
1911_census_volume_iii_part_xiii_dwellings,1911 Census - Volume III - Part XIII Dwellings.pdf,data\raw\abs_1911_census\1911 Census - Volume III - Part XIII Dwellings.pdf,200,127,128,62 | 61 | 63 | 64,62 | 63,4,2,1976,boundary_multiple_tables,62—AVERAGE WEEKLY RENTAL VALUE PER ROOM IN OCCUPIED PRIVATE DWELLINGS | 63.—AVERAGE WEEKLY RENTAL VALUE PER INMATE IN OCCUPIED PRIVATE,,,True,True,True,1,,False,
1911_census_volume_iii_part_xiii_dwellings,1911 Census - Volume III - Part XIII Dwellings.pdf,data\raw\abs_1911_census\1911 Census - Volume III - Part XIII Dwellings.pdf,200,128,129,62 | 61 | 63 | 64,62 | 63,4,2,1977,boundary_multiple_tables,"Average Weekly Rental Value per Room in Occupied Private Dwellings (classified according to Number of Rooms) in the several States and Territories of the Commonwealth of Australia, at the Census of 3rd April, 1911 | Average Weekly Rental Value per Inmate in Occupied Private Dwellings (classified according to Number of Rooms) in the several States and Territories of the Commonwealth of Australia, at the Census of 3rd April, 1911",,,True,True,True,1,,False,
1911_census_volume_iii_part_xiii_dwellings,1911 Census - Volume III - Part XIII Dwellings.pdf,data\raw\abs_1911_census\1911 Census - Volume III - Part XIII Dwellings.pdf,200,177,178,67 | 66 | 68,66 | 67,3,2,2026,boundary_multiple_tables,"Average Weekly Rental Value of Private Dwellings in each County, etc., of the several States and Territories of the Commonwealth of Australia, at the Census of 3rd April, 1911, classified according to Number of Rooms | Area, Population, Density, Occupied Dwellings and Rental Values in each County, etc., of the several States and Territories of the Commonwealth of Australia, at the Census of 3rd April, 1911",,I.—NEW SOUTH WALES,True,True,True,1,,False,
1911_census_volume_iii_part_xiii_dwellings,1911 Census - Volume III - Part XIII Dwellings.pdf,data\raw\abs_1911_census\1911 Census - Volume III - Part XIII Dwellings.pdf,200,185,186,68 | 67,,2,0,2034,continues,"Area, Population, Density, Occupied Dwellings, etc., in each Local Government Area of the several States of the Commonwealth of Australia, at the Census of 3rd April, 1911",I.—NEW SOUTH WALES—continued.,SHIRES,False,True,True,0.9,"The page header indicates Table 69, but the candidate list provided only includes Table 68 as the final table. The content matches the topic of Table 68.",False,
1911_census_volume_iii_part_xiii_dwellings,1911 Census - Volume III - Part XIII Dwellings.pdf,data\raw\abs_1911_census\1911 Census - Volume III - Part XIII Dwellings.pdf,200,199,200,68 | 67,,2,0,,non_table,,,,False,False,False,1,The provided page is blank.,False,
1911_census_volume_iii_part_xiv_summary,1911 Census - Volume III - Part XIV Summary.pdf,data\raw\abs_1911_census\1911 Census - Volume III - Part XIV Summary.pdf,244,5,6,1 | 2 | 3 | 4,1 | 2 | 3,4,3,2054,boundary_multiple_tables,"Population of States and Territories | Full-blooded Aboriginals enumerated in States and Territories | Comparison of Population, 1881, 1891, 1901 and 1911",,INTRODUCTORY SECTION.—POPULATION.,True,True,True,1,,False,
1911_census_volume_iii_part_xiv_summary,1911 Census - Volume III - Part XIV Summary.pdf,data\raw\abs_1911_census\1911 Census - Volume III - Part XIV Summary.pdf,244,6,7,4 | 3 | 5,3 | 4,3,2,2055,boundary_multiple_tables,"Comparison of Population, 1881, 1891, 1901 and 1911 | Increase of Population, 1881-1891, 1891-1901, and 1901-1911",,,True,True,True,1,,False,
1911_census_volume_iii_part_xiv_summary,1911 Census - Volume III - Part XIV Summary.pdf,data\raw\abs_1911_census\1911 Census - Volume III - Part XIV Summary.pdf,244,7,8,5 | 4 | 6,4 | 5,3,2,2056,boundary_multiple_tables,"4.—INCREASE OF POPULATION IN THE SEVERAL STATES AND TERRITORIES—continued. | 5.—ADJUSTED POPULATION OF THE SEVERAL STATES AND THE NORTHERN TERRITORY,",,,True,True,True,1,,False,
1911_census_volume_iii_part_xiv_summary,1911 Census - Volume III - Part XIV Summary.pdf,data\raw\abs_1911_census\1911 Census - Volume III - Part XIV Summary.pdf,244,39,40,32 | 31 | 33,31 | 32,3,2,2088,boundary_multiple_tables,Population of the Commonwealth in Age Groups | Metropolitan and Extra-Metropolitan Population of New South Wales,,,True,True,True,1,,False,
1911_census_volume_iii_part_xiv_summary,1911 Census - Volume III - Part XIV Summary.pdf,data\raw\abs_1911_census\1911 Census - Volume III - Part XIV Summary.pdf,244,41,42,34 | 33 | 35 | 36,34 | 35,4,2,2090,boundary_multiple_tables,Metropolitan and Extra-Metropolitan Population of Queensland | Metropolitan and Extra-Metropolitan Population of South Australia,,,True,True,True,1,,False,
1911_census_volume_iii_part_xiv_summary,1911 Census - Volume III - Part XIV Summary.pdf,data\raw\abs_1911_census\1911 Census - Volume III - Part XIV Summary.pdf,244,42,43,36 | 35 | 37 | 38,36 | 37,4,2,2091,boundary_multiple_tables,Metropolitan and Extra-Metropolitan Population of Western Australia | Metropolitan and Extra-Metropolitan Population of Tasmania,,,True,True,True,1,,False,
1911_census_volume_iii_part_xiv_summary,1911 Census - Volume III - Part XIV Summary.pdf,data\raw\abs_1911_census\1911 Census - Volume III - Part XIV Summary.pdf,244,44,45,39 | 38 | 40 | 41,39 | 40,4,2,2093,boundary_multiple_tables,"Population of the Commonwealth, in Age Groups | Population of the State of New South Wales, in Age Groups",,,True,True,True,1,,False,
1911_census_volume_iii_part_xiv_summary,1911 Census - Volume III - Part XIV Summary.pdf,data\raw\abs_1911_census\1911 Census - Volume III - Part XIV Summary.pdf,244,45,46,41 | 40 | 42 | 43,41 | 42,4,2,2004,boundary_multiple_tables,41.—POPULATION OF THE STATE OF VICTORIA | 42.—POPULATION OF THE STATE OF QUEENSLAND,,,True,True,True,1,,False,
1911_census_volume_iii_part_xiv_summary,1911 Census - Volume III - Part XIV Summary.pdf,data\raw\abs_1911_census\1911 Census - Volume III - Part XIV Summary.pdf,244,46,47,43 | 42 | 44 | 45,43 | 44,4,2,2095,boundary_multiple_tables,43.—POPULATION OF THE STATE OF SOUTH AUSTRALIA | 44.—POPULATION OF THE STATE OF WESTERN AUSTRALIA,,,True,True,True,1,,False,
1911_census_volume_iii_part_xiv_summary,1911 Census - Volume III - Part XIV Summary.pdf,data\raw\abs_1911_census\1911 Census - Volume III - Part XIV Summary.pdf,244,47,48,45 | 44 | 46 | 47,45 | 46,4,2,2096,boundary_multiple_tables,45.—POPULATION OF THE STATE OF TASMANIA | 46.—POPULATION OF THE NORTHERN TERRITORY,,,True,True,True,1,,False,
1911_census_volume_iii_part_xiv_summary,1911 Census - Volume III - Part XIV Summary.pdf,data\raw\abs_1911_census\1911 Census - Volume III - Part XIV Summary.pdf,244,64,65,62 | 61 | 63 | 64,62 | 63,4,2,2113,boundary_multiple_tables,Comparative Statement of Population at the Censuses of 1901 and 1911 | Metropolitan and Extra-Metropolitan Population in States of-,,I.—NEW SOUTH WALES,True,True,True,1,,False,
1911_census_volume_iii_part_xiv_summary,1911 Census - Volume III - Part XIV Summary.pdf,data\raw\abs_1911_census\1911 Census - Volume III - Part XIV Summary.pdf,244,75,76,69 | 68 | 70,68 | 69,3,2,2124,boundary_multiple_tables,68.—BIRTHPLACES OF DEAF MUTES RECORDED IN THE SEVERAL STATES—continued. | 69.—CONJUGAL CONDITION OF BLIND PERSONS IN THE SEVERAL STATES OF THE COMMONWEALTH OF AUSTRALIA,,,True,True,True,1,,False,
1911_census_volume_iii_part_xiv_summary,1911 Census - Volume III - Part XIV Summary.pdf,data\raw\abs_1911_census\1911 Census - Volume III - Part XIV Summary.pdf,244,76,77,70 | 69 | 71,69 | 70,3,2,2125,boundary_multiple_tables,69.—CONJUGAL CONDITION OF BLIND PERSONS IN THE SEVERAL STATES—continued. | 70.—CONJUGAL CONDITION OF DEAF MUTE PERSONS IN THE SEVERAL STATES OF THE COMMONWEALTH OF AUSTRALIA,,,True,True,True,1,,False,
1911_census_volume_iii_part_xiv_summary,1911 Census - Volume III - Part XIV Summary.pdf,data\raw\abs_1911_census\1911 Census - Volume III - Part XIV Summary.pdf,244,77,78,71 | 70 | 72 | 73,71 | 72,4,2,2126,boundary_multiple_tables,71.—NUMBER OF PERSONS OF NON-EUROPEAN RACE IN THE COMMONWEALTH OF AUSTRALIA | 72.—NUMBER OF PERSONS OF NON-EUROPEAN RACE IN THE COMMONWEALTH OF AUSTRALIA,,SECTION 8.—PERSONS OF NON-EUROPEAN RACE.,True,True,True,1,,False,
1911_census_volume_iii_part_xiv_summary,1911 Census - Volume III - Part XIV Summary.pdf,data\raw\abs_1911_census\1911 Census - Volume III - Part XIV Summary.pdf,244,79,80,74 | 73 | 75 | 76,74 | 75,4,2,2128,boundary_multiple_tables,"Chinese in Australia, Censuses 1891, 1901 and 1911 | Japanese, Hindus and Cingalese, and Polynesians in Australia, Censuses 1901 and 1911",,,True,True,True,1,,False,
1911_census_volume_iii_part_xiv_summary,1911 Census - Volume III - Part XIV Summary.pdf,data\raw\abs_1911_census\1911 Census - Volume III - Part XIV Summary.pdf,244,80,81,76 | 75 | 77 | 78,76 | 77,4,2,2129,boundary_multiple_tables,Population of the Several States and Territories of the Commonwealth of Australia | Comparative Statement of the Population of the Commonwealth of Australia,,Section 9 - CONJUGAL CONDITION,True,True,True,1,,False,
1911_census_volume_iii_part_xiv_summary,1911 Census - Volume III - Part XIV Summary.pdf,data\raw\abs_1911_census\1911 Census - Volume III - Part XIV Summary.pdf,244,81,82,78 | 77 | 79 | 80,78 | 79,4,2,2130,boundary_multiple_tables,"Population of the Commonwealth, in Age Groups | Population of States and Territories, in Age Groups-",I.—NEW SOUTH WALES,,True,True,True,1,,False,
1911_census_volume_iii_part_xiv_summary,1911 Census - Volume III - Part XIV Summary.pdf,data\raw\abs_1911_census\1911 Census - Volume III - Part XIV Summary.pdf,244,85,86,80 | 79 | 81,79 | 80,3,2,2134,boundary_multiple_tables,"79.—POPULATION OF THE SEVERAL STATES AND TERRITORIES OF THE COMMONWEALTH OF AUSTRALIA, CLASSIFIED ACCORDING TO CONJUGAL CONDITION, SEX AND AGE—continued. | 80.—POPULATION OF METROPOLITAN AREAS IN THE SEVERAL STATES OF THE COMMONWEALTH OF AUSTRALIA",VIII.—FEDERAL TERRITORY. (for table 79) and I.—SYDNEY AND SUBURBS. (for table 80),,True,True,True,1,,False,
1911_census_volume_iii_part_xiv_summary,1911 Census - Volume III - Part XIV Summary.pdf,data\raw\abs_1911_census\1911 Census - Volume III - Part XIV Summary.pdf,244,89,90,81 | 80 | 82 | 83,81 | 82,4,2,2138,boundary_multiple_tables,Relative Ages of Husbands and Wives | Relative Religions of Husbands and Wives,,SECTION 10,True,True,True,1,,False,
1911_census_volume_iii_part_xiv_summary,1911 Census - Volume III - Part XIV Summary.pdf,data\raw\abs_1911_census\1911 Census - Volume III - Part XIV Summary.pdf,244,90,91,81 | 80 | 82 | 83,81 | 82,4,2,2139,boundary_multiple_tables,Relative Ages of Husbands and Wives | Relative Religions of Husbands and Wives,,FAMILIES,True,True,True,1,,False,
1911_census_volume_iii_part_xiv_summary,1911 Census - Volume III - Part XIV Summary.pdf,data\raw\abs_1911_census\1911 Census - Volume III - Part XIV Summary.pdf,244,95,96,84 | 83 | 85 | 86,84 | 85,4,2,2144,boundary_multiple_tables,Ages and Issue of Husbands | Ages and Issue of Wives,,,True,True,True,1,,False,
1911_census_volume_iii_part_xiv_summary,1911 Census - Volume III - Part XIV Summary.pdf,data\raw\abs_1911_census\1911 Census - Volume III - Part XIV Summary.pdf,244,96,97,84 | 83 | 85 | 86,84 | 85,4,2,2145,boundary_multiple_tables,Ages and Issue of Husbands | Ages and Issue of Wives,,,True,True,True,1,,False,
1911_census_volume_iii_part_xiv_summary,1911 Census - Volume III - Part XIV Summary.pdf,data\raw\abs_1911_census\1911 Census - Volume III - Part XIV Summary.pdf,244,101,102,89 | 88 | 90,88 | 89,3,2,2150,boundary_multiple_tables,"88. COMMONWEALTH ANNUAL RATES OF MORTALITY FOR EACH AGE AND SEX—continued. | 89. NUMBERS WHO SURVIVE EACH AGE OUT OF 100,000 OF EACH SEX AT BIRTH, ACCORDING TO THE COMMONWEALTH MORTALITY EXPERIENCE FOR EACH OF THE DECENNIA 1881-90, 1891-1900 AND 1901-10.",,,True,True,True,1,,False,
1911_census_volume_iii_part_xiv_summary,1911 Census - Volume III - Part XIV Summary.pdf,data\raw\abs_1911_census\1911 Census - Volume III - Part XIV Summary.pdf,244,103,104,90 | 89 | 91,89 | 90,3,2,2152,boundary_multiple_tables,"89.—NUMBERS WHO SURVIVE EACH AGE OUT OF 100,000 OF EACH SEX AT BIRTH—continued. | 90.—COMMONWEALTH EXPECTATION OF LIFE AT EACH AGE IN EACH SEX ACCORDING TO THE COMMONWEALTH MORTALITY EXPERIENCE FOR EACH OF THE DECENNIA 1881-90, 1891-1900, AND 1901-10.",,,True,True,True,1,,False,
1911_census_volume_iii_part_xiv_summary,1911 Census - Volume III - Part XIV Summary.pdf,data\raw\abs_1911_census\1911 Census - Volume III - Part XIV Summary.pdf,244,106,107,92 | 91 | 93,91 | 92,3,2,2155,boundary_multiple_tables,91. MALE RATES OF MORTALITY IN THE COMMONWEALTH AND STATES—continued. | 92. FEMALE RATES OF MORTALITY IN THE COMMONWEALTH AND ITS COMPONENT STATES AT EACH AGE FOR THE DECENNIUM 1881-90.,,,True,True,True,1,,False,
1911_census_volume_iii_part_xiv_summary,1911 Census - Volume III - Part XIV Summary.pdf,data\raw\abs_1911_census\1911 Census - Volume III - Part XIV Summary.pdf,244,108,109,93 | 92 | 94,92 | 93,3,2,2157,boundary_multiple_tables,Female Rates of Mortality in the Commonwealth and States | Male Rates of Mortality in the Commonwealth and its Component States at each Age for the Decennium 1891-1900,,,True,True,True,1,,False,
1911_census_volume_iii_part_xiv_summary,1911 Census - Volume III - Part XIV Summary.pdf,data\raw\abs_1911_census\1911 Census - Volume III - Part XIV Summary.pdf,244,111,112,95 | 94 | 96,94 | 95,3,2,2160,boundary_multiple_tables,94.—FEMALE RATES OF MORTALITY IN THE COMMONWEALTH AND STATES—continued. | 95—MALE RATES OF MORTALITY IN THE COMMONWEALTH AND ITS COMPONENT STATES AT EACH AGE FOR THE DECENNIUM 1901-10.,,,True,True,True,1,,False,
1911_census_volume_iii_part_xiv_summary,1911 Census - Volume III - Part XIV Summary.pdf,data\raw\abs_1911_census\1911 Census - Volume III - Part XIV Summary.pdf,244,113,114,96 | 95 | 97,95 | 96,3,2,2162,boundary_multiple_tables,95.-MALE RATES OF MORTALITY IN THE COMMONWEALTH AND STATES.-continued. | 96.-FEMALE RATES OF MORTALITY IN THE COMMONWEALTH AND ITS COMPONENT STATES AT EACH AGE FOR THE DECENNIUM 1901-10.,,,True,True,True,1,,False,
1911_census_volume_iii_part_xiv_summary,1911 Census - Volume III - Part XIV Summary.pdf,data\raw\abs_1911_census\1911 Census - Volume III - Part XIV Summary.pdf,244,116,117,98 | 97 | 99,98,3,1,2165,boundary_multiple_tables,"97.- NUMBER OF MALES WHO SURVIVE EACH AGE OUT OF 100,000 AT BIRTH-continued. | 98.- NUMBER OF FEMALES WHO SURVIVE EACH AGE OUT OF 100,000 AT BIRTH, ACCORDING TO THE MORTALITY EXPERIENCE OF THE COMMONWEALTH AND ITS COMPONENT STATES FOR THE DECENNIUM 1881-90.",,,True,True,True,1,"Table 97 is present as a continuation from the previous page, but only Table 98 was requested as a candidate for this page range. I have included 98 as the primary match.",False,
1911_census_volume_iii_part_xiv_summary,1911 Census - Volume III - Part XIV Summary.pdf,data\raw\abs_1911_census\1911 Census - Volume III - Part XIV Summary.pdf,244,118,119,99 | 98 | 100,98 | 99,3,2,2167,boundary_multiple_tables,"98.—NUMBER OF FEMALES WHO SURVIVE EACH AGE OUT OF 100,000 AT BIRTH—continued. | 99.—NUMBER OF MALES WHO SURVIVE EACH AGE OUT OF 100,000 AT BIRTH, ACCORDING TO THE MORTALITY EXPERIENCE OF THE COMMONWEALTH AND ITS COMPONENT STATES FOR THE DECENNIUM 1891-1900.",,,True,True,True,1,,False,
1911_census_volume_iii_part_xiv_summary,1911 Census - Volume III - Part XIV Summary.pdf,data\raw\abs_1911_census\1911 Census - Volume III - Part XIV Summary.pdf,244,121,122,101 | 100 | 102,100 | 101,3,2,2170,boundary_multiple_tables,"100.--NUMBER OF FEMALES WHO SURVIVE EACH AGE OUT OF 100,000 AT BIRTH--continued. | 101.--NUMBER OF MALES WHO SURVIVE EACH AGE OUT OF 100,000 AT BIRTH, ACCORDING TO THE MORTALITY EXPERIENCE OF THE COMMONWEALTH AND ITS COMPONENT STATES FOR THE DECENNIUM 1901-1910.",,,True,True,True,1,,False,
1911_census_volume_iii_part_xiv_summary,1911 Census - Volume III - Part XIV Summary.pdf,data\raw\abs_1911_census\1911 Census - Volume III - Part XIV Summary.pdf,244,123,124,102 | 101 | 103,101 | 102,3,2,2172,boundary_multiple_tables,"Number of Males who Survive each Age out of 100,000 at Birth | Females who Survive each Age out of 100,000 at Birth, 1901-1910",,,True,True,True,1,,False,
1911_census_volume_iii_part_xiv_summary,1911 Census - Volume III - Part XIV Summary.pdf,data\raw\abs_1911_census\1911 Census - Volume III - Part XIV Summary.pdf,244,126,127,104 | 103 | 105,103 | 104,3,2,2175,boundary_multiple_tables,103.-MALE EXPECTATION OF LIFE AT EACH AGE-continued. | 104.-FEMALE EXPECTATION OF LIFE AT EACH AGE ACCORDING TO THE MORTALITY EXPERIENCE OF THE COMMONWEALTH AND ITS COMPONENT STATES FOR THE DECENNIUM 1881-90.,,,True,True,True,1,,False,
1911_census_volume_iii_part_xiv_summary,1911 Census - Volume III - Part XIV Summary.pdf,data\raw\abs_1911_census\1911 Census - Volume III - Part XIV Summary.pdf,244,128,129,105 | 104 | 106,104 | 105,3,2,2177,boundary_multiple_tables,"Female Expectation of Life at each Age, 1881-1890 | Male Expectation of Life at each Age, 1891-1900",,,True,True,True,1,,False,
1911_census_volume_iii_part_xiv_summary,1911 Census - Volume III - Part XIV Summary.pdf,data\raw\abs_1911_census\1911 Census - Volume III - Part XIV Summary.pdf,244,131,132,107 | 106 | 108,107,3,1,2180,boundary_multiple_tables,106.-FEMALE EXPECTATION OF LIFE AT EACH AGE-continued. | 107.-MALE EXPECTATION OF LIFE AT EACH AGE ACCORDING TO THE MORTALITY EXPERIENCE OF THE COMMONWEALTH AND ITS COMPONENT STATES FOR THE DECENNIUM 1901-10.,,,True,True,True,1,"Table 106 is present but not in the candidate list for this page, so only 107 is matched.",False,
1911_census_volume_iii_part_xiv_summary,1911 Census - Volume III - Part XIV Summary.pdf,data\raw\abs_1911_census\1911 Census - Volume III - Part XIV Summary.pdf,244,133,134,108 | 107 | 109,107 | 108,3,2,2182,boundary_multiple_tables,107.—MALE EXPECTATION OF LIFE AT EACH AGE—continued. | 108.—FEMALE EXPECTATION OF LIFE AT EACH AGE ACCORDING TO THE MORTALITY EXPERIENCE OF THE COMMONWEALTH AND ITS COMPONENT STATES FOR THE DECENNIUM 1901–10.,,,True,True,True,1,,False,
1911_census_volume_iii_part_xiv_summary,1911 Census - Volume III - Part XIV Summary.pdf,data\raw\abs_1911_census\1911 Census - Volume III - Part XIV Summary.pdf,244,140,141,111 | 110 | 112,,3,0,2189,non_table,,,COMMONWEALTH OF AUSTRALIA Classified according to Age and Occupation,False,True,True,0.9,"The page contains a table, but it does not match the provided candidate table numbers (110, 111, 112). The table appears to be a continuation of a table regarding Age and Occupation, not the tables listed in the candidates.",False,
1911_census_volume_iii_part_xiv_summary,1911 Census - Volume III - Part XIV Summary.pdf,data\raw\abs_1911_census\1911 Census - Volume III - Part XIV Summary.pdf,244,171,172,142 | 141 | 143 | 144,142 | 143,4,2,2220,boundary_multiple_tables,Nature of Dwellings and Number of Rooms | Materials and Number of Rooms-Private Dwellings,,SECTION 13,True,True,True,1,,False,
1911_census_volume_iii_part_xiv_summary,1911 Census - Volume III - Part XIV Summary.pdf,data\raw\abs_1911_census\1911 Census - Volume III - Part XIV Summary.pdf,244,173,174,144 | 143 | 145 | 146,144 | 145,4,2,2222,boundary_multiple_tables,Materials and Number of Rooms-Dwellings other than Private | Materials and Number of Rooms-All Dwellings,,,True,True,True,1,,False,
1911_census_volume_iii_part_xiv_summary,1911 Census - Volume III - Part XIV Summary.pdf,data\raw\abs_1911_census\1911 Census - Volume III - Part XIV Summary.pdf,244,174,175,144 | 143 | 145 | 146,144 | 145,4,2,2223,boundary_multiple_tables,Materials and Number of Rooms-Dwellings other than Private | Materials and Number of Rooms-All Dwellings,,IN THE COMMONWEALTH OF AUSTRALIA,True,True,True,1,,False,
1911_census_volume_iii_part_xiv_summary,1911 Census - Volume III - Part XIV Summary.pdf,data\raw\abs_1911_census\1911 Census - Volume III - Part XIV Summary.pdf,244,175,176,146 | 145 | 147 | 148,146 | 147,4,2,2224,boundary_multiple_tables,146.—OCCUPIED DWELLINGS IN THE SEVERAL STATES AND TERRITORIES OF THE COMMONWEALTH OF AUSTRALIA | 147.—OCCUPIED PRIVATE DWELLINGS IN THE SEVERAL STATES AND TERRITORIES OF THE COMMONWEALTH OF AUSTRALIA,,,True,True,True,1,,False,
1911_census_volume_iii_part_xiv_summary,1911 Census - Volume III - Part XIV Summary.pdf,data\raw\abs_1911_census\1911 Census - Volume III - Part XIV Summary.pdf,244,176,177,148 | 147 | 149 | 150,148 | 149,4,2,2225,boundary_multiple_tables,148.-OCCUPIED DWELLINGS OTHER THAN PRIVATE DWELLINGS IN THE SEVERAL STATES AND TERRITORIES OF THE COMMONWEALTH OF AUSTRALIA | 149.-ALL OCCUPIED DWELLINGS IN THE SEVERAL STATES AND TERRITORIES OF THE COMMONWEALTH OF AUSTRALIA,,,True,True,True,1,,False,
1911_census_volume_iii_part_xiv_summary,1911 Census - Volume III - Part XIV Summary.pdf,data\raw\abs_1911_census\1911 Census - Volume III - Part XIV Summary.pdf,244,179,180,151 | 150 | 152 | 153 | 154,151 | 152 | 153,5,3,2228,boundary_multiple_tables,"151. OCCUPIED PRIVATE DWELLINGS IN THE At the Census of 3rd April, 1911, Classified according to Materials | 152. OCCUPIED DWELLINGS (OTHER THAN PRIVATE DWELLINGS) At the Census of 3rd April, 1911, Classified according to Materials | 153. ALL OCCUPIED DWELLINGS WITHIN THE At the Census of 3rd April, 1911, Classified according to Materials",,,True,True,True,1,,False,
1911_census_volume_iii_part_xiv_summary,1911 Census - Volume III - Part XIV Summary.pdf,data\raw\abs_1911_census\1911 Census - Volume III - Part XIV Summary.pdf,244,180,181,151 | 150 | 152 | 153 | 154,151 | 152 | 153,5,3,2229,boundary_multiple_tables,"Materials, and Number of Inmates-Private Dwellings | Materials, and Number of Inmates-Dwellings other than Private | Materials, and Number of Inmates-All Dwellings",,COMMONWEALTH OF AUSTRALIA,True,True,True,1,,False,
1911_census_volume_iii_part_xiv_summary,1911 Census - Volume III - Part XIV Summary.pdf,data\raw\abs_1911_census\1911 Census - Volume III - Part XIV Summary.pdf,244,182,183,155 | 154 | 156 | 157 | 158,155 | 156 | 157,5,3,2231,boundary_multiple_tables,155. INMATES OF PRIVATE DWELLINGS (CLASSIFIED ACCORDING TO MATERIALS OF WHICH OUTER WALLS WERE BUILT) IN THE SEVERAL STATES AND TERRITORIES OF THE COMMONWEALTH OF AUSTRALIA | 156. INMATES OF DWELLINGS (OTHER THAN PRIVATE DWELLINGS AND CLASSIFIED ACCORDING TO MATERIALS OF WHICH OUTER WALLS WERE BUILT) IN THE SEVERAL STATES AND TERRITORIES OF THE COMMONWEALTH OF AUSTRALIA | 157. INMATES OF ALL DWELLINGS (CLASSIFIED ACCORDING TO MATERIALS OF WHICH OUTER WALLS WERE BUILT) IN THE SEVERAL STATES AND TERRITORIES OF THE COMMONWEALTH OF AUSTRALIA,,,True,True,True,1,,False,
1911_census_volume_iii_part_xiv_summary,1911 Census - Volume III - Part XIV Summary.pdf,data\raw\abs_1911_census\1911 Census - Volume III - Part XIV Summary.pdf,244,183,184,158 | 157 | 159 | 160,158 | 159,4,2,2232,boundary_multiple_tables,Number of Rooms and Number of Inmates-Private Dwellings | Number of Rooms and Number of Inmates-Dwellings other than Private,,,True,True,True,1,,False,
1911_census_volume_iii_part_xiv_summary,1911 Census - Volume III - Part XIV Summary.pdf,data\raw\abs_1911_census\1911 Census - Volume III - Part XIV Summary.pdf,244,185,186,160 | 159 | 161 | 162,160 | 161,4,2,2234,boundary_multiple_tables,160. ALL OCCUPIED DWELLINGS IN | 161. INMATES OF PRIVATE DWELLINGS (CLASSIFIED ACCORDING TO NUMBER OF ROOMS) IN THE SEVERAL STATES AND TERRITORIES OF THE COMMONWEALTH OF AUSTRALIA,,,True,True,True,1,,False,
1911_census_volume_iii_part_xiv_summary,1911 Census - Volume III - Part XIV Summary.pdf,data\raw\abs_1911_census\1911 Census - Volume III - Part XIV Summary.pdf,244,200,201,166 | 165 | 167 | 168,165 | 166 | 167,4,3,2249,boundary_multiple_tables,165.—POPULATION OF LOCAL GOVERNMENT AREAS IN THE SEVERAL STATES—continued. VII.—NORTHERN TERRITORY (DISTRICT COUNCIL). | 166.—POPULATION OF CENSUS DISTRICTS IN QUEENSLAND | 167.—POPULATION OF STATISTICAL DISTRICTS IN WESTERN AUSTRALIA,,,True,True,True,1,,False,
